sku,supplier_id,is_primary_supplier,unit_supply_cost_usd
SKU-0000001,SUP-000389,True,5.47
SKU-0000002,SUP-000439,True,23.89
SKU-0000003,SUP-000176,True,22.45
SKU-0000004,SUP-000248,True,3.17
SKU-0000005,SUP-000134,True,1.2
SKU-0000006,SUP-000288,True,15.41
SKU-0000006,SUP-000435,False,16.37
SKU-0000007,SUP-000320,True,28.84
SKU-0000008,SUP-000004,True,1.81
SKU-0000008,SUP-000065,False,1.88
SKU-0000008,SUP-000107,False,1.48
SKU-0000009,SUP-000445,True,7.47
SKU-0000010,SUP-000235,True,4.39
SKU-0000010,SUP-000330,False,3.67
SKU-0000011,SUP-000086,True,4.82
SKU-0000011,SUP-000128,False,4.96
SKU-0000012,SUP-000011,True,17.92
SKU-0000012,SUP-000386,False,17.78
SKU-0000013,SUP-000044,True,14.49
SKU-0000014,SUP-000349,True,22.22
SKU-0000015,SUP-000368,True,4.4
SKU-0000016,SUP-000299,True,31.67
SKU-0000017,SUP-000441,True,27.72
SKU-0000018,SUP-000146,True,3.53
SKU-0000019,SUP-000098,True,4.95
SKU-0000020,SUP-000428,True,207.17
SKU-0000021,SUP-000030,True,22.88
SKU-0000021,SUP-000128,False,24.58
SKU-0000022,SUP-000366,True,3.5
SKU-0000023,SUP-000182,True,1.04
SKU-0000023,SUP-000438,False,1.07
SKU-0000024,SUP-000408,True,0.7
SKU-0000025,SUP-000404,True,13.94
SKU-0000025,SUP-000222,False,13.33
SKU-0000025,SUP-000243,False,13.08
SKU-0000026,SUP-000025,True,1.31
SKU-0000027,SUP-000280,True,5.55
SKU-0000028,SUP-000129,True,25.21
SKU-0000028,SUP-000105,False,27.15
SKU-0000029,SUP-000145,True,35.51
SKU-0000030,SUP-000318,True,1.32
SKU-0000030,SUP-000178,False,1.21
SKU-0000031,SUP-000229,True,1.1
SKU-0000032,SUP-000373,True,5.11
SKU-0000032,SUP-000317,False,4.53
SKU-0000032,SUP-000139,False,4.82
SKU-0000033,SUP-000143,True,5.33
SKU-0000034,SUP-000363,True,11.32
SKU-0000035,SUP-000021,True,8.63
SKU-0000036,SUP-000209,True,3.06
SKU-0000037,SUP-000362,True,13.97
SKU-0000038,SUP-000193,True,22.71
SKU-0000039,SUP-000420,True,8.48
SKU-0000039,SUP-000373,False,10.57
SKU-0000040,SUP-000184,True,15.3
SKU-0000041,SUP-000274,True,114.88
SKU-0000042,SUP-000268,True,9.72
SKU-0000042,SUP-000355,False,11.84
SKU-0000043,SUP-000378,True,29.5
SKU-0000043,SUP-000298,False,33.58
SKU-0000043,SUP-000237,False,30.41
SKU-0000044,SUP-000293,True,9.28
SKU-0000045,SUP-000170,True,13.45
SKU-0000045,SUP-000073,False,15.05
SKU-0000046,SUP-000069,True,7.58
SKU-0000047,SUP-000223,True,28.32
SKU-0000048,SUP-000421,True,18.87
SKU-0000048,SUP-000108,False,14.49
SKU-0000048,SUP-000293,False,17.95
SKU-0000049,SUP-000146,True,10.91
SKU-0000050,SUP-000191,True,30.46
SKU-0000051,SUP-000369,True,6.15
SKU-0000052,SUP-000318,True,13.39
SKU-0000052,SUP-000012,False,10.28
SKU-0000053,SUP-000076,True,56.91
SKU-0000054,SUP-000039,True,8.98
SKU-0000055,SUP-000186,True,6.02
SKU-0000056,SUP-000084,True,6.22
SKU-0000056,SUP-000058,False,6.76
SKU-0000057,SUP-000242,True,4.73
SKU-0000058,SUP-000440,True,1.44
SKU-0000058,SUP-000108,False,1.56
SKU-0000059,SUP-000415,True,4.19
SKU-0000060,SUP-000283,True,9.82
SKU-0000061,SUP-000174,True,28.33
SKU-0000061,SUP-000442,False,31.4
SKU-0000062,SUP-000213,True,0.83
SKU-0000063,SUP-000066,True,339.67
SKU-0000063,SUP-000127,False,274.05
SKU-0000064,SUP-000032,True,1.5
SKU-0000065,SUP-000333,True,
SKU-0000065,SUP-000284,False,16.47
SKU-0000066,SUP-000290,True,24.02
SKU-0000066,SUP-000116,False,22.71
SKU-0000067,SUP-000427,True,102.48
SKU-0000068,SUP-000344,True,1.1
SKU-0000069,SUP-000205,True,70.92
SKU-0000070,SUP-000364,True,20.4
SKU-0000071,SUP-000435,True,37.5
SKU-0000072,SUP-000428,True,29.16
SKU-0000073,SUP-000137,True,2.0
SKU-0000074,SUP-000254,True,10.06
SKU-0000075,SUP-000179,True,8.11
SKU-0000075,SUP-000375,False,6.96
SKU-0000076,SUP-000166,True,8.96
SKU-0000077,SUP-000323,True,12.99
SKU-0000078,SUP-000108,True,0.87
SKU-0000079,SUP-000191,True,89.01
SKU-0000079,SUP-000147,False,84.13
SKU-0000080,SUP-000180,True,2.13
SKU-0000081,SUP-000293,True,9.21
SKU-0000081,SUP-000327,False,9.2
SKU-0000082,SUP-000432,True,24.64
SKU-0000083,SUP-000227,True,3.4
SKU-0000083,SUP-000226,False,3.61
SKU-0000084,SUP-000142,True,12.44
SKU-0000085,SUP-000078,True,29.97
SKU-0000085,SUP-000202,False,29.31
SKU-0000086,SUP-000230,True,11.51
SKU-0000086,SUP-000434,False,12.96
SKU-0000087,SUP-000371,True,17.98
SKU-0000088,SUP-000158,True,11.45
SKU-0000089,SUP-000405,True,9.18
SKU-0000089,SUP-000183,False,8.76
SKU-0000090,SUP-000175,True,0.36
SKU-0000090,SUP-000138,False,0.43
SKU-0000091,SUP-000137,True,21.44
SKU-0000092,SUP-000249,True,2.67
SKU-0000092,SUP-000275,False,2.23
SKU-0000093,SUP-000339,True,1.44
SKU-0000094,SUP-000116,True,5.32
SKU-0000094,SUP-000393,False,4.88
SKU-0000095,SUP-000109,True,24.97
SKU-0000096,SUP-000129,True,3.24
SKU-0000097,SUP-000297,True,5.93
SKU-0000098,SUP-000335,True,28.72
SKU-0000099,SUP-000279,True,3.63
SKU-0000100,SUP-000283,True,7.44
SKU-0000101,SUP-000157,True,13.29
SKU-0000101,SUP-000065,False,15.26
SKU-0000101,SUP-000008,False,13.7
SKU-0000102,SUP-000444,True,5.68
SKU-0000103,SUP-000246,True,17.44
SKU-0000103,SUP-000250,False,19.13
SKU-0000103,SUP-000069,False,18.59
SKU-0000104,SUP-000045,True,96.96
SKU-0000105,SUP-000332,True,18.81
SKU-0000106,SUP-000053,True,21.75
SKU-0000107,SUP-000414,True,0.83
SKU-0000107,SUP-000053,False,0.81
SKU-0000108,SUP-000419,True,53.51
SKU-0000108,SUP-000277,False,70.8
SKU-0000109,SUP-000077,True,28.23
SKU-0000109,SUP-000026,False,25.48
SKU-0000110,SUP-000147,True,54.66
SKU-0000111,SUP-000329,True,28.8
SKU-0000112,SUP-000074,True,5.37
SKU-0000113,SUP-000136,True,1.16
SKU-0000113,SUP-000292,False,0.99
SKU-0000114,SUP-000269,True,36.55
SKU-0000115,SUP-000231,True,3.86
SKU-0000116,SUP-000118,True,8.44
SKU-0000117,SUP-000172,True,2.47
SKU-0000118,SUP-000287,True,9.3
SKU-0000118,SUP-000086,False,9.02
SKU-0000119,SUP-000234,True,2.01
SKU-0000119,SUP-000111,False,1.92
SKU-0000120,SUP-000260,True,103.69
SKU-0000120,SUP-000107,False,105.84
SKU-0000121,SUP-000187,True,14.89
SKU-0000122,SUP-000187,True,1.68
SKU-0000123,SUP-000239,True,4.83
SKU-0000123,SUP-000022,False,5.73
SKU-0000124,SUP-000293,True,2.35
SKU-0000125,SUP-000380,True,19.48
SKU-0000126,SUP-000252,True,9.34
SKU-0000127,SUP-000393,True,1.85
SKU-0000127,SUP-000414,False,1.63
SKU-0000128,SUP-000090,True,1.06
SKU-0000129,SUP-000029,True,9.02
SKU-0000130,SUP-000325,True,4.92
SKU-0000131,SUP-000341,True,1.86
SKU-0000132,SUP-000234,True,
SKU-0000133,SUP-000199,True,16.65
SKU-0000134,SUP-000295,True,38.74
SKU-0000135,SUP-000108,True,54.87
SKU-0000136,SUP-000194,True,18.81
SKU-0000136,SUP-000225,False,20.1
SKU-0000137,SUP-000074,True,5.21
SKU-0000138,SUP-000019,True,22.14
SKU-0000139,SUP-000276,True,10.9
SKU-0000140,SUP-000432,True,54.78
SKU-0000141,SUP-000250,True,5.55
SKU-0000142,SUP-000376,True,6.51
SKU-0000142,SUP-000193,False,7.31
SKU-0000143,SUP-000394,True,28.35
SKU-0000143,SUP-000061,False,31.05
SKU-0000144,SUP-000260,True,67.1
SKU-0000145,SUP-000398,True,13.47
SKU-0000146,SUP-000237,True,6.76
SKU-0000147,SUP-000388,True,9.86
SKU-0000148,SUP-000215,True,10.54
SKU-0000149,SUP-000447,True,74.8
SKU-0000150,SUP-000118,True,5.11
SKU-0000150,SUP-000057,False,4.16
SKU-0000151,SUP-000193,True,39.72
SKU-0000152,SUP-000020,True,1.63
SKU-0000153,SUP-000168,True,17.76
SKU-0000154,SUP-000224,True,2.45
SKU-0000154,SUP-000431,False,2.32
SKU-0000155,SUP-000005,True,128.79
SKU-0000155,SUP-000224,False,139.15
SKU-0000156,SUP-000261,True,19.24
SKU-0000157,SUP-000170,True,4.54
SKU-0000158,SUP-000256,True,2.52
SKU-0000158,SUP-000001,False,2.02
SKU-0000158,SUP-000193,False,2.31
SKU-0000159,SUP-000059,True,33.58
SKU-0000160,SUP-000010,True,73.36
SKU-0000160,SUP-000246,False,76.25
SKU-0000161,SUP-000318,True,6.88
SKU-0000162,SUP-000334,True,39.53
SKU-0000162,SUP-000353,False,37.32
SKU-0000163,SUP-000239,True,3.75
SKU-0000163,SUP-000168,False,4.67
SKU-0000164,SUP-000226,True,4.28
SKU-0000165,SUP-000365,True,70.04
SKU-0000166,SUP-000429,True,
SKU-0000167,SUP-000160,True,12.93
SKU-0000168,SUP-000210,True,3.05
SKU-0000168,SUP-000064,False,3.51
SKU-0000168,SUP-000348,False,3.63
SKU-0000169,SUP-000388,True,53.67
SKU-0000169,SUP-000252,False,62.37
SKU-0000170,SUP-000334,True,4.85
SKU-0000170,SUP-000267,False,5.27
SKU-0000171,SUP-000085,True,6.33
SKU-0000172,SUP-000241,True,8.89
SKU-0000173,SUP-000216,True,4.86
SKU-0000174,SUP-000003,True,3.18
SKU-0000175,SUP-000417,True,23.7
SKU-0000176,SUP-000313,True,80.5
SKU-0000176,SUP-000085,False,79.19
SKU-0000177,SUP-000432,True,31.68
SKU-0000178,SUP-000116,True,12.54
SKU-0000178,SUP-000289,False,10.72
SKU-0000179,SUP-000174,True,63.94
SKU-0000180,SUP-000191,True,3.69
SKU-0000181,SUP-000385,True,0.52
SKU-0000181,SUP-000175,False,0.56
SKU-0000182,SUP-000240,True,6.19
SKU-0000182,SUP-000209,False,6.89
SKU-0000183,SUP-000160,True,68.72
SKU-0000184,SUP-000122,True,159.83
SKU-0000184,SUP-000083,False,140.59
SKU-0000185,SUP-000358,True,3.56
SKU-0000185,SUP-000094,False,3.76
SKU-0000186,SUP-000185,True,5.97
SKU-0000187,SUP-000170,True,12.24
SKU-0000188,SUP-000078,True,11.61
SKU-0000189,SUP-000145,True,2.21
SKU-0000190,SUP-000213,True,16.18
SKU-0000191,SUP-000230,True,14.32
SKU-0000192,SUP-000436,True,81.94
SKU-0000193,SUP-000098,True,23.63
SKU-0000194,SUP-000130,True,3.63
SKU-0000195,SUP-000192,True,2.56
SKU-0000195,SUP-000291,False,2.57
SKU-0000196,SUP-000188,True,50.83
SKU-0000197,SUP-000128,True,102.16
SKU-0000198,SUP-000028,True,4.0
SKU-0000199,SUP-000287,True,2.87
SKU-0000200,SUP-000321,True,57.4
SKU-0000200,SUP-000371,False,64.7
SKU-0000201,SUP-000344,True,1.06
SKU-0000202,SUP-000186,True,11.98
SKU-0000203,SUP-000199,True,2.55
SKU-0000204,SUP-000088,True,3.69
SKU-0000205,SUP-000124,True,59.58
SKU-0000206,SUP-000155,True,4.31
SKU-0000206,SUP-000100,False,4.87
SKU-0000207,SUP-000207,True,12.36
SKU-0000208,SUP-000211,True,6.69
SKU-0000209,SUP-000348,True,9.84
SKU-0000210,SUP-000426,True,118.08
SKU-0000210,SUP-000079,False,110.32
SKU-0000211,SUP-000148,True,8.53
SKU-0000212,SUP-000271,True,5.55
SKU-0000213,SUP-000369,True,4.95
SKU-0000214,SUP-000032,True,15.47
SKU-0000215,SUP-000257,True,6.21
SKU-0000215,SUP-000430,False,7.11
SKU-0000216,SUP-000168,True,32.29
SKU-0000217,SUP-000109,True,5.16
SKU-0000217,SUP-000265,False,5.62
SKU-0000218,SUP-000004,True,14.05
SKU-0000219,SUP-000446,True,99.41
SKU-0000220,SUP-000267,True,5.75
SKU-0000220,SUP-000211,False,4.52
SKU-0000221,SUP-000114,True,12.86
SKU-0000221,SUP-000207,False,14.99
SKU-0000222,SUP-000310,True,2.98
SKU-0000223,SUP-000095,True,182.43
SKU-0000223,SUP-000180,False,150.98
SKU-0000224,SUP-000027,True,26.69
SKU-0000225,SUP-000184,True,4.0
SKU-0000226,SUP-000089,True,1.07
SKU-0000227,SUP-000427,True,82.54
SKU-0000228,SUP-000418,True,45.42
SKU-0000229,SUP-000081,True,20.1
SKU-0000230,SUP-000319,True,1.65
SKU-0000231,SUP-000008,True,64.5
SKU-0000232,SUP-000371,True,1.03
SKU-0000233,SUP-000442,True,
SKU-0000234,SUP-000144,True,5.46
SKU-0000234,SUP-000122,False,6.56
SKU-0000235,SUP-000227,True,129.36
SKU-0000236,SUP-000215,True,25.41
SKU-0000237,SUP-000060,True,3.99
SKU-0000237,SUP-000370,False,3.83
SKU-0000238,SUP-000156,True,9.49
SKU-0000238,SUP-000077,False,10.55
SKU-0000239,SUP-000168,True,25.11
SKU-0000239,SUP-000311,False,27.42
SKU-0000239,SUP-000095,False,24.94
SKU-0000240,SUP-000399,True,1.42
SKU-0000241,SUP-000402,True,50.87
SKU-0000242,SUP-000066,True,1.04
SKU-0000242,SUP-000396,False,1.05
SKU-0000242,SUP-000311,False,1.12
SKU-0000243,SUP-000268,True,37.57
SKU-0000243,SUP-000384,False,29.21
SKU-0000243,SUP-000076,False,33.89
SKU-0000244,SUP-000365,True,4.29
SKU-0000245,SUP-000251,True,4.0
SKU-0000246,SUP-000355,True,3.17
SKU-0000246,SUP-000232,False,3.11
SKU-0000247,SUP-000423,True,8.71
SKU-0000247,SUP-000241,False,6.62
SKU-0000248,SUP-000332,True,25.72
SKU-0000249,SUP-000148,True,56.56
SKU-0000249,SUP-000265,False,59.76
SKU-0000250,SUP-000163,True,22.94
SKU-0000251,SUP-000085,True,23.8
SKU-0000252,SUP-000072,True,47.43
SKU-0000253,SUP-000085,True,6.79
SKU-0000253,SUP-000074,False,5.45
SKU-0000254,SUP-000029,True,14.23
SKU-0000254,SUP-000208,False,14.67
SKU-0000255,SUP-000138,True,4.78
SKU-0000256,SUP-000323,True,1.99
SKU-0000256,SUP-000087,False,1.76
SKU-0000257,SUP-000269,True,51.09
SKU-0000258,SUP-000314,True,348.71
SKU-0000259,SUP-000397,True,3.74
SKU-0000260,SUP-000204,True,4.02
SKU-0000261,SUP-000214,True,24.57
SKU-0000262,SUP-000231,True,11.71
SKU-0000263,SUP-000419,True,3.16
SKU-0000264,SUP-000365,True,11.62
SKU-0000264,SUP-000406,False,10.52
SKU-0000264,SUP-000176,False,10.52
SKU-0000265,SUP-000185,True,21.04
SKU-0000266,SUP-000186,True,7.63
SKU-0000267,SUP-000272,True,404.17
SKU-0000268,SUP-000173,True,10.13
SKU-0000269,SUP-000212,True,25.33
SKU-0000270,SUP-000343,True,19.1
SKU-0000271,SUP-000065,True,17.71
SKU-0000272,SUP-000150,True,47.88
SKU-0000273,SUP-000026,True,2.74
SKU-0000274,SUP-000267,True,4.72
SKU-0000275,SUP-000285,True,133.25
SKU-0000276,SUP-000255,True,61.35
SKU-0000276,SUP-000169,False,57.57
SKU-0000276,SUP-000444,False,69.41
SKU-0000277,SUP-000066,True,7.86
SKU-0000278,SUP-000136,True,7.7
SKU-0000279,SUP-000068,True,13.24
SKU-0000279,SUP-000064,False,13.79
SKU-0000280,SUP-000277,True,27.55
SKU-0000281,SUP-000123,True,4.45
SKU-0000282,SUP-000346,True,19.36
SKU-0000283,SUP-000434,True,15.45
SKU-0000284,SUP-000140,True,43.39
SKU-0000284,SUP-000088,False,37.21
SKU-0000285,SUP-000107,True,
SKU-0000286,SUP-000233,True,15.31
SKU-0000287,SUP-000024,True,1.63
SKU-0000287,SUP-000413,False,1.55
SKU-0000288,SUP-000420,True,29.97
SKU-0000289,SUP-000227,True,9.32
SKU-0000289,SUP-000049,False,9.78
SKU-0000290,SUP-000045,True,9.3
SKU-0000291,SUP-000058,True,14.91
SKU-0000291,SUP-000152,False,16.12
SKU-0000291,SUP-000073,False,15.31
SKU-0000292,SUP-000103,True,5.71
SKU-0000293,SUP-000249,True,52.43
SKU-0000294,SUP-000109,True,10.37
SKU-0000294,SUP-000079,False,8.45
SKU-0000295,SUP-000168,True,11.12
SKU-0000296,SUP-000261,True,15.72
SKU-0000297,SUP-000078,True,11.36
SKU-0000298,SUP-000148,True,31.12
SKU-0000299,SUP-000104,True,20.14
SKU-0000300,SUP-000280,True,18.17
SKU-0000300,SUP-000401,False,16.55
SKU-0000301,SUP-000131,True,27.63
SKU-0000302,SUP-000440,True,33.51
SKU-0000303,SUP-000058,True,1.8
SKU-0000304,SUP-000050,True,7.53
SKU-0000305,SUP-000073,True,4.2
SKU-0000306,SUP-000262,True,6.42
SKU-0000307,SUP-000256,True,19.04
SKU-0000308,SUP-000298,True,5.14
SKU-0000308,SUP-000014,False,4.27
SKU-0000309,SUP-000253,True,28.7
SKU-0000309,SUP-000412,False,27.73
SKU-0000310,SUP-000156,True,27.48
SKU-0000310,SUP-000378,False,27.03
SKU-0000311,SUP-000218,True,
SKU-0000312,SUP-000231,True,2.6
SKU-0000313,SUP-000058,True,5.1
SKU-0000314,SUP-000313,True,5.16
SKU-0000315,SUP-000268,True,98.86
SKU-0000316,SUP-000010,True,2.94
SKU-0000317,SUP-000135,True,23.77
SKU-0000318,SUP-000342,True,549.36
SKU-0000319,SUP-000217,True,17.7
SKU-0000319,SUP-000322,False,13.24
SKU-0000320,SUP-000005,True,1.49
SKU-0000321,SUP-000227,True,9.38
SKU-0000322,SUP-000430,True,2.06
SKU-0000323,SUP-000340,True,7.6
SKU-0000324,SUP-000231,True,74.99
SKU-0000325,SUP-000239,True,2.59
SKU-0000326,SUP-000249,True,
SKU-0000327,SUP-000363,True,21.82
SKU-0000328,SUP-000352,True,2.47
SKU-0000329,SUP-000447,True,12.09
SKU-0000330,SUP-000258,True,4.09
SKU-0000330,SUP-000136,False,4.48
SKU-0000331,SUP-000165,True,9.96
SKU-0000331,SUP-000026,False,12.78
SKU-0000332,SUP-000121,True,14.08
SKU-0000333,SUP-000257,True,5.96
SKU-0000333,SUP-000046,False,6.6
SKU-0000334,SUP-000070,True,35.64
SKU-0000335,SUP-000338,True,2.0
SKU-0000336,SUP-000073,True,6.72
SKU-0000337,SUP-000289,True,24.19
SKU-0000338,SUP-000044,True,1.12
SKU-0000338,SUP-000118,False,1.38
SKU-0000339,SUP-000115,True,4.92
SKU-0000340,SUP-000191,True,183.73
SKU-0000340,SUP-000429,False,183.32
SKU-0000341,SUP-000353,True,18.82
SKU-0000341,SUP-000193,False,18.28
SKU-0000342,SUP-000157,True,78.47
SKU-0000343,SUP-000300,True,1.85
SKU-0000343,SUP-000191,False,1.93
SKU-0000344,SUP-000130,True,33.25
SKU-0000345,SUP-000208,True,8.8
SKU-0000346,SUP-000268,True,17.71
SKU-0000347,SUP-000387,True,9.94
SKU-0000347,SUP-000132,False,10.06
SKU-0000348,SUP-000366,True,11.43
SKU-0000349,SUP-000395,True,470.01
SKU-0000350,SUP-000105,True,237.6
SKU-0000350,SUP-000272,False,221.24
SKU-0000351,SUP-000392,True,23.06
SKU-0000352,SUP-000065,True,78.72
SKU-0000353,SUP-000191,True,85.86
SKU-0000354,SUP-000417,True,31.05
SKU-0000355,SUP-000077,True,53.09
SKU-0000356,SUP-000260,True,28.43
SKU-0000357,SUP-000124,True,12.29
SKU-0000358,SUP-000277,True,98.11
SKU-0000359,SUP-000184,True,2.31
SKU-0000359,SUP-000221,False,2.67
SKU-0000359,SUP-000116,False,2.66
SKU-0000360,SUP-000082,True,90.29
SKU-0000360,SUP-000432,False,88.59
SKU-0000361,SUP-000397,True,7.13
SKU-0000362,SUP-000351,True,0.91
SKU-0000362,SUP-000214,False,1.13
SKU-0000363,SUP-000092,True,1.92
SKU-0000364,SUP-000293,True,10.53
SKU-0000365,SUP-000407,True,14.53
SKU-0000366,SUP-000120,True,11.41
SKU-0000366,SUP-000100,False,11.48
SKU-0000367,SUP-000440,True,5.07
SKU-0000368,SUP-000103,True,49.88
SKU-0000369,SUP-000130,True,0.77
SKU-0000370,SUP-000080,True,3.61
SKU-0000371,SUP-000056,True,27.95
SKU-0000371,SUP-000158,False,27.99
SKU-0000372,SUP-000425,True,57.39
SKU-0000373,SUP-000032,True,1.0
SKU-0000374,SUP-000255,True,0.39
SKU-0000374,SUP-000055,False,0.45
SKU-0000375,SUP-000363,True,3.39
SKU-0000376,SUP-000321,True,
SKU-0000376,SUP-000437,False,94.17
SKU-0000377,SUP-000104,True,24.86
SKU-0000377,SUP-000342,False,24.14
SKU-0000378,SUP-000080,True,8.57
SKU-0000379,SUP-000431,True,5.59
SKU-0000380,SUP-000248,True,42.32
SKU-0000381,SUP-000323,True,2.71
SKU-0000382,SUP-000031,True,20.24
SKU-0000383,SUP-000267,True,3.23
SKU-0000384,SUP-000170,True,1.09
SKU-0000385,SUP-000407,True,
SKU-0000386,SUP-000190,True,15.85
SKU-0000387,SUP-000020,True,-2.16
SKU-0000388,SUP-000261,True,39.1
SKU-0000389,SUP-000225,True,1.51
SKU-0000390,SUP-000023,True,1.6
SKU-0000391,SUP-000028,True,0.97
SKU-0000391,SUP-000183,False,0.87
SKU-0000391,SUP-000177,False,0.78
SKU-0000392,SUP-000266,True,9.06
SKU-0000393,SUP-000382,True,13.58
SKU-0000393,SUP-000215,False,16.64
SKU-0000393,SUP-000206,False,13.5
SKU-0000394,SUP-000015,True,24.35
SKU-0000395,SUP-000198,True,73.57
SKU-0000396,SUP-000212,True,8.43
SKU-0000397,SUP-000336,True,1.39
SKU-0000397,SUP-000298,False,1.24
SKU-0000398,SUP-000357,True,10.94
SKU-0000399,SUP-000367,True,17.75
SKU-0000400,SUP-000372,True,8.22
SKU-0000401,SUP-000115,True,13.89
SKU-0000402,SUP-000131,True,46.45
SKU-0000403,SUP-000265,True,10.11
SKU-0000404,SUP-000058,True,20.02
SKU-0000404,SUP-000381,False,17.83
SKU-0000405,SUP-000091,True,9.16
SKU-0000406,SUP-000159,True,2.37
SKU-0000407,SUP-000409,True,101.22
SKU-0000408,SUP-000375,True,
SKU-0000409,SUP-000269,True,4.14
SKU-0000410,SUP-000147,True,2.51
SKU-0000411,SUP-000163,True,152.25
SKU-0000412,SUP-000315,True,2.91
SKU-0000412,SUP-000389,False,2.88
SKU-0000413,SUP-000004,True,251.43
SKU-0000414,SUP-000148,True,19.54
SKU-0000414,SUP-000210,False,19.19
SKU-0000415,SUP-000108,True,7.27
SKU-0000416,SUP-000003,True,53.57
SKU-0000417,SUP-000392,True,6.43
SKU-0000418,SUP-000211,True,55.51
SKU-0000418,SUP-000088,False,56.8
SKU-0000419,SUP-000399,True,5.08
SKU-0000419,SUP-000258,False,4.84
SKU-0000420,SUP-000021,True,67.72
SKU-0000420,SUP-000249,False,78.97
SKU-0000421,SUP-000410,True,27.51
SKU-0000422,SUP-000124,True,12.5
SKU-0000422,SUP-000090,False,13.7
SKU-0000423,SUP-000331,True,164.35
SKU-0000424,SUP-000026,True,33.09
SKU-0000425,SUP-000191,True,7.98
SKU-0000426,SUP-000334,True,13.07
SKU-0000427,SUP-000327,True,4.24
SKU-0000428,SUP-000265,True,29.31
SKU-0000429,SUP-000223,True,11.88
SKU-0000430,SUP-000344,True,14.71
SKU-0000430,SUP-000056,False,15.25
SKU-0000431,SUP-000227,True,79.92
SKU-0000432,SUP-000138,True,4.43
SKU-0000433,SUP-000152,True,70.59
SKU-0000434,SUP-000083,True,3.69
SKU-0000435,SUP-000127,True,51.49
SKU-0000435,SUP-000179,False,52.01
SKU-0000436,SUP-000338,True,12.59
SKU-0000436,SUP-000090,False,16.1
SKU-0000437,SUP-000114,True,0.8
SKU-0000438,SUP-000011,True,0.51
SKU-0000438,SUP-000077,False,0.52
SKU-0000439,SUP-000029,True,10.07
SKU-0000439,SUP-000194,False,10.22
SKU-0000440,SUP-000029,True,32.86
SKU-0000441,SUP-000279,True,1.78
SKU-0000442,SUP-000221,True,36.11
SKU-0000442,SUP-000130,False,37.45
SKU-0000443,SUP-000321,True,16.99
SKU-0000443,SUP-000092,False,15.96
SKU-0000444,SUP-000020,True,15.93
SKU-0000444,SUP-000176,False,15.11
SKU-0000444,SUP-000252,False,13.42
SKU-0000445,SUP-000177,True,49.6
SKU-0000445,SUP-000367,False,40.51
SKU-0000446,SUP-000330,True,6.79
SKU-0000446,SUP-000333,False,7.76
SKU-0000447,SUP-000256,True,11.06
SKU-0000448,SUP-000351,True,19.65
SKU-0000449,SUP-000031,True,7.09
SKU-0000450,SUP-000127,True,3.72
SKU-0000451,SUP-000257,True,6.74
SKU-0000452,SUP-000087,True,26.59
SKU-0000453,SUP-000153,True,6.17
SKU-0000453,SUP-000244,False,5.67
SKU-0000454,SUP-000037,True,2.99
SKU-0000455,SUP-000429,True,2.03
SKU-0000455,SUP-000069,False,1.93
SKU-0000456,SUP-000391,True,0.94
SKU-0000457,SUP-000050,True,3.82
SKU-0000458,SUP-000202,True,5.22
SKU-0000458,SUP-000079,False,4.54
SKU-0000458,SUP-000366,False,5.39
SKU-0000459,SUP-000422,True,26.72
SKU-0000459,SUP-000038,False,22.31
SKU-0000460,SUP-000305,True,
SKU-0000460,SUP-000160,False,7.12
SKU-0000461,SUP-000402,True,0.53
SKU-0000461,SUP-000134,False,0.5
SKU-0000462,SUP-000256,True,0.68
SKU-0000462,SUP-000217,False,0.58
SKU-0000463,SUP-000291,True,15.16
SKU-0000464,SUP-000106,True,61.12
SKU-0000465,SUP-000013,True,1.53
SKU-0000466,SUP-000366,True,5.11
SKU-0000467,SUP-000384,True,12.29
SKU-0000467,SUP-000408,False,10.81
SKU-0000467,SUP-000186,False,11.21
SKU-0000468,SUP-000394,True,1.66
SKU-0000469,SUP-000324,True,0.9
SKU-0000470,SUP-000344,True,50.92
SKU-0000471,SUP-000315,True,37.06
SKU-0000472,SUP-000332,True,2.56
SKU-0000473,SUP-000286,True,6.55
SKU-0000474,SUP-000405,True,3.61
SKU-0000474,SUP-000091,False,3.81
SKU-0000475,SUP-000295,True,1.45
SKU-0000476,SUP-000381,True,8.43
SKU-0000476,SUP-000369,False,8.43
SKU-0000476,SUP-000383,False,8.59
SKU-0000477,SUP-000112,True,9.69
SKU-0000478,SUP-000037,True,2.77
SKU-0000479,SUP-000051,True,17.42
SKU-0000480,SUP-000084,True,31.13
SKU-0000481,SUP-000020,True,194.28
SKU-0000481,SUP-000198,False,192.88
SKU-0000481,SUP-000101,False,237.08
SKU-0000482,SUP-000409,True,9.13
SKU-0000483,SUP-000372,True,3.17
SKU-0000483,SUP-000216,False,3.63
SKU-0000484,SUP-000416,True,5.67
SKU-0000485,SUP-000397,True,80.54
SKU-0000485,SUP-000276,False,78.68
SKU-0000485,SUP-000209,False,61.99
SKU-0000486,SUP-000066,True,5.41
SKU-0000487,SUP-000175,True,8.32
SKU-0000488,SUP-000075,True,62.25
SKU-0000488,SUP-000083,False,64.5
SKU-0000489,SUP-000265,True,27.59
SKU-0000490,SUP-000342,True,18.92
SKU-0000491,SUP-000338,True,5.35
SKU-0000491,SUP-000447,False,6.46
SKU-0000492,SUP-000224,True,3.67
SKU-0000493,SUP-000004,True,49.35
SKU-0000494,SUP-000200,True,
SKU-0000495,SUP-000388,True,8.56
SKU-0000496,SUP-000409,True,24.82
SKU-0000497,SUP-000357,True,31.92
SKU-0000498,SUP-000263,True,15.85
SKU-0000498,SUP-000168,False,17.28
SKU-0000499,SUP-000201,True,11.41
SKU-0000499,SUP-000055,False,9.6
SKU-0000500,SUP-000187,True,4.49
SKU-0000501,SUP-000082,True,21.98
SKU-0000502,SUP-000443,True,3.13
SKU-0000503,SUP-000254,True,2.92
SKU-0000503,SUP-000308,False,2.57
SKU-0000504,SUP-000280,True,13.47
SKU-0000505,SUP-000372,True,91.07
SKU-0000505,SUP-000058,False,78.78
SKU-0000505,SUP-000060,False,96.98
SKU-0000506,SUP-000210,True,50.35
SKU-0000507,SUP-000225,True,20.86
SKU-0000508,SUP-000016,True,31.94
SKU-0000509,SUP-000415,True,30.68
SKU-0000510,SUP-000015,True,23.38
SKU-0000511,SUP-000267,True,6.41
SKU-0000512,SUP-000425,True,8.08
SKU-0000512,SUP-000332,False,9.42
SKU-0000513,SUP-000366,True,2.24
SKU-0000514,SUP-000344,True,2.48
SKU-0000515,SUP-000180,True,0.92
SKU-0000515,SUP-000148,False,1.2
SKU-0000516,SUP-000346,True,2.97
SKU-0000516,SUP-000096,False,2.78
SKU-0000517,SUP-000200,True,84.65
SKU-0000518,SUP-000441,True,4.56
SKU-0000518,SUP-000168,False,4.57
SKU-0000519,SUP-000390,True,3.9
SKU-0000520,SUP-000386,True,15.81
SKU-0000520,SUP-000103,False,17.04
SKU-0000520,SUP-000241,False,15.32
SKU-0000521,SUP-000355,True,33.5
SKU-0000522,SUP-000082,True,21.04
SKU-0000523,SUP-000022,True,7.64
SKU-0000524,SUP-000071,True,7.28
SKU-0000525,SUP-000191,True,4.27
SKU-0000525,SUP-000232,False,4.88
SKU-0000526,SUP-000310,True,4.28
SKU-0000527,SUP-000259,True,87.14
SKU-0000527,SUP-000056,False,80.13
SKU-0000528,SUP-000315,True,14.07
SKU-0000528,SUP-000101,False,14.65
SKU-0000529,SUP-000044,True,-3.77
SKU-0000530,SUP-000378,True,6.71
SKU-0000531,SUP-000318,True,2.52
SKU-0000531,SUP-000395,False,2.86
SKU-0000532,SUP-000095,True,2.74
SKU-0000533,SUP-000051,True,13.74
SKU-0000533,SUP-000234,False,13.69
SKU-0000534,SUP-000231,True,28.41
SKU-0000535,SUP-000450,True,7.64
SKU-0000535,SUP-000401,False,7.52
SKU-0000536,SUP-000258,True,14.27
SKU-0000536,SUP-000403,False,15.22
SKU-0000537,SUP-000243,True,3.28
SKU-0000538,SUP-000327,True,6.0
SKU-0000539,SUP-000395,True,4.21
SKU-0000540,SUP-000308,True,4.45
SKU-0000541,SUP-000321,True,11.24
SKU-0000541,SUP-000227,False,10.02
SKU-0000542,SUP-000397,True,27.63
SKU-0000543,SUP-000349,True,4.3
SKU-0000544,SUP-000301,True,1.92
SKU-0000545,SUP-000097,True,212.85
SKU-0000545,SUP-000032,False,195.6
SKU-0000545,SUP-000074,False,190.05
SKU-0000546,SUP-000085,True,1.41
SKU-0000547,SUP-000245,True,8.82
SKU-0000548,SUP-000307,True,18.24
SKU-0000549,SUP-000439,True,9.59
SKU-0000549,SUP-000296,False,9.34
SKU-0000550,SUP-000013,True,5.82
SKU-0000551,SUP-000347,True,0.74
SKU-0000551,SUP-000056,False,0.9
SKU-0000552,SUP-000266,True,5.39
SKU-0000553,SUP-000053,True,26.35
SKU-0000554,SUP-000438,True,109.05
SKU-0000555,SUP-000348,True,49.43
SKU-0000556,SUP-000221,True,61.1
SKU-0000556,SUP-000378,False,63.11
SKU-0000557,SUP-000350,True,
SKU-0000558,SUP-000287,True,58.86
SKU-0000559,SUP-000148,True,17.85
SKU-0000560,SUP-000057,True,10.49
SKU-0000561,SUP-000409,True,35.78
SKU-0000562,SUP-000031,True,0.4
SKU-0000563,SUP-000225,True,17.62
SKU-0000563,SUP-000069,False,16.82
SKU-0000564,SUP-000428,True,5.37
SKU-0000564,SUP-000375,False,5.67
SKU-0000565,SUP-000036,True,73.99
SKU-0000566,SUP-000079,True,13.9
SKU-0000566,SUP-000282,False,16.29
SKU-0000567,SUP-000415,True,
SKU-0000568,SUP-000385,True,43.27
SKU-0000568,SUP-000205,False,50.17
SKU-0000569,SUP-000241,True,63.75
SKU-0000570,SUP-000238,True,6.37
SKU-0000570,SUP-000374,False,6.15
SKU-0000571,SUP-000226,True,29.38
SKU-0000572,SUP-000354,True,9.64
SKU-0000573,SUP-000421,True,8.9
SKU-0000573,SUP-000268,False,7.3
SKU-0000573,SUP-000026,False,8.71
SKU-0000574,SUP-000383,True,
SKU-0000575,SUP-000424,True,52.59
SKU-0000576,SUP-000006,True,
SKU-0000577,SUP-000042,True,11.11
SKU-0000577,SUP-000430,False,13.88
SKU-0000578,SUP-000197,True,18.81
SKU-0000578,SUP-000209,False,15.48
SKU-0000579,SUP-000136,True,16.74
SKU-0000580,SUP-000292,True,5.62
SKU-0000580,SUP-000338,False,5.67
SKU-0000580,SUP-000419,False,6.06
SKU-0000581,SUP-000199,True,13.4
SKU-0000582,SUP-000038,True,73.42
SKU-0000582,SUP-000075,False,67.44
SKU-0000583,SUP-000235,True,2.08
SKU-0000584,SUP-000132,True,14.62
SKU-0000585,SUP-000377,True,7.3
SKU-0000586,SUP-000164,True,34.67
SKU-0000587,SUP-000199,True,9.44
SKU-0000588,SUP-000205,True,37.58
SKU-0000588,SUP-000063,False,40.24
SKU-0000589,SUP-000183,True,22.46
SKU-0000590,SUP-000170,True,7.98
SKU-0000591,SUP-000199,True,6.96
SKU-0000592,SUP-000199,True,14.0
SKU-0000593,SUP-000068,True,30.04
SKU-0000594,SUP-000045,True,2.62
SKU-0000595,SUP-000160,True,18.18
SKU-0000595,SUP-000323,False,19.53
SKU-0000596,SUP-000444,True,5.28
SKU-0000596,SUP-000137,False,4.94
SKU-0000596,SUP-000002,False,6.02
SKU-0000597,SUP-000318,True,3.51
SKU-0000597,SUP-000348,False,3.34
SKU-0000598,SUP-000249,True,40.22
SKU-0000598,SUP-000444,False,33.22
SKU-0000599,SUP-000386,True,1.0
SKU-0000599,SUP-000436,False,1.05
SKU-0000600,SUP-000273,True,48.13
SKU-0000600,SUP-000259,False,48.34
SKU-0000601,SUP-000337,True,6.85
SKU-0000602,SUP-000198,True,7.02
SKU-0000603,SUP-000319,True,61.41
SKU-0000603,SUP-000404,False,62.68
SKU-0000604,SUP-000136,True,27.12
SKU-0000605,SUP-000167,True,13.58
SKU-0000606,SUP-000136,True,
SKU-0000607,SUP-000172,True,10.9
SKU-0000607,SUP-000219,False,11.02
SKU-0000608,SUP-000021,True,1.43
SKU-0000609,SUP-000446,True,31.19
SKU-0000609,SUP-000370,False,29.98
SKU-0000609,SUP-000073,False,33.92
SKU-0000610,SUP-000339,True,4.0
SKU-0000610,SUP-000341,False,3.78
SKU-0000611,SUP-000074,True,5.27
SKU-0000612,SUP-000082,True,8.25
SKU-0000613,SUP-000090,True,0.71
SKU-0000614,SUP-000352,True,9.98
SKU-0000615,SUP-000093,True,12.77
SKU-0000616,SUP-000050,True,10.01
SKU-0000617,SUP-000046,True,51.53
SKU-0000618,SUP-000239,True,2.95
SKU-0000619,SUP-000163,True,9.67
SKU-0000620,SUP-000342,True,6.07
SKU-0000620,SUP-000109,False,7.44
SKU-0000620,SUP-000309,False,7.57
SKU-0000621,SUP-000409,True,15.11
SKU-0000621,SUP-000175,False,15.86
SKU-0000622,SUP-000220,True,9.75
SKU-0000622,SUP-000367,False,9.7
SKU-0000623,SUP-000134,True,36.06
SKU-0000624,SUP-000222,True,39.95
SKU-0000625,SUP-000370,True,14.66
SKU-0000626,SUP-000161,True,10.61
SKU-0000626,SUP-000432,False,9.89
SKU-0000627,SUP-000442,True,25.02
SKU-0000628,SUP-000350,True,16.7
SKU-0000628,SUP-000293,False,15.7
SKU-0000628,SUP-000130,False,17.93
SKU-0000629,SUP-000212,True,64.78
SKU-0000630,SUP-000101,True,7.17
SKU-0000631,SUP-000180,True,4.9
SKU-0000631,SUP-000089,False,4.25
SKU-0000631,SUP-000019,False,5.7
SKU-0000632,SUP-000039,True,16.38
SKU-0000633,SUP-000321,True,10.87
SKU-0000633,SUP-000117,False,12.76
SKU-0000634,SUP-000074,True,22.05
SKU-0000635,SUP-000273,True,3.91
SKU-0000636,SUP-000224,True,12.41
SKU-0000637,SUP-000311,True,1.15
SKU-0000638,SUP-000288,True,1.39
SKU-0000638,SUP-000021,False,1.6
SKU-0000639,SUP-000215,True,9.2
SKU-0000640,SUP-000198,True,33.64
SKU-0000641,SUP-000439,True,42.27
SKU-0000641,SUP-000260,False,34.78
SKU-0000642,SUP-000097,True,21.29
SKU-0000643,SUP-000038,True,84.11
SKU-0000643,SUP-000004,False,94.29
SKU-0000644,SUP-000028,True,3.78
SKU-0000645,SUP-000285,True,4.81
SKU-0000645,SUP-000376,False,5.33
SKU-0000646,SUP-000309,True,4.97
SKU-0000647,SUP-000248,True,13.77
SKU-0000648,SUP-000435,True,12.4
SKU-0000649,SUP-000373,True,2.54
SKU-0000650,SUP-000391,True,3.93
SKU-0000651,SUP-000275,True,27.84
SKU-0000651,SUP-000104,False,28.15
SKU-0000652,SUP-000167,True,5.33
SKU-0000652,SUP-000254,False,4.93
SKU-0000653,SUP-000022,True,6.28
SKU-0000654,SUP-000325,True,23.76
SKU-0000655,SUP-000061,True,8.29
SKU-0000656,SUP-000072,True,11.88
SKU-0000656,SUP-000220,False,11.81
SKU-0000657,SUP-000407,True,69.41
SKU-0000657,SUP-000084,False,67.75
SKU-0000658,SUP-000130,True,1.81
SKU-0000659,SUP-000182,True,26.86
SKU-0000660,SUP-000169,True,11.81
SKU-0000661,SUP-000063,True,1.02
SKU-0000662,SUP-000206,True,24.61
SKU-0000662,SUP-000152,False,21.18
SKU-0000663,SUP-000166,True,97.9
SKU-0000664,SUP-000173,True,23.95
SKU-0000665,SUP-000162,True,5.73
SKU-0000665,SUP-000301,False,5.87
SKU-0000666,SUP-000066,True,1.58
SKU-0000666,SUP-000061,False,1.45
SKU-0000667,SUP-000085,True,92.14
SKU-0000668,SUP-000314,True,25.13
SKU-0000668,SUP-000305,False,30.45
SKU-0000669,SUP-000450,True,21.11
SKU-0000670,SUP-000402,True,1199.48
SKU-0000671,SUP-000340,True,14.21
SKU-0000672,SUP-000045,True,13.96
SKU-0000672,SUP-000194,False,15.1
SKU-0000673,SUP-000271,True,84.71
SKU-0000674,SUP-000227,True,7.91
SKU-0000674,SUP-000102,False,8.4
SKU-0000675,SUP-000322,True,
SKU-0000676,SUP-000329,True,8.07
SKU-0000677,SUP-000396,True,8.85
SKU-0000677,SUP-000344,False,9.49
SKU-0000678,SUP-000416,True,14.92
SKU-0000679,SUP-000094,True,7.56
SKU-0000679,SUP-000403,False,9.14
SKU-0000680,SUP-000277,True,53.23
SKU-0000681,SUP-000251,True,20.15
SKU-0000682,SUP-000230,True,6.88
SKU-0000683,SUP-000205,True,5.01
SKU-0000684,SUP-000075,True,194.68
SKU-0000685,SUP-000047,True,78.83
SKU-0000686,SUP-000440,True,34.31
SKU-0000687,SUP-000096,True,3.02
SKU-0000688,SUP-000060,True,1.4
SKU-0000689,SUP-000301,True,11.99
SKU-0000690,SUP-000247,True,8.47
SKU-0000690,SUP-000049,False,8.98
SKU-0000691,SUP-000183,True,1.88
SKU-0000692,SUP-000054,True,31.72
SKU-0000693,SUP-000014,True,218.4
SKU-0000694,SUP-000309,True,88.24
SKU-0000695,SUP-000195,True,10.22
SKU-0000696,SUP-000011,True,9.05
SKU-0000697,SUP-000131,True,9.82
SKU-0000698,SUP-000230,True,9.5
SKU-0000699,SUP-000095,True,30.81
SKU-0000700,SUP-000309,True,57.11
SKU-0000701,SUP-000402,True,0.39
SKU-0000702,SUP-000391,True,7.75
SKU-0000703,SUP-000425,True,11.5
SKU-0000703,SUP-000329,False,12.28
SKU-0000704,SUP-000114,True,24.82
SKU-0000704,SUP-000269,False,22.14
SKU-0000705,SUP-000209,True,18.18
SKU-0000706,SUP-000056,True,30.01
SKU-0000706,SUP-000215,False,36.09
SKU-0000707,SUP-000066,True,4.58
SKU-0000708,SUP-000346,True,15.55
SKU-0000709,SUP-000151,True,4.21
SKU-0000710,SUP-000311,True,41.06
SKU-0000711,SUP-000001,True,1.06
SKU-0000712,SUP-000057,True,3.5
SKU-0000713,SUP-000257,True,2.51
SKU-0000714,SUP-000166,True,40.07
SKU-0000714,SUP-000306,False,34.95
SKU-0000715,SUP-000173,True,22.24
SKU-0000716,SUP-000441,True,13.77
SKU-0000716,SUP-000053,False,17.07
SKU-0000717,SUP-000019,True,1.5
SKU-0000717,SUP-000355,False,1.89
SKU-0000718,SUP-000334,True,8.99
SKU-0000718,SUP-000356,False,7.14
SKU-0000719,SUP-000359,True,9.71
SKU-0000720,SUP-000290,True,16.16
SKU-0000721,SUP-000429,True,13.34
SKU-0000721,SUP-000009,False,15.03
SKU-0000722,SUP-000204,True,7.71
SKU-0000723,SUP-000061,True,8.72
SKU-0000724,SUP-000051,True,3.42
SKU-0000725,SUP-000231,True,2.02
SKU-0000726,SUP-000081,True,211.55
SKU-0000726,SUP-000329,False,216.56
SKU-0000727,SUP-000303,True,22.9
SKU-0000727,SUP-000165,False,28.9
SKU-0000727,SUP-000259,False,25.51
SKU-0000728,SUP-000421,True,
SKU-0000729,SUP-000449,True,15.18
SKU-0000730,SUP-000129,True,11.75
SKU-0000730,SUP-000130,False,12.03
SKU-0000731,SUP-000286,True,14.68
SKU-0000732,SUP-000325,True,14.53
SKU-0000733,SUP-000292,True,2.33
SKU-0000734,SUP-000165,True,8.49
SKU-0000735,SUP-000435,True,16.89
SKU-0000736,SUP-000308,True,18.23
SKU-0000736,SUP-000414,False,22.76
SKU-0000737,SUP-000104,True,28.33
SKU-0000738,SUP-000126,True,
SKU-0000739,SUP-000310,True,35.41
SKU-0000739,SUP-000041,False,31.67
SKU-0000740,SUP-000180,True,3.29
SKU-0000741,SUP-000133,True,115.06
SKU-0000741,SUP-000356,False,115.95
SKU-0000742,SUP-000331,True,6.45
SKU-0000743,SUP-000333,True,2.36
SKU-0000744,SUP-000136,True,142.22
SKU-0000745,SUP-000129,True,3.26
SKU-0000746,SUP-000432,True,10.84
SKU-0000747,SUP-000327,True,6.08
SKU-0000748,SUP-000391,True,1.71
SKU-0000749,SUP-000351,True,28.61
SKU-0000750,SUP-000005,True,45.43
SKU-0000751,SUP-000078,True,1.05
SKU-0000752,SUP-000362,True,1.77
SKU-0000753,SUP-000153,True,8.48
SKU-0000753,SUP-000051,False,7.34
SKU-0000754,SUP-000091,True,27.53
SKU-0000754,SUP-000294,False,34.43
SKU-0000755,SUP-000188,True,9.58
SKU-0000756,SUP-000165,True,3.27
SKU-0000757,SUP-000085,True,74.34
SKU-0000757,SUP-000224,False,
SKU-0000757,SUP-000240,False,55.61
SKU-0000758,SUP-000222,True,196.75
SKU-0000759,SUP-000305,True,33.7
SKU-0000759,SUP-000334,False,33.09
SKU-0000760,SUP-000321,True,4.88
SKU-0000761,SUP-000035,True,5.49
SKU-0000761,SUP-000105,False,5.53
SKU-0000762,SUP-000390,True,24.16
SKU-0000763,SUP-000260,True,16.52
SKU-0000764,SUP-000098,True,2.15
SKU-0000765,SUP-000128,True,13.07
SKU-0000766,SUP-000093,True,18.43
SKU-0000767,SUP-000120,True,6.57
SKU-0000768,SUP-000334,True,23.19
SKU-0000769,SUP-000247,True,57.83
SKU-0000770,SUP-000129,True,1.49
SKU-0000771,SUP-000155,True,2.06
SKU-0000771,SUP-000120,False,2.32
SKU-0000772,SUP-000187,True,19.93
SKU-0000772,SUP-000400,False,23.1
SKU-0000773,SUP-000030,True,12.12
SKU-0000774,SUP-000039,True,6.52
SKU-0000775,SUP-000340,True,
SKU-0000776,SUP-000350,True,4.69
SKU-0000777,SUP-000064,True,3.86
SKU-0000777,SUP-000173,False,3.92
SKU-0000778,SUP-000065,True,111.35
SKU-0000779,SUP-000312,True,14.36
SKU-0000779,SUP-000324,False,17.46
SKU-0000780,SUP-000078,True,4.22
SKU-0000781,SUP-000278,True,34.79
SKU-0000782,SUP-000118,True,18.69
SKU-0000783,SUP-000097,True,9.2
SKU-0000783,SUP-000439,False,
SKU-0000784,SUP-000184,True,17.1
SKU-0000785,SUP-000447,True,3.57
SKU-0000786,SUP-000148,True,3.4
SKU-0000787,SUP-000006,True,1.36
SKU-0000788,SUP-000019,True,2.39
SKU-0000789,SUP-000141,True,12.56
SKU-0000790,SUP-000355,True,19.69
SKU-0000790,SUP-000093,False,19.44
SKU-0000791,SUP-000405,True,4.79
SKU-0000792,SUP-000121,True,1.09
SKU-0000793,SUP-000188,True,2.11
SKU-0000793,SUP-000344,False,2.59
SKU-0000794,SUP-000198,True,15.12
SKU-0000795,SUP-000003,True,2.64
SKU-0000795,SUP-000345,False,2.98
SKU-0000796,SUP-000255,True,2.2
SKU-0000797,SUP-000195,True,16.37
SKU-0000797,SUP-000136,False,16.82
SKU-0000798,SUP-000421,True,3.75
SKU-0000799,SUP-000050,True,84.92
SKU-0000799,SUP-000020,False,80.19
SKU-0000800,SUP-000421,True,32.21
SKU-0000801,SUP-000299,True,4.19
SKU-0000802,SUP-000035,True,31.01
SKU-0000803,SUP-000064,True,6.7
SKU-0000804,SUP-000027,True,34.51
SKU-0000805,SUP-000387,True,1.29
SKU-0000806,SUP-000428,True,
SKU-0000807,SUP-000399,True,6.68
SKU-0000807,SUP-000336,False,8.65
SKU-0000808,SUP-000119,True,3.15
SKU-0000808,SUP-000366,False,3.32
SKU-0000809,SUP-000017,True,22.57
SKU-0000810,SUP-000449,True,9.96
SKU-0000811,SUP-000419,True,11.82
SKU-0000812,SUP-000349,True,7.42
SKU-0000813,SUP-000351,True,3.58
SKU-0000814,SUP-000052,True,65.89
SKU-0000814,SUP-000018,False,72.86
SKU-0000815,SUP-000065,True,64.22
SKU-0000816,SUP-000258,True,4.84
SKU-0000817,SUP-000120,True,19.44
SKU-0000818,SUP-000087,True,23.31
SKU-0000818,SUP-000097,False,25.75
SKU-0000819,SUP-000446,True,9.53
SKU-0000819,SUP-000034,False,9.56
SKU-0000820,SUP-000144,True,7.07
SKU-0000821,SUP-000246,True,12.82
SKU-0000822,SUP-000154,True,40.96
SKU-0000823,SUP-000210,True,5.62
SKU-0000823,SUP-000399,False,4.63
SKU-0000824,SUP-000090,True,24.55
SKU-0000824,SUP-000187,False,23.16
SKU-0000825,SUP-000301,True,23.59
SKU-0000826,SUP-000077,True,90.06
SKU-0000826,SUP-000284,False,88.8
SKU-0000826,SUP-000330,False,78.3
SKU-0000827,SUP-000207,True,2.85
SKU-0000828,SUP-000013,True,3.8
SKU-0000829,SUP-000322,True,5.39
SKU-0000830,SUP-000253,True,5.02
SKU-0000831,SUP-000236,True,31.68
SKU-0000832,SUP-000286,True,23.35
SKU-0000832,SUP-000189,False,25.22
SKU-0000833,SUP-000078,True,0.82
SKU-0000834,SUP-000262,True,9.36
SKU-0000835,SUP-000449,True,37.78
SKU-0000836,SUP-000234,True,16.23
SKU-0000837,SUP-000274,True,1.74
SKU-0000838,SUP-000237,True,126.4
SKU-0000838,SUP-000423,False,114.87
SKU-0000839,SUP-000096,True,114.26
SKU-0000840,SUP-000217,True,1.18
SKU-0000841,SUP-000138,True,27.8
SKU-0000841,SUP-000408,False,28.36
SKU-0000842,SUP-000275,True,3.69
SKU-0000843,SUP-000236,True,1.38
SKU-0000844,SUP-000309,True,14.71
SKU-0000845,SUP-000349,True,9.51
SKU-0000845,SUP-000094,False,7.23
SKU-0000846,SUP-000077,True,13.65
SKU-0000846,SUP-000056,False,15.63
SKU-0000847,SUP-000275,True,26.65
SKU-0000848,SUP-000221,True,18.35
SKU-0000848,SUP-000291,False,15.68
SKU-0000849,SUP-000418,True,51.51
SKU-0000849,SUP-000012,False,45.44
SKU-0000850,SUP-000354,True,21.69
SKU-0000851,SUP-000082,True,7.51
SKU-0000852,SUP-000300,True,17.53
SKU-0000853,SUP-000078,True,14.58
SKU-0000853,SUP-000337,False,14.47
SKU-0000853,SUP-000109,False,14.96
SKU-0000854,SUP-000442,True,25.12
SKU-0000855,SUP-000273,True,25.56
SKU-0000856,SUP-000029,True,6.38
SKU-0000857,SUP-000107,True,2.59
SKU-0000857,SUP-000344,False,2.98
SKU-0000858,SUP-000258,True,3.23
SKU-0000859,SUP-000123,True,4.86
SKU-0000859,SUP-000057,False,4.06
SKU-0000860,SUP-000113,True,5.64
SKU-0000861,SUP-000327,True,36.48
SKU-0000862,SUP-000161,True,2.08
SKU-0000863,SUP-000160,True,54.64
SKU-0000864,SUP-000048,True,5.02
SKU-0000865,SUP-000371,True,12.94
SKU-0000866,SUP-000067,True,50.62
SKU-0000867,SUP-000282,True,25.34
SKU-0000868,SUP-000420,True,0.44
SKU-0000868,SUP-000101,False,0.38
SKU-0000869,SUP-000082,True,4.21
SKU-0000870,SUP-000134,True,81.23
SKU-0000870,SUP-000355,False,68.98
SKU-0000871,SUP-000165,True,41.65
SKU-0000872,SUP-000174,True,6.72
SKU-0000872,SUP-000392,False,6.55
SKU-0000873,SUP-000214,True,1.37
SKU-0000874,SUP-000315,True,26.17
SKU-0000875,SUP-000137,True,0.57
SKU-0000876,SUP-000373,True,31.4
SKU-0000877,SUP-000061,True,16.86
SKU-0000878,SUP-000314,True,83.49
SKU-0000879,SUP-000215,True,9.76
SKU-0000880,SUP-000332,True,2.02
SKU-0000881,SUP-000258,True,92.39
SKU-0000882,SUP-000298,True,32.52
SKU-0000883,SUP-000180,True,2.81
SKU-0000884,SUP-000346,True,0.44
SKU-0000885,SUP-000165,True,5.87
SKU-0000886,SUP-000120,True,0.61
SKU-0000886,SUP-000263,False,0.69
SKU-0000887,SUP-000367,True,-4.75
SKU-0000888,SUP-000232,True,8.27
SKU-0000889,SUP-000352,True,18.65
SKU-0000889,SUP-000145,False,21.26
SKU-0000890,SUP-000345,True,2.29
SKU-0000891,SUP-000280,True,5.09
SKU-0000891,SUP-000422,False,5.01
SKU-0000892,SUP-000204,True,7.49
SKU-0000893,SUP-000186,True,37.72
SKU-0000894,SUP-000135,True,25.31
SKU-0000895,SUP-000259,True,44.89
SKU-0000896,SUP-000277,True,12.74
SKU-0000896,SUP-000013,False,12.23
SKU-0000897,SUP-000265,True,48.08
SKU-0000898,SUP-000246,True,6.78
SKU-0000899,SUP-000372,True,30.73
SKU-0000900,SUP-000396,True,17.82
SKU-0000901,SUP-000198,True,6.62
SKU-0000902,SUP-000098,True,5.54
SKU-0000903,SUP-000066,True,29.05
SKU-0000904,SUP-000263,True,2.29
SKU-0000905,SUP-000171,True,53.71
SKU-0000906,SUP-000076,True,7.96
SKU-0000906,SUP-000196,False,8.01
SKU-0000907,SUP-000440,True,21.05
SKU-0000908,SUP-000428,True,42.19
SKU-0000909,SUP-000110,True,66.67
SKU-0000910,SUP-000100,True,26.21
SKU-0000911,SUP-000273,True,42.07
SKU-0000912,SUP-000023,True,1.1
SKU-0000912,SUP-000425,False,1.19
SKU-0000913,SUP-000104,True,33.52
SKU-0000914,SUP-000436,True,3.03
SKU-0000915,SUP-000074,True,1.73
SKU-0000916,SUP-000350,True,9.48
SKU-0000917,SUP-000036,True,45.82
SKU-0000918,SUP-000185,True,34.31
SKU-0000919,SUP-000400,True,35.25
SKU-0000920,SUP-000373,True,5.46
SKU-0000921,SUP-000063,True,23.54
SKU-0000922,SUP-000194,True,-14.52
SKU-0000923,SUP-000149,True,16.39
SKU-0000924,SUP-000102,True,0.5
SKU-0000924,SUP-000059,False,0.48
SKU-0000925,SUP-000269,True,5.44
SKU-0000926,SUP-000217,True,11.03
SKU-0000927,SUP-000357,True,13.51
SKU-0000928,SUP-000237,True,8.01
SKU-0000929,SUP-000337,True,1.17
SKU-0000929,SUP-000403,False,0.95
SKU-0000930,SUP-000354,True,15.94
SKU-0000930,SUP-000311,False,16.54
SKU-0000931,SUP-000238,True,9.76
SKU-0000932,SUP-000040,True,7.06
SKU-0000932,SUP-000401,False,6.38
SKU-0000933,SUP-000174,True,16.06
SKU-0000933,SUP-000268,False,15.84
SKU-0000934,SUP-000124,True,142.16
SKU-0000935,SUP-000275,True,7.06
SKU-0000936,SUP-000444,True,19.34
SKU-0000937,SUP-000241,True,10.66
SKU-0000937,SUP-000396,False,11.98
SKU-0000938,SUP-000333,True,14.26
SKU-0000938,SUP-000111,False,16.97
SKU-0000939,SUP-000279,True,3.96
SKU-0000940,SUP-000373,True,9.52
SKU-0000940,SUP-000323,False,9.35
SKU-0000940,SUP-000280,False,10.21
SKU-0000941,SUP-000174,True,8.66
SKU-0000942,SUP-000396,True,32.53
SKU-0000943,SUP-000100,True,41.33
SKU-0000943,SUP-000052,False,35.3
SKU-0000944,SUP-000380,True,4.31
SKU-0000945,SUP-000174,True,9.33
SKU-0000946,SUP-000269,True,10.68
SKU-0000947,SUP-000019,True,23.09
SKU-0000948,SUP-000328,True,9.75
SKU-0000948,SUP-000346,False,9.81
SKU-0000948,SUP-000376,False,7.87
SKU-0000949,SUP-000026,True,2.29
SKU-0000950,SUP-000067,True,2.94
SKU-0000950,SUP-000264,False,3.0
SKU-0000951,SUP-000424,True,1.99
SKU-0000951,SUP-000234,False,2.05
SKU-0000952,SUP-000032,True,2.77
SKU-0000953,SUP-000013,True,3.21
SKU-0000953,SUP-000297,False,3.44
SKU-0000954,SUP-000199,True,1.76
SKU-0000955,SUP-000425,True,1.56
SKU-0000956,SUP-000282,True,17.48
SKU-0000957,SUP-000128,True,68.1
SKU-0000958,SUP-000032,True,0.54
SKU-0000959,SUP-000311,True,6.04
SKU-0000959,SUP-000417,False,5.57
SKU-0000960,SUP-000342,True,22.99
SKU-0000961,SUP-000271,True,12.24
SKU-0000962,SUP-000171,True,3.0
SKU-0000963,SUP-000135,True,2.85
SKU-0000964,SUP-000089,True,15.2
SKU-0000965,SUP-000236,True,10.98
SKU-0000966,SUP-000287,True,10.26
SKU-0000967,SUP-000124,True,67.5
SKU-0000967,SUP-000255,False,52.47
SKU-0000968,SUP-000447,True,2.27
SKU-0000969,SUP-000275,True,2.24
SKU-0000970,SUP-000237,True,5.59
SKU-0000970,SUP-000022,False,6.6
SKU-0000971,SUP-000071,True,1.49
SKU-0000972,SUP-000103,True,6.08
SKU-0000973,SUP-000060,True,6.83
SKU-0000973,SUP-000190,False,7.06
SKU-0000973,SUP-000290,False,5.66
SKU-0000974,SUP-000261,True,22.71
SKU-0000974,SUP-000066,False,18.47
SKU-0000975,SUP-000213,True,8.37
SKU-0000976,SUP-000442,True,0.61
SKU-0000977,SUP-000013,True,15.11
SKU-0000978,SUP-000206,True,7.19
SKU-0000979,SUP-000053,True,384.65
SKU-0000979,SUP-000262,False,397.49
SKU-0000980,SUP-000101,True,39.85
SKU-0000980,SUP-000338,False,37.78
SKU-0000981,SUP-000049,True,2.65
SKU-0000982,SUP-000413,True,22.45
SKU-0000982,SUP-000275,False,23.3
SKU-0000983,SUP-000151,True,7.63
SKU-0000983,SUP-000031,False,
SKU-0000984,SUP-000425,True,6.76
SKU-0000985,SUP-000223,True,3.84
SKU-0000986,SUP-000403,True,40.86
SKU-0000987,SUP-000339,True,5.39
SKU-0000988,SUP-000422,True,10.27
SKU-0000989,SUP-000045,True,30.9
SKU-0000989,SUP-000321,False,33.8
SKU-0000990,SUP-000393,True,3.2
SKU-0000991,SUP-000337,True,6.11
SKU-0000992,SUP-000347,True,23.9
SKU-0000993,SUP-000254,True,6.84
SKU-0000993,SUP-000251,False,7.08
SKU-0000994,SUP-000233,True,1.7
SKU-0000994,SUP-000134,False,1.63
SKU-0000995,SUP-000033,True,3.01
SKU-0000995,SUP-000341,False,3.5
SKU-0000996,SUP-000063,True,118.71
SKU-0000997,SUP-000271,True,31.32
SKU-0000998,SUP-000363,True,4.23
SKU-0000999,SUP-000354,True,56.13
SKU-0000999,SUP-000280,False,63.06
SKU-0001000,SUP-000090,True,12.77
SKU-0001001,SUP-000439,True,1.76
SKU-0001002,SUP-000021,True,42.99
SKU-0001003,SUP-000029,True,5.45
SKU-0001003,SUP-000191,False,5.53
SKU-0001004,SUP-000410,True,1.36
SKU-0001005,SUP-000443,True,4.83
SKU-0001005,SUP-000262,False,6.13
SKU-0001006,SUP-000364,True,33.48
SKU-0001006,SUP-000360,False,32.81
SKU-0001007,SUP-000299,True,44.55
SKU-0001008,SUP-000431,True,4.35
SKU-0001009,SUP-000227,True,30.68
SKU-0001010,SUP-000304,True,11.37
SKU-0001011,SUP-000041,True,64.29
SKU-0001012,SUP-000337,True,2.37
SKU-0001013,SUP-000422,True,78.96
SKU-0001014,SUP-000242,True,38.58
SKU-0001015,SUP-000232,True,18.81
SKU-0001016,SUP-000437,True,7.66
SKU-0001017,SUP-000092,True,10.89
SKU-0001018,SUP-000448,True,26.43
SKU-0001019,SUP-000243,True,30.95
SKU-0001020,SUP-000225,True,0.5
SKU-0001021,SUP-000376,True,10.18
SKU-0001021,SUP-000216,False,9.62
SKU-0001022,SUP-000100,True,0.74
SKU-0001023,SUP-000098,True,3.56
SKU-0001024,SUP-000434,True,16.65
SKU-0001025,SUP-000285,True,1.47
SKU-0001026,SUP-000137,True,4.16
SKU-0001027,SUP-000355,True,15.8
SKU-0001028,SUP-000279,True,29.52
SKU-0001028,SUP-000198,False,30.66
SKU-0001029,SUP-000091,True,3.02
SKU-0001030,SUP-000055,True,20.14
SKU-0001031,SUP-000299,True,0.72
SKU-0001032,SUP-000083,True,15.44
SKU-0001032,SUP-000237,False,16.9
SKU-0001033,SUP-000187,True,11.43
SKU-0001034,SUP-000430,True,92.87
SKU-0001034,SUP-000414,False,99.88
SKU-0001035,SUP-000250,True,6.21
SKU-0001036,SUP-000210,True,2.79
SKU-0001037,SUP-000011,True,47.27
SKU-0001037,SUP-000048,False,42.47
SKU-0001037,SUP-000276,False,35.59
SKU-0001038,SUP-000177,True,12.68
SKU-0001039,SUP-000097,True,17.26
SKU-0001039,SUP-000371,False,18.96
SKU-0001040,SUP-000033,True,1.66
SKU-0001041,SUP-000116,True,2.73
SKU-0001042,SUP-000379,True,11.57
SKU-0001043,SUP-000374,True,63.86
SKU-0001044,SUP-000377,True,128.22
SKU-0001044,SUP-000168,False,148.59
SKU-0001045,SUP-000433,True,21.07
SKU-0001046,SUP-000417,True,1.62
SKU-0001047,SUP-000076,True,58.37
SKU-0001048,SUP-000357,True,2.46
SKU-0001048,SUP-000039,False,2.92
SKU-0001049,SUP-000385,True,19.89
SKU-0001050,SUP-000115,True,16.66
SKU-0001051,SUP-000336,True,20.52
SKU-0001051,SUP-000002,False,18.49
SKU-0001052,SUP-000120,True,5.18
SKU-0001052,SUP-000317,False,5.36
SKU-0001053,SUP-000233,True,9.53
SKU-0001053,SUP-000090,False,7.28
SKU-0001054,SUP-000005,True,16.57
SKU-0001055,SUP-000130,True,10.64
SKU-0001056,SUP-000126,True,
SKU-0001056,SUP-000045,False,17.0
SKU-0001057,SUP-000244,True,6.69
SKU-0001057,SUP-000215,False,7.37
SKU-0001057,SUP-000279,False,6.69
SKU-0001058,SUP-000185,True,35.14
SKU-0001059,SUP-000125,True,18.34
SKU-0001059,SUP-000054,False,22.04
SKU-0001060,SUP-000366,True,6.73
SKU-0001061,SUP-000265,True,38.43
SKU-0001062,SUP-000179,True,6.7
SKU-0001062,SUP-000072,False,6.86
SKU-0001063,SUP-000288,True,1.65
SKU-0001064,SUP-000336,True,1.07
SKU-0001064,SUP-000300,False,0.97
SKU-0001065,SUP-000015,True,1.27
SKU-0001066,SUP-000442,True,1.9
SKU-0001066,SUP-000192,False,1.86
SKU-0001067,SUP-000435,True,7.5
SKU-0001067,SUP-000024,False,8.45
SKU-0001068,SUP-000387,True,1.82
SKU-0001069,SUP-000018,True,10.1
SKU-0001070,SUP-000088,True,12.06
SKU-0001071,SUP-000295,True,1.9
SKU-0001072,SUP-000059,True,89.46
SKU-0001072,SUP-000042,False,102.75
SKU-0001073,SUP-000041,True,15.59
SKU-0001074,SUP-000247,True,3.52
SKU-0001074,SUP-000430,False,3.93
SKU-0001075,SUP-000046,True,13.78
SKU-0001076,SUP-000239,True,12.12
SKU-0001077,SUP-000409,True,12.9
SKU-0001078,SUP-000232,True,42.38
SKU-0001078,SUP-000257,False,55.07
SKU-0001079,SUP-000255,True,12.62
SKU-0001080,SUP-000413,True,23.34
SKU-0001081,SUP-000120,True,16.09
SKU-0001082,SUP-000178,True,18.97
SKU-0001083,SUP-000282,True,9.95
SKU-0001084,SUP-000105,True,4.22
SKU-0001085,SUP-000176,True,5.51
SKU-0001085,SUP-000419,False,5.45
SKU-0001086,SUP-000053,True,4.15
SKU-0001086,SUP-000054,False,4.01
SKU-0001087,SUP-000363,True,-31.54
SKU-0001088,SUP-000384,True,5.55
SKU-0001089,SUP-000252,True,16.8
SKU-0001090,SUP-000276,True,35.11
SKU-0001090,SUP-000232,False,33.63
SKU-0001091,SUP-000354,True,12.59
SKU-0001092,SUP-000386,True,8.73
SKU-0001092,SUP-000158,False,9.7
SKU-0001093,SUP-000336,True,0.47
SKU-0001093,SUP-000283,False,0.43
SKU-0001094,SUP-000299,True,5.24
SKU-0001095,SUP-000071,True,122.79
SKU-0001096,SUP-000414,True,73.6
SKU-0001096,SUP-000087,False,75.07
SKU-0001097,SUP-000210,True,8.88
SKU-0001098,SUP-000268,True,6.5
SKU-0001099,SUP-000248,True,76.23
SKU-0001099,SUP-000440,False,76.88
SKU-0001100,SUP-000249,True,4.76
SKU-0001101,SUP-000178,True,20.86
SKU-0001102,SUP-000302,True,2.14
SKU-0001103,SUP-000117,True,15.02
SKU-0001103,SUP-000098,False,14.32
SKU-0001103,SUP-000169,False,14.68
SKU-0001104,SUP-000295,True,1.91
SKU-0001105,SUP-000306,True,1.5
SKU-0001106,SUP-000061,True,4.64
SKU-0001107,SUP-000248,True,3.89
SKU-0001108,SUP-000166,True,243.63
SKU-0001109,SUP-000292,True,16.59
SKU-0001109,SUP-000115,False,14.53
SKU-0001110,SUP-000221,True,11.14
SKU-0001111,SUP-000173,True,34.38
SKU-0001112,SUP-000329,True,21.47
SKU-0001112,SUP-000209,False,21.44
SKU-0001113,SUP-000189,True,20.24
SKU-0001114,SUP-000237,True,15.44
SKU-0001115,SUP-000200,True,1.93
SKU-0001116,SUP-000228,True,4.3
SKU-0001117,SUP-000336,True,0.71
SKU-0001118,SUP-000091,True,5.17
SKU-0001119,SUP-000116,True,38.3
SKU-0001120,SUP-000055,True,4.92
SKU-0001121,SUP-000386,True,7.41
SKU-0001121,SUP-000186,False,9.17
SKU-0001122,SUP-000326,True,8.86
SKU-0001123,SUP-000134,True,15.29
SKU-0001124,SUP-000192,True,11.6
SKU-0001125,SUP-000157,True,3.91
SKU-0001125,SUP-000176,False,3.51
SKU-0001126,SUP-000254,True,5.12
SKU-0001127,SUP-000438,True,5.05
SKU-0001127,SUP-000052,False,4.49
SKU-0001128,SUP-000326,True,157.62
SKU-0001128,SUP-000256,False,156.87
SKU-0001129,SUP-000246,True,18.11
SKU-0001129,SUP-000301,False,17.05
SKU-0001130,SUP-000069,True,37.16
SKU-0001131,SUP-000095,True,0.4
SKU-0001131,SUP-000139,False,0.41
SKU-0001132,SUP-000009,True,18.39
SKU-0001132,SUP-000144,False,21.67
SKU-0001133,SUP-000008,True,88.36
SKU-0001133,SUP-000009,False,90.1
SKU-0001134,SUP-000096,True,11.79
SKU-0001135,SUP-000256,True,29.53
SKU-0001136,SUP-000235,True,1.29
SKU-0001137,SUP-000251,True,9.69
SKU-0001138,SUP-000045,True,15.63
SKU-0001139,SUP-000115,True,20.12
SKU-0001139,SUP-000012,False,19.35
SKU-0001140,SUP-000246,True,1.59
SKU-0001140,SUP-000118,False,
SKU-0001141,SUP-000402,True,9.16
SKU-0001141,SUP-000135,False,8.04
SKU-0001141,SUP-000248,False,7.75
SKU-0001142,SUP-000382,True,4.93
SKU-0001143,SUP-000319,True,31.92
SKU-0001144,SUP-000399,True,7.5
SKU-0001145,SUP-000072,True,55.32
SKU-0001146,SUP-000232,True,1.45
SKU-0001147,SUP-000172,True,2.11
SKU-0001147,SUP-000148,False,1.92
SKU-0001148,SUP-000120,True,88.03
SKU-0001148,SUP-000061,False,76.39
SKU-0001149,SUP-000211,True,21.32
SKU-0001150,SUP-000302,True,1.37
SKU-0001151,SUP-000307,True,6.67
SKU-0001151,SUP-000097,False,5.77
SKU-0001152,SUP-000271,True,21.72
SKU-0001153,SUP-000332,True,3.08
SKU-0001153,SUP-000295,False,3.36
SKU-0001154,SUP-000033,True,8.59
SKU-0001155,SUP-000109,True,20.54
SKU-0001155,SUP-000398,False,22.6
SKU-0001156,SUP-000151,True,6.41
SKU-0001156,SUP-000336,False,6.77
SKU-0001157,SUP-000229,True,9.91
SKU-0001158,SUP-000415,True,5.61
SKU-0001159,SUP-000124,True,36.04
SKU-0001160,SUP-000441,True,2.12
SKU-0001160,SUP-000100,False,2.26
SKU-0001161,SUP-000132,True,97.95
SKU-0001162,SUP-000016,True,31.9
SKU-0001163,SUP-000340,True,123.99
SKU-0001163,SUP-000188,False,136.99
SKU-0001164,SUP-000026,True,18.87
SKU-0001165,SUP-000375,True,23.29
SKU-0001166,SUP-000293,True,134.6
SKU-0001167,SUP-000369,True,7.81
SKU-0001167,SUP-000114,False,7.39
SKU-0001168,SUP-000324,True,7.65
SKU-0001169,SUP-000203,True,73.51
SKU-0001170,SUP-000326,True,24.37
SKU-0001171,SUP-000351,True,28.17
SKU-0001172,SUP-000373,True,3.01
SKU-0001172,SUP-000318,False,3.36
SKU-0001173,SUP-000036,True,2.48
SKU-0001173,SUP-000032,False,2.74
SKU-0001174,SUP-000286,True,21.79
SKU-0001174,SUP-000255,False,19.67
SKU-0001175,SUP-000141,True,9.56
SKU-0001175,SUP-000337,False,11.28
SKU-0001176,SUP-000061,True,15.15
SKU-0001177,SUP-000099,True,5.98
SKU-0001177,SUP-000202,False,6.81
SKU-0001178,SUP-000005,True,73.15
SKU-0001179,SUP-000110,True,42.02
SKU-0001180,SUP-000333,True,17.71
SKU-0001181,SUP-000408,True,15.98
SKU-0001182,SUP-000441,True,1.1
SKU-0001183,SUP-000310,True,13.29
SKU-0001184,SUP-000243,True,
SKU-0001184,SUP-000055,False,17.09
SKU-0001185,SUP-000007,True,19.28
SKU-0001186,SUP-000442,True,23.23
SKU-0001187,SUP-000255,True,22.5
SKU-0001188,SUP-000251,True,68.8
SKU-0001189,SUP-000191,True,1.05
SKU-0001190,SUP-000430,True,46.34
SKU-0001191,SUP-000272,True,44.44
SKU-0001192,SUP-000449,True,4.36
SKU-0001193,SUP-000281,True,39.56
SKU-0001194,SUP-000296,True,8.89
SKU-0001195,SUP-000120,True,9.23
SKU-0001195,SUP-000313,False,9.16
SKU-0001196,SUP-000233,True,7.34
SKU-0001196,SUP-000183,False,6.97
SKU-0001197,SUP-000101,True,5.11
SKU-0001197,SUP-000080,False,4.28
SKU-0001198,SUP-000141,True,1.95
SKU-0001199,SUP-000386,True,6.31
SKU-0001200,SUP-000167,True,11.7
SKU-0001201,SUP-000304,True,5.9
SKU-0001202,SUP-000204,True,8.52
SKU-0001202,SUP-000322,False,8.42
SKU-0001202,SUP-000123,False,7.8
SKU-0001203,SUP-000077,True,6.66
SKU-0001203,SUP-000372,False,6.47
SKU-0001204,SUP-000285,True,2.32
SKU-0001204,SUP-000404,False,1.91
SKU-0001204,SUP-000376,False,2.35
SKU-0001205,SUP-000327,True,8.05
SKU-0001206,SUP-000279,True,
SKU-0001206,SUP-000081,False,8.3
SKU-0001207,SUP-000227,True,34.12
SKU-0001207,SUP-000137,False,34.55
SKU-0001208,SUP-000081,True,8.82
SKU-0001208,SUP-000238,False,8.74
SKU-0001209,SUP-000312,True,11.74
SKU-0001210,SUP-000404,True,60.49
SKU-0001211,SUP-000175,True,8.5
SKU-0001212,SUP-000385,True,84.85
SKU-0001213,SUP-000123,True,
SKU-0001214,SUP-000230,True,4.64
SKU-0001215,SUP-000007,True,6.83
SKU-0001216,SUP-000046,True,17.46
SKU-0001217,SUP-000192,True,2.92
SKU-0001217,SUP-000333,False,3.2
SKU-0001217,SUP-000258,False,3.67
SKU-0001218,SUP-000002,True,0.5
SKU-0001219,SUP-000032,True,7.67
SKU-0001220,SUP-000253,True,44.63
SKU-0001220,SUP-000201,False,46.95
SKU-0001221,SUP-000100,True,3.46
SKU-0001222,SUP-000221,True,19.32
SKU-0001223,SUP-000353,True,14.42
SKU-0001223,SUP-000384,False,16.62
SKU-0001223,SUP-000147,False,13.45
SKU-0001224,SUP-000387,True,32.39
SKU-0001225,SUP-000207,True,1.99
SKU-0001226,SUP-000401,True,5.51
SKU-0001227,SUP-000083,True,9.11
SKU-0001228,SUP-000278,True,18.42
SKU-0001229,SUP-000102,True,
SKU-0001230,SUP-000275,True,51.14
SKU-0001231,SUP-000199,True,7.38
SKU-0001231,SUP-000031,False,9.01
SKU-0001232,SUP-000351,True,12.39
SKU-0001233,SUP-000302,True,1.92
SKU-0001234,SUP-000123,True,5.15
SKU-0001234,SUP-000446,False,5.1
SKU-0001235,SUP-000395,True,2.76
SKU-0001236,SUP-000240,True,9.04
SKU-0001237,SUP-000214,True,32.07
SKU-0001238,SUP-000408,True,21.49
SKU-0001239,SUP-000031,True,2.24
SKU-0001240,SUP-000338,True,52.2
SKU-0001240,SUP-000215,False,59.84
SKU-0001241,SUP-000136,True,21.22
SKU-0001242,SUP-000059,True,8.44
SKU-0001242,SUP-000284,False,10.06
SKU-0001243,SUP-000416,True,161.15
SKU-0001244,SUP-000244,True,17.78
SKU-0001244,SUP-000388,False,15.59
SKU-0001245,SUP-000304,True,11.94
SKU-0001246,SUP-000113,True,55.08
SKU-0001247,SUP-000184,True,10.43
SKU-0001248,SUP-000361,True,4.29
SKU-0001249,SUP-000366,True,
SKU-0001250,SUP-000332,True,5.66
SKU-0001251,SUP-000135,True,38.3
SKU-0001252,SUP-000126,True,38.2
SKU-0001253,SUP-000294,True,6.21
SKU-0001254,SUP-000191,True,80.11
SKU-0001255,SUP-000072,True,13.03
SKU-0001255,SUP-000372,False,14.32
SKU-0001256,SUP-000013,True,7.65
SKU-0001257,SUP-000369,True,1.38
SKU-0001258,SUP-000433,True,14.99
SKU-0001258,SUP-000033,False,17.66
SKU-0001258,SUP-000269,False,14.14
SKU-0001259,SUP-000046,True,50.23
SKU-0001260,SUP-000171,True,7.82
SKU-0001260,SUP-000298,False,9.13
SKU-0001260,SUP-000053,False,
SKU-0001261,SUP-000301,True,17.34
SKU-0001262,SUP-000398,True,3.76
SKU-0001263,SUP-000403,True,25.42
SKU-0001264,SUP-000259,True,8.12
SKU-0001265,SUP-000042,True,51.56
SKU-0001266,SUP-000074,True,6.92
SKU-0001267,SUP-000303,True,5.48
SKU-0001268,SUP-000050,True,6.92
SKU-0001269,SUP-000212,True,3.55
SKU-0001270,SUP-000184,True,6.71
SKU-0001271,SUP-000155,True,161.85
SKU-0001272,SUP-000441,True,10.19
SKU-0001273,SUP-000029,True,12.33
SKU-0001273,SUP-000240,False,10.25
SKU-0001274,SUP-000167,True,21.35
SKU-0001274,SUP-000404,False,23.07
SKU-0001275,SUP-000007,True,11.96
SKU-0001276,SUP-000218,True,
SKU-0001276,SUP-000047,False,35.05
SKU-0001277,SUP-000423,True,78.49
SKU-0001278,SUP-000342,True,31.11
SKU-0001279,SUP-000216,True,9.86
SKU-0001280,SUP-000040,True,11.55
SKU-0001281,SUP-000045,True,13.52
SKU-0001282,SUP-000165,True,17.94
SKU-0001283,SUP-000218,True,5.33
SKU-0001283,SUP-000368,False,5.96
SKU-0001284,SUP-000085,True,35.49
SKU-0001285,SUP-000204,True,644.83
SKU-0001286,SUP-000168,True,3.14
SKU-0001287,SUP-000066,True,55.66
SKU-0001288,SUP-000190,True,67.17
SKU-0001289,SUP-000388,True,13.34
SKU-0001290,SUP-000148,True,9.17
SKU-0001290,SUP-000090,False,8.05
SKU-0001291,SUP-000131,True,26.35
SKU-0001292,SUP-000026,True,3.33
SKU-0001293,SUP-000444,True,13.75
SKU-0001293,SUP-000374,False,12.47
SKU-0001294,SUP-000271,True,0.87
SKU-0001295,SUP-000098,True,2.66
SKU-0001296,SUP-000187,True,26.08
SKU-0001297,SUP-000069,True,8.71
SKU-0001298,SUP-000183,True,33.34
SKU-0001298,SUP-000007,False,43.07
SKU-0001299,SUP-000245,True,2.0
SKU-0001300,SUP-000419,True,14.17
SKU-0001301,SUP-000051,True,7.13
SKU-0001301,SUP-000321,False,7.66
SKU-0001301,SUP-000400,False,8.78
SKU-0001302,SUP-000105,True,1.08
SKU-0001302,SUP-000363,False,1.3
SKU-0001303,SUP-000132,True,17.51
SKU-0001304,SUP-000130,True,11.71
SKU-0001305,SUP-000382,True,5.05
SKU-0001306,SUP-000334,True,1.04
SKU-0001307,SUP-000385,True,15.87
SKU-0001308,SUP-000119,True,20.28
SKU-0001309,SUP-000299,True,
SKU-0001310,SUP-000234,True,9.1
SKU-0001311,SUP-000320,True,430.62
SKU-0001312,SUP-000162,True,7.44
SKU-0001313,SUP-000238,True,8.13
SKU-0001314,SUP-000228,True,21.38
SKU-0001315,SUP-000369,True,4.88
SKU-0001316,SUP-000063,True,24.66
SKU-0001317,SUP-000143,True,9.63
SKU-0001318,SUP-000107,True,2.71
SKU-0001318,SUP-000346,False,3.13
SKU-0001319,SUP-000007,True,2.2
SKU-0001320,SUP-000399,True,27.85
SKU-0001320,SUP-000279,False,27.84
SKU-0001321,SUP-000108,True,6.1
SKU-0001322,SUP-000348,True,3.44
SKU-0001323,SUP-000189,True,35.58
SKU-0001324,SUP-000055,True,3.02
SKU-0001325,SUP-000390,True,6.97
SKU-0001326,SUP-000187,True,13.81
SKU-0001326,SUP-000428,False,15.7
SKU-0001327,SUP-000086,True,31.04
SKU-0001328,SUP-000144,True,4.13
SKU-0001328,SUP-000018,False,4.47
SKU-0001329,SUP-000389,True,209.14
SKU-0001329,SUP-000018,False,
SKU-0001330,SUP-000053,True,7.33
SKU-0001331,SUP-000285,True,8.93
SKU-0001332,SUP-000372,True,8.0
SKU-0001333,SUP-000244,True,6.97
SKU-0001333,SUP-000224,False,6.67
SKU-0001334,SUP-000443,True,42.56
SKU-0001335,SUP-000085,True,100.48
SKU-0001336,SUP-000269,True,12.81
SKU-0001337,SUP-000255,True,2.28
SKU-0001337,SUP-000356,False,2.37
SKU-0001338,SUP-000115,True,1.54
SKU-0001339,SUP-000255,True,0.89
SKU-0001339,SUP-000107,False,0.96
SKU-0001340,SUP-000075,True,3.0
SKU-0001341,SUP-000141,True,4.56
SKU-0001342,SUP-000283,True,7.03
SKU-0001343,SUP-000431,True,10.37
SKU-0001343,SUP-000151,False,12.31
SKU-0001344,SUP-000304,True,0.99
SKU-0001345,SUP-000403,True,13.15
SKU-0001345,SUP-000332,False,13.42
SKU-0001345,SUP-000308,False,15.43
SKU-0001346,SUP-000361,True,4.01
SKU-0001347,SUP-000392,True,29.05
SKU-0001348,SUP-000130,True,2.21
SKU-0001349,SUP-000370,True,4.54
SKU-0001350,SUP-000255,True,1.99
SKU-0001351,SUP-000331,True,32.76
SKU-0001352,SUP-000091,True,10.9
SKU-0001352,SUP-000012,False,9.76
SKU-0001353,SUP-000249,True,30.53
SKU-0001354,SUP-000402,True,8.33
SKU-0001355,SUP-000444,True,14.97
SKU-0001356,SUP-000390,True,3.71
SKU-0001357,SUP-000228,True,0.46
SKU-0001358,SUP-000087,True,2.85
SKU-0001359,SUP-000203,True,24.71
SKU-0001360,SUP-000147,True,37.33
SKU-0001361,SUP-000269,True,14.01
SKU-0001361,SUP-000110,False,
SKU-0001362,SUP-000154,True,63.16
SKU-0001362,SUP-000145,False,71.14
SKU-0001362,SUP-000105,False,83.92
SKU-0001363,SUP-000379,True,17.9
SKU-0001363,SUP-000138,False,18.67
SKU-0001364,SUP-000395,True,35.46
SKU-0001365,SUP-000325,True,3.51
SKU-0001365,SUP-000239,False,4.06
SKU-0001366,SUP-000170,True,26.28
SKU-0001367,SUP-000102,True,73.07
SKU-0001367,SUP-000039,False,67.43
SKU-0001368,SUP-000325,True,8.45
SKU-0001369,SUP-000316,True,3.99
SKU-0001370,SUP-000118,True,1.8
SKU-0001370,SUP-000323,False,2.2
SKU-0001371,SUP-000325,True,6.51
SKU-0001372,SUP-000050,True,0.85
SKU-0001373,SUP-000401,True,25.07
SKU-0001374,SUP-000035,True,15.91
SKU-0001375,SUP-000311,True,6.12
SKU-0001376,SUP-000227,True,19.49
SKU-0001377,SUP-000283,True,6.39
SKU-0001378,SUP-000440,True,10.91
SKU-0001379,SUP-000204,True,52.75
SKU-0001379,SUP-000063,False,49.62
SKU-0001380,SUP-000106,True,0.84
SKU-0001381,SUP-000031,True,40.87
SKU-0001382,SUP-000441,True,0.82
SKU-0001383,SUP-000431,True,25.38
SKU-0001384,SUP-000244,True,221.95
SKU-0001385,SUP-000097,True,40.97
SKU-0001386,SUP-000155,True,3.36
SKU-0001387,SUP-000092,True,14.41
SKU-0001387,SUP-000367,False,14.05
SKU-0001388,SUP-000119,True,
SKU-0001388,SUP-000248,False,17.31
SKU-0001389,SUP-000118,True,12.28
SKU-0001389,SUP-000252,False,11.55
SKU-0001390,SUP-000314,True,7.91
SKU-0001391,SUP-000215,True,3.72
SKU-0001392,SUP-000076,True,8.07
SKU-0001392,SUP-000068,False,6.83
SKU-0001393,SUP-000095,True,16.39
SKU-0001394,SUP-000391,True,4.56
SKU-0001394,SUP-000406,False,4.79
SKU-0001394,SUP-000216,False,4.82
SKU-0001395,SUP-000205,True,6.91
SKU-0001395,SUP-000329,False,6.93
SKU-0001396,SUP-000320,True,0.42
SKU-0001397,SUP-000015,True,1.17
SKU-0001397,SUP-000205,False,1.08
SKU-0001398,SUP-000336,True,4.0
SKU-0001398,SUP-000175,False,4.99
SKU-0001398,SUP-000032,False,5.07
SKU-0001399,SUP-000254,True,17.36
SKU-0001399,SUP-000439,False,18.29
SKU-0001400,SUP-000076,True,1.15
SKU-0001400,SUP-000185,False,1.01
SKU-0001400,SUP-000235,False,1.05
SKU-0001401,SUP-000147,True,3.14
SKU-0001401,SUP-000410,False,3.07
SKU-0001402,SUP-000075,True,10.37
SKU-0001402,SUP-000101,False,11.67
SKU-0001403,SUP-000080,True,4.53
SKU-0001403,SUP-000226,False,4.19
SKU-0001404,SUP-000096,True,1.15
SKU-0001405,SUP-000011,True,20.21
SKU-0001405,SUP-000147,False,
SKU-0001406,SUP-000368,True,6.93
SKU-0001407,SUP-000368,True,10.38
SKU-0001407,SUP-000045,False,
SKU-0001408,SUP-000433,True,1.09
SKU-0001408,SUP-000386,False,0.82
SKU-0001409,SUP-000006,True,2.31
SKU-0001409,SUP-000058,False,2.75
SKU-0001410,SUP-000280,True,4.31
SKU-0001411,SUP-000337,True,
SKU-0001411,SUP-000144,False,25.13
SKU-0001412,SUP-000312,True,0.8
SKU-0001413,SUP-000423,True,5.34
SKU-0001414,SUP-000190,True,80.16
SKU-0001415,SUP-000133,True,5.32
SKU-0001415,SUP-000070,False,7.11
SKU-0001416,SUP-000293,True,18.53
SKU-0001417,SUP-000188,True,16.25
SKU-0001418,SUP-000299,True,1.31
SKU-0001419,SUP-000026,True,43.54
SKU-0001419,SUP-000309,False,42.95
SKU-0001420,SUP-000422,True,68.39
SKU-0001421,SUP-000032,True,2.51
SKU-0001422,SUP-000364,True,76.59
SKU-0001422,SUP-000166,False,67.88
SKU-0001423,SUP-000035,True,14.8
SKU-0001424,SUP-000057,True,3.07
SKU-0001424,SUP-000185,False,2.39
SKU-0001425,SUP-000200,True,24.23
SKU-0001426,SUP-000333,True,6.4
SKU-0001427,SUP-000156,True,20.85
SKU-0001427,SUP-000203,False,21.87
SKU-0001428,SUP-000414,True,2.83
SKU-0001428,SUP-000432,False,3.45
SKU-0001429,SUP-000256,True,1.08
SKU-0001429,SUP-000415,False,1.04
SKU-0001430,SUP-000426,True,8.98
SKU-0001431,SUP-000381,True,1.7
SKU-0001432,SUP-000156,True,43.25
SKU-0001433,SUP-000382,True,36.8
SKU-0001433,SUP-000067,False,
SKU-0001434,SUP-000064,True,
SKU-0001435,SUP-000225,True,14.13
SKU-0001436,SUP-000200,True,20.65
SKU-0001437,SUP-000218,True,59.09
SKU-0001437,SUP-000265,False,52.97
SKU-0001438,SUP-000424,True,16.73
SKU-0001439,SUP-000175,True,5.13
SKU-0001440,SUP-000116,True,7.76
SKU-0001441,SUP-000354,True,2.22
SKU-0001442,SUP-000380,True,11.86
SKU-0001443,SUP-000413,True,99.02
SKU-0001444,SUP-000128,True,1.98
SKU-0001444,SUP-000421,False,1.93
SKU-0001445,SUP-000339,True,178.91
SKU-0001446,SUP-000294,True,3.66
SKU-0001447,SUP-000212,True,19.42
SKU-0001447,SUP-000267,False,15.18
SKU-0001448,SUP-000375,True,5.78
SKU-0001449,SUP-000027,True,3.95
SKU-0001450,SUP-000368,True,14.59
SKU-0001451,SUP-000069,True,21.47
SKU-0001452,SUP-000287,True,3.17
SKU-0001452,SUP-000051,False,3.16
SKU-0001453,SUP-000094,True,33.27
SKU-0001454,SUP-000291,True,26.25
SKU-0001455,SUP-000312,True,15.0
SKU-0001455,SUP-000018,False,14.08
SKU-0001456,SUP-000422,True,342.47
SKU-0001456,SUP-000240,False,369.26
SKU-0001457,SUP-000213,True,6.52
SKU-0001457,SUP-000264,False,7.08
SKU-0001458,SUP-000227,True,9.98
SKU-0001458,SUP-000137,False,9.55
SKU-0001458,SUP-000124,False,9.38
SKU-0001459,SUP-000293,True,4.77
SKU-0001460,SUP-000418,True,2.61
SKU-0001461,SUP-000218,True,23.77
SKU-0001462,SUP-000123,True,17.34
SKU-0001463,SUP-000012,True,9.38
SKU-0001464,SUP-000290,True,67.82
SKU-0001464,SUP-000354,False,74.62
SKU-0001465,SUP-000353,True,6.49
SKU-0001466,SUP-000060,True,10.12
SKU-0001467,SUP-000327,True,2.29
SKU-0001468,SUP-000273,True,3.3
SKU-0001469,SUP-000083,True,29.3
SKU-0001470,SUP-000196,True,25.59
SKU-0001471,SUP-000133,True,1.87
SKU-0001472,SUP-000387,True,30.31
SKU-0001472,SUP-000329,False,35.86
SKU-0001473,SUP-000030,True,9.26
SKU-0001473,SUP-000197,False,7.89
SKU-0001474,SUP-000039,True,0.97
SKU-0001475,SUP-000425,True,3.63
SKU-0001476,SUP-000408,True,22.99
SKU-0001477,SUP-000294,True,53.19
SKU-0001478,SUP-000371,True,29.35
SKU-0001478,SUP-000090,False,29.58
SKU-0001479,SUP-000133,True,5.61
SKU-0001480,SUP-000447,True,22.11
SKU-0001481,SUP-000380,True,1.11
SKU-0001482,SUP-000365,True,99.16
SKU-0001483,SUP-000252,True,12.59
SKU-0001483,SUP-000074,False,14.91
SKU-0001484,SUP-000321,True,2.1
SKU-0001485,SUP-000001,True,18.98
SKU-0001486,SUP-000018,True,6.78
SKU-0001487,SUP-000245,True,106.35
SKU-0001488,SUP-000049,True,231.08
SKU-0001488,SUP-000140,False,186.67
SKU-0001489,SUP-000023,True,1.89
SKU-0001490,SUP-000179,True,8.22
SKU-0001491,SUP-000316,True,291.51
SKU-0001492,SUP-000385,True,3.45
SKU-0001493,SUP-000322,True,3.67
SKU-0001494,SUP-000048,True,14.89
SKU-0001494,SUP-000433,False,15.07
SKU-0001495,SUP-000164,True,20.77
SKU-0001495,SUP-000025,False,20.23
SKU-0001496,SUP-000154,True,7.69
SKU-0001497,SUP-000124,True,
SKU-0001498,SUP-000170,True,2.12
SKU-0001499,SUP-000294,True,6.77
SKU-0001499,SUP-000381,False,7.12
SKU-0001500,SUP-000291,True,29.48
SKU-0001501,SUP-000219,True,89.13
SKU-0001502,SUP-000140,True,126.26
SKU-0001502,SUP-000440,False,130.28
SKU-0001503,SUP-000444,True,1.31
SKU-0001504,SUP-000438,True,20.39
SKU-0001505,SUP-000307,True,3.68
SKU-0001505,SUP-000158,False,4.87
SKU-0001506,SUP-000252,True,114.79
SKU-0001507,SUP-000319,True,192.36
SKU-0001507,SUP-000287,False,147.59
SKU-0001508,SUP-000147,True,7.63
SKU-0001508,SUP-000091,False,7.21
SKU-0001509,SUP-000002,True,3.51
SKU-0001509,SUP-000070,False,4.16
SKU-0001510,SUP-000391,True,1.74
SKU-0001510,SUP-000131,False,1.35
SKU-0001511,SUP-000392,True,5.68
SKU-0001512,SUP-000314,True,2.98
SKU-0001513,SUP-000270,True,15.27
SKU-0001513,SUP-000104,False,20.12
SKU-0001513,SUP-000193,False,20.17
SKU-0001514,SUP-000268,True,4.51
SKU-0001514,SUP-000161,False,3.86
SKU-0001515,SUP-000054,True,4.82
SKU-0001516,SUP-000113,True,30.42
SKU-0001517,SUP-000286,True,4.09
SKU-0001517,SUP-000443,False,4.05
SKU-0001518,SUP-000180,True,4.12
SKU-0001519,SUP-000060,True,4.38
SKU-0001520,SUP-000059,True,14.44
SKU-0001521,SUP-000225,True,40.16
SKU-0001521,SUP-000373,False,39.65
SKU-0001522,SUP-000236,True,1.34
SKU-0001523,SUP-000350,True,8.03
SKU-0001524,SUP-000284,True,4.94
SKU-0001524,SUP-000412,False,5.14
SKU-0001525,SUP-000390,True,2.57
SKU-0001525,SUP-000150,False,2.99
SKU-0001526,SUP-000089,True,79.24
SKU-0001527,SUP-000157,True,100.56
SKU-0001528,SUP-000200,True,6.62
SKU-0001528,SUP-000298,False,6.66
SKU-0001529,SUP-000256,True,194.21
SKU-0001529,SUP-000191,False,252.12
SKU-0001530,SUP-000084,True,7.58
SKU-0001531,SUP-000038,True,51.62
SKU-0001531,SUP-000178,False,44.44
SKU-0001532,SUP-000272,True,14.28
SKU-0001533,SUP-000237,True,9.49
SKU-0001533,SUP-000450,False,10.0
SKU-0001534,SUP-000314,True,5.76
SKU-0001534,SUP-000011,False,5.14
SKU-0001535,SUP-000340,True,26.18
SKU-0001536,SUP-000299,True,8.86
SKU-0001537,SUP-000232,True,10.32
SKU-0001538,SUP-000099,True,11.05
SKU-0001539,SUP-000135,True,11.85
SKU-0001540,SUP-000200,True,25.04
SKU-0001540,SUP-000107,False,31.58
SKU-0001541,SUP-000242,True,7.36
SKU-0001542,SUP-000133,True,12.76
SKU-0001543,SUP-000102,True,33.17
SKU-0001544,SUP-000114,True,20.8
SKU-0001544,SUP-000088,False,17.34
SKU-0001545,SUP-000289,True,4.27
SKU-0001545,SUP-000283,False,3.76
SKU-0001546,SUP-000278,True,2.2
SKU-0001546,SUP-000056,False,2.0
SKU-0001547,SUP-000374,True,13.77
SKU-0001548,SUP-000152,True,6.18
SKU-0001549,SUP-000066,True,16.56
SKU-0001550,SUP-000449,True,23.08
SKU-0001551,SUP-000177,True,13.78
SKU-0001552,SUP-000243,True,-38.06
SKU-0001553,SUP-000352,True,18.47
SKU-0001553,SUP-000362,False,17.88
SKU-0001554,SUP-000260,True,1.78
SKU-0001555,SUP-000052,True,52.15
SKU-0001555,SUP-000055,False,41.96
SKU-0001555,SUP-000354,False,47.75
SKU-0001556,SUP-000348,True,
SKU-0001556,SUP-000009,False,4.9
SKU-0001557,SUP-000343,True,3.96
SKU-0001558,SUP-000131,True,11.18
SKU-0001558,SUP-000144,False,9.97
SKU-0001559,SUP-000343,True,12.33
SKU-0001560,SUP-000333,True,14.06
SKU-0001560,SUP-000381,False,17.4
SKU-0001561,SUP-000083,True,25.18
SKU-0001562,SUP-000316,True,35.79
SKU-0001563,SUP-000045,True,29.72
SKU-0001564,SUP-000176,True,6.87
SKU-0001565,SUP-000398,True,1.21
SKU-0001565,SUP-000074,False,1.2
SKU-0001566,SUP-000287,True,4.97
SKU-0001566,SUP-000214,False,3.81
SKU-0001567,SUP-000225,True,0.56
SKU-0001568,SUP-000219,True,76.91
SKU-0001569,SUP-000344,True,2.82
SKU-0001570,SUP-000420,True,3.98
SKU-0001571,SUP-000259,True,7.18
SKU-0001572,SUP-000175,True,3.44
SKU-0001573,SUP-000171,True,56.88
SKU-0001573,SUP-000431,False,65.43
SKU-0001574,SUP-000195,True,97.15
SKU-0001574,SUP-000076,False,96.63
SKU-0001575,SUP-000238,True,7.1
SKU-0001576,SUP-000019,True,37.87
SKU-0001577,SUP-000127,True,2.74
SKU-0001578,SUP-000333,True,10.09
SKU-0001579,SUP-000187,True,27.12
SKU-0001580,SUP-000086,True,32.65
SKU-0001581,SUP-000402,True,67.3
SKU-0001581,SUP-000326,False,52.8
SKU-0001582,SUP-000251,True,4.36
SKU-0001583,SUP-000086,True,31.2
SKU-0001583,SUP-000258,False,28.39
SKU-0001584,SUP-000107,True,5.15
SKU-0001585,SUP-000113,True,11.79
SKU-0001585,SUP-000343,False,10.19
SKU-0001586,SUP-000027,True,14.75
SKU-0001587,SUP-000147,True,29.16
SKU-0001588,SUP-000342,True,6.77
SKU-0001589,SUP-000313,True,141.96
SKU-0001589,SUP-000111,False,141.48
SKU-0001589,SUP-000083,False,154.0
SKU-0001590,SUP-000158,True,16.76
SKU-0001591,SUP-000253,True,
SKU-0001592,SUP-000208,True,4.73
SKU-0001593,SUP-000421,True,1.33
SKU-0001594,SUP-000290,True,9.26
SKU-0001595,SUP-000049,True,15.77
SKU-0001596,SUP-000414,True,285.77
SKU-0001597,SUP-000243,True,0.66
SKU-0001598,SUP-000112,True,2.66
SKU-0001599,SUP-000208,True,14.82
SKU-0001599,SUP-000396,False,12.17
SKU-0001600,SUP-000446,True,11.89
SKU-0001601,SUP-000218,True,6.96
SKU-0001602,SUP-000311,True,131.32
SKU-0001603,SUP-000372,True,7.55
SKU-0001604,SUP-000198,True,42.16
SKU-0001605,SUP-000077,True,11.29
SKU-0001606,SUP-000177,True,5.82
SKU-0001607,SUP-000205,True,0.78
SKU-0001607,SUP-000280,False,0.77
SKU-0001608,SUP-000364,True,2.23
SKU-0001609,SUP-000071,True,4.7
SKU-0001609,SUP-000407,False,4.13
SKU-0001610,SUP-000352,True,3.62
SKU-0001611,SUP-000371,True,4.34
SKU-0001612,SUP-000251,True,48.6
SKU-0001612,SUP-000077,False,52.16
SKU-0001613,SUP-000122,True,6.82
SKU-0001614,SUP-000216,True,41.14
SKU-0001615,SUP-000396,True,2.76
SKU-0001616,SUP-000258,True,3.51
SKU-0001616,SUP-000016,False,3.58
SKU-0001617,SUP-000235,True,1.29
SKU-0001618,SUP-000184,True,3.2
SKU-0001619,SUP-000418,True,52.1
SKU-0001620,SUP-000399,True,5.46
SKU-0001621,SUP-000195,True,2.83
SKU-0001622,SUP-000132,True,63.97
SKU-0001623,SUP-000326,True,9.97
SKU-0001624,SUP-000165,True,1.02
SKU-0001625,SUP-000220,True,74.97
SKU-0001625,SUP-000107,False,72.09
SKU-0001626,SUP-000386,True,12.29
SKU-0001626,SUP-000106,False,13.35
SKU-0001627,SUP-000349,True,12.89
SKU-0001627,SUP-000346,False,15.21
SKU-0001628,SUP-000346,True,56.1
SKU-0001629,SUP-000162,True,4.41
SKU-0001630,SUP-000443,True,19.09
SKU-0001631,SUP-000040,True,15.88
SKU-0001631,SUP-000311,False,14.55
SKU-0001632,SUP-000352,True,4.55
SKU-0001633,SUP-000340,True,78.1
SKU-0001633,SUP-000292,False,69.55
SKU-0001633,SUP-000085,False,68.61
SKU-0001634,SUP-000317,True,6.04
SKU-0001635,SUP-000056,True,4.11
SKU-0001636,SUP-000231,True,1.06
SKU-0001636,SUP-000140,False,1.24
SKU-0001636,SUP-000069,False,0.97
SKU-0001637,SUP-000093,True,8.49
SKU-0001637,SUP-000188,False,7.25
SKU-0001638,SUP-000284,True,12.11
SKU-0001638,SUP-000433,False,14.89
SKU-0001639,SUP-000224,True,19.03
SKU-0001640,SUP-000099,True,3.21
SKU-0001640,SUP-000038,False,2.64
SKU-0001641,SUP-000397,True,
SKU-0001642,SUP-000071,True,2.9
SKU-0001643,SUP-000044,True,3.26
SKU-0001643,SUP-000071,False,
SKU-0001644,SUP-000139,True,19.99
SKU-0001645,SUP-000258,True,16.7
SKU-0001645,SUP-000170,False,18.32
SKU-0001646,SUP-000007,True,11.37
SKU-0001647,SUP-000032,True,116.76
SKU-0001648,SUP-000111,True,2.22
SKU-0001649,SUP-000120,True,
SKU-0001650,SUP-000068,True,10.16
SKU-0001651,SUP-000440,True,0.47
SKU-0001652,SUP-000062,True,34.38
SKU-0001653,SUP-000279,True,80.69
SKU-0001654,SUP-000118,True,4.32
SKU-0001654,SUP-000422,False,3.63
SKU-0001655,SUP-000382,True,0.64
SKU-0001655,SUP-000174,False,0.64
SKU-0001656,SUP-000161,True,2.85
SKU-0001657,SUP-000284,True,0.79
SKU-0001657,SUP-000103,False,0.94
SKU-0001657,SUP-000055,False,0.97
SKU-0001658,SUP-000056,True,7.67
SKU-0001659,SUP-000175,True,6.18
SKU-0001660,SUP-000142,True,8.74
SKU-0001660,SUP-000042,False,8.88
SKU-0001661,SUP-000367,True,8.08
SKU-0001662,SUP-000314,True,13.93
SKU-0001663,SUP-000350,True,12.76
SKU-0001664,SUP-000289,True,58.25
SKU-0001665,SUP-000267,True,15.63
SKU-0001665,SUP-000026,False,14.94
SKU-0001666,SUP-000405,True,12.72
SKU-0001666,SUP-000051,False,13.99
SKU-0001667,SUP-000012,True,2.51
SKU-0001668,SUP-000402,True,18.28
SKU-0001668,SUP-000069,False,15.55
SKU-0001669,SUP-000182,True,4.41
SKU-0001669,SUP-000215,False,3.87
SKU-0001669,SUP-000148,False,3.75
SKU-0001670,SUP-000188,True,42.87
SKU-0001671,SUP-000206,True,8.24
SKU-0001672,SUP-000134,True,11.04
SKU-0001673,SUP-000307,True,6.2
SKU-0001674,SUP-000092,True,10.71
SKU-0001675,SUP-000444,True,10.7
SKU-0001676,SUP-000240,True,19.31
SKU-0001677,SUP-000029,True,4.55
SKU-0001677,SUP-000186,False,4.64
SKU-0001678,SUP-000059,True,6.23
SKU-0001679,SUP-000062,True,7.44
SKU-0001679,SUP-000011,False,7.56
SKU-0001680,SUP-000396,True,1.41
SKU-0001680,SUP-000087,False,1.45
SKU-0001681,SUP-000433,True,10.57
SKU-0001682,SUP-000118,True,3.22
SKU-0001682,SUP-000258,False,3.36
SKU-0001683,SUP-000285,True,11.46
SKU-0001684,SUP-000408,True,45.09
SKU-0001685,SUP-000180,True,13.57
SKU-0001686,SUP-000371,True,8.01
SKU-0001687,SUP-000260,True,12.34
SKU-0001687,SUP-000334,False,12.16
SKU-0001687,SUP-000421,False,11.73
SKU-0001688,SUP-000167,True,6.24
SKU-0001689,SUP-000218,True,4.43
SKU-0001689,SUP-000300,False,5.09
SKU-0001690,SUP-000245,True,1.64
SKU-0001691,SUP-000409,True,6.53
SKU-0001691,SUP-000243,False,7.06
SKU-0001691,SUP-000322,False,6.67
SKU-0001692,SUP-000282,True,0.38
SKU-0001692,SUP-000024,False,0.36
SKU-0001693,SUP-000124,True,7.04
SKU-0001694,SUP-000382,True,1.68
SKU-0001695,SUP-000345,True,33.47
SKU-0001695,SUP-000277,False,31.91
SKU-0001696,SUP-000425,True,55.1
SKU-0001697,SUP-000150,True,2.07
SKU-0001698,SUP-000116,True,25.6
SKU-0001699,SUP-000105,True,19.38
SKU-0001700,SUP-000319,True,14.91
SKU-0001700,SUP-000085,False,11.36
SKU-0001701,SUP-000228,True,10.71
SKU-0001702,SUP-000107,True,1.18
SKU-0001703,SUP-000370,True,5.13
SKU-0001704,SUP-000194,True,51.6
SKU-0001705,SUP-000346,True,3.75
SKU-0001706,SUP-000364,True,4.07
SKU-0001707,SUP-000311,True,45.52
SKU-0001708,SUP-000437,True,97.08
SKU-0001709,SUP-000415,True,12.94
SKU-0001709,SUP-000420,False,13.55
SKU-0001710,SUP-000075,True,10.79
SKU-0001711,SUP-000214,True,21.97
SKU-0001712,SUP-000124,True,22.16
SKU-0001713,SUP-000288,True,14.82
SKU-0001713,SUP-000383,False,16.95
SKU-0001713,SUP-000245,False,16.2
SKU-0001714,SUP-000449,True,77.68
SKU-0001715,SUP-000143,True,83.3
SKU-0001715,SUP-000339,False,78.32
SKU-0001716,SUP-000292,True,36.06
SKU-0001716,SUP-000268,False,30.57
SKU-0001717,SUP-000180,True,8.41
SKU-0001717,SUP-000172,False,8.59
SKU-0001718,SUP-000168,True,170.44
SKU-0001718,SUP-000228,False,151.97
SKU-0001718,SUP-000039,False,129.34
SKU-0001719,SUP-000101,True,1.69
SKU-0001720,SUP-000159,True,7.5
SKU-0001721,SUP-000425,True,45.48
SKU-0001721,SUP-000066,False,46.9
SKU-0001722,SUP-000035,True,475.24
SKU-0001723,SUP-000095,True,10.43
SKU-0001723,SUP-000224,False,11.9
SKU-0001724,SUP-000231,True,43.25
SKU-0001725,SUP-000346,True,0.76
SKU-0001726,SUP-000010,True,6.35
SKU-0001727,SUP-000367,True,32.33
SKU-0001727,SUP-000174,False,27.52
SKU-0001728,SUP-000349,True,49.72
SKU-0001729,SUP-000324,True,33.36
SKU-0001730,SUP-000112,True,3.5
SKU-0001731,SUP-000032,True,29.03
SKU-0001732,SUP-000178,True,29.18
SKU-0001733,SUP-000339,True,12.35
SKU-0001734,SUP-000420,True,71.63
SKU-0001735,SUP-000291,True,6.61
SKU-0001736,SUP-000284,True,16.22
SKU-0001736,SUP-000123,False,14.37
SKU-0001737,SUP-000386,True,3.74
SKU-0001738,SUP-000003,True,7.94
SKU-0001739,SUP-000410,True,15.54
SKU-0001739,SUP-000427,False,14.37
SKU-0001740,SUP-000440,True,12.45
SKU-0001741,SUP-000334,True,175.7
SKU-0001742,SUP-000274,True,14.71
SKU-0001743,SUP-000436,True,4.62
SKU-0001743,SUP-000369,False,4.7
SKU-0001744,SUP-000262,True,3.92
SKU-0001745,SUP-000270,True,30.65
SKU-0001746,SUP-000135,True,92.96
SKU-0001747,SUP-000010,True,2.55
SKU-0001748,SUP-000182,True,2.82
SKU-0001748,SUP-000024,False,2.61
SKU-0001749,SUP-000090,True,1820.54
SKU-0001750,SUP-000024,True,13.34
SKU-0001751,SUP-000259,True,1.62
SKU-0001752,SUP-000065,True,17.76
SKU-0001753,SUP-000343,True,3.55
SKU-0001753,SUP-000401,False,3.43
SKU-0001754,SUP-000136,True,5.27
SKU-0001754,SUP-000311,False,4.84
SKU-0001755,SUP-000198,True,20.95
SKU-0001755,SUP-000088,False,20.23
SKU-0001756,SUP-000269,True,10.46
SKU-0001757,SUP-000292,True,4.48
SKU-0001758,SUP-000181,True,1.58
SKU-0001758,SUP-000412,False,1.54
SKU-0001759,SUP-000327,True,162.71
SKU-0001760,SUP-000256,True,4.19
SKU-0001760,SUP-000309,False,5.08
SKU-0001761,SUP-000438,True,5.98
SKU-0001762,SUP-000178,True,2.83
SKU-0001763,SUP-000012,True,10.16
SKU-0001764,SUP-000430,True,37.38
SKU-0001764,SUP-000344,False,35.69
SKU-0001765,SUP-000406,True,3.91
SKU-0001766,SUP-000100,True,154.25
SKU-0001767,SUP-000313,True,11.72
SKU-0001768,SUP-000296,True,68.36
SKU-0001769,SUP-000165,True,33.1
SKU-0001770,SUP-000028,True,3.02
SKU-0001770,SUP-000165,False,3.51
SKU-0001771,SUP-000056,True,16.21
SKU-0001772,SUP-000385,True,32.88
SKU-0001772,SUP-000261,False,29.32
SKU-0001772,SUP-000064,False,30.12
SKU-0001773,SUP-000040,True,10.85
SKU-0001774,SUP-000248,True,37.02
SKU-0001775,SUP-000350,True,4.86
SKU-0001775,SUP-000116,False,3.87
SKU-0001776,SUP-000412,True,42.28
SKU-0001777,SUP-000372,True,5.67
SKU-0001778,SUP-000023,True,13.86
SKU-0001778,SUP-000351,False,
SKU-0001778,SUP-000323,False,15.28
SKU-0001779,SUP-000190,True,1.24
SKU-0001780,SUP-000141,True,0.57
SKU-0001781,SUP-000151,True,2.46
SKU-0001782,SUP-000264,True,24.66
SKU-0001783,SUP-000434,True,20.0
SKU-0001784,SUP-000277,True,8.12
SKU-0001784,SUP-000042,False,9.0
SKU-0001785,SUP-000310,True,69.34
SKU-0001786,SUP-000054,True,15.53
SKU-0001786,SUP-000001,False,18.34
SKU-0001787,SUP-000247,True,3.14
SKU-0001788,SUP-000384,True,-6.35
SKU-0001789,SUP-000212,True,1.67
SKU-0001790,SUP-000181,True,5.87
SKU-0001791,SUP-000007,True,1.8
SKU-0001792,SUP-000254,True,101.65
SKU-0001793,SUP-000375,True,34.64
SKU-0001793,SUP-000328,False,34.25
SKU-0001794,SUP-000093,True,2.05
SKU-0001795,SUP-000217,True,17.37
SKU-0001796,SUP-000192,True,38.86
SKU-0001797,SUP-000421,True,35.08
SKU-0001798,SUP-000253,True,11.94
SKU-0001799,SUP-000112,True,64.99
SKU-0001800,SUP-000311,True,15.3
SKU-0001801,SUP-000054,True,76.66
SKU-0001801,SUP-000202,False,80.72
SKU-0001801,SUP-000138,False,65.36
SKU-0001802,SUP-000142,True,2.98
SKU-0001802,SUP-000339,False,3.47
SKU-0001803,SUP-000305,True,25.56
SKU-0001804,SUP-000447,True,0.53
SKU-0001805,SUP-000431,True,2.26
SKU-0001806,SUP-000284,True,
SKU-0001807,SUP-000076,True,19.92
SKU-0001808,SUP-000286,True,4.22
SKU-0001809,SUP-000059,True,11.22
SKU-0001809,SUP-000321,False,9.77
SKU-0001810,SUP-000450,True,6.93
SKU-0001811,SUP-000042,True,4.35
SKU-0001811,SUP-000187,False,4.02
SKU-0001812,SUP-000212,True,2.91
SKU-0001813,SUP-000064,True,
SKU-0001813,SUP-000272,False,16.24
SKU-0001813,SUP-000311,False,18.51
SKU-0001814,SUP-000218,True,1.05
SKU-0001815,SUP-000393,True,24.79
SKU-0001815,SUP-000438,False,25.09
SKU-0001816,SUP-000056,True,21.54
SKU-0001816,SUP-000230,False,21.27
SKU-0001816,SUP-000015,False,18.44
SKU-0001817,SUP-000103,True,11.91
SKU-0001818,SUP-000021,True,3.63
SKU-0001819,SUP-000411,True,53.36
SKU-0001820,SUP-000286,True,124.69
SKU-0001821,SUP-000361,True,9.57
SKU-0001821,SUP-000233,False,8.19
SKU-0001822,SUP-000126,True,2.07
SKU-0001823,SUP-000382,True,1.74
SKU-0001824,SUP-000112,True,3.45
SKU-0001824,SUP-000396,False,3.28
SKU-0001825,SUP-000446,True,66.76
SKU-0001826,SUP-000275,True,97.4
SKU-0001827,SUP-000019,True,15.48
SKU-0001828,SUP-000375,True,25.49
SKU-0001829,SUP-000073,True,19.28
SKU-0001830,SUP-000416,True,8.56
SKU-0001831,SUP-000227,True,181.25
SKU-0001832,SUP-000255,True,5.43
SKU-0001833,SUP-000183,True,17.0
SKU-0001833,SUP-000311,False,
SKU-0001834,SUP-000011,True,2.18
SKU-0001835,SUP-000033,True,20.48
SKU-0001836,SUP-000029,True,6.53
SKU-0001836,SUP-000110,False,
SKU-0001837,SUP-000241,True,26.36
SKU-0001838,SUP-000363,True,46.71
SKU-0001839,SUP-000210,True,97.84
SKU-0001839,SUP-000154,False,98.8
SKU-0001840,SUP-000446,True,3.39
SKU-0001841,SUP-000040,True,
SKU-0001842,SUP-000171,True,0.56
SKU-0001842,SUP-000056,False,0.46
SKU-0001842,SUP-000153,False,0.54
SKU-0001843,SUP-000297,True,7.11
SKU-0001844,SUP-000096,True,32.63
SKU-0001845,SUP-000219,True,2.31
SKU-0001846,SUP-000074,True,1.68
SKU-0001847,SUP-000365,True,0.8
SKU-0001848,SUP-000195,True,6.1
SKU-0001848,SUP-000019,False,5.78
SKU-0001849,SUP-000313,True,8.14
SKU-0001850,SUP-000369,True,10.65
SKU-0001851,SUP-000083,True,12.97
SKU-0001852,SUP-000099,True,11.67
SKU-0001853,SUP-000103,True,0.85
SKU-0001854,SUP-000287,True,36.85
SKU-0001854,SUP-000285,False,30.66
SKU-0001855,SUP-000349,True,4.94
SKU-0001855,SUP-000111,False,4.77
SKU-0001856,SUP-000435,True,6.93
SKU-0001857,SUP-000154,True,6.81
SKU-0001858,SUP-000071,True,247.38
SKU-0001859,SUP-000111,True,3.54
SKU-0001860,SUP-000440,True,13.18
SKU-0001861,SUP-000005,True,45.92
SKU-0001862,SUP-000259,True,19.97
SKU-0001862,SUP-000138,False,22.86
SKU-0001863,SUP-000138,True,5.96
SKU-0001864,SUP-000337,True,5.97
SKU-0001865,SUP-000085,True,20.63
SKU-0001865,SUP-000255,False,18.54
SKU-0001866,SUP-000394,True,9.56
SKU-0001867,SUP-000179,True,27.29
SKU-0001868,SUP-000418,True,4.71
SKU-0001869,SUP-000043,True,20.28
SKU-0001870,SUP-000429,True,4.22
SKU-0001871,SUP-000133,True,53.1
SKU-0001872,SUP-000170,True,14.6
SKU-0001873,SUP-000145,True,10.57
SKU-0001873,SUP-000245,False,10.58
SKU-0001874,SUP-000038,True,64.43
SKU-0001875,SUP-000110,True,5.06
SKU-0001876,SUP-000047,True,6.13
SKU-0001877,SUP-000356,True,592.5
SKU-0001878,SUP-000174,True,6.65
SKU-0001878,SUP-000260,False,6.87
SKU-0001879,SUP-000238,True,37.89
SKU-0001880,SUP-000334,True,19.78
SKU-0001881,SUP-000117,True,30.18
SKU-0001882,SUP-000413,True,1.17
SKU-0001883,SUP-000049,True,48.65
SKU-0001884,SUP-000314,True,6.24
SKU-0001885,SUP-000327,True,1.38
SKU-0001886,SUP-000429,True,30.91
SKU-0001887,SUP-000083,True,2.84
SKU-0001888,SUP-000440,True,60.68
SKU-0001888,SUP-000032,False,73.6
SKU-0001889,SUP-000307,True,7.62
SKU-0001890,SUP-000102,True,195.92
SKU-0001891,SUP-000305,True,3.65
SKU-0001892,SUP-000183,True,6.76
SKU-0001893,SUP-000230,True,3.27
SKU-0001894,SUP-000008,True,51.18
SKU-0001895,SUP-000138,True,44.6
SKU-0001896,SUP-000015,True,2.58
SKU-0001897,SUP-000279,True,15.9
SKU-0001898,SUP-000326,True,22.24
SKU-0001899,SUP-000052,True,26.45
SKU-0001900,SUP-000091,True,15.84
SKU-0001900,SUP-000296,False,13.67
SKU-0001901,SUP-000344,True,38.72
SKU-0001902,SUP-000005,True,108.16
SKU-0001903,SUP-000125,True,3.85
SKU-0001903,SUP-000405,False,4.11
SKU-0001904,SUP-000189,True,5.36
SKU-0001904,SUP-000437,False,6.66
SKU-0001905,SUP-000403,True,20.08
SKU-0001906,SUP-000383,True,55.59
SKU-0001906,SUP-000070,False,68.92
SKU-0001907,SUP-000414,True,1.72
SKU-0001908,SUP-000131,True,0.5
SKU-0001909,SUP-000107,True,5.16
SKU-0001910,SUP-000202,True,19.41
SKU-0001910,SUP-000314,False,23.52
SKU-0001910,SUP-000132,False,22.46
SKU-0001911,SUP-000042,True,30.97
SKU-0001911,SUP-000143,False,29.0
SKU-0001912,SUP-000029,True,93.63
SKU-0001913,SUP-000073,True,6.95
SKU-0001913,SUP-000411,False,5.91
SKU-0001914,SUP-000187,True,15.42
SKU-0001914,SUP-000363,False,15.9
SKU-0001915,SUP-000414,True,1.73
SKU-0001916,SUP-000143,True,13.21
SKU-0001917,SUP-000434,True,4.76
SKU-0001917,SUP-000235,False,4.57
SKU-0001918,SUP-000183,True,5.42
SKU-0001919,SUP-000098,True,5.38
SKU-0001919,SUP-000426,False,6.27
SKU-0001920,SUP-000126,True,1.96
SKU-0001920,SUP-000191,False,2.52
SKU-0001921,SUP-000395,True,3.27
SKU-0001922,SUP-000288,True,14.35
SKU-0001923,SUP-000381,True,1.73
SKU-0001924,SUP-000063,True,12.42
SKU-0001925,SUP-000184,True,392.44
SKU-0001925,SUP-000396,False,398.98
SKU-0001925,SUP-000246,False,365.87
SKU-0001926,SUP-000137,True,18.57
SKU-0001926,SUP-000375,False,19.65
SKU-0001927,SUP-000436,True,41.58
SKU-0001928,SUP-000147,True,23.79
SKU-0001928,SUP-000366,False,24.23
SKU-0001929,SUP-000420,True,2.85
SKU-0001930,SUP-000163,True,2.78
SKU-0001931,SUP-000083,True,111.22
SKU-0001931,SUP-000349,False,112.92
SKU-0001932,SUP-000258,True,14.59
SKU-0001933,SUP-000015,True,13.39
SKU-0001933,SUP-000143,False,12.88
SKU-0001934,SUP-000179,True,7.03
SKU-0001935,SUP-000359,True,35.25
SKU-0001936,SUP-000324,True,94.38
SKU-0001937,SUP-000385,True,5.2
SKU-0001937,SUP-000393,False,5.46
SKU-0001938,SUP-000118,True,4.76
SKU-0001939,SUP-000445,True,13.94
SKU-0001940,SUP-000156,True,125.87
SKU-0001940,SUP-000144,False,122.08
SKU-0001941,SUP-000078,True,12.18
SKU-0001942,SUP-000445,True,2.76
SKU-0001943,SUP-000072,True,2.0
SKU-0001943,SUP-000272,False,1.82
SKU-0001944,SUP-000193,True,103.29
SKU-0001945,SUP-000344,True,5.52
SKU-0001945,SUP-000427,False,6.42
SKU-0001946,SUP-000413,True,9.77
SKU-0001947,SUP-000121,True,12.42
SKU-0001948,SUP-000097,True,65.78
SKU-0001949,SUP-000055,True,6.56
SKU-0001949,SUP-000303,False,6.38
SKU-0001950,SUP-000387,True,3.74
SKU-0001950,SUP-000372,False,3.76
SKU-0001951,SUP-000445,True,8.74
SKU-0001952,SUP-000393,True,13.12
SKU-0001953,SUP-000411,True,8.95
SKU-0001954,SUP-000104,True,8.07
SKU-0001954,SUP-000374,False,7.46
SKU-0001955,SUP-000400,True,11.65
SKU-0001955,SUP-000035,False,9.36
SKU-0001956,SUP-000360,True,13.89
SKU-0001957,SUP-000143,True,
SKU-0001958,SUP-000029,True,3.24
SKU-0001959,SUP-000143,True,1.95
SKU-0001960,SUP-000081,True,176.77
SKU-0001961,SUP-000327,True,2.22
SKU-0001962,SUP-000394,True,4.27
SKU-0001963,SUP-000043,True,13.89
SKU-0001964,SUP-000007,True,1.46
SKU-0001965,SUP-000263,True,3.77
SKU-0001965,SUP-000348,False,3.55
SKU-0001965,SUP-000437,False,3.11
SKU-0001966,SUP-000075,True,9.64
SKU-0001966,SUP-000317,False,9.9
SKU-0001966,SUP-000050,False,8.66
SKU-0001967,SUP-000443,True,5.87
SKU-0001968,SUP-000446,True,
SKU-0001968,SUP-000060,False,-90.02
SKU-0001969,SUP-000444,True,13.26
SKU-0001970,SUP-000018,True,61.53
SKU-0001971,SUP-000033,True,8.69
SKU-0001972,SUP-000207,True,144.14
SKU-0001973,SUP-000337,True,12.03
SKU-0001974,SUP-000146,True,8.72
SKU-0001974,SUP-000025,False,7.16
SKU-0001974,SUP-000210,False,7.9
SKU-0001975,SUP-000317,True,23.09
SKU-0001975,SUP-000229,False,19.97
SKU-0001976,SUP-000122,True,1.5
SKU-0001977,SUP-000272,True,3.12
SKU-0001977,SUP-000284,False,2.93
SKU-0001978,SUP-000240,True,33.81
SKU-0001979,SUP-000019,True,33.75
SKU-0001979,SUP-000427,False,35.15
SKU-0001980,SUP-000335,True,13.85
SKU-0001981,SUP-000020,True,2.82
SKU-0001981,SUP-000009,False,2.91
SKU-0001981,SUP-000342,False,3.44
SKU-0001982,SUP-000006,True,30.6
SKU-0001982,SUP-000169,False,27.05
SKU-0001983,SUP-000234,True,64.16
SKU-0001983,SUP-000380,False,55.28
SKU-0001984,SUP-000332,True,15.03
SKU-0001985,SUP-000108,True,1.56
SKU-0001986,SUP-000090,True,8.66
SKU-0001987,SUP-000082,True,9.48
SKU-0001988,SUP-000074,True,158.83
SKU-0001989,SUP-000445,True,34.71
SKU-0001990,SUP-000304,True,7.31
SKU-0001990,SUP-000201,False,7.91
SKU-0001991,SUP-000387,True,0.79
SKU-0001992,SUP-000208,True,
SKU-0001993,SUP-000290,True,1.17
SKU-0001994,SUP-000222,True,18.04
SKU-0001995,SUP-000094,True,6.88
SKU-0001996,SUP-000138,True,45.05
SKU-0001997,SUP-000279,True,32.06
SKU-0001998,SUP-000060,True,18.75
SKU-0001999,SUP-000271,True,4.81
SKU-0001999,SUP-000032,False,4.61
SKU-0002000,SUP-000450,True,82.78
SKU-0002000,SUP-000062,False,82.95
SKU-0002001,SUP-000166,True,1.35
SKU-0002002,SUP-000399,True,24.92
SKU-0002003,SUP-000105,True,10.61
SKU-0002004,SUP-000241,True,4.2
SKU-0002005,SUP-000423,True,4.11
SKU-0002006,SUP-000010,True,16.66
SKU-0002007,SUP-000239,True,4.64
SKU-0002008,SUP-000342,True,0.36
SKU-0002009,SUP-000312,True,9.8
SKU-0002010,SUP-000243,True,4.88
SKU-0002011,SUP-000367,True,3.72
SKU-0002012,SUP-000130,True,75.67
SKU-0002012,SUP-000371,False,84.34
SKU-0002013,SUP-000354,True,50.41
SKU-0002014,SUP-000119,True,149.33
SKU-0002015,SUP-000241,True,9.98
SKU-0002016,SUP-000226,True,7.41
SKU-0002017,SUP-000258,True,19.15
SKU-0002018,SUP-000134,True,15.35
SKU-0002019,SUP-000149,True,22.73
SKU-0002020,SUP-000259,True,30.29
SKU-0002021,SUP-000368,True,1.75
SKU-0002022,SUP-000215,True,16.46
SKU-0002023,SUP-000014,True,142.61
SKU-0002023,SUP-000126,False,141.82
SKU-0002024,SUP-000335,True,27.36
SKU-0002025,SUP-000442,True,11.55
SKU-0002026,SUP-000405,True,2.0
SKU-0002027,SUP-000202,True,0.66
SKU-0002027,SUP-000113,False,0.73
SKU-0002028,SUP-000251,True,17.84
SKU-0002028,SUP-000093,False,16.77
SKU-0002029,SUP-000420,True,7.72
SKU-0002030,SUP-000312,True,18.48
SKU-0002031,SUP-000266,True,1.76
SKU-0002032,SUP-000083,True,5.57
SKU-0002033,SUP-000348,True,6.86
SKU-0002033,SUP-000227,False,6.78
SKU-0002034,SUP-000284,True,2.39
SKU-0002035,SUP-000291,True,2.63
SKU-0002036,SUP-000169,True,8.17
SKU-0002037,SUP-000024,True,6.72
SKU-0002037,SUP-000387,False,7.99
SKU-0002038,SUP-000332,True,45.82
SKU-0002039,SUP-000302,True,8.71
SKU-0002040,SUP-000138,True,8.75
SKU-0002041,SUP-000405,True,32.05
SKU-0002042,SUP-000402,True,2.44
SKU-0002043,SUP-000388,True,78.9
SKU-0002044,SUP-000337,True,37.71
SKU-0002044,SUP-000117,False,36.98
SKU-0002045,SUP-000195,True,13.23
SKU-0002046,SUP-000419,True,52.05
SKU-0002047,SUP-000089,True,35.73
SKU-0002047,SUP-000114,False,37.22
SKU-0002048,SUP-000433,True,16.94
SKU-0002049,SUP-000238,True,7.45
SKU-0002049,SUP-000393,False,8.3
SKU-0002049,SUP-000116,False,8.17
SKU-0002050,SUP-000030,True,4.02
SKU-0002051,SUP-000223,True,36.5
SKU-0002052,SUP-000045,True,3.12
SKU-0002053,SUP-000355,True,2.98
SKU-0002054,SUP-000070,True,2.75
SKU-0002054,SUP-000284,False,2.79
SKU-0002055,SUP-000127,True,22.01
SKU-0002056,SUP-000426,True,7.01
SKU-0002057,SUP-000037,True,13.45
SKU-0002058,SUP-000040,True,9.89
SKU-0002059,SUP-000219,True,1.66
SKU-0002060,SUP-000190,True,3.31
SKU-0002061,SUP-000283,True,197.2
SKU-0002062,SUP-000310,True,6.28
SKU-0002063,SUP-000340,True,9.41
SKU-0002063,SUP-000344,False,9.42
SKU-0002064,SUP-000024,True,7.76
SKU-0002065,SUP-000415,True,8.41
SKU-0002065,SUP-000316,False,9.86
SKU-0002065,SUP-000241,False,9.03
SKU-0002066,SUP-000236,True,6.74
SKU-0002067,SUP-000274,True,10.59
SKU-0002068,SUP-000438,True,9.92
SKU-0002069,SUP-000106,True,58.38
SKU-0002070,SUP-000153,True,0.71
SKU-0002070,SUP-000013,False,0.67
SKU-0002071,SUP-000087,True,25.27
SKU-0002072,SUP-000115,True,4.98
SKU-0002072,SUP-000297,False,5.41
SKU-0002073,SUP-000377,True,45.3
SKU-0002073,SUP-000421,False,55.08
SKU-0002074,SUP-000124,True,20.8
SKU-0002075,SUP-000421,True,38.1
SKU-0002076,SUP-000283,True,6.37
SKU-0002077,SUP-000377,True,2.16
SKU-0002078,SUP-000298,True,1.54
SKU-0002079,SUP-000170,True,43.35
SKU-0002080,SUP-000345,True,7.82
SKU-0002080,SUP-000376,False,8.36
SKU-0002081,SUP-000097,True,1.52
SKU-0002082,SUP-000218,True,5.6
SKU-0002083,SUP-000213,True,8.87
SKU-0002084,SUP-000363,True,2.61
SKU-0002085,SUP-000259,True,46.4
SKU-0002085,SUP-000403,False,61.64
SKU-0002086,SUP-000399,True,40.34
SKU-0002086,SUP-000366,False,38.02
SKU-0002087,SUP-000027,True,1.62
SKU-0002088,SUP-000163,True,2.84
SKU-0002089,SUP-000195,True,1.96
SKU-0002090,SUP-000162,True,1.25
SKU-0002091,SUP-000257,True,3.5
SKU-0002091,SUP-000363,False,3.39
SKU-0002092,SUP-000445,True,23.25
SKU-0002093,SUP-000262,True,21.38
SKU-0002094,SUP-000366,True,13.98
SKU-0002094,SUP-000058,False,14.59
SKU-0002095,SUP-000061,True,19.05
SKU-0002096,SUP-000253,True,16.92
SKU-0002097,SUP-000405,True,28.18
SKU-0002098,SUP-000002,True,-16.0
SKU-0002098,SUP-000044,False,-19.4
SKU-0002099,SUP-000320,True,
SKU-0002100,SUP-000105,True,5.7
SKU-0002101,SUP-000162,True,344.37
SKU-0002102,SUP-000368,True,80.06
SKU-0002103,SUP-000257,True,1.65
SKU-0002104,SUP-000040,True,73.49
SKU-0002105,SUP-000435,True,4.33
SKU-0002106,SUP-000441,True,13.62
SKU-0002106,SUP-000242,False,13.99
SKU-0002107,SUP-000232,True,24.54
SKU-0002108,SUP-000018,True,8.48
SKU-0002108,SUP-000031,False,8.49
SKU-0002108,SUP-000239,False,6.92
SKU-0002109,SUP-000164,True,24.18
SKU-0002110,SUP-000411,True,2.96
SKU-0002111,SUP-000328,True,1.97
SKU-0002112,SUP-000175,True,0.55
SKU-0002113,SUP-000131,True,13.05
SKU-0002113,SUP-000022,False,10.34
SKU-0002114,SUP-000140,True,6.83
SKU-0002114,SUP-000243,False,8.38
SKU-0002115,SUP-000314,True,4.1
SKU-0002116,SUP-000158,True,5.78
SKU-0002117,SUP-000305,True,58.45
SKU-0002118,SUP-000110,True,39.37
SKU-0002118,SUP-000377,False,42.93
SKU-0002119,SUP-000044,True,4.79
SKU-0002120,SUP-000026,True,157.77
SKU-0002121,SUP-000133,True,14.28
SKU-0002122,SUP-000045,True,19.86
SKU-0002123,SUP-000058,True,0.37
SKU-0002124,SUP-000409,True,6.25
SKU-0002125,SUP-000311,True,2.13
SKU-0002125,SUP-000442,False,1.69
SKU-0002125,SUP-000390,False,1.86
SKU-0002126,SUP-000437,True,0.74
SKU-0002127,SUP-000318,True,3.28
SKU-0002128,SUP-000158,True,7.37
SKU-0002129,SUP-000049,True,179.92
SKU-0002130,SUP-000217,True,53.3
SKU-0002131,SUP-000243,True,1.19
SKU-0002132,SUP-000404,True,0.59
SKU-0002132,SUP-000193,False,0.6
SKU-0002133,SUP-000285,True,6.08
SKU-0002133,SUP-000185,False,5.31
SKU-0002134,SUP-000447,True,41.28
SKU-0002134,SUP-000153,False,36.58
SKU-0002134,SUP-000190,False,39.57
SKU-0002135,SUP-000065,True,1.41
SKU-0002136,SUP-000357,True,8.7
SKU-0002137,SUP-000002,True,51.38
SKU-0002138,SUP-000068,True,1.59
SKU-0002139,SUP-000015,True,8.84
SKU-0002140,SUP-000241,True,9.39
SKU-0002141,SUP-000185,True,9.71
SKU-0002141,SUP-000229,False,9.14
SKU-0002142,SUP-000018,True,0.76
SKU-0002143,SUP-000275,True,12.2
SKU-0002144,SUP-000424,True,31.19
SKU-0002145,SUP-000346,True,13.01
SKU-0002146,SUP-000165,True,48.96
SKU-0002146,SUP-000106,False,49.72
SKU-0002146,SUP-000280,False,46.06
SKU-0002147,SUP-000152,True,0.85
SKU-0002147,SUP-000338,False,0.85
SKU-0002148,SUP-000433,True,31.72
SKU-0002148,SUP-000121,False,38.18
SKU-0002148,SUP-000223,False,37.48
SKU-0002149,SUP-000268,True,-5.83
SKU-0002150,SUP-000255,True,23.98
SKU-0002151,SUP-000246,True,38.99
SKU-0002151,SUP-000088,False,40.15
SKU-0002152,SUP-000044,True,9.04
SKU-0002153,SUP-000200,True,86.31
SKU-0002153,SUP-000049,False,67.72
SKU-0002154,SUP-000356,True,18.27
SKU-0002155,SUP-000301,True,12.75
SKU-0002156,SUP-000236,True,11.58
SKU-0002157,SUP-000117,True,198.06
SKU-0002157,SUP-000162,False,203.63
SKU-0002158,SUP-000336,True,54.05
SKU-0002159,SUP-000005,True,23.63
SKU-0002160,SUP-000432,True,7.2
SKU-0002161,SUP-000213,True,2.44
SKU-0002162,SUP-000307,True,85.08
SKU-0002163,SUP-000315,True,30.08
SKU-0002164,SUP-000271,True,99.26
SKU-0002165,SUP-000255,True,8.72
SKU-0002166,SUP-000236,True,2.34
SKU-0002167,SUP-000200,True,26.57
SKU-0002168,SUP-000342,True,27.93
SKU-0002169,SUP-000119,True,17.59
SKU-0002169,SUP-000220,False,17.76
SKU-0002170,SUP-000027,True,5.14
SKU-0002171,SUP-000113,True,18.35
SKU-0002172,SUP-000193,True,0.71
SKU-0002173,SUP-000400,True,2.69
SKU-0002174,SUP-000209,True,4.94
SKU-0002174,SUP-000161,False,4.81
SKU-0002174,SUP-000445,False,4.8
SKU-0002175,SUP-000026,True,2.45
SKU-0002176,SUP-000282,True,26.19
SKU-0002177,SUP-000198,True,25.67
SKU-0002178,SUP-000178,True,1.13
SKU-0002179,SUP-000138,True,6.8
SKU-0002180,SUP-000026,True,4.52
SKU-0002181,SUP-000340,True,0.69
SKU-0002182,SUP-000272,True,16.38
SKU-0002183,SUP-000256,True,239.43
SKU-0002184,SUP-000087,True,24.21
SKU-0002184,SUP-000272,False,21.89
SKU-0002185,SUP-000188,True,35.18
SKU-0002185,SUP-000227,False,34.92
SKU-0002186,SUP-000405,True,143.14
SKU-0002187,SUP-000449,True,1.03
SKU-0002187,SUP-000393,False,1.18
SKU-0002188,SUP-000029,True,1.65
SKU-0002189,SUP-000389,True,26.02
SKU-0002190,SUP-000114,True,-47.09
SKU-0002190,SUP-000376,False,-44.1
SKU-0002190,SUP-000270,False,-38.3
SKU-0002191,SUP-000018,True,87.24
SKU-0002192,SUP-000166,True,4.33
SKU-0002192,SUP-000392,False,3.84
SKU-0002193,SUP-000374,True,41.0
SKU-0002194,SUP-000411,True,3.37
SKU-0002194,SUP-000057,False,3.64
SKU-0002195,SUP-000388,True,35.42
SKU-0002196,SUP-000227,True,1.04
SKU-0002197,SUP-000075,True,52.25
SKU-0002198,SUP-000369,True,1.19
SKU-0002199,SUP-000266,True,15.66
SKU-0002200,SUP-000394,True,7.41
SKU-0002201,SUP-000414,True,81.65
SKU-0002202,SUP-000223,True,0.74
SKU-0002203,SUP-000083,True,14.67
SKU-0002204,SUP-000004,True,7.84
SKU-0002204,SUP-000011,False,6.44
SKU-0002205,SUP-000027,True,14.21
SKU-0002206,SUP-000260,True,10.33
SKU-0002207,SUP-000148,True,9.8
SKU-0002208,SUP-000224,True,59.05
SKU-0002209,SUP-000318,True,5.59
SKU-0002209,SUP-000269,False,6.51
SKU-0002210,SUP-000192,True,16.31
SKU-0002211,SUP-000086,True,3.71
SKU-0002211,SUP-000085,False,3.59
SKU-0002212,SUP-000360,True,52.97
SKU-0002213,SUP-000258,True,47.02
SKU-0002214,SUP-000381,True,2.22
SKU-0002215,SUP-000408,True,10.01
SKU-0002216,SUP-000450,True,35.83
SKU-0002217,SUP-000081,True,1.85
SKU-0002217,SUP-000362,False,2.24
SKU-0002218,SUP-000213,True,6.41
SKU-0002219,SUP-000214,True,4.3
SKU-0002220,SUP-000064,True,0.55
SKU-0002221,SUP-000421,True,1.73
SKU-0002222,SUP-000393,True,9.49
SKU-0002223,SUP-000217,True,21.41
SKU-0002223,SUP-000106,False,21.8
SKU-0002224,SUP-000322,True,7.32
SKU-0002225,SUP-000079,True,-1.3
SKU-0002226,SUP-000286,True,13.52
SKU-0002227,SUP-000096,True,67.54
SKU-0002228,SUP-000118,True,
SKU-0002228,SUP-000355,False,11.98
SKU-0002229,SUP-000243,True,7.18
SKU-0002230,SUP-000278,True,2.95
SKU-0002230,SUP-000308,False,3.16
SKU-0002231,SUP-000032,True,12.71
SKU-0002232,SUP-000039,True,3.83
SKU-0002233,SUP-000298,True,0.95
SKU-0002234,SUP-000235,True,14.97
SKU-0002235,SUP-000432,True,1.07
SKU-0002236,SUP-000440,True,38.94
SKU-0002237,SUP-000330,True,11.37
SKU-0002238,SUP-000137,True,3.62
SKU-0002239,SUP-000143,True,2.13
SKU-0002240,SUP-000220,True,2.6
SKU-0002241,SUP-000088,True,22.88
SKU-0002241,SUP-000352,False,23.24
SKU-0002242,SUP-000288,True,36.27
SKU-0002243,SUP-000210,True,7.27
SKU-0002244,SUP-000315,True,4.33
SKU-0002245,SUP-000314,True,24.33
SKU-0002246,SUP-000158,True,13.79
SKU-0002247,SUP-000405,True,6.08
SKU-0002248,SUP-000218,True,20.35
SKU-0002249,SUP-000090,True,15.21
SKU-0002249,SUP-000337,False,16.56
SKU-0002249,SUP-000069,False,13.26
SKU-0002250,SUP-000018,True,42.53
SKU-0002251,SUP-000336,True,13.28
SKU-0002252,SUP-000268,True,1.12
SKU-0002253,SUP-000029,True,2.54
SKU-0002254,SUP-000195,True,16.42
SKU-0002254,SUP-000435,False,19.02
SKU-0002255,SUP-000191,True,5.54
SKU-0002256,SUP-000419,True,32.86
SKU-0002257,SUP-000328,True,4.04
SKU-0002258,SUP-000086,True,12.95
SKU-0002259,SUP-000087,True,2.66
SKU-0002259,SUP-000277,False,2.61
SKU-0002260,SUP-000150,True,88.0
SKU-0002261,SUP-000100,True,4.69
SKU-0002262,SUP-000431,True,4.49
SKU-0002262,SUP-000204,False,5.28
SKU-0002263,SUP-000048,True,35.09
SKU-0002263,SUP-000410,False,31.4
SKU-0002264,SUP-000141,True,4.44
SKU-0002265,SUP-000198,True,48.82
SKU-0002266,SUP-000331,True,75.25
SKU-0002267,SUP-000223,True,6.62
SKU-0002268,SUP-000190,True,3.77
SKU-0002269,SUP-000331,True,3.54
SKU-0002270,SUP-000302,True,28.57
SKU-0002271,SUP-000184,True,37.84
SKU-0002272,SUP-000127,True,26.89
SKU-0002272,SUP-000390,False,22.47
SKU-0002273,SUP-000218,True,224.97
SKU-0002274,SUP-000143,True,51.07
SKU-0002275,SUP-000362,True,
SKU-0002275,SUP-000212,False,11.11
SKU-0002276,SUP-000125,True,23.01
SKU-0002277,SUP-000218,True,6.21
SKU-0002278,SUP-000207,True,18.33
SKU-0002279,SUP-000185,True,3.58
SKU-0002280,SUP-000015,True,58.29
SKU-0002281,SUP-000031,True,31.48
SKU-0002281,SUP-000414,False,29.86
SKU-0002282,SUP-000005,True,23.66
SKU-0002283,SUP-000188,True,33.16
SKU-0002284,SUP-000433,True,13.24
SKU-0002285,SUP-000100,True,0.42
SKU-0002285,SUP-000199,False,0.43
SKU-0002286,SUP-000222,True,60.91
SKU-0002287,SUP-000404,True,42.11
SKU-0002288,SUP-000162,True,32.86
SKU-0002289,SUP-000079,True,5.65
SKU-0002290,SUP-000399,True,26.56
SKU-0002291,SUP-000424,True,4.31
SKU-0002291,SUP-000091,False,3.71
SKU-0002292,SUP-000075,True,3.18
SKU-0002293,SUP-000119,True,6.7
SKU-0002294,SUP-000180,True,6.68
SKU-0002294,SUP-000235,False,6.7
SKU-0002294,SUP-000446,False,6.98
SKU-0002295,SUP-000145,True,10.75
SKU-0002295,SUP-000360,False,12.45
SKU-0002296,SUP-000368,True,14.01
SKU-0002297,SUP-000372,True,21.08
SKU-0002297,SUP-000301,False,20.9
SKU-0002297,SUP-000082,False,21.04
SKU-0002298,SUP-000355,True,6.93
SKU-0002299,SUP-000171,True,4.25
SKU-0002300,SUP-000319,True,18.39
SKU-0002301,SUP-000210,True,2.0
SKU-0002302,SUP-000071,True,85.21
SKU-0002302,SUP-000050,False,74.29
SKU-0002303,SUP-000085,True,314.83
SKU-0002303,SUP-000038,False,321.26
SKU-0002304,SUP-000383,True,88.14
SKU-0002304,SUP-000189,False,111.42
SKU-0002305,SUP-000382,True,0.64
SKU-0002305,SUP-000313,False,0.71
SKU-0002306,SUP-000359,True,37.18
SKU-0002307,SUP-000159,True,4.65
SKU-0002308,SUP-000433,True,2.91
SKU-0002309,SUP-000091,True,39.15
SKU-0002310,SUP-000040,True,4.77
SKU-0002311,SUP-000145,True,26.91
SKU-0002312,SUP-000177,True,
SKU-0002312,SUP-000119,False,2.42
SKU-0002313,SUP-000068,True,36.54
SKU-0002313,SUP-000291,False,41.23
SKU-0002314,SUP-000142,True,8.2
SKU-0002315,SUP-000432,True,2.71
SKU-0002316,SUP-000226,True,7.39
SKU-0002317,SUP-000255,True,15.7
SKU-0002318,SUP-000363,True,0.71
SKU-0002318,SUP-000409,False,0.61
SKU-0002319,SUP-000211,True,17.16
SKU-0002320,SUP-000040,True,24.22
SKU-0002321,SUP-000063,True,4.38
SKU-0002321,SUP-000120,False,5.17
SKU-0002322,SUP-000057,True,44.97
SKU-0002322,SUP-000300,False,42.49
SKU-0002323,SUP-000372,True,1.92
SKU-0002323,SUP-000450,False,1.48
SKU-0002324,SUP-000381,True,3.59
SKU-0002325,SUP-000255,True,2.74
SKU-0002325,SUP-000185,False,2.71
SKU-0002326,SUP-000203,True,12.67
SKU-0002327,SUP-000417,True,50.81
SKU-0002328,SUP-000290,True,22.22
SKU-0002329,SUP-000184,True,9.27
SKU-0002330,SUP-000073,True,2.5
SKU-0002331,SUP-000316,True,2.71
SKU-0002332,SUP-000339,True,14.9
SKU-0002333,SUP-000113,True,6.02
SKU-0002333,SUP-000085,False,5.99
SKU-0002334,SUP-000177,True,29.63
SKU-0002334,SUP-000050,False,25.18
SKU-0002335,SUP-000086,True,3.92
SKU-0002335,SUP-000351,False,4.86
SKU-0002336,SUP-000308,True,11.01
SKU-0002337,SUP-000116,True,9.68
SKU-0002337,SUP-000412,False,8.76
SKU-0002338,SUP-000280,True,10.03
SKU-0002339,SUP-000109,True,113.25
SKU-0002339,SUP-000155,False,135.07
SKU-0002340,SUP-000293,True,9.26
SKU-0002341,SUP-000092,True,
SKU-0002342,SUP-000314,True,1.8
SKU-0002342,SUP-000177,False,1.9
SKU-0002343,SUP-000373,True,214.22
SKU-0002343,SUP-000315,False,
SKU-0002344,SUP-000232,True,-5.95
SKU-0002345,SUP-000037,True,31.53
SKU-0002345,SUP-000309,False,26.72
SKU-0002346,SUP-000213,True,14.59
SKU-0002347,SUP-000274,True,15.14
SKU-0002348,SUP-000421,True,14.42
SKU-0002348,SUP-000081,False,15.02
SKU-0002349,SUP-000410,True,3.61
SKU-0002349,SUP-000292,False,3.92
SKU-0002350,SUP-000103,True,4.85
SKU-0002351,SUP-000054,True,3.88
SKU-0002352,SUP-000382,True,10.97
SKU-0002353,SUP-000034,True,159.34
SKU-0002354,SUP-000400,True,27.2
SKU-0002354,SUP-000245,False,28.52
SKU-0002355,SUP-000439,True,4.67
SKU-0002355,SUP-000137,False,4.03
SKU-0002355,SUP-000240,False,4.62
SKU-0002356,SUP-000046,True,1.89
SKU-0002356,SUP-000405,False,1.44
SKU-0002357,SUP-000137,True,
SKU-0002358,SUP-000444,True,4.0
SKU-0002359,SUP-000235,True,13.3
SKU-0002360,SUP-000121,True,3.02
SKU-0002360,SUP-000410,False,3.53
SKU-0002361,SUP-000399,True,7.24
SKU-0002362,SUP-000173,True,22.88
SKU-0002363,SUP-000302,True,68.97
SKU-0002363,SUP-000078,False,71.79
SKU-0002364,SUP-000255,True,15.44
SKU-0002365,SUP-000151,True,5.73
SKU-0002366,SUP-000356,True,17.76
SKU-0002366,SUP-000411,False,18.83
SKU-0002367,SUP-000277,True,36.82
SKU-0002368,SUP-000354,True,2.25
SKU-0002368,SUP-000275,False,2.26
SKU-0002369,SUP-000347,True,1.53
SKU-0002370,SUP-000059,True,2.21
SKU-0002371,SUP-000159,True,10.2
SKU-0002372,SUP-000235,True,16.36
SKU-0002372,SUP-000232,False,14.98
SKU-0002373,SUP-000085,True,14.77
SKU-0002374,SUP-000081,True,41.93
SKU-0002375,SUP-000400,True,1.96
SKU-0002375,SUP-000220,False,2.54
SKU-0002376,SUP-000378,True,14.42
SKU-0002377,SUP-000254,True,0.75
SKU-0002377,SUP-000334,False,0.8
SKU-0002378,SUP-000158,True,48.89
SKU-0002379,SUP-000135,True,17.66
SKU-0002379,SUP-000369,False,21.85
SKU-0002380,SUP-000230,True,1.76
SKU-0002381,SUP-000164,True,2.31
SKU-0002382,SUP-000198,True,11.67
SKU-0002383,SUP-000295,True,5.5
SKU-0002384,SUP-000277,True,10.46
SKU-0002384,SUP-000020,False,12.28
SKU-0002385,SUP-000005,True,61.88
SKU-0002385,SUP-000258,False,56.55
SKU-0002386,SUP-000194,True,390.49
SKU-0002387,SUP-000014,True,8.12
SKU-0002388,SUP-000309,True,13.09
SKU-0002389,SUP-000117,True,1.55
SKU-0002390,SUP-000100,True,20.84
SKU-0002390,SUP-000334,False,19.38
SKU-0002391,SUP-000053,True,8.66
SKU-0002392,SUP-000380,True,2.93
SKU-0002393,SUP-000150,True,3.08
SKU-0002394,SUP-000170,True,4.14
SKU-0002395,SUP-000393,True,39.94
SKU-0002395,SUP-000154,False,31.01
SKU-0002396,SUP-000404,True,9.8
SKU-0002397,SUP-000003,True,11.02
SKU-0002398,SUP-000159,True,17.03
SKU-0002399,SUP-000227,True,0.63
SKU-0002400,SUP-000197,True,8.25
SKU-0002401,SUP-000305,True,17.27
SKU-0002402,SUP-000360,True,44.92
SKU-0002403,SUP-000343,True,1.89
SKU-0002404,SUP-000424,True,6.21
SKU-0002405,SUP-000407,True,4.27
SKU-0002406,SUP-000371,True,8.02
SKU-0002406,SUP-000206,False,8.21
SKU-0002406,SUP-000213,False,8.12
SKU-0002407,SUP-000216,True,2.05
SKU-0002408,SUP-000238,True,23.67
SKU-0002409,SUP-000251,True,51.45
SKU-0002409,SUP-000228,False,48.45
SKU-0002410,SUP-000254,True,20.98
SKU-0002410,SUP-000351,False,20.73
SKU-0002411,SUP-000436,True,11.91
SKU-0002412,SUP-000284,True,45.99
SKU-0002412,SUP-000434,False,
SKU-0002413,SUP-000195,True,17.91
SKU-0002414,SUP-000334,True,11.07
SKU-0002414,SUP-000134,False,12.36
SKU-0002415,SUP-000402,True,4.95
SKU-0002416,SUP-000205,True,13.96
SKU-0002417,SUP-000334,True,12.0
SKU-0002418,SUP-000424,True,67.96
SKU-0002418,SUP-000164,False,64.92
SKU-0002418,SUP-000365,False,60.99
SKU-0002419,SUP-000212,True,7.09
SKU-0002420,SUP-000172,True,24.8
SKU-0002421,SUP-000253,True,15.06
SKU-0002422,SUP-000362,True,32.89
SKU-0002423,SUP-000301,True,9.94
SKU-0002424,SUP-000218,True,2.2
SKU-0002424,SUP-000205,False,2.28
SKU-0002425,SUP-000026,True,3.82
SKU-0002426,SUP-000446,True,14.16
SKU-0002427,SUP-000115,True,81.62
SKU-0002428,SUP-000076,True,64.84
SKU-0002428,SUP-000412,False,74.15
SKU-0002429,SUP-000300,True,4.59
SKU-0002430,SUP-000048,True,80.27
SKU-0002431,SUP-000163,True,2.6
SKU-0002432,SUP-000257,True,35.03
SKU-0002432,SUP-000311,False,34.54
SKU-0002433,SUP-000065,True,28.38
SKU-0002434,SUP-000125,True,1.23
SKU-0002435,SUP-000436,True,5.96
SKU-0002436,SUP-000238,True,27.0
SKU-0002436,SUP-000044,False,25.39
SKU-0002437,SUP-000333,True,19.56
SKU-0002438,SUP-000009,True,2.56
SKU-0002439,SUP-000215,True,23.29
SKU-0002439,SUP-000032,False,20.48
SKU-0002440,SUP-000159,True,64.85
SKU-0002441,SUP-000038,True,73.64
SKU-0002442,SUP-000130,True,14.61
SKU-0002442,SUP-000001,False,12.67
SKU-0002443,SUP-000100,True,33.92
SKU-0002443,SUP-000211,False,31.83
SKU-0002444,SUP-000035,True,9.55
SKU-0002445,SUP-000441,True,39.47
SKU-0002446,SUP-000351,True,10.72
SKU-0002447,SUP-000388,True,0.36
SKU-0002448,SUP-000261,True,44.25
SKU-0002449,SUP-000080,True,8.95
SKU-0002450,SUP-000209,True,5.56
SKU-0002451,SUP-000405,True,6.04
SKU-0002452,SUP-000353,True,106.94
SKU-0002453,SUP-000228,True,185.52
SKU-0002454,SUP-000249,True,53.78
SKU-0002455,SUP-000295,True,20.14
SKU-0002456,SUP-000316,True,22.56
SKU-0002457,SUP-000405,True,9.4
SKU-0002458,SUP-000129,True,9.79
SKU-0002459,SUP-000332,True,4.45
SKU-0002460,SUP-000266,True,14.37
SKU-0002461,SUP-000054,True,16.33
SKU-0002462,SUP-000054,True,71.61
SKU-0002463,SUP-000429,True,42.0
SKU-0002464,SUP-000385,True,1.63
SKU-0002465,SUP-000394,True,1.42
SKU-0002466,SUP-000003,True,1.38
SKU-0002467,SUP-000332,True,4.8
SKU-0002468,SUP-000348,True,
SKU-0002469,SUP-000417,True,6.86
SKU-0002470,SUP-000427,True,7.03
SKU-0002471,SUP-000297,True,33.4
SKU-0002472,SUP-000202,True,9.51
SKU-0002473,SUP-000258,True,1.88
SKU-0002474,SUP-000063,True,216.0
SKU-0002475,SUP-000387,True,7.27
SKU-0002475,SUP-000373,False,5.49
SKU-0002475,SUP-000011,False,6.67
SKU-0002476,SUP-000334,True,28.44
SKU-0002477,SUP-000293,True,3.91
SKU-0002478,SUP-000302,True,5.92
SKU-0002479,SUP-000313,True,9.15
SKU-0002480,SUP-000398,True,10.63
SKU-0002481,SUP-000095,True,13.36
SKU-0002482,SUP-000428,True,25.29
SKU-0002482,SUP-000039,False,27.72
SKU-0002482,SUP-000294,False,23.56
SKU-0002483,SUP-000132,True,2.19
SKU-0002484,SUP-000413,True,180.84
SKU-0002485,SUP-000282,True,11.73
SKU-0002486,SUP-000318,True,2.58
SKU-0002486,SUP-000146,False,2.04
SKU-0002487,SUP-000343,True,15.63
SKU-0002488,SUP-000106,True,18.66
SKU-0002489,SUP-000203,True,8.64
SKU-0002490,SUP-000153,True,2.32
SKU-0002491,SUP-000109,True,5.39
SKU-0002492,SUP-000383,True,14.15
SKU-0002493,SUP-000376,True,51.06
SKU-0002494,SUP-000147,True,5.93
SKU-0002495,SUP-000406,True,51.24
SKU-0002495,SUP-000055,False,49.59
SKU-0002496,SUP-000071,True,20.92
SKU-0002496,SUP-000279,False,20.27
SKU-0002497,SUP-000324,True,6.18
SKU-0002497,SUP-000371,False,5.92
SKU-0002498,SUP-000217,True,
SKU-0002499,SUP-000233,True,-10.51
SKU-0002500,SUP-000343,True,2.79
SKU-0002501,SUP-000353,True,13.76
SKU-0002502,SUP-000157,True,11.66
SKU-0002503,SUP-000396,True,14.68
SKU-0002504,SUP-000084,True,75.54
SKU-0002505,SUP-000269,True,3.48
SKU-0002506,SUP-000259,True,1.38
SKU-0002506,SUP-000133,False,1.36
SKU-0002507,SUP-000155,True,1.73
SKU-0002508,SUP-000203,True,7.43
SKU-0002509,SUP-000109,True,9.41
SKU-0002510,SUP-000155,True,1.24
SKU-0002510,SUP-000351,False,1.14
SKU-0002510,SUP-000448,False,1.02
SKU-0002511,SUP-000164,True,8.64
SKU-0002512,SUP-000306,True,6.67
SKU-0002513,SUP-000152,True,1.73
SKU-0002514,SUP-000404,True,40.47
SKU-0002515,SUP-000184,True,15.7
SKU-0002516,SUP-000042,True,15.14
SKU-0002517,SUP-000143,True,11.78
SKU-0002518,SUP-000434,True,11.54
SKU-0002519,SUP-000154,True,21.78
SKU-0002520,SUP-000236,True,1.16
SKU-0002520,SUP-000281,False,1.17
SKU-0002520,SUP-000226,False,1.44
SKU-0002521,SUP-000253,True,1.7
SKU-0002522,SUP-000416,True,10.15
SKU-0002523,SUP-000433,True,1.74
SKU-0002524,SUP-000219,True,27.2
SKU-0002524,SUP-000134,False,30.02
SKU-0002525,SUP-000284,True,8.08
SKU-0002526,SUP-000208,True,15.26
SKU-0002527,SUP-000241,True,14.42
SKU-0002527,SUP-000359,False,17.0
SKU-0002527,SUP-000217,False,13.53
SKU-0002528,SUP-000196,True,6.89
SKU-0002528,SUP-000071,False,5.28
SKU-0002529,SUP-000001,True,6.09
SKU-0002530,SUP-000437,True,2.74
SKU-0002530,SUP-000394,False,3.13
SKU-0002531,SUP-000322,True,15.17
SKU-0002532,SUP-000081,True,4.03
SKU-0002533,SUP-000091,True,9.08
SKU-0002534,SUP-000101,True,9.74
SKU-0002534,SUP-000367,False,9.5
SKU-0002535,SUP-000129,True,3.18
SKU-0002536,SUP-000364,True,8.06
SKU-0002537,SUP-000432,True,26.5
SKU-0002538,SUP-000422,True,0.51
SKU-0002539,SUP-000439,True,5.27
SKU-0002540,SUP-000132,True,26.1
SKU-0002541,SUP-000149,True,0.73
SKU-0002541,SUP-000095,False,0.83
SKU-0002542,SUP-000371,True,6.27
SKU-0002542,SUP-000450,False,6.21
SKU-0002542,SUP-000123,False,5.64
SKU-0002543,SUP-000388,True,31.94
SKU-0002544,SUP-000111,True,2.14
SKU-0002545,SUP-000251,True,15.37
SKU-0002546,SUP-000206,True,30.6
SKU-0002547,SUP-000051,True,25.18
SKU-0002547,SUP-000163,False,23.02
SKU-0002548,SUP-000118,True,3.33
SKU-0002549,SUP-000107,True,15.48
SKU-0002550,SUP-000118,True,16.42
SKU-0002550,SUP-000089,False,18.25
SKU-0002551,SUP-000210,True,18.46
SKU-0002552,SUP-000334,True,0.55
SKU-0002553,SUP-000310,True,1.39
SKU-0002554,SUP-000148,True,32.51
SKU-0002555,SUP-000043,True,12.58
SKU-0002556,SUP-000041,True,38.75
SKU-0002557,SUP-000084,True,9.3
SKU-0002558,SUP-000189,True,17.31
SKU-0002559,SUP-000244,True,34.92
SKU-0002560,SUP-000200,True,7.56
SKU-0002561,SUP-000289,True,44.31
SKU-0002562,SUP-000073,True,8.14
SKU-0002563,SUP-000410,True,49.02
SKU-0002563,SUP-000015,False,49.48
SKU-0002564,SUP-000434,True,12.46
SKU-0002565,SUP-000311,True,2.88
SKU-0002566,SUP-000011,True,0.99
SKU-0002567,SUP-000105,True,41.46
SKU-0002567,SUP-000066,False,53.53
SKU-0002568,SUP-000189,True,16.62
SKU-0002569,SUP-000091,True,11.79
SKU-0002570,SUP-000182,True,1.63
SKU-0002570,SUP-000042,False,1.95
SKU-0002571,SUP-000217,True,7.56
SKU-0002572,SUP-000240,True,64.76
SKU-0002573,SUP-000280,True,2.58
SKU-0002574,SUP-000260,True,137.35
SKU-0002575,SUP-000348,True,3.81
SKU-0002576,SUP-000039,True,44.12
SKU-0002577,SUP-000250,True,26.22
SKU-0002578,SUP-000095,True,8.63
SKU-0002579,SUP-000312,True,3.17
SKU-0002579,SUP-000008,False,3.07
SKU-0002580,SUP-000329,True,5.23
SKU-0002581,SUP-000212,True,8.34
SKU-0002582,SUP-000385,True,58.6
SKU-0002583,SUP-000362,True,7.27
SKU-0002584,SUP-000422,True,4.48
SKU-0002585,SUP-000273,True,3.97
SKU-0002586,SUP-000266,True,4.46
SKU-0002587,SUP-000424,True,17.03
SKU-0002588,SUP-000176,True,1.2
SKU-0002589,SUP-000023,True,2.07
SKU-0002590,SUP-000277,True,6.01
SKU-0002591,SUP-000332,True,10.54
SKU-0002591,SUP-000157,False,
SKU-0002592,SUP-000439,True,56.77
SKU-0002593,SUP-000050,True,1.1
SKU-0002594,SUP-000200,True,3.02
SKU-0002595,SUP-000127,True,32.98
SKU-0002596,SUP-000205,True,27.38
SKU-0002597,SUP-000309,True,37.39
SKU-0002597,SUP-000228,False,44.57
SKU-0002598,SUP-000226,True,5.95
SKU-0002599,SUP-000255,True,220.79
SKU-0002600,SUP-000360,True,2.92
SKU-0002601,SUP-000278,True,9.98
SKU-0002602,SUP-000267,True,14.12
SKU-0002603,SUP-000304,True,14.16
SKU-0002603,SUP-000230,False,
SKU-0002604,SUP-000279,True,8.3
SKU-0002605,SUP-000037,True,16.95
SKU-0002606,SUP-000369,True,20.84
SKU-0002607,SUP-000205,True,1.03
SKU-0002608,SUP-000100,True,47.18
SKU-0002608,SUP-000382,False,48.71
SKU-0002608,SUP-000384,False,46.88
SKU-0002609,SUP-000318,True,6.05
SKU-0002610,SUP-000335,True,7.76
SKU-0002611,SUP-000349,True,1.84
SKU-0002611,SUP-000016,False,1.53
SKU-0002612,SUP-000029,True,1.85
SKU-0002613,SUP-000383,True,46.9
SKU-0002613,SUP-000063,False,51.8
SKU-0002614,SUP-000389,True,6.44
SKU-0002615,SUP-000432,True,6.93
SKU-0002616,SUP-000095,True,215.72
SKU-0002617,SUP-000373,True,24.73
SKU-0002618,SUP-000020,True,0.94
SKU-0002619,SUP-000269,True,10.42
SKU-0002620,SUP-000407,True,1.65
SKU-0002621,SUP-000247,True,8.51
SKU-0002622,SUP-000003,True,6.62
SKU-0002623,SUP-000356,True,3.67
SKU-0002624,SUP-000412,True,0.9
SKU-0002625,SUP-000361,True,1.02
SKU-0002626,SUP-000373,True,24.86
SKU-0002627,SUP-000206,True,1.75
SKU-0002628,SUP-000385,True,12.83
SKU-0002629,SUP-000261,True,
SKU-0002630,SUP-000159,True,9.71
SKU-0002631,SUP-000047,True,24.47
SKU-0002631,SUP-000226,False,26.07
SKU-0002632,SUP-000204,True,15.25
SKU-0002633,SUP-000369,True,1.08
SKU-0002634,SUP-000271,True,40.79
SKU-0002635,SUP-000379,True,4.02
SKU-0002635,SUP-000059,False,4.54
SKU-0002636,SUP-000385,True,156.63
SKU-0002637,SUP-000010,True,6.66
SKU-0002637,SUP-000258,False,6.78
SKU-0002638,SUP-000427,True,32.97
SKU-0002638,SUP-000399,False,26.75
SKU-0002639,SUP-000161,True,93.02
SKU-0002639,SUP-000191,False,89.38
SKU-0002640,SUP-000339,True,26.36
SKU-0002641,SUP-000160,True,14.49
SKU-0002642,SUP-000338,True,2.37
SKU-0002643,SUP-000424,True,63.36
SKU-0002644,SUP-000317,True,4.06
SKU-0002645,SUP-000011,True,0.36
SKU-0002645,SUP-000282,False,0.45
SKU-0002646,SUP-000367,True,18.83
SKU-0002647,SUP-000046,True,27.94
SKU-0002647,SUP-000137,False,28.56
SKU-0002648,SUP-000176,True,9.82
SKU-0002649,SUP-000372,True,15.44
SKU-0002650,SUP-000094,True,42.83
SKU-0002651,SUP-000045,True,107.99
SKU-0002652,SUP-000419,True,24.21
SKU-0002653,SUP-000422,True,1.97
SKU-0002654,SUP-000336,True,32.26
SKU-0002655,SUP-000034,True,18.5
SKU-0002655,SUP-000308,False,15.94
SKU-0002656,SUP-000232,True,11.14
SKU-0002657,SUP-000169,True,2.09
SKU-0002658,SUP-000354,True,108.76
SKU-0002659,SUP-000150,True,9.71
SKU-0002659,SUP-000421,False,10.52
SKU-0002659,SUP-000037,False,9.77
SKU-0002660,SUP-000246,True,10.55
SKU-0002660,SUP-000130,False,10.69
SKU-0002661,SUP-000339,True,48.89
SKU-0002662,SUP-000285,True,6.76
SKU-0002663,SUP-000157,True,140.28
SKU-0002664,SUP-000196,True,52.29
SKU-0002664,SUP-000051,False,43.95
SKU-0002665,SUP-000054,True,3.1
SKU-0002666,SUP-000079,True,10.02
SKU-0002667,SUP-000333,True,10.89
SKU-0002668,SUP-000036,True,40.47
SKU-0002669,SUP-000180,True,2.78
SKU-0002670,SUP-000255,True,8.33
SKU-0002670,SUP-000270,False,8.49
SKU-0002671,SUP-000150,True,4.85
SKU-0002672,SUP-000134,True,29.28
SKU-0002673,SUP-000334,True,27.07
SKU-0002673,SUP-000176,False,23.18
SKU-0002673,SUP-000104,False,22.36
SKU-0002674,SUP-000001,True,73.72
SKU-0002674,SUP-000046,False,73.32
SKU-0002674,SUP-000134,False,67.03
SKU-0002675,SUP-000362,True,11.12
SKU-0002675,SUP-000030,False,8.6
SKU-0002676,SUP-000171,True,3.26
SKU-0002676,SUP-000107,False,3.75
SKU-0002677,SUP-000037,True,99.06
SKU-0002678,SUP-000447,True,38.51
SKU-0002678,SUP-000316,False,35.0
SKU-0002679,SUP-000391,True,5.2
SKU-0002679,SUP-000017,False,6.02
SKU-0002679,SUP-000176,False,4.97
SKU-0002680,SUP-000095,True,9.36
SKU-0002680,SUP-000237,False,10.6
SKU-0002681,SUP-000314,True,21.85
SKU-0002682,SUP-000363,True,2.94
SKU-0002683,SUP-000193,True,35.47
SKU-0002684,SUP-000071,True,37.76
SKU-0002685,SUP-000188,True,1.1
SKU-0002686,SUP-000043,True,1.71
SKU-0002687,SUP-000097,True,7.43
SKU-0002688,SUP-000218,True,88.04
SKU-0002689,SUP-000430,True,5.86
SKU-0002690,SUP-000427,True,146.77
SKU-0002691,SUP-000195,True,2.17
SKU-0002692,SUP-000416,True,13.4
SKU-0002693,SUP-000439,True,10.51
SKU-0002694,SUP-000196,True,8.29
SKU-0002695,SUP-000339,True,120.1
SKU-0002696,SUP-000440,True,25.13
SKU-0002696,SUP-000140,False,21.69
SKU-0002697,SUP-000295,True,16.94
SKU-0002697,SUP-000263,False,17.53
SKU-0002698,SUP-000427,True,40.57
SKU-0002699,SUP-000110,True,4.12
SKU-0002700,SUP-000131,True,6.24
SKU-0002700,SUP-000104,False,6.16
SKU-0002701,SUP-000177,True,15.81
SKU-0002702,SUP-000391,True,4.06
SKU-0002703,SUP-000190,True,16.15
SKU-0002704,SUP-000173,True,4.76
SKU-0002705,SUP-000050,True,7.3
SKU-0002706,SUP-000075,True,39.06
SKU-0002706,SUP-000227,False,42.46
SKU-0002706,SUP-000198,False,40.29
SKU-0002707,SUP-000105,True,6.71
SKU-0002708,SUP-000379,True,12.07
SKU-0002709,SUP-000080,True,2.28
SKU-0002710,SUP-000020,True,50.77
SKU-0002710,SUP-000409,False,44.89
SKU-0002711,SUP-000353,True,4.25
SKU-0002712,SUP-000282,True,4.32
SKU-0002713,SUP-000365,True,99.73
SKU-0002713,SUP-000377,False,86.36
SKU-0002714,SUP-000076,True,
SKU-0002715,SUP-000407,True,20.23
SKU-0002716,SUP-000297,True,1.82
SKU-0002717,SUP-000339,True,23.92
SKU-0002718,SUP-000330,True,16.86
SKU-0002718,SUP-000203,False,15.97
SKU-0002719,SUP-000374,True,131.87
SKU-0002720,SUP-000168,True,17.03
SKU-0002721,SUP-000203,True,8.25
SKU-0002722,SUP-000273,True,8.86
SKU-0002723,SUP-000030,True,4.03
SKU-0002724,SUP-000026,True,4.41
SKU-0002725,SUP-000300,True,23.61
SKU-0002726,SUP-000227,True,0.92
SKU-0002727,SUP-000196,True,1.38
SKU-0002728,SUP-000394,True,13.61
SKU-0002729,SUP-000342,True,9.36
SKU-0002729,SUP-000005,False,11.24
SKU-0002730,SUP-000228,True,6.89
SKU-0002731,SUP-000169,True,16.12
SKU-0002732,SUP-000206,True,4.83
SKU-0002732,SUP-000315,False,4.67
SKU-0002733,SUP-000136,True,7.34
SKU-0002734,SUP-000120,True,78.29
SKU-0002734,SUP-000179,False,61.15
SKU-0002734,SUP-000210,False,63.26
SKU-0002735,SUP-000245,True,14.77
SKU-0002735,SUP-000118,False,15.91
SKU-0002736,SUP-000357,True,20.97
SKU-0002736,SUP-000359,False,24.03
SKU-0002736,SUP-000056,False,19.79
SKU-0002737,SUP-000132,True,19.94
SKU-0002738,SUP-000144,True,3.94
SKU-0002739,SUP-000081,True,14.32
SKU-0002740,SUP-000303,True,4.08
SKU-0002740,SUP-000112,False,4.11
SKU-0002741,SUP-000029,True,21.29
SKU-0002741,SUP-000185,False,19.02
SKU-0002742,SUP-000280,True,5.41
SKU-0002742,SUP-000446,False,5.88
SKU-0002743,SUP-000222,True,8.63
SKU-0002744,SUP-000125,True,2.78
SKU-0002744,SUP-000031,False,2.41
SKU-0002745,SUP-000080,True,0.38
SKU-0002746,SUP-000313,True,11.4
SKU-0002747,SUP-000430,True,13.85
SKU-0002748,SUP-000197,True,4.28
SKU-0002749,SUP-000184,True,3.58
SKU-0002750,SUP-000034,True,4.04
SKU-0002751,SUP-000410,True,11.2
SKU-0002752,SUP-000165,True,10.96
SKU-0002752,SUP-000339,False,11.32
SKU-0002753,SUP-000120,True,9.06
SKU-0002754,SUP-000276,True,10.79
SKU-0002755,SUP-000219,True,38.37
SKU-0002755,SUP-000100,False,31.74
SKU-0002756,SUP-000397,True,2.41
SKU-0002756,SUP-000112,False,2.49
SKU-0002757,SUP-000338,True,17.37
SKU-0002758,SUP-000442,True,25.7
SKU-0002758,SUP-000291,False,21.93
SKU-0002759,SUP-000325,True,5.61
SKU-0002759,SUP-000298,False,5.75
SKU-0002760,SUP-000174,True,121.43
SKU-0002761,SUP-000345,True,5.94
SKU-0002762,SUP-000282,True,22.54
SKU-0002763,SUP-000426,True,26.6
SKU-0002763,SUP-000107,False,30.97
SKU-0002763,SUP-000145,False,27.79
SKU-0002764,SUP-000107,True,18.65
SKU-0002765,SUP-000363,True,4.66
SKU-0002765,SUP-000196,False,4.16
SKU-0002766,SUP-000222,True,1.82
SKU-0002767,SUP-000222,True,4.9
SKU-0002767,SUP-000171,False,5.19
SKU-0002768,SUP-000392,True,12.36
SKU-0002769,SUP-000406,True,12.2
SKU-0002770,SUP-000031,True,3.66
SKU-0002771,SUP-000183,True,2.09
SKU-0002771,SUP-000426,False,2.16
SKU-0002772,SUP-000324,True,10.21
SKU-0002773,SUP-000437,True,5.2
SKU-0002774,SUP-000448,True,
SKU-0002774,SUP-000396,False,15.57
SKU-0002775,SUP-000248,True,2.24
SKU-0002776,SUP-000184,True,12.42
SKU-0002777,SUP-000267,True,13.83
SKU-0002777,SUP-000194,False,
SKU-0002777,SUP-000253,False,13.55
SKU-0002778,SUP-000411,True,9.11
SKU-0002778,SUP-000180,False,8.38
SKU-0002779,SUP-000317,True,24.79
SKU-0002780,SUP-000098,True,3.86
SKU-0002781,SUP-000175,True,10.32
SKU-0002782,SUP-000112,True,3.99
SKU-0002782,SUP-000344,False,4.37
SKU-0002783,SUP-000448,True,54.38
SKU-0002784,SUP-000081,True,1.84
SKU-0002784,SUP-000371,False,1.84
SKU-0002785,SUP-000170,True,27.46
SKU-0002786,SUP-000128,True,6.32
SKU-0002787,SUP-000434,True,2.83
SKU-0002788,SUP-000090,True,2.52
SKU-0002788,SUP-000426,False,2.24
SKU-0002788,SUP-000331,False,2.35
SKU-0002789,SUP-000327,True,16.76
SKU-0002789,SUP-000394,False,20.3
SKU-0002790,SUP-000091,True,40.37
SKU-0002790,SUP-000365,False,51.76
SKU-0002791,SUP-000401,True,76.85
SKU-0002792,SUP-000299,True,56.35
SKU-0002793,SUP-000178,True,1.77
SKU-0002794,SUP-000177,True,59.26
SKU-0002795,SUP-000384,True,1.18
SKU-0002796,SUP-000358,True,55.1
SKU-0002796,SUP-000250,False,62.77
SKU-0002797,SUP-000338,True,11.63
SKU-0002797,SUP-000241,False,11.37
SKU-0002798,SUP-000025,True,287.05
SKU-0002798,SUP-000109,False,281.42
SKU-0002799,SUP-000073,True,10.57
SKU-0002800,SUP-000326,True,2.62
SKU-0002801,SUP-000376,True,90.13
SKU-0002801,SUP-000393,False,102.34
SKU-0002802,SUP-000078,True,22.9
SKU-0002803,SUP-000051,True,2.58
SKU-0002804,SUP-000430,True,12.92
SKU-0002805,SUP-000284,True,3.63
SKU-0002806,SUP-000078,True,14.25
SKU-0002807,SUP-000094,True,0.93
SKU-0002808,SUP-000178,True,30.64
SKU-0002808,SUP-000027,False,37.49
SKU-0002809,SUP-000300,True,6.09
SKU-0002809,SUP-000446,False,5.81
SKU-0002810,SUP-000142,True,7.59
SKU-0002810,SUP-000425,False,6.35
SKU-0002811,SUP-000147,True,22.22
SKU-0002812,SUP-000273,True,4.68
SKU-0002813,SUP-000282,True,1.46
SKU-0002814,SUP-000188,True,10.63
SKU-0002814,SUP-000143,False,13.77
SKU-0002815,SUP-000058,True,463.98
SKU-0002815,SUP-000271,False,488.98
SKU-0002816,SUP-000357,True,19.58
SKU-0002816,SUP-000096,False,17.21
SKU-0002817,SUP-000200,True,19.41
SKU-0002818,SUP-000392,True,16.77
SKU-0002819,SUP-000225,True,0.63
SKU-0002820,SUP-000438,True,44.62
SKU-0002821,SUP-000022,True,7.12
SKU-0002821,SUP-000184,False,6.62
SKU-0002822,SUP-000041,True,2.71
SKU-0002822,SUP-000186,False,2.36
SKU-0002823,SUP-000176,True,2.16
SKU-0002824,SUP-000260,True,14.5
SKU-0002824,SUP-000296,False,14.63
SKU-0002825,SUP-000093,True,0.49
SKU-0002826,SUP-000301,True,20.81
SKU-0002827,SUP-000383,True,2.93
SKU-0002827,SUP-000392,False,2.65
SKU-0002827,SUP-000187,False,2.77
SKU-0002828,SUP-000295,True,2.24
SKU-0002829,SUP-000106,True,29.58
SKU-0002830,SUP-000100,True,10.62
SKU-0002831,SUP-000402,True,1.73
SKU-0002832,SUP-000043,True,6.34
SKU-0002833,SUP-000176,True,6.72
SKU-0002834,SUP-000007,True,42.61
SKU-0002835,SUP-000431,True,4.32
SKU-0002835,SUP-000365,False,4.35
SKU-0002835,SUP-000293,False,4.49
SKU-0002836,SUP-000437,True,95.73
SKU-0002837,SUP-000053,True,100.29
SKU-0002838,SUP-000068,True,
SKU-0002839,SUP-000110,True,55.16
SKU-0002840,SUP-000112,True,7.51
SKU-0002841,SUP-000284,True,11.37
SKU-0002842,SUP-000164,True,56.2
SKU-0002843,SUP-000254,True,13.21
SKU-0002843,SUP-000081,False,14.34
SKU-0002844,SUP-000248,True,22.25
SKU-0002845,SUP-000354,True,15.82
SKU-0002846,SUP-000026,True,21.4
SKU-0002847,SUP-000409,True,17.79
SKU-0002847,SUP-000008,False,18.02
SKU-0002848,SUP-000210,True,6.89
SKU-0002848,SUP-000200,False,6.41
SKU-0002848,SUP-000093,False,6.18
SKU-0002849,SUP-000289,True,2.68
SKU-0002850,SUP-000300,True,34.32
SKU-0002851,SUP-000116,True,37.22
SKU-0002851,SUP-000413,False,37.85
SKU-0002852,SUP-000081,True,2.91
SKU-0002853,SUP-000181,True,7.0
SKU-0002853,SUP-000054,False,8.82
SKU-0002854,SUP-000133,True,0.95
SKU-0002854,SUP-000440,False,0.72
SKU-0002855,SUP-000434,True,16.21
SKU-0002856,SUP-000082,True,22.05
SKU-0002857,SUP-000420,True,
SKU-0002857,SUP-000122,False,19.55
SKU-0002858,SUP-000003,True,4.9
SKU-0002858,SUP-000444,False,5.12
SKU-0002859,SUP-000179,True,0.39
SKU-0002860,SUP-000285,True,7.9
SKU-0002861,SUP-000067,True,3.25
SKU-0002861,SUP-000232,False,3.77
SKU-0002862,SUP-000229,True,15.34
SKU-0002863,SUP-000181,True,5.38
SKU-0002864,SUP-000372,True,27.05
SKU-0002864,SUP-000340,False,24.69
SKU-0002865,SUP-000383,True,3.06
SKU-0002866,SUP-000252,True,2.69
SKU-0002867,SUP-000135,True,33.04
SKU-0002868,SUP-000108,True,41.61
SKU-0002868,SUP-000253,False,46.56
SKU-0002869,SUP-000206,True,0.44
SKU-0002869,SUP-000138,False,0.37
SKU-0002870,SUP-000081,True,103.54
SKU-0002871,SUP-000215,True,16.79
SKU-0002872,SUP-000276,True,3.9
SKU-0002872,SUP-000097,False,3.63
SKU-0002873,SUP-000145,True,-24.86
SKU-0002874,SUP-000029,True,33.89
SKU-0002874,SUP-000059,False,33.11
SKU-0002875,SUP-000410,True,2.27
SKU-0002876,SUP-000222,True,3.82
SKU-0002877,SUP-000345,True,10.59
SKU-0002878,SUP-000093,True,3.67
SKU-0002878,SUP-000300,False,3.74
SKU-0002879,SUP-000219,True,6.04
SKU-0002879,SUP-000218,False,6.57
SKU-0002880,SUP-000040,True,11.07
SKU-0002881,SUP-000207,True,6.36
SKU-0002882,SUP-000361,True,
SKU-0002882,SUP-000014,False,7.71
SKU-0002883,SUP-000271,True,77.69
SKU-0002883,SUP-000381,False,61.12
SKU-0002884,SUP-000209,True,17.53
SKU-0002885,SUP-000351,True,47.28
SKU-0002886,SUP-000016,True,8.76
SKU-0002887,SUP-000341,True,1.9
SKU-0002887,SUP-000048,False,1.58
SKU-0002888,SUP-000370,True,1.13
SKU-0002888,SUP-000365,False,1.01
SKU-0002889,SUP-000175,True,21.12
SKU-0002890,SUP-000037,True,1.94
SKU-0002891,SUP-000139,True,5.73
SKU-0002892,SUP-000234,True,48.25
SKU-0002892,SUP-000194,False,62.43
SKU-0002892,SUP-000238,False,53.61
SKU-0002893,SUP-000301,True,
SKU-0002894,SUP-000316,True,9.85
SKU-0002895,SUP-000247,True,0.51
SKU-0002896,SUP-000049,True,11.19
SKU-0002897,SUP-000019,True,0.88
SKU-0002898,SUP-000420,True,2.02
SKU-0002898,SUP-000050,False,1.82
SKU-0002899,SUP-000127,True,2.75
SKU-0002900,SUP-000077,True,8.12
SKU-0002901,SUP-000285,True,20.43
SKU-0002901,SUP-000089,False,20.17
SKU-0002901,SUP-000015,False,16.11
SKU-0002902,SUP-000030,True,10.24
SKU-0002903,SUP-000186,True,0.75
SKU-0002904,SUP-000450,True,12.02
SKU-0002904,SUP-000142,False,9.32
SKU-0002904,SUP-000256,False,11.89
SKU-0002905,SUP-000218,True,5.81
SKU-0002906,SUP-000426,True,87.41
SKU-0002907,SUP-000270,True,37.17
SKU-0002908,SUP-000399,True,12.03
SKU-0002909,SUP-000418,True,14.96
SKU-0002910,SUP-000424,True,9.78
SKU-0002910,SUP-000101,False,8.92
SKU-0002911,SUP-000074,True,8.77
SKU-0002911,SUP-000448,False,8.96
SKU-0002912,SUP-000220,True,0.82
SKU-0002913,SUP-000001,True,31.35
SKU-0002913,SUP-000354,False,33.93
SKU-0002913,SUP-000367,False,31.59
SKU-0002914,SUP-000298,True,44.77
SKU-0002915,SUP-000301,True,22.9
SKU-0002915,SUP-000218,False,26.99
SKU-0002916,SUP-000020,True,53.55
SKU-0002916,SUP-000427,False,
SKU-0002916,SUP-000084,False,57.02
SKU-0002917,SUP-000076,True,2.36
SKU-0002918,SUP-000355,True,4.19
SKU-0002919,SUP-000247,True,4.24
SKU-0002920,SUP-000052,True,6.01
SKU-0002921,SUP-000052,True,38.1
SKU-0002922,SUP-000254,True,52.31
SKU-0002922,SUP-000004,False,50.83
SKU-0002923,SUP-000063,True,3.29
SKU-0002923,SUP-000095,False,3.44
SKU-0002924,SUP-000010,True,36.05
SKU-0002925,SUP-000234,True,4.48
SKU-0002925,SUP-000414,False,5.27
SKU-0002926,SUP-000258,True,5.49
SKU-0002927,SUP-000222,True,31.93
SKU-0002927,SUP-000165,False,32.64
SKU-0002928,SUP-000378,True,59.54
SKU-0002929,SUP-000233,True,20.17
SKU-0002929,SUP-000258,False,21.11
SKU-0002930,SUP-000285,True,24.28
SKU-0002931,SUP-000275,True,19.85
SKU-0002932,SUP-000244,True,1.61
SKU-0002932,SUP-000044,False,2.05
SKU-0002933,SUP-000033,True,41.71
SKU-0002934,SUP-000115,True,64.18
SKU-0002935,SUP-000047,True,9.22
SKU-0002935,SUP-000096,False,7.86
SKU-0002936,SUP-000098,True,6.47
SKU-0002937,SUP-000207,True,8.33
SKU-0002937,SUP-000180,False,8.5
SKU-0002938,SUP-000152,True,0.63
SKU-0002939,SUP-000144,True,6.14
SKU-0002940,SUP-000096,True,89.77
SKU-0002940,SUP-000407,False,77.83
SKU-0002941,SUP-000166,True,
SKU-0002942,SUP-000039,True,21.97
SKU-0002943,SUP-000008,True,47.15
SKU-0002944,SUP-000293,True,7.13
SKU-0002945,SUP-000358,True,
SKU-0002945,SUP-000047,False,6.19
SKU-0002946,SUP-000123,True,0.88
SKU-0002947,SUP-000342,True,15.66
SKU-0002948,SUP-000210,True,38.43
SKU-0002949,SUP-000040,True,20.31
SKU-0002950,SUP-000153,True,18.61
SKU-0002951,SUP-000403,True,7.12
SKU-0002951,SUP-000229,False,9.11
SKU-0002952,SUP-000348,True,5.32
SKU-0002953,SUP-000419,True,13.01
SKU-0002954,SUP-000270,True,57.4
SKU-0002955,SUP-000069,True,10.57
SKU-0002955,SUP-000357,False,11.59
SKU-0002955,SUP-000105,False,11.64
SKU-0002956,SUP-000208,True,2.96
SKU-0002957,SUP-000148,True,1.63
SKU-0002957,SUP-000392,False,1.88
SKU-0002958,SUP-000360,True,12.3
SKU-0002959,SUP-000244,True,28.41
SKU-0002959,SUP-000096,False,27.68
SKU-0002960,SUP-000403,True,33.64
SKU-0002961,SUP-000295,True,15.73
SKU-0002962,SUP-000102,True,7.12
SKU-0002963,SUP-000054,True,12.42
SKU-0002964,SUP-000357,True,27.62
SKU-0002964,SUP-000017,False,24.69
SKU-0002965,SUP-000258,True,6.07
SKU-0002966,SUP-000256,True,8.77
SKU-0002967,SUP-000093,True,19.81
SKU-0002968,SUP-000323,True,19.2
SKU-0002969,SUP-000338,True,134.96
SKU-0002970,SUP-000289,True,26.29
SKU-0002971,SUP-000270,True,35.48
SKU-0002972,SUP-000199,True,1.42
SKU-0002972,SUP-000395,False,1.41
SKU-0002973,SUP-000213,True,1.61
SKU-0002974,SUP-000335,True,65.14
SKU-0002974,SUP-000275,False,68.65
SKU-0002975,SUP-000130,True,8.03
SKU-0002976,SUP-000310,True,6.73
SKU-0002977,SUP-000110,True,5.72
SKU-0002977,SUP-000195,False,5.44
SKU-0002978,SUP-000277,True,22.41
SKU-0002979,SUP-000205,True,11.72
SKU-0002980,SUP-000017,True,6.61
SKU-0002981,SUP-000414,True,6.94
SKU-0002982,SUP-000012,True,23.81
SKU-0002983,SUP-000449,True,99.69
SKU-0002983,SUP-000317,False,78.04
SKU-0002984,SUP-000156,True,1.43
SKU-0002985,SUP-000195,True,3.2
SKU-0002986,SUP-000018,True,29.89
SKU-0002986,SUP-000095,False,38.83
SKU-0002987,SUP-000063,True,1.53
SKU-0002987,SUP-000447,False,1.36
SKU-0002988,SUP-000318,True,3.63
SKU-0002989,SUP-000359,True,9.61
SKU-0002990,SUP-000026,True,9.09
SKU-0002991,SUP-000344,True,25.8
SKU-0002992,SUP-000240,True,0.96
SKU-0002993,SUP-000270,True,8.38
SKU-0002994,SUP-000387,True,5.13
SKU-0002995,SUP-000379,True,17.12
SKU-0002995,SUP-000031,False,14.31
SKU-0002996,SUP-000021,True,5.15
SKU-0002996,SUP-000094,False,6.52
SKU-0002997,SUP-000389,True,7.79
SKU-0002997,SUP-000132,False,6.3
SKU-0002998,SUP-000197,True,73.98
SKU-0002998,SUP-000435,False,64.24
SKU-0002999,SUP-000135,True,4.18
SKU-0003000,SUP-000291,True,2.09
SKU-0003001,SUP-000251,True,18.28
SKU-0003001,SUP-000148,False,15.25
SKU-0003002,SUP-000416,True,66.43
SKU-0003003,SUP-000213,True,11.47
SKU-0003004,SUP-000239,True,3.06
SKU-0003005,SUP-000166,True,36.69
SKU-0003006,SUP-000441,True,66.22
SKU-0003006,SUP-000381,False,69.66
SKU-0003007,SUP-000421,True,7.74
SKU-0003007,SUP-000239,False,8.03
SKU-0003008,SUP-000367,True,2.54
SKU-0003008,SUP-000333,False,3.0
SKU-0003009,SUP-000405,True,5.1
SKU-0003010,SUP-000016,True,46.89
SKU-0003011,SUP-000325,True,55.44
SKU-0003012,SUP-000020,True,16.41
SKU-0003013,SUP-000117,True,0.98
SKU-0003013,SUP-000390,False,0.81
SKU-0003014,SUP-000140,True,5.66
SKU-0003015,SUP-000021,True,4.14
SKU-0003015,SUP-000406,False,3.5
SKU-0003016,SUP-000285,True,14.42
SKU-0003017,SUP-000118,True,6.34
SKU-0003018,SUP-000258,True,2.28
SKU-0003019,SUP-000251,True,26.64
SKU-0003020,SUP-000151,True,3.59
SKU-0003021,SUP-000377,True,18.64
SKU-0003022,SUP-000387,True,46.83
SKU-0003023,SUP-000151,True,51.51
SKU-0003024,SUP-000140,True,13.76
SKU-0003025,SUP-000264,True,3.29
SKU-0003025,SUP-000195,False,3.42
SKU-0003025,SUP-000395,False,2.95
SKU-0003026,SUP-000104,True,221.53
SKU-0003027,SUP-000160,True,19.98
SKU-0003028,SUP-000068,True,33.93
SKU-0003029,SUP-000066,True,19.22
SKU-0003030,SUP-000203,True,16.4
SKU-0003031,SUP-000119,True,176.69
SKU-0003032,SUP-000095,True,0.93
SKU-0003033,SUP-000353,True,2.76
SKU-0003034,SUP-000197,True,3.98
SKU-0003035,SUP-000259,True,45.71
SKU-0003035,SUP-000346,False,43.2
SKU-0003036,SUP-000238,True,1.11
SKU-0003037,SUP-000089,True,4.81
SKU-0003038,SUP-000247,True,3.75
SKU-0003038,SUP-000434,False,3.9
SKU-0003038,SUP-000231,False,3.53
SKU-0003039,SUP-000117,True,179.44
SKU-0003040,SUP-000417,True,2.4
SKU-0003041,SUP-000211,True,1.51
SKU-0003042,SUP-000080,True,36.74
SKU-0003042,SUP-000043,False,45.04
SKU-0003043,SUP-000170,True,7.14
SKU-0003044,SUP-000013,True,6.94
SKU-0003045,SUP-000148,True,10.84
SKU-0003046,SUP-000391,True,6.88
SKU-0003047,SUP-000421,True,1.82
SKU-0003048,SUP-000174,True,13.38
SKU-0003049,SUP-000194,True,8.8
SKU-0003049,SUP-000369,False,8.98
SKU-0003050,SUP-000133,True,2.42
SKU-0003051,SUP-000305,True,1.89
SKU-0003052,SUP-000289,True,10.8
SKU-0003052,SUP-000251,False,11.66
SKU-0003053,SUP-000234,True,121.63
SKU-0003054,SUP-000117,True,43.87
SKU-0003055,SUP-000258,True,16.02
SKU-0003056,SUP-000403,True,20.93
SKU-0003056,SUP-000215,False,21.86
SKU-0003057,SUP-000430,True,23.82
SKU-0003058,SUP-000208,True,5.59
SKU-0003059,SUP-000056,True,25.32
SKU-0003059,SUP-000387,False,28.26
SKU-0003060,SUP-000427,True,8.39
SKU-0003061,SUP-000319,True,36.15
SKU-0003061,SUP-000158,False,38.6
SKU-0003062,SUP-000101,True,2.65
SKU-0003062,SUP-000042,False,3.03
SKU-0003063,SUP-000379,True,12.49
SKU-0003064,SUP-000428,True,6.26
SKU-0003065,SUP-000287,True,17.24
SKU-0003066,SUP-000384,True,9.3
SKU-0003066,SUP-000059,False,9.72
SKU-0003066,SUP-000109,False,9.29
SKU-0003067,SUP-000379,True,15.83
SKU-0003067,SUP-000149,False,18.75
SKU-0003068,SUP-000205,True,68.75
SKU-0003069,SUP-000249,True,35.02
SKU-0003070,SUP-000069,True,2.92
SKU-0003070,SUP-000259,False,2.65
SKU-0003070,SUP-000416,False,3.36
SKU-0003071,SUP-000387,True,58.67
SKU-0003072,SUP-000297,True,13.59
SKU-0003072,SUP-000280,False,16.09
SKU-0003073,SUP-000210,True,16.26
SKU-0003074,SUP-000101,True,73.69
SKU-0003075,SUP-000382,True,3.05
SKU-0003076,SUP-000041,True,8.6
SKU-0003077,SUP-000292,True,15.94
SKU-0003078,SUP-000301,True,6.61
SKU-0003079,SUP-000293,True,2.46
SKU-0003080,SUP-000337,True,12.76
SKU-0003081,SUP-000010,True,10.67
SKU-0003081,SUP-000414,False,11.17
SKU-0003081,SUP-000017,False,11.31
SKU-0003082,SUP-000190,True,1.24
SKU-0003082,SUP-000179,False,1.24
SKU-0003083,SUP-000375,True,24.38
SKU-0003083,SUP-000345,False,24.24
SKU-0003084,SUP-000085,True,20.05
SKU-0003084,SUP-000375,False,16.65
SKU-0003084,SUP-000214,False,18.49
SKU-0003085,SUP-000102,True,46.07
SKU-0003086,SUP-000314,True,
SKU-0003087,SUP-000260,True,8.89
SKU-0003088,SUP-000303,True,59.07
SKU-0003089,SUP-000201,True,12.76
SKU-0003089,SUP-000232,False,11.23
SKU-0003090,SUP-000402,True,4.83
SKU-0003091,SUP-000340,True,37.57
SKU-0003092,SUP-000004,True,26.13
SKU-0003093,SUP-000380,True,33.88
SKU-0003094,SUP-000079,True,15.02
SKU-0003095,SUP-000287,True,6.79
SKU-0003095,SUP-000418,False,7.74
SKU-0003096,SUP-000091,True,14.41
SKU-0003097,SUP-000442,True,24.13
SKU-0003098,SUP-000328,True,20.69
SKU-0003098,SUP-000138,False,22.59
SKU-0003098,SUP-000208,False,26.26
SKU-0003099,SUP-000400,True,3.84
SKU-0003099,SUP-000011,False,4.19
SKU-0003100,SUP-000158,True,1.99
SKU-0003101,SUP-000224,True,40.04
SKU-0003101,SUP-000157,False,41.54
SKU-0003101,SUP-000108,False,40.31
SKU-0003102,SUP-000064,True,4.4
SKU-0003103,SUP-000050,True,20.03
SKU-0003104,SUP-000305,True,10.37
SKU-0003105,SUP-000272,True,45.69
SKU-0003105,SUP-000172,False,53.31
SKU-0003106,SUP-000124,True,9.84
SKU-0003107,SUP-000037,True,2.26
SKU-0003108,SUP-000142,True,8.84
SKU-0003108,SUP-000061,False,8.39
SKU-0003109,SUP-000109,True,4.98
SKU-0003110,SUP-000145,True,18.86
SKU-0003111,SUP-000413,True,3.59
SKU-0003112,SUP-000276,True,24.94
SKU-0003113,SUP-000224,True,21.06
SKU-0003114,SUP-000253,True,25.13
SKU-0003115,SUP-000333,True,5.39
SKU-0003116,SUP-000108,True,22.59
SKU-0003117,SUP-000176,True,102.81
SKU-0003118,SUP-000291,True,0.74
SKU-0003118,SUP-000067,False,0.75
SKU-0003119,SUP-000383,True,8.42
SKU-0003119,SUP-000412,False,9.37
SKU-0003120,SUP-000148,True,17.89
SKU-0003121,SUP-000413,True,2.36
SKU-0003122,SUP-000035,True,2.97
SKU-0003123,SUP-000313,True,5.81
SKU-0003124,SUP-000125,True,6.26
SKU-0003125,SUP-000428,True,6.96
SKU-0003126,SUP-000204,True,79.04
SKU-0003126,SUP-000340,False,79.42
SKU-0003127,SUP-000175,True,3.06
SKU-0003128,SUP-000330,True,171.86
SKU-0003129,SUP-000081,True,6.83
SKU-0003129,SUP-000088,False,7.96
SKU-0003129,SUP-000427,False,8.93
SKU-0003130,SUP-000386,True,8.81
SKU-0003131,SUP-000204,True,40.01
SKU-0003132,SUP-000281,True,19.07
SKU-0003133,SUP-000408,True,1.02
SKU-0003133,SUP-000444,False,1.07
SKU-0003134,SUP-000431,True,2.39
SKU-0003135,SUP-000024,True,3.72
SKU-0003135,SUP-000085,False,4.6
SKU-0003136,SUP-000360,True,0.38
SKU-0003137,SUP-000420,True,-0.47
SKU-0003138,SUP-000153,True,17.45
SKU-0003139,SUP-000093,True,8.48
SKU-0003139,SUP-000170,False,7.88
SKU-0003139,SUP-000269,False,8.54
SKU-0003140,SUP-000281,True,8.0
SKU-0003141,SUP-000310,True,12.84
SKU-0003142,SUP-000351,True,5.69
SKU-0003143,SUP-000341,True,1.58
SKU-0003144,SUP-000325,True,-14.86
SKU-0003145,SUP-000079,True,5.98
SKU-0003145,SUP-000288,False,5.99
SKU-0003145,SUP-000392,False,5.3
SKU-0003146,SUP-000428,True,151.96
SKU-0003147,SUP-000327,True,5.38
SKU-0003148,SUP-000389,True,10.54
SKU-0003149,SUP-000030,True,1.17
SKU-0003150,SUP-000366,True,300.81
SKU-0003151,SUP-000309,True,2.56
SKU-0003151,SUP-000150,False,2.59
SKU-0003152,SUP-000114,True,22.27
SKU-0003153,SUP-000173,True,4.49
SKU-0003154,SUP-000282,True,8.68
SKU-0003155,SUP-000171,True,7.63
SKU-0003156,SUP-000388,True,6.14
SKU-0003157,SUP-000359,True,106.14
SKU-0003158,SUP-000080,True,1.49
SKU-0003159,SUP-000359,True,8.9
SKU-0003160,SUP-000120,True,6.35
SKU-0003161,SUP-000023,True,43.82
SKU-0003161,SUP-000335,False,39.25
SKU-0003162,SUP-000425,True,28.86
SKU-0003163,SUP-000049,True,15.64
SKU-0003164,SUP-000276,True,30.46
SKU-0003165,SUP-000281,True,3.36
SKU-0003166,SUP-000013,True,34.16
SKU-0003166,SUP-000108,False,36.75
SKU-0003167,SUP-000225,True,8.76
SKU-0003168,SUP-000209,True,4.16
SKU-0003169,SUP-000369,True,69.65
SKU-0003169,SUP-000012,False,61.16
SKU-0003170,SUP-000203,True,11.19
SKU-0003171,SUP-000240,True,41.52
SKU-0003172,SUP-000360,True,7.06
SKU-0003173,SUP-000164,True,10.76
SKU-0003174,SUP-000286,True,14.91
SKU-0003175,SUP-000107,True,127.07
SKU-0003175,SUP-000050,False,113.88
SKU-0003176,SUP-000250,True,3.99
SKU-0003177,SUP-000438,True,6.09
SKU-0003178,SUP-000060,True,5.54
SKU-0003179,SUP-000081,True,7.09
SKU-0003180,SUP-000190,True,6.68
SKU-0003181,SUP-000382,True,13.12
SKU-0003182,SUP-000121,True,23.66
SKU-0003182,SUP-000183,False,26.35
SKU-0003183,SUP-000075,True,1.62
SKU-0003183,SUP-000285,False,1.66
SKU-0003184,SUP-000233,True,3.47
SKU-0003185,SUP-000439,True,0.9
SKU-0003185,SUP-000221,False,1.03
SKU-0003186,SUP-000039,True,42.35
SKU-0003187,SUP-000018,True,18.95
SKU-0003188,SUP-000229,True,14.0
SKU-0003189,SUP-000363,True,10.97
SKU-0003190,SUP-000170,True,3.08
SKU-0003191,SUP-000001,True,
SKU-0003192,SUP-000143,True,13.72
SKU-0003193,SUP-000441,True,6.64
SKU-0003194,SUP-000267,True,2.8
SKU-0003195,SUP-000372,True,5.97
SKU-0003196,SUP-000438,True,7.47
SKU-0003196,SUP-000219,False,7.43
SKU-0003197,SUP-000056,True,26.07
SKU-0003197,SUP-000127,False,28.44
SKU-0003198,SUP-000413,True,5.0
SKU-0003198,SUP-000342,False,5.25
SKU-0003199,SUP-000253,True,3.41
SKU-0003200,SUP-000025,True,135.18
SKU-0003201,SUP-000387,True,110.97
SKU-0003202,SUP-000144,True,51.5
SKU-0003202,SUP-000395,False,50.16
SKU-0003203,SUP-000297,True,13.03
SKU-0003204,SUP-000364,True,38.5
SKU-0003205,SUP-000061,True,55.45
SKU-0003206,SUP-000098,True,18.91
SKU-0003207,SUP-000278,True,8.61
SKU-0003208,SUP-000334,True,5.07
SKU-0003209,SUP-000026,True,2.76
SKU-0003209,SUP-000426,False,2.8
SKU-0003210,SUP-000075,True,20.9
SKU-0003211,SUP-000069,True,9.42
SKU-0003212,SUP-000048,True,8.73
SKU-0003212,SUP-000252,False,9.43
SKU-0003213,SUP-000135,True,1.59
SKU-0003214,SUP-000194,True,52.93
SKU-0003214,SUP-000039,False,49.84
SKU-0003215,SUP-000252,True,9.16
SKU-0003216,SUP-000001,True,18.52
SKU-0003217,SUP-000059,True,14.77
SKU-0003218,SUP-000044,True,15.14
SKU-0003219,SUP-000088,True,7.86
SKU-0003220,SUP-000448,True,4.82
SKU-0003221,SUP-000397,True,7.97
SKU-0003222,SUP-000183,True,0.99
SKU-0003223,SUP-000406,True,1.94
SKU-0003224,SUP-000236,True,64.85
SKU-0003224,SUP-000076,False,56.51
SKU-0003225,SUP-000297,True,8.12
SKU-0003225,SUP-000306,False,9.56
SKU-0003226,SUP-000413,True,7.46
SKU-0003226,SUP-000421,False,8.55
SKU-0003227,SUP-000110,True,14.31
SKU-0003228,SUP-000251,True,108.45
SKU-0003229,SUP-000023,True,7.79
SKU-0003229,SUP-000423,False,8.38
SKU-0003230,SUP-000136,True,3.63
SKU-0003231,SUP-000328,True,9.39
SKU-0003232,SUP-000420,True,35.67
SKU-0003233,SUP-000303,True,30.65
SKU-0003233,SUP-000359,False,31.91
SKU-0003234,SUP-000391,True,14.71
SKU-0003235,SUP-000077,True,12.61
SKU-0003236,SUP-000313,True,125.29
SKU-0003237,SUP-000076,True,5.39
SKU-0003238,SUP-000372,True,9.55
SKU-0003239,SUP-000392,True,19.17
SKU-0003240,SUP-000276,True,0.56
SKU-0003241,SUP-000273,True,12.64
SKU-0003242,SUP-000239,True,89.88
SKU-0003243,SUP-000010,True,18.35
SKU-0003243,SUP-000357,False,18.51
SKU-0003243,SUP-000276,False,20.52
SKU-0003244,SUP-000361,True,5.66
SKU-0003244,SUP-000048,False,5.4
SKU-0003245,SUP-000371,True,6.29
SKU-0003245,SUP-000332,False,7.41
SKU-0003246,SUP-000289,True,25.13
SKU-0003247,SUP-000342,True,15.85
SKU-0003247,SUP-000379,False,15.32
SKU-0003248,SUP-000367,True,10.55
SKU-0003248,SUP-000404,False,10.17
SKU-0003249,SUP-000298,True,16.71
SKU-0003250,SUP-000285,True,18.51
SKU-0003251,SUP-000359,True,29.13
SKU-0003251,SUP-000092,False,22.31
SKU-0003252,SUP-000262,True,27.99
SKU-0003253,SUP-000194,True,13.68
SKU-0003254,SUP-000449,True,1.15
SKU-0003255,SUP-000243,True,23.6
SKU-0003256,SUP-000156,True,17.59
SKU-0003257,SUP-000378,True,0.55
SKU-0003258,SUP-000302,True,43.87
SKU-0003258,SUP-000317,False,38.64
SKU-0003259,SUP-000395,True,48.36
SKU-0003259,SUP-000284,False,53.4
SKU-0003260,SUP-000303,True,71.98
SKU-0003261,SUP-000120,True,17.75
SKU-0003262,SUP-000048,True,80.92
SKU-0003263,SUP-000107,True,1.22
SKU-0003263,SUP-000095,False,1.13
SKU-0003263,SUP-000063,False,1.25
SKU-0003264,SUP-000240,True,15.07
SKU-0003265,SUP-000111,True,2.65
SKU-0003265,SUP-000215,False,3.12
SKU-0003266,SUP-000225,True,46.19
SKU-0003267,SUP-000309,True,3.39
SKU-0003268,SUP-000272,True,5.38
SKU-0003269,SUP-000132,True,3.88
SKU-0003270,SUP-000167,True,147.21
SKU-0003271,SUP-000051,True,3.56
SKU-0003272,SUP-000207,True,27.78
SKU-0003272,SUP-000414,False,27.12
SKU-0003273,SUP-000231,True,12.04
SKU-0003274,SUP-000356,True,35.87
SKU-0003275,SUP-000304,True,14.71
SKU-0003276,SUP-000221,True,8.29
SKU-0003277,SUP-000417,True,7.44
SKU-0003278,SUP-000439,True,58.11
SKU-0003279,SUP-000384,True,18.15
SKU-0003279,SUP-000373,False,15.91
SKU-0003280,SUP-000386,True,4.99
SKU-0003281,SUP-000179,True,37.25
SKU-0003282,SUP-000250,True,7.79
SKU-0003283,SUP-000212,True,1.63
SKU-0003284,SUP-000289,True,43.15
SKU-0003285,SUP-000279,True,1.3
SKU-0003285,SUP-000100,False,1.11
SKU-0003286,SUP-000308,True,4.14
SKU-0003286,SUP-000158,False,4.56
SKU-0003286,SUP-000183,False,4.77
SKU-0003287,SUP-000027,True,21.49
SKU-0003288,SUP-000333,True,9.2
SKU-0003289,SUP-000168,True,19.47
SKU-0003289,SUP-000130,False,19.14
SKU-0003290,SUP-000299,True,3.82
SKU-0003291,SUP-000014,True,49.2
SKU-0003292,SUP-000064,True,55.0
SKU-0003293,SUP-000302,True,56.77
SKU-0003294,SUP-000102,True,57.57
SKU-0003295,SUP-000105,True,
SKU-0003296,SUP-000202,True,5.95
SKU-0003296,SUP-000123,False,7.11
SKU-0003297,SUP-000317,True,35.53
SKU-0003298,SUP-000127,True,7.1
SKU-0003298,SUP-000439,False,6.83
SKU-0003298,SUP-000402,False,6.46
SKU-0003299,SUP-000154,True,12.0
SKU-0003300,SUP-000032,True,6.53
SKU-0003300,SUP-000054,False,5.95
SKU-0003301,SUP-000137,True,21.74
SKU-0003302,SUP-000090,True,1.34
SKU-0003303,SUP-000138,True,4.23
SKU-0003303,SUP-000101,False,4.5
SKU-0003304,SUP-000341,True,17.13
SKU-0003305,SUP-000278,True,12.93
SKU-0003306,SUP-000248,True,13.6
SKU-0003306,SUP-000289,False,14.02
SKU-0003307,SUP-000427,True,5.37
SKU-0003308,SUP-000444,True,6.68
SKU-0003308,SUP-000277,False,7.18
SKU-0003309,SUP-000289,True,8.29
SKU-0003310,SUP-000099,True,5.89
SKU-0003310,SUP-000214,False,4.58
SKU-0003311,SUP-000244,True,12.35
SKU-0003311,SUP-000145,False,9.29
SKU-0003312,SUP-000231,True,2.64
SKU-0003312,SUP-000059,False,2.43
SKU-0003312,SUP-000381,False,2.55
SKU-0003313,SUP-000236,True,29.85
SKU-0003314,SUP-000070,True,4.02
SKU-0003314,SUP-000317,False,5.27
SKU-0003315,SUP-000041,True,44.32
SKU-0003316,SUP-000353,True,45.99
SKU-0003317,SUP-000230,True,4.67
SKU-0003317,SUP-000049,False,4.91
SKU-0003318,SUP-000357,True,6.84
SKU-0003319,SUP-000399,True,16.99
SKU-0003319,SUP-000405,False,19.79
SKU-0003320,SUP-000135,True,29.57
SKU-0003320,SUP-000418,False,28.69
SKU-0003321,SUP-000443,True,1.42
SKU-0003322,SUP-000080,True,11.9
SKU-0003323,SUP-000206,True,48.1
SKU-0003323,SUP-000032,False,55.04
SKU-0003324,SUP-000374,True,56.34
SKU-0003324,SUP-000353,False,
SKU-0003325,SUP-000307,True,15.23
SKU-0003325,SUP-000401,False,13.52
SKU-0003326,SUP-000110,True,49.08
SKU-0003326,SUP-000394,False,43.1
SKU-0003327,SUP-000036,True,54.48
SKU-0003327,SUP-000355,False,43.27
SKU-0003328,SUP-000060,True,40.86
SKU-0003329,SUP-000002,True,17.92
SKU-0003330,SUP-000319,True,18.74
SKU-0003331,SUP-000013,True,2.38
SKU-0003332,SUP-000160,True,3.59
SKU-0003333,SUP-000431,True,8.3
SKU-0003334,SUP-000301,True,8.45
SKU-0003335,SUP-000397,True,1.64
SKU-0003336,SUP-000317,True,9.97
SKU-0003336,SUP-000372,False,12.23
SKU-0003337,SUP-000410,True,4.37
SKU-0003338,SUP-000081,True,3.15
SKU-0003338,SUP-000025,False,3.35
SKU-0003339,SUP-000317,True,5.16
SKU-0003340,SUP-000328,True,2.45
SKU-0003341,SUP-000296,True,2.11
SKU-0003341,SUP-000319,False,2.47
SKU-0003342,SUP-000032,True,1.1
SKU-0003343,SUP-000435,True,39.44
SKU-0003344,SUP-000166,True,9.63
SKU-0003345,SUP-000194,True,41.92
SKU-0003346,SUP-000180,True,313.67
SKU-0003347,SUP-000128,True,75.5
SKU-0003347,SUP-000361,False,94.63
SKU-0003348,SUP-000382,True,10.36
SKU-0003349,SUP-000211,True,24.5
SKU-0003350,SUP-000106,True,13.41
SKU-0003350,SUP-000441,False,14.06
SKU-0003351,SUP-000189,True,60.18
SKU-0003352,SUP-000215,True,20.0
SKU-0003352,SUP-000056,False,23.75
SKU-0003353,SUP-000034,True,4.29
SKU-0003353,SUP-000347,False,4.56
SKU-0003354,SUP-000224,True,0.74
SKU-0003355,SUP-000027,True,7.43
SKU-0003356,SUP-000113,True,2.91
SKU-0003357,SUP-000237,True,4.06
SKU-0003357,SUP-000368,False,3.15
SKU-0003358,SUP-000258,True,1.98
SKU-0003358,SUP-000162,False,1.74
SKU-0003359,SUP-000228,True,-12.05
SKU-0003360,SUP-000141,True,82.94
SKU-0003360,SUP-000136,False,81.46
SKU-0003361,SUP-000313,True,2.58
SKU-0003362,SUP-000027,True,4.13
SKU-0003363,SUP-000245,True,5.24
SKU-0003363,SUP-000362,False,6.47
SKU-0003364,SUP-000125,True,0.62
SKU-0003365,SUP-000137,True,16.9
SKU-0003366,SUP-000144,True,16.15
SKU-0003366,SUP-000018,False,18.13
SKU-0003367,SUP-000168,True,135.14
SKU-0003368,SUP-000060,True,2.72
SKU-0003368,SUP-000138,False,3.13
SKU-0003369,SUP-000243,True,
SKU-0003370,SUP-000203,True,1.86
SKU-0003371,SUP-000306,True,8.19
SKU-0003372,SUP-000016,True,58.37
SKU-0003373,SUP-000111,True,3.24
SKU-0003373,SUP-000020,False,3.75
SKU-0003374,SUP-000208,True,17.02
SKU-0003375,SUP-000135,True,23.72
SKU-0003375,SUP-000020,False,27.64
SKU-0003376,SUP-000111,True,3.52
SKU-0003377,SUP-000348,True,16.97
SKU-0003378,SUP-000205,True,1.11
SKU-0003379,SUP-000112,True,5.72
SKU-0003379,SUP-000336,False,5.19
SKU-0003380,SUP-000316,True,2.27
SKU-0003381,SUP-000440,True,3.46
SKU-0003382,SUP-000211,True,55.47
SKU-0003383,SUP-000116,True,0.69
SKU-0003383,SUP-000091,False,0.82
SKU-0003384,SUP-000180,True,17.66
SKU-0003385,SUP-000326,True,13.65
SKU-0003386,SUP-000371,True,12.13
SKU-0003386,SUP-000209,False,9.67
SKU-0003387,SUP-000108,True,15.1
SKU-0003387,SUP-000334,False,12.83
SKU-0003388,SUP-000308,True,7.47
SKU-0003389,SUP-000254,True,10.32
SKU-0003390,SUP-000152,True,17.35
SKU-0003390,SUP-000191,False,17.36
SKU-0003391,SUP-000368,True,5.86
SKU-0003392,SUP-000246,True,8.73
SKU-0003393,SUP-000243,True,3.28
SKU-0003394,SUP-000410,True,19.32
SKU-0003395,SUP-000120,True,28.2
SKU-0003396,SUP-000061,True,11.75
SKU-0003397,SUP-000311,True,34.13
SKU-0003398,SUP-000373,True,60.27
SKU-0003399,SUP-000312,True,477.24
SKU-0003399,SUP-000127,False,409.33
SKU-0003400,SUP-000332,True,4.96
SKU-0003401,SUP-000127,True,20.7
SKU-0003402,SUP-000447,True,37.13
SKU-0003403,SUP-000433,True,3.03
SKU-0003404,SUP-000116,True,46.4
SKU-0003404,SUP-000250,False,46.98
SKU-0003405,SUP-000170,True,5.18
SKU-0003406,SUP-000428,True,7.19
SKU-0003407,SUP-000047,True,3.88
SKU-0003407,SUP-000110,False,3.36
SKU-0003408,SUP-000166,True,18.32
SKU-0003408,SUP-000405,False,17.2
SKU-0003409,SUP-000442,True,47.63
SKU-0003409,SUP-000134,False,45.43
SKU-0003410,SUP-000280,True,11.31
SKU-0003411,SUP-000132,True,6.9
SKU-0003412,SUP-000404,True,1.49
SKU-0003413,SUP-000251,True,157.15
SKU-0003414,SUP-000180,True,366.21
SKU-0003415,SUP-000007,True,38.57
SKU-0003416,SUP-000287,True,57.32
SKU-0003417,SUP-000160,True,15.53
SKU-0003418,SUP-000195,True,66.92
SKU-0003419,SUP-000178,True,4.26
SKU-0003419,SUP-000310,False,3.93
SKU-0003420,SUP-000008,True,4.19
SKU-0003421,SUP-000005,True,12.59
SKU-0003422,SUP-000443,True,1.88
SKU-0003423,SUP-000101,True,0.35
SKU-0003423,SUP-000142,False,0.37
SKU-0003424,SUP-000208,True,0.97
SKU-0003424,SUP-000420,False,1.05
SKU-0003425,SUP-000246,True,11.58
SKU-0003426,SUP-000248,True,0.38
SKU-0003427,SUP-000041,True,25.7
SKU-0003427,SUP-000440,False,23.98
SKU-0003428,SUP-000027,True,113.59
SKU-0003429,SUP-000147,True,65.65
SKU-0003430,SUP-000214,True,60.25
SKU-0003430,SUP-000102,False,58.89
SKU-0003431,SUP-000160,True,45.17
SKU-0003432,SUP-000325,True,4.27
SKU-0003433,SUP-000128,True,14.15
SKU-0003434,SUP-000231,True,16.65
SKU-0003435,SUP-000400,True,15.36
SKU-0003436,SUP-000428,True,3.35
SKU-0003437,SUP-000200,True,51.87
SKU-0003438,SUP-000350,True,45.31
SKU-0003438,SUP-000210,False,42.22
SKU-0003439,SUP-000129,True,3.54
SKU-0003440,SUP-000087,True,22.08
SKU-0003441,SUP-000037,True,0.84
SKU-0003442,SUP-000398,True,3.77
SKU-0003442,SUP-000098,False,3.4
SKU-0003443,SUP-000056,True,11.24
SKU-0003444,SUP-000118,True,6.08
SKU-0003445,SUP-000378,True,6.34
SKU-0003446,SUP-000092,True,7.71
SKU-0003447,SUP-000443,True,10.37
SKU-0003447,SUP-000132,False,12.3
SKU-0003448,SUP-000085,True,4.6
SKU-0003449,SUP-000444,True,6.33
SKU-0003450,SUP-000418,True,14.34
SKU-0003450,SUP-000382,False,14.3
SKU-0003451,SUP-000179,True,37.4
SKU-0003451,SUP-000422,False,35.72
SKU-0003452,SUP-000370,True,2.59
SKU-0003452,SUP-000179,False,2.52
SKU-0003453,SUP-000351,True,13.58
SKU-0003454,SUP-000008,True,23.47
SKU-0003455,SUP-000015,True,15.73
SKU-0003456,SUP-000356,True,12.89
SKU-0003456,SUP-000085,False,10.78
SKU-0003457,SUP-000181,True,9.51
SKU-0003458,SUP-000396,True,12.11
SKU-0003458,SUP-000017,False,11.46
SKU-0003459,SUP-000096,True,0.55
SKU-0003459,SUP-000350,False,0.61
SKU-0003460,SUP-000367,True,3.34
SKU-0003461,SUP-000286,True,13.24
SKU-0003462,SUP-000344,True,26.41
SKU-0003463,SUP-000056,True,6.02
SKU-0003464,SUP-000289,True,90.47
SKU-0003464,SUP-000277,False,76.75
SKU-0003465,SUP-000409,True,77.18
SKU-0003466,SUP-000236,True,5.33
SKU-0003467,SUP-000314,True,14.08
SKU-0003468,SUP-000284,True,3.93
SKU-0003469,SUP-000432,True,10.66
SKU-0003470,SUP-000225,True,32.42
SKU-0003471,SUP-000405,True,46.66
SKU-0003471,SUP-000003,False,49.37
SKU-0003471,SUP-000102,False,47.4
SKU-0003472,SUP-000365,True,9.32
SKU-0003472,SUP-000436,False,8.39
SKU-0003473,SUP-000292,True,3.34
SKU-0003474,SUP-000396,True,7.57
SKU-0003474,SUP-000353,False,6.66
SKU-0003474,SUP-000288,False,7.42
SKU-0003475,SUP-000025,True,10.86
SKU-0003475,SUP-000167,False,9.8
SKU-0003476,SUP-000090,True,2.69
SKU-0003477,SUP-000168,True,113.6
SKU-0003478,SUP-000033,True,25.76
SKU-0003478,SUP-000014,False,23.33
SKU-0003479,SUP-000036,True,32.35
SKU-0003479,SUP-000226,False,38.2
SKU-0003479,SUP-000389,False,30.79
SKU-0003480,SUP-000287,True,35.92
SKU-0003480,SUP-000243,False,32.97
SKU-0003481,SUP-000203,True,13.35
SKU-0003481,SUP-000319,False,13.42
SKU-0003481,SUP-000444,False,11.44
SKU-0003482,SUP-000265,True,7.29
SKU-0003483,SUP-000220,True,7.04
SKU-0003483,SUP-000122,False,6.99
SKU-0003484,SUP-000275,True,9.48
SKU-0003484,SUP-000400,False,9.41
SKU-0003484,SUP-000088,False,10.24
SKU-0003485,SUP-000343,True,2.38
SKU-0003486,SUP-000326,True,
SKU-0003487,SUP-000023,True,4.06
SKU-0003488,SUP-000080,True,10.33
SKU-0003489,SUP-000341,True,2.78
SKU-0003489,SUP-000074,False,3.42
SKU-0003490,SUP-000431,True,2.04
SKU-0003491,SUP-000047,True,19.73
SKU-0003491,SUP-000293,False,24.62
SKU-0003491,SUP-000139,False,22.51
SKU-0003492,SUP-000357,True,0.73
SKU-0003493,SUP-000348,True,2.51
SKU-0003494,SUP-000012,True,134.81
SKU-0003494,SUP-000196,False,117.85
SKU-0003495,SUP-000422,True,9.74
SKU-0003496,SUP-000206,True,3.78
SKU-0003497,SUP-000001,True,2.08
SKU-0003497,SUP-000120,False,
SKU-0003498,SUP-000402,True,93.2
SKU-0003499,SUP-000448,True,12.93
SKU-0003500,SUP-000329,True,19.35
SKU-0003501,SUP-000164,True,14.82
SKU-0003502,SUP-000316,True,4.2
SKU-0003503,SUP-000320,True,11.22
SKU-0003503,SUP-000072,False,10.24
SKU-0003503,SUP-000402,False,10.36
SKU-0003504,SUP-000350,True,9.34
SKU-0003505,SUP-000316,True,23.24
SKU-0003506,SUP-000035,True,5.12
SKU-0003507,SUP-000354,True,13.72
SKU-0003507,SUP-000108,False,13.09
SKU-0003508,SUP-000240,True,6.26
SKU-0003509,SUP-000390,True,3.55
SKU-0003510,SUP-000090,True,12.41
SKU-0003511,SUP-000224,True,8.79
SKU-0003511,SUP-000323,False,7.86
SKU-0003512,SUP-000246,True,4.4
SKU-0003513,SUP-000015,True,9.42
SKU-0003513,SUP-000046,False,7.72
SKU-0003514,SUP-000396,True,3.9
SKU-0003515,SUP-000109,True,27.81
SKU-0003515,SUP-000343,False,28.11
SKU-0003516,SUP-000253,True,3.66
SKU-0003516,SUP-000273,False,3.11
SKU-0003517,SUP-000435,True,9.09
SKU-0003518,SUP-000230,True,23.8
SKU-0003518,SUP-000352,False,24.84
SKU-0003519,SUP-000196,True,35.45
SKU-0003520,SUP-000269,True,9.69
SKU-0003521,SUP-000064,True,1.94
SKU-0003522,SUP-000013,True,5.23
SKU-0003523,SUP-000181,True,29.56
SKU-0003524,SUP-000386,True,28.6
SKU-0003525,SUP-000210,True,13.81
SKU-0003526,SUP-000226,True,0.98
SKU-0003527,SUP-000402,True,4.03
SKU-0003527,SUP-000140,False,3.58
SKU-0003528,SUP-000414,True,13.78
SKU-0003529,SUP-000087,True,21.11
SKU-0003530,SUP-000297,True,9.44
SKU-0003531,SUP-000117,True,22.59
SKU-0003532,SUP-000083,True,182.26
SKU-0003533,SUP-000314,True,36.91
SKU-0003533,SUP-000413,False,37.31
SKU-0003533,SUP-000388,False,43.88
SKU-0003534,SUP-000156,True,145.7
SKU-0003534,SUP-000202,False,153.09
SKU-0003535,SUP-000187,True,2.42
SKU-0003536,SUP-000285,True,2.43
SKU-0003537,SUP-000157,True,6.62
SKU-0003538,SUP-000161,True,37.72
SKU-0003539,SUP-000138,True,8.62
SKU-0003540,SUP-000401,True,18.46
SKU-0003540,SUP-000379,False,15.33
SKU-0003541,SUP-000428,True,1.67
SKU-0003542,SUP-000070,True,41.08
SKU-0003543,SUP-000058,True,48.59
SKU-0003544,SUP-000275,True,31.41
SKU-0003544,SUP-000439,False,33.48
SKU-0003544,SUP-000302,False,32.64
SKU-0003545,SUP-000082,True,166.93
SKU-0003545,SUP-000203,False,150.73
SKU-0003546,SUP-000359,True,11.97
SKU-0003547,SUP-000121,True,1.77
SKU-0003548,SUP-000407,True,25.05
SKU-0003548,SUP-000062,False,22.24
SKU-0003549,SUP-000162,True,41.33
SKU-0003550,SUP-000072,True,-11.54
SKU-0003550,SUP-000322,False,-10.37
SKU-0003551,SUP-000044,True,8.83
SKU-0003552,SUP-000357,True,4.64
SKU-0003552,SUP-000094,False,4.22
SKU-0003553,SUP-000078,True,38.71
SKU-0003553,SUP-000022,False,38.99
SKU-0003553,SUP-000401,False,33.83
SKU-0003554,SUP-000212,True,6.33
SKU-0003555,SUP-000364,True,18.41
SKU-0003555,SUP-000398,False,21.41
SKU-0003556,SUP-000223,True,0.61
SKU-0003556,SUP-000298,False,0.58
SKU-0003557,SUP-000386,True,40.04
SKU-0003558,SUP-000238,True,12.78
SKU-0003559,SUP-000318,True,41.12
SKU-0003560,SUP-000207,True,6.26
SKU-0003561,SUP-000231,True,30.14
SKU-0003562,SUP-000317,True,29.78
SKU-0003563,SUP-000346,True,9.05
SKU-0003564,SUP-000293,True,5.91
SKU-0003564,SUP-000336,False,7.25
SKU-0003565,SUP-000367,True,10.72
SKU-0003566,SUP-000162,True,12.44
SKU-0003566,SUP-000300,False,11.31
SKU-0003567,SUP-000227,True,28.33
SKU-0003568,SUP-000190,True,3.02
SKU-0003569,SUP-000311,True,9.74
SKU-0003570,SUP-000111,True,1.32
SKU-0003570,SUP-000025,False,1.41
SKU-0003571,SUP-000379,True,3.97
SKU-0003571,SUP-000448,False,3.88
SKU-0003571,SUP-000243,False,4.01
SKU-0003572,SUP-000409,True,63.61
SKU-0003573,SUP-000114,True,46.69
SKU-0003574,SUP-000165,True,6.99
SKU-0003574,SUP-000435,False,7.18
SKU-0003575,SUP-000005,True,5.7
SKU-0003576,SUP-000031,True,15.58
SKU-0003577,SUP-000345,True,11.66
SKU-0003577,SUP-000266,False,11.5
SKU-0003577,SUP-000401,False,12.37
SKU-0003578,SUP-000364,True,5.08
SKU-0003579,SUP-000343,True,7.57
SKU-0003580,SUP-000298,True,10.57
SKU-0003581,SUP-000147,True,12.47
SKU-0003582,SUP-000401,True,4.53
SKU-0003583,SUP-000246,True,2.29
SKU-0003584,SUP-000029,True,33.91
SKU-0003584,SUP-000419,False,34.87
SKU-0003585,SUP-000006,True,0.54
SKU-0003586,SUP-000387,True,1.35
SKU-0003587,SUP-000084,True,2.99
SKU-0003587,SUP-000302,False,2.71
SKU-0003587,SUP-000296,False,2.68
SKU-0003588,SUP-000332,True,13.6
SKU-0003589,SUP-000009,True,1.83
SKU-0003590,SUP-000291,True,37.14
SKU-0003591,SUP-000423,True,0.67
SKU-0003592,SUP-000137,True,83.51
SKU-0003593,SUP-000298,True,125.01
SKU-0003594,SUP-000384,True,3.25
SKU-0003595,SUP-000043,True,9.12
SKU-0003596,SUP-000174,True,2.04
SKU-0003596,SUP-000409,False,2.12
SKU-0003596,SUP-000351,False,1.7
SKU-0003597,SUP-000156,True,59.37
SKU-0003597,SUP-000190,False,56.55
SKU-0003598,SUP-000303,True,9.16
SKU-0003599,SUP-000141,True,6.95
SKU-0003600,SUP-000249,True,5.94
SKU-0003600,SUP-000189,False,6.4
SKU-0003601,SUP-000426,True,5.1
SKU-0003601,SUP-000346,False,4.66
SKU-0003602,SUP-000042,True,11.18
SKU-0003603,SUP-000295,True,23.77
SKU-0003603,SUP-000132,False,23.44
SKU-0003603,SUP-000158,False,19.46
SKU-0003604,SUP-000050,True,33.97
SKU-0003604,SUP-000398,False,28.81
SKU-0003605,SUP-000313,True,1.48
SKU-0003606,SUP-000218,True,5.65
SKU-0003607,SUP-000247,True,2.97
SKU-0003608,SUP-000062,True,11.09
SKU-0003609,SUP-000113,True,7.0
SKU-0003610,SUP-000444,True,9.25
SKU-0003611,SUP-000375,True,18.53
SKU-0003612,SUP-000053,True,6.0
SKU-0003612,SUP-000146,False,5.49
SKU-0003613,SUP-000134,True,22.89
SKU-0003614,SUP-000270,True,4.87
SKU-0003615,SUP-000132,True,12.91
SKU-0003616,SUP-000094,True,35.73
SKU-0003617,SUP-000040,True,12.13
SKU-0003618,SUP-000077,True,6.68
SKU-0003618,SUP-000292,False,6.43
SKU-0003618,SUP-000345,False,6.91
SKU-0003619,SUP-000131,True,7.85
SKU-0003619,SUP-000384,False,7.09
SKU-0003620,SUP-000380,True,97.02
SKU-0003620,SUP-000019,False,74.26
SKU-0003621,SUP-000431,True,4.82
SKU-0003622,SUP-000401,True,0.92
SKU-0003623,SUP-000042,True,30.46
SKU-0003624,SUP-000441,True,9.33
SKU-0003625,SUP-000070,True,122.95
SKU-0003626,SUP-000245,True,29.92
SKU-0003627,SUP-000193,True,43.61
SKU-0003628,SUP-000244,True,7.14
SKU-0003629,SUP-000288,True,1.05
SKU-0003630,SUP-000264,True,13.61
SKU-0003631,SUP-000442,True,4.68
SKU-0003632,SUP-000083,True,24.63
SKU-0003633,SUP-000129,True,30.86
SKU-0003634,SUP-000288,True,5.75
SKU-0003635,SUP-000225,True,23.72
SKU-0003636,SUP-000318,True,4.21
SKU-0003637,SUP-000307,True,1.09
SKU-0003638,SUP-000449,True,13.32
SKU-0003639,SUP-000376,True,33.78
SKU-0003640,SUP-000394,True,12.23
SKU-0003641,SUP-000299,True,7.0
SKU-0003642,SUP-000326,True,14.79
SKU-0003643,SUP-000176,True,7.52
SKU-0003644,SUP-000355,True,1.72
SKU-0003645,SUP-000246,True,0.35
SKU-0003645,SUP-000045,False,0.39
SKU-0003645,SUP-000160,False,0.36
SKU-0003646,SUP-000388,True,22.28
SKU-0003647,SUP-000235,True,77.28
SKU-0003647,SUP-000303,False,63.13
SKU-0003648,SUP-000210,True,5.78
SKU-0003649,SUP-000307,True,4.87
SKU-0003650,SUP-000019,True,8.45
SKU-0003651,SUP-000316,True,13.08
SKU-0003652,SUP-000097,True,0.74
SKU-0003653,SUP-000154,True,10.88
SKU-0003653,SUP-000168,False,9.78
SKU-0003653,SUP-000304,False,11.0
SKU-0003654,SUP-000423,True,25.09
SKU-0003655,SUP-000104,True,3.38
SKU-0003656,SUP-000346,True,42.64
SKU-0003657,SUP-000184,True,35.53
SKU-0003658,SUP-000433,True,12.07
SKU-0003659,SUP-000245,True,123.72
SKU-0003660,SUP-000183,True,1.04
SKU-0003661,SUP-000227,True,20.28
SKU-0003661,SUP-000362,False,19.02
SKU-0003662,SUP-000430,True,14.52
SKU-0003663,SUP-000188,True,25.29
SKU-0003663,SUP-000044,False,22.84
SKU-0003664,SUP-000341,True,48.24
SKU-0003664,SUP-000248,False,55.85
SKU-0003665,SUP-000113,True,18.64
SKU-0003665,SUP-000088,False,15.67
SKU-0003666,SUP-000378,True,7.16
SKU-0003667,SUP-000180,True,9.51
SKU-0003668,SUP-000353,True,4.78
SKU-0003669,SUP-000005,True,2.69
SKU-0003669,SUP-000155,False,2.21
SKU-0003670,SUP-000373,True,23.45
SKU-0003671,SUP-000346,True,22.54
SKU-0003672,SUP-000047,True,1.03
SKU-0003673,SUP-000107,True,21.18
SKU-0003673,SUP-000364,False,27.53
SKU-0003674,SUP-000442,True,8.71
SKU-0003675,SUP-000051,True,42.36
SKU-0003676,SUP-000437,True,54.1
SKU-0003676,SUP-000063,False,47.26
SKU-0003677,SUP-000135,True,4.56
SKU-0003678,SUP-000147,True,9.11
SKU-0003679,SUP-000109,True,4.37
SKU-0003679,SUP-000309,False,5.17
SKU-0003680,SUP-000416,True,18.94
SKU-0003680,SUP-000396,False,19.25
SKU-0003680,SUP-000182,False,19.47
SKU-0003681,SUP-000227,True,10.11
SKU-0003682,SUP-000432,True,9.06
SKU-0003683,SUP-000078,True,8.98
SKU-0003684,SUP-000404,True,10.67
SKU-0003685,SUP-000349,True,6.85
SKU-0003685,SUP-000086,False,7.23
SKU-0003686,SUP-000134,True,300.18
SKU-0003687,SUP-000168,True,4.53
SKU-0003687,SUP-000150,False,3.58
SKU-0003688,SUP-000447,True,5.17
SKU-0003689,SUP-000100,True,2.12
SKU-0003690,SUP-000294,True,4.25
SKU-0003690,SUP-000292,False,4.28
SKU-0003691,SUP-000365,True,7.6
SKU-0003692,SUP-000038,True,52.67
SKU-0003693,SUP-000336,True,16.64
SKU-0003694,SUP-000420,True,1.28
SKU-0003695,SUP-000117,True,87.83
SKU-0003696,SUP-000330,True,7.87
SKU-0003697,SUP-000067,True,51.69
SKU-0003698,SUP-000033,True,37.43
SKU-0003699,SUP-000294,True,46.78
SKU-0003699,SUP-000254,False,45.14
SKU-0003700,SUP-000065,True,205.21
SKU-0003701,SUP-000129,True,4.19
SKU-0003702,SUP-000220,True,9.66
SKU-0003703,SUP-000029,True,15.56
SKU-0003704,SUP-000389,True,44.68
SKU-0003705,SUP-000246,True,1.56
SKU-0003706,SUP-000036,True,5.68
SKU-0003707,SUP-000350,True,4.68
SKU-0003708,SUP-000351,True,4.72
SKU-0003708,SUP-000378,False,4.33
SKU-0003709,SUP-000381,True,19.48
SKU-0003710,SUP-000334,True,11.13
SKU-0003711,SUP-000260,True,4.79
SKU-0003712,SUP-000161,True,25.58
SKU-0003712,SUP-000111,False,33.77
SKU-0003712,SUP-000398,False,27.26
SKU-0003713,SUP-000104,True,3.16
SKU-0003714,SUP-000208,True,1.65
SKU-0003715,SUP-000033,True,12.88
SKU-0003716,SUP-000025,True,6.39
SKU-0003717,SUP-000113,True,1.21
SKU-0003718,SUP-000304,True,2.86
SKU-0003718,SUP-000353,False,3.05
SKU-0003719,SUP-000445,True,13.17
SKU-0003720,SUP-000063,True,43.4
SKU-0003721,SUP-000416,True,14.27
SKU-0003722,SUP-000376,True,34.99
SKU-0003722,SUP-000006,False,38.93
SKU-0003723,SUP-000182,True,6.34
SKU-0003724,SUP-000133,True,1.81
SKU-0003725,SUP-000215,True,18.16
SKU-0003725,SUP-000320,False,17.57
SKU-0003726,SUP-000379,True,3.58
SKU-0003727,SUP-000047,True,10.1
SKU-0003728,SUP-000065,True,7.58
SKU-0003728,SUP-000388,False,6.02
SKU-0003729,SUP-000300,True,7.38
SKU-0003729,SUP-000358,False,5.99
SKU-0003730,SUP-000176,True,23.64
SKU-0003731,SUP-000226,True,8.79
SKU-0003732,SUP-000334,True,37.85
SKU-0003733,SUP-000010,True,1.08
SKU-0003734,SUP-000281,True,46.06
SKU-0003735,SUP-000080,True,1.18
SKU-0003735,SUP-000417,False,1.29
SKU-0003736,SUP-000364,True,3.67
SKU-0003737,SUP-000272,True,13.8
SKU-0003738,SUP-000431,True,24.21
SKU-0003739,SUP-000248,True,90.37
SKU-0003739,SUP-000282,False,87.47
SKU-0003740,SUP-000126,True,1.94
SKU-0003741,SUP-000189,True,0.46
SKU-0003741,SUP-000278,False,0.41
SKU-0003741,SUP-000400,False,0.43
SKU-0003742,SUP-000323,True,50.51
SKU-0003743,SUP-000102,True,174.36
SKU-0003744,SUP-000122,True,10.3
SKU-0003745,SUP-000042,True,2.58
SKU-0003745,SUP-000019,False,2.9
SKU-0003746,SUP-000229,True,6.79
SKU-0003747,SUP-000409,True,66.56
SKU-0003748,SUP-000165,True,43.85
SKU-0003749,SUP-000344,True,6.46
SKU-0003750,SUP-000415,True,64.11
SKU-0003751,SUP-000233,True,21.95
SKU-0003752,SUP-000332,True,5.31
SKU-0003752,SUP-000128,False,4.72
SKU-0003753,SUP-000053,True,1.07
SKU-0003753,SUP-000418,False,0.91
SKU-0003754,SUP-000416,True,7.84
SKU-0003755,SUP-000402,True,1011.05
SKU-0003756,SUP-000327,True,13.26
SKU-0003756,SUP-000163,False,12.62
SKU-0003756,SUP-000064,False,15.35
SKU-0003757,SUP-000244,True,6.55
SKU-0003757,SUP-000062,False,5.63
SKU-0003758,SUP-000275,True,58.72
SKU-0003759,SUP-000029,True,16.75
SKU-0003759,SUP-000085,False,17.4
SKU-0003760,SUP-000123,True,1.08
SKU-0003760,SUP-000239,False,0.99
SKU-0003761,SUP-000342,True,9.77
SKU-0003762,SUP-000090,True,3.9
SKU-0003762,SUP-000282,False,4.01
SKU-0003763,SUP-000013,True,2.01
SKU-0003763,SUP-000027,False,2.48
SKU-0003764,SUP-000379,True,13.53
SKU-0003764,SUP-000132,False,13.29
SKU-0003765,SUP-000141,True,3.43
SKU-0003766,SUP-000311,True,38.14
SKU-0003767,SUP-000182,True,63.13
SKU-0003768,SUP-000398,True,18.85
SKU-0003769,SUP-000146,True,32.4
SKU-0003770,SUP-000286,True,2.45
SKU-0003771,SUP-000073,True,1.54
SKU-0003772,SUP-000005,True,13.01
SKU-0003773,SUP-000223,True,83.8
SKU-0003774,SUP-000098,True,143.66
SKU-0003775,SUP-000416,True,5.33
SKU-0003776,SUP-000205,True,69.82
SKU-0003777,SUP-000225,True,46.13
SKU-0003777,SUP-000188,False,45.04
SKU-0003777,SUP-000080,False,52.09
SKU-0003778,SUP-000003,True,0.98
SKU-0003779,SUP-000106,True,226.29
SKU-0003780,SUP-000386,True,149.1
SKU-0003780,SUP-000131,False,187.73
SKU-0003781,SUP-000401,True,20.37
SKU-0003782,SUP-000246,True,20.78
SKU-0003783,SUP-000153,True,6.76
SKU-0003783,SUP-000068,False,7.42
SKU-0003784,SUP-000196,True,75.07
SKU-0003785,SUP-000427,True,10.48
SKU-0003785,SUP-000125,False,13.26
SKU-0003785,SUP-000088,False,12.8
SKU-0003786,SUP-000356,True,233.97
SKU-0003787,SUP-000306,True,28.76
SKU-0003788,SUP-000194,True,0.83
SKU-0003788,SUP-000318,False,0.72
SKU-0003789,SUP-000097,True,26.92
SKU-0003790,SUP-000158,True,38.65
SKU-0003791,SUP-000296,True,11.01
SKU-0003792,SUP-000347,True,119.21
SKU-0003792,SUP-000367,False,90.17
SKU-0003793,SUP-000125,True,25.64
SKU-0003794,SUP-000064,True,
SKU-0003795,SUP-000124,True,12.31
SKU-0003796,SUP-000227,True,11.57
SKU-0003797,SUP-000412,True,17.83
SKU-0003798,SUP-000405,True,2.14
SKU-0003799,SUP-000403,True,83.25
SKU-0003800,SUP-000223,True,9.7
SKU-0003801,SUP-000322,True,15.9
SKU-0003802,SUP-000196,True,117.12
SKU-0003803,SUP-000420,True,180.59
SKU-0003803,SUP-000300,False,185.09
SKU-0003804,SUP-000129,True,6.93
SKU-0003805,SUP-000428,True,8.31
SKU-0003805,SUP-000097,False,7.74
SKU-0003806,SUP-000196,True,8.67
SKU-0003806,SUP-000117,False,8.32
SKU-0003807,SUP-000392,True,262.51
SKU-0003808,SUP-000123,True,67.69
SKU-0003809,SUP-000044,True,22.68
SKU-0003810,SUP-000066,True,24.49
SKU-0003810,SUP-000267,False,21.83
SKU-0003811,SUP-000379,True,5.66
SKU-0003812,SUP-000265,True,10.28
SKU-0003813,SUP-000370,True,16.71
SKU-0003814,SUP-000140,True,16.69
SKU-0003815,SUP-000042,True,8.86
SKU-0003816,SUP-000245,True,49.58
SKU-0003817,SUP-000189,True,62.54
SKU-0003818,SUP-000194,True,3.89
SKU-0003819,SUP-000015,True,22.43
SKU-0003820,SUP-000167,True,77.39
SKU-0003821,SUP-000077,True,12.66
SKU-0003821,SUP-000206,False,14.26
SKU-0003821,SUP-000292,False,13.07
SKU-0003822,SUP-000344,True,3.15
SKU-0003823,SUP-000097,True,5.62
SKU-0003823,SUP-000062,False,6.05
SKU-0003824,SUP-000412,True,15.36
SKU-0003824,SUP-000162,False,16.54
SKU-0003824,SUP-000224,False,15.05
SKU-0003825,SUP-000103,True,48.1
SKU-0003826,SUP-000219,True,12.77
SKU-0003827,SUP-000356,True,4.17
SKU-0003827,SUP-000337,False,3.91
SKU-0003828,SUP-000443,True,2.75
SKU-0003829,SUP-000142,True,1.33
SKU-0003829,SUP-000369,False,1.1
SKU-0003829,SUP-000358,False,1.13
SKU-0003830,SUP-000421,True,26.58
SKU-0003831,SUP-000250,True,6.2
SKU-0003832,SUP-000188,True,6.12
SKU-0003833,SUP-000294,True,5.46
SKU-0003833,SUP-000152,False,
SKU-0003833,SUP-000134,False,6.58
SKU-0003834,SUP-000075,True,11.62
SKU-0003835,SUP-000077,True,2.74
SKU-0003835,SUP-000085,False,2.77
SKU-0003836,SUP-000273,True,4.04
SKU-0003836,SUP-000183,False,4.72
SKU-0003837,SUP-000349,True,35.26
SKU-0003838,SUP-000078,True,46.41
SKU-0003839,SUP-000194,True,48.61
SKU-0003840,SUP-000438,True,40.75
SKU-0003840,SUP-000070,False,43.19
SKU-0003841,SUP-000316,True,31.01
SKU-0003841,SUP-000251,False,28.1
SKU-0003842,SUP-000308,True,3.29
SKU-0003843,SUP-000397,True,27.01
SKU-0003844,SUP-000161,True,44.47
SKU-0003845,SUP-000076,True,1.76
SKU-0003846,SUP-000164,True,6.12
SKU-0003847,SUP-000353,True,67.66
SKU-0003848,SUP-000404,True,275.84
SKU-0003849,SUP-000096,True,24.36
SKU-0003850,SUP-000439,True,19.55
SKU-0003850,SUP-000249,False,23.88
SKU-0003851,SUP-000440,True,21.07
SKU-0003852,SUP-000313,True,23.03
SKU-0003853,SUP-000387,True,2.29
SKU-0003854,SUP-000013,True,6.28
SKU-0003854,SUP-000450,False,6.85
SKU-0003855,SUP-000220,True,186.93
SKU-0003855,SUP-000350,False,187.41
SKU-0003856,SUP-000426,True,10.03
SKU-0003856,SUP-000284,False,10.84
SKU-0003857,SUP-000446,True,21.62
SKU-0003858,SUP-000051,True,86.45
SKU-0003859,SUP-000007,True,5.41
SKU-0003860,SUP-000165,True,0.38
SKU-0003861,SUP-000284,True,2.32
SKU-0003862,SUP-000395,True,4.63
SKU-0003862,SUP-000275,False,4.46
SKU-0003862,SUP-000125,False,3.55
SKU-0003863,SUP-000055,True,18.54
SKU-0003863,SUP-000407,False,20.8
SKU-0003864,SUP-000365,True,14.81
SKU-0003865,SUP-000318,True,8.39
SKU-0003866,SUP-000011,True,12.34
SKU-0003867,SUP-000171,True,22.47
SKU-0003867,SUP-000097,False,20.53
SKU-0003868,SUP-000024,True,26.81
SKU-0003869,SUP-000296,True,29.14
SKU-0003870,SUP-000129,True,235.62
SKU-0003871,SUP-000101,True,7.82
SKU-0003872,SUP-000170,True,26.44
SKU-0003872,SUP-000381,False,25.4
SKU-0003873,SUP-000252,True,262.59
SKU-0003873,SUP-000150,False,251.86
SKU-0003873,SUP-000025,False,299.46
SKU-0003874,SUP-000250,True,73.01
SKU-0003875,SUP-000393,True,6.85
SKU-0003875,SUP-000130,False,6.06
SKU-0003876,SUP-000363,True,44.03
SKU-0003877,SUP-000292,True,3.6
SKU-0003878,SUP-000181,True,40.06
SKU-0003879,SUP-000332,True,20.23
SKU-0003879,SUP-000376,False,21.59
SKU-0003880,SUP-000418,True,18.55
SKU-0003881,SUP-000049,True,18.69
SKU-0003881,SUP-000435,False,20.5
SKU-0003882,SUP-000270,True,48.1
SKU-0003883,SUP-000170,True,3.22
SKU-0003883,SUP-000166,False,3.49
SKU-0003884,SUP-000378,True,38.21
SKU-0003884,SUP-000333,False,34.75
SKU-0003885,SUP-000339,True,52.26
SKU-0003885,SUP-000142,False,52.14
SKU-0003885,SUP-000151,False,49.34
SKU-0003886,SUP-000192,True,
SKU-0003887,SUP-000125,True,22.66
SKU-0003888,SUP-000305,True,22.66
SKU-0003889,SUP-000290,True,41.52
SKU-0003890,SUP-000418,True,5.72
SKU-0003891,SUP-000072,True,3.63
SKU-0003891,SUP-000016,False,3.9
SKU-0003892,SUP-000213,True,14.65
SKU-0003892,SUP-000038,False,14.72
SKU-0003893,SUP-000205,True,
SKU-0003894,SUP-000349,True,2.38
SKU-0003894,SUP-000176,False,2.76
SKU-0003894,SUP-000058,False,2.71
SKU-0003895,SUP-000195,True,4.52
SKU-0003896,SUP-000343,True,46.28
SKU-0003897,SUP-000130,True,3.66
SKU-0003898,SUP-000449,True,20.68
SKU-0003898,SUP-000324,False,18.93
SKU-0003899,SUP-000258,True,4.9
SKU-0003900,SUP-000055,True,13.83
SKU-0003900,SUP-000075,False,14.94
SKU-0003900,SUP-000388,False,15.06
SKU-0003901,SUP-000433,True,16.59
SKU-0003901,SUP-000057,False,15.41
SKU-0003902,SUP-000385,True,11.96
SKU-0003902,SUP-000012,False,11.82
SKU-0003903,SUP-000248,True,6.36
SKU-0003904,SUP-000295,True,2.65
SKU-0003905,SUP-000412,True,50.94
SKU-0003905,SUP-000275,False,47.46
SKU-0003906,SUP-000206,True,39.99
SKU-0003907,SUP-000415,True,6.02
SKU-0003907,SUP-000337,False,6.71
SKU-0003908,SUP-000020,True,4.8
SKU-0003909,SUP-000272,True,31.01
SKU-0003909,SUP-000362,False,32.5
SKU-0003910,SUP-000020,True,4.92
SKU-0003911,SUP-000265,True,8.05
SKU-0003912,SUP-000113,True,14.44
SKU-0003913,SUP-000408,True,52.23
SKU-0003914,SUP-000263,True,39.77
SKU-0003915,SUP-000075,True,36.74
SKU-0003915,SUP-000422,False,39.38
SKU-0003916,SUP-000122,True,8.47
SKU-0003917,SUP-000232,True,13.7
SKU-0003917,SUP-000165,False,11.44
SKU-0003918,SUP-000136,True,1.37
SKU-0003919,SUP-000336,True,5.03
SKU-0003919,SUP-000152,False,5.61
SKU-0003919,SUP-000006,False,5.52
SKU-0003920,SUP-000058,True,39.26
SKU-0003921,SUP-000418,True,11.0
SKU-0003922,SUP-000067,True,1.56
SKU-0003923,SUP-000131,True,0.39
SKU-0003924,SUP-000237,True,4.15
SKU-0003925,SUP-000135,True,9.47
SKU-0003925,SUP-000249,False,9.03
SKU-0003926,SUP-000359,True,35.35
SKU-0003927,SUP-000291,True,5.31
SKU-0003927,SUP-000138,False,4.73
SKU-0003928,SUP-000361,True,2.71
SKU-0003929,SUP-000007,True,43.4
SKU-0003929,SUP-000348,False,42.32
SKU-0003929,SUP-000395,False,41.71
SKU-0003930,SUP-000275,True,10.8
SKU-0003931,SUP-000405,True,4.33
SKU-0003932,SUP-000347,True,333.37
SKU-0003933,SUP-000006,True,6.61
SKU-0003934,SUP-000377,True,31.93
SKU-0003934,SUP-000247,False,25.43
SKU-0003935,SUP-000343,True,6.94
SKU-0003936,SUP-000150,True,1.97
SKU-0003936,SUP-000270,False,2.05
SKU-0003937,SUP-000128,True,57.21
SKU-0003938,SUP-000354,True,2.03
SKU-0003939,SUP-000268,True,2.86
SKU-0003940,SUP-000366,True,1.27
SKU-0003941,SUP-000268,True,26.58
SKU-0003941,SUP-000205,False,32.51
SKU-0003941,SUP-000140,False,34.71
SKU-0003942,SUP-000106,True,65.05
SKU-0003943,SUP-000330,True,10.85
SKU-0003943,SUP-000161,False,11.08
SKU-0003944,SUP-000147,True,1.52
SKU-0003945,SUP-000107,True,18.08
SKU-0003946,SUP-000396,True,57.9
SKU-0003946,SUP-000028,False,58.06
SKU-0003947,SUP-000119,True,6.67
SKU-0003948,SUP-000010,True,103.94
SKU-0003949,SUP-000124,True,20.97
SKU-0003950,SUP-000144,True,9.23
SKU-0003951,SUP-000298,True,30.7
SKU-0003952,SUP-000114,True,14.25
SKU-0003953,SUP-000306,True,6.35
SKU-0003953,SUP-000071,False,5.84
SKU-0003954,SUP-000026,True,34.21
SKU-0003955,SUP-000112,True,9.38
SKU-0003955,SUP-000139,False,8.57
SKU-0003956,SUP-000213,True,38.24
SKU-0003957,SUP-000448,True,5.28
SKU-0003958,SUP-000398,True,11.0
SKU-0003958,SUP-000110,False,11.3
SKU-0003959,SUP-000369,True,42.23
SKU-0003960,SUP-000187,True,128.13
SKU-0003961,SUP-000166,True,71.78
SKU-0003962,SUP-000321,True,206.8
SKU-0003963,SUP-000435,True,6.54
SKU-0003964,SUP-000348,True,9.0
SKU-0003965,SUP-000377,True,12.54
SKU-0003966,SUP-000211,True,7.01
SKU-0003967,SUP-000397,True,8.95
SKU-0003967,SUP-000150,False,10.33
SKU-0003968,SUP-000282,True,23.03
SKU-0003969,SUP-000143,True,3.2
SKU-0003969,SUP-000192,False,3.54
SKU-0003969,SUP-000377,False,3.77
SKU-0003970,SUP-000243,True,10.12
SKU-0003970,SUP-000106,False,9.78
SKU-0003971,SUP-000442,True,129.44
SKU-0003972,SUP-000296,True,0.38
SKU-0003973,SUP-000276,True,9.54
SKU-0003973,SUP-000210,False,10.84
SKU-0003974,SUP-000125,True,
SKU-0003975,SUP-000258,True,41.69
SKU-0003976,SUP-000139,True,22.4
SKU-0003977,SUP-000370,True,7.87
SKU-0003977,SUP-000376,False,7.54
SKU-0003978,SUP-000151,True,20.21
SKU-0003979,SUP-000300,True,18.22
SKU-0003980,SUP-000375,True,126.62
SKU-0003981,SUP-000418,True,3.1
SKU-0003982,SUP-000032,True,49.22
SKU-0003982,SUP-000416,False,50.96
SKU-0003983,SUP-000324,True,26.52
SKU-0003983,SUP-000260,False,26.49
SKU-0003984,SUP-000069,True,17.5
SKU-0003984,SUP-000430,False,18.98
SKU-0003985,SUP-000196,True,17.48
SKU-0003986,SUP-000109,True,5.37
SKU-0003986,SUP-000199,False,5.37
SKU-0003987,SUP-000062,True,35.98
SKU-0003988,SUP-000343,True,10.42
SKU-0003989,SUP-000005,True,6.31
SKU-0003990,SUP-000174,True,0.68
SKU-0003991,SUP-000128,True,7.39
SKU-0003992,SUP-000220,True,17.88
SKU-0003993,SUP-000168,True,1.79
SKU-0003994,SUP-000449,True,14.05
SKU-0003995,SUP-000089,True,7.74
SKU-0003996,SUP-000368,True,16.38
SKU-0003997,SUP-000373,True,49.32
SKU-0003997,SUP-000172,False,62.02
SKU-0003998,SUP-000231,True,10.12
SKU-0003998,SUP-000370,False,
SKU-0003999,SUP-000368,True,6.41
SKU-0004000,SUP-000273,True,4.46
SKU-0004000,SUP-000075,False,4.22
SKU-0004001,SUP-000385,True,127.41
SKU-0004001,SUP-000306,False,128.96
SKU-0004001,SUP-000124,False,116.06
SKU-0004002,SUP-000272,True,4.16
SKU-0004003,SUP-000333,True,34.03
SKU-0004004,SUP-000412,True,17.64
SKU-0004005,SUP-000123,True,3.12
SKU-0004006,SUP-000343,True,44.96
SKU-0004007,SUP-000011,True,1.06
SKU-0004008,SUP-000361,True,11.57
SKU-0004009,SUP-000124,True,8.92
SKU-0004010,SUP-000379,True,131.85
SKU-0004011,SUP-000158,True,18.89
SKU-0004012,SUP-000329,True,9.47
SKU-0004012,SUP-000309,False,9.58
SKU-0004013,SUP-000014,True,1.93
SKU-0004014,SUP-000116,True,10.1
SKU-0004014,SUP-000258,False,9.17
SKU-0004015,SUP-000253,True,28.14
SKU-0004015,SUP-000367,False,24.09
SKU-0004016,SUP-000069,True,31.59
SKU-0004017,SUP-000159,True,49.51
SKU-0004017,SUP-000229,False,61.61
SKU-0004018,SUP-000357,True,144.22
SKU-0004018,SUP-000282,False,117.76
SKU-0004019,SUP-000057,True,10.59
SKU-0004020,SUP-000319,True,6.44
SKU-0004020,SUP-000044,False,7.42
SKU-0004020,SUP-000125,False,7.46
SKU-0004021,SUP-000341,True,12.66
SKU-0004022,SUP-000292,True,4.7
SKU-0004023,SUP-000335,True,5.03
SKU-0004024,SUP-000184,True,27.71
SKU-0004025,SUP-000175,True,8.14
SKU-0004025,SUP-000340,False,7.18
SKU-0004026,SUP-000135,True,24.87
SKU-0004027,SUP-000448,True,22.33
SKU-0004028,SUP-000295,True,72.27
SKU-0004029,SUP-000154,True,17.51
SKU-0004029,SUP-000268,False,17.58
SKU-0004030,SUP-000171,True,12.45
SKU-0004031,SUP-000307,True,5.67
SKU-0004032,SUP-000062,True,7.99
SKU-0004033,SUP-000219,True,3.22
SKU-0004034,SUP-000335,True,6.49
SKU-0004035,SUP-000286,True,8.12
SKU-0004035,SUP-000352,False,8.85
SKU-0004036,SUP-000170,True,1.82
SKU-0004036,SUP-000249,False,1.51
SKU-0004037,SUP-000266,True,56.91
SKU-0004038,SUP-000275,True,158.51
SKU-0004038,SUP-000109,False,156.55
SKU-0004039,SUP-000116,True,71.9
SKU-0004040,SUP-000207,True,3.34
SKU-0004041,SUP-000186,True,117.46
SKU-0004041,SUP-000053,False,107.96
SKU-0004042,SUP-000291,True,15.45
SKU-0004043,SUP-000087,True,1.89
SKU-0004044,SUP-000036,True,1.36
SKU-0004045,SUP-000229,True,6.05
SKU-0004045,SUP-000424,False,6.78
SKU-0004046,SUP-000226,True,9.4
SKU-0004047,SUP-000184,True,1.36
SKU-0004048,SUP-000118,True,11.82
SKU-0004048,SUP-000264,False,
SKU-0004049,SUP-000284,True,132.97
SKU-0004050,SUP-000290,True,47.02
SKU-0004051,SUP-000415,True,9.24
SKU-0004052,SUP-000256,True,45.45
SKU-0004052,SUP-000217,False,35.52
SKU-0004053,SUP-000429,True,3.16
SKU-0004054,SUP-000043,True,29.36
SKU-0004055,SUP-000237,True,1.85
SKU-0004055,SUP-000226,False,1.72
SKU-0004056,SUP-000150,True,2.56
SKU-0004057,SUP-000002,True,28.17
SKU-0004057,SUP-000024,False,34.15
SKU-0004058,SUP-000145,True,21.89
SKU-0004059,SUP-000396,True,30.84
SKU-0004059,SUP-000094,False,30.59
SKU-0004060,SUP-000370,True,64.45
SKU-0004061,SUP-000443,True,4.77
SKU-0004062,SUP-000226,True,138.45
SKU-0004063,SUP-000420,True,7.37
SKU-0004063,SUP-000341,False,6.14
SKU-0004064,SUP-000430,True,158.81
SKU-0004064,SUP-000398,False,129.57
SKU-0004065,SUP-000233,True,27.36
SKU-0004066,SUP-000352,True,44.02
SKU-0004066,SUP-000401,False,39.99
SKU-0004067,SUP-000088,True,33.31
SKU-0004068,SUP-000149,True,1.81
SKU-0004069,SUP-000356,True,0.42
SKU-0004070,SUP-000136,True,9.82
SKU-0004070,SUP-000264,False,12.91
SKU-0004071,SUP-000145,True,30.41
SKU-0004072,SUP-000337,True,128.06
SKU-0004073,SUP-000357,True,5.14
SKU-0004073,SUP-000029,False,4.59
SKU-0004074,SUP-000072,True,12.29
SKU-0004075,SUP-000287,True,0.52
SKU-0004076,SUP-000209,True,11.22
SKU-0004076,SUP-000329,False,10.91
SKU-0004077,SUP-000297,True,12.17
SKU-0004077,SUP-000311,False,11.69
SKU-0004078,SUP-000281,True,3.58
SKU-0004079,SUP-000137,True,13.46
SKU-0004080,SUP-000171,True,16.32
SKU-0004080,SUP-000196,False,12.9
SKU-0004081,SUP-000111,True,40.87
SKU-0004081,SUP-000297,False,44.49
SKU-0004082,SUP-000105,True,0.69
SKU-0004083,SUP-000022,True,4.64
SKU-0004084,SUP-000299,True,3.52
SKU-0004085,SUP-000049,True,2.0
SKU-0004086,SUP-000004,True,8.07
SKU-0004087,SUP-000381,True,9.31
SKU-0004088,SUP-000303,True,5.69
SKU-0004089,SUP-000422,True,1.88
SKU-0004089,SUP-000254,False,1.51
SKU-0004090,SUP-000207,True,3.96
SKU-0004091,SUP-000190,True,2.08
SKU-0004092,SUP-000264,True,5.88
SKU-0004093,SUP-000017,True,7.58
SKU-0004093,SUP-000032,False,7.59
SKU-0004094,SUP-000445,True,
SKU-0004094,SUP-000371,False,1.11
SKU-0004095,SUP-000038,True,19.19
SKU-0004096,SUP-000047,True,15.83
SKU-0004096,SUP-000349,False,19.05
SKU-0004097,SUP-000448,True,9.1
SKU-0004098,SUP-000449,True,38.85
SKU-0004099,SUP-000224,True,19.87
SKU-0004100,SUP-000020,True,5.16
SKU-0004101,SUP-000325,True,6.05
SKU-0004102,SUP-000270,True,15.25
SKU-0004102,SUP-000430,False,15.43
SKU-0004102,SUP-000084,False,13.69
SKU-0004103,SUP-000019,True,43.71
SKU-0004104,SUP-000227,True,1.11
SKU-0004104,SUP-000208,False,1.38
SKU-0004105,SUP-000320,True,10.11
SKU-0004106,SUP-000130,True,12.36
SKU-0004107,SUP-000020,True,12.48
SKU-0004108,SUP-000309,True,1.25
SKU-0004109,SUP-000031,True,12.69
SKU-0004110,SUP-000239,True,50.75
SKU-0004111,SUP-000217,True,7.79
SKU-0004112,SUP-000447,True,9.0
SKU-0004113,SUP-000338,True,6.44
SKU-0004114,SUP-000190,True,33.01
SKU-0004115,SUP-000239,True,1.02
SKU-0004116,SUP-000315,True,7.67
SKU-0004117,SUP-000354,True,118.93
SKU-0004118,SUP-000024,True,1.76
SKU-0004119,SUP-000235,True,159.46
SKU-0004120,SUP-000329,True,7.61
SKU-0004120,SUP-000255,False,6.97
SKU-0004121,SUP-000374,True,1.33
SKU-0004122,SUP-000323,True,35.09
SKU-0004123,SUP-000256,True,7.28
SKU-0004123,SUP-000013,False,8.14
SKU-0004123,SUP-000058,False,7.83
SKU-0004124,SUP-000281,True,4.22
SKU-0004125,SUP-000221,True,7.95
SKU-0004126,SUP-000370,True,0.64
SKU-0004127,SUP-000085,True,3.33
SKU-0004127,SUP-000103,False,3.62
SKU-0004128,SUP-000360,True,2.21
SKU-0004128,SUP-000050,False,2.24
SKU-0004129,SUP-000319,True,170.76
SKU-0004130,SUP-000195,True,28.48
SKU-0004131,SUP-000053,True,10.66
SKU-0004131,SUP-000380,False,10.56
SKU-0004132,SUP-000268,True,2.41
SKU-0004132,SUP-000013,False,2.45
SKU-0004133,SUP-000017,True,3.4
SKU-0004134,SUP-000315,True,16.79
SKU-0004135,SUP-000045,True,25.14
SKU-0004135,SUP-000004,False,23.45
SKU-0004136,SUP-000324,True,5.64
SKU-0004137,SUP-000119,True,13.11
SKU-0004137,SUP-000362,False,12.23
SKU-0004138,SUP-000204,True,20.4
SKU-0004138,SUP-000105,False,19.97
SKU-0004139,SUP-000227,True,5.93
SKU-0004140,SUP-000016,True,17.93
SKU-0004141,SUP-000162,True,9.32
SKU-0004142,SUP-000109,True,11.98
SKU-0004142,SUP-000396,False,12.44
SKU-0004143,SUP-000152,True,-15.19
SKU-0004144,SUP-000365,True,4.73
SKU-0004145,SUP-000236,True,50.07
SKU-0004146,SUP-000188,True,4.86
SKU-0004147,SUP-000106,True,15.77
SKU-0004147,SUP-000100,False,15.16
SKU-0004148,SUP-000211,True,0.53
SKU-0004149,SUP-000084,True,7.3
SKU-0004150,SUP-000313,True,3.73
SKU-0004151,SUP-000065,True,204.85
SKU-0004151,SUP-000431,False,207.72
SKU-0004151,SUP-000093,False,241.52
SKU-0004152,SUP-000179,True,27.25
SKU-0004153,SUP-000303,True,5.33
SKU-0004153,SUP-000193,False,5.0
SKU-0004154,SUP-000259,True,73.47
SKU-0004155,SUP-000414,True,20.39
SKU-0004156,SUP-000274,True,21.51
SKU-0004157,SUP-000166,True,23.2
SKU-0004158,SUP-000282,True,6.36
SKU-0004159,SUP-000126,True,11.46
SKU-0004160,SUP-000022,True,23.52
SKU-0004161,SUP-000072,True,55.57
SKU-0004162,SUP-000326,True,13.89
SKU-0004162,SUP-000441,False,17.36
SKU-0004163,SUP-000290,True,8.3
SKU-0004163,SUP-000375,False,8.54
SKU-0004164,SUP-000269,True,93.4
SKU-0004165,SUP-000156,True,43.25
SKU-0004165,SUP-000174,False,38.36
SKU-0004166,SUP-000073,True,8.94
SKU-0004167,SUP-000111,True,5.06
SKU-0004168,SUP-000039,True,15.02
SKU-0004169,SUP-000288,True,40.45
SKU-0004169,SUP-000128,False,48.15
SKU-0004170,SUP-000267,True,2.65
SKU-0004171,SUP-000279,True,62.43
SKU-0004172,SUP-000243,True,42.31
SKU-0004172,SUP-000407,False,37.68
SKU-0004172,SUP-000332,False,42.9
SKU-0004173,SUP-000398,True,0.69
SKU-0004174,SUP-000262,True,19.76
SKU-0004175,SUP-000381,True,91.53
SKU-0004176,SUP-000292,True,5.42
SKU-0004177,SUP-000205,True,10.91
SKU-0004177,SUP-000066,False,11.34
SKU-0004178,SUP-000169,True,16.21
SKU-0004179,SUP-000256,True,12.27
SKU-0004180,SUP-000348,True,40.08
SKU-0004180,SUP-000433,False,41.99
SKU-0004181,SUP-000438,True,77.5
SKU-0004182,SUP-000051,True,24.99
SKU-0004183,SUP-000222,True,5.37
SKU-0004183,SUP-000349,False,4.88
SKU-0004184,SUP-000184,True,72.39
SKU-0004184,SUP-000084,False,60.27
SKU-0004185,SUP-000258,True,3.85
SKU-0004186,SUP-000405,True,40.14
SKU-0004187,SUP-000109,True,2.36
SKU-0004188,SUP-000317,True,15.8
SKU-0004188,SUP-000359,False,15.01
SKU-0004189,SUP-000418,True,5.19
SKU-0004190,SUP-000418,True,9.04
SKU-0004191,SUP-000034,True,0.47
SKU-0004191,SUP-000356,False,0.37
SKU-0004192,SUP-000443,True,49.67
SKU-0004193,SUP-000361,True,0.66
SKU-0004194,SUP-000163,True,
SKU-0004195,SUP-000267,True,21.51
SKU-0004196,SUP-000354,True,5.52
SKU-0004197,SUP-000381,True,55.37
SKU-0004198,SUP-000360,True,20.56
SKU-0004199,SUP-000127,True,3.92
SKU-0004200,SUP-000197,True,105.75
SKU-0004200,SUP-000429,False,101.23
SKU-0004201,SUP-000110,True,3.25
SKU-0004202,SUP-000019,True,47.83
SKU-0004203,SUP-000341,True,2.91
SKU-0004204,SUP-000092,True,3.0
SKU-0004205,SUP-000152,True,1.62
SKU-0004206,SUP-000440,True,4.2
SKU-0004207,SUP-000017,True,24.29
SKU-0004208,SUP-000264,True,107.07
SKU-0004209,SUP-000207,True,4.82
SKU-0004210,SUP-000232,True,18.29
SKU-0004210,SUP-000116,False,20.25
SKU-0004211,SUP-000089,True,26.99
SKU-0004211,SUP-000219,False,27.48
SKU-0004212,SUP-000213,True,49.04
SKU-0004212,SUP-000052,False,50.47
SKU-0004212,SUP-000439,False,44.38
SKU-0004213,SUP-000259,True,12.93
SKU-0004213,SUP-000345,False,11.66
SKU-0004214,SUP-000152,True,1.9
SKU-0004215,SUP-000432,True,161.55
SKU-0004216,SUP-000358,True,0.64
SKU-0004216,SUP-000245,False,0.6
SKU-0004216,SUP-000360,False,0.65
SKU-0004217,SUP-000134,True,32.72
SKU-0004217,SUP-000438,False,35.09
SKU-0004217,SUP-000303,False,31.13
SKU-0004218,SUP-000383,True,17.08
SKU-0004219,SUP-000369,True,12.78
SKU-0004220,SUP-000070,True,9.26
SKU-0004220,SUP-000057,False,10.1
SKU-0004221,SUP-000330,True,12.47
SKU-0004221,SUP-000167,False,13.82
SKU-0004221,SUP-000225,False,12.99
SKU-0004222,SUP-000014,True,3.98
SKU-0004222,SUP-000390,False,3.62
SKU-0004223,SUP-000050,True,6.74
SKU-0004224,SUP-000114,True,12.28
SKU-0004224,SUP-000188,False,13.56
SKU-0004225,SUP-000249,True,1.31
SKU-0004226,SUP-000214,True,6.64
SKU-0004227,SUP-000163,True,37.07
SKU-0004228,SUP-000294,True,5.91
SKU-0004229,SUP-000258,True,59.42
SKU-0004230,SUP-000357,True,7.75
SKU-0004230,SUP-000285,False,7.2
SKU-0004231,SUP-000198,True,10.21
SKU-0004231,SUP-000015,False,11.26
SKU-0004232,SUP-000335,True,91.25
SKU-0004233,SUP-000365,True,9.44
SKU-0004233,SUP-000088,False,9.25
SKU-0004234,SUP-000187,True,10.47
SKU-0004235,SUP-000439,True,32.54
SKU-0004236,SUP-000298,True,1.35
SKU-0004236,SUP-000132,False,1.33
SKU-0004237,SUP-000273,True,51.12
SKU-0004238,SUP-000261,True,2.99
SKU-0004239,SUP-000236,True,7.4
SKU-0004240,SUP-000427,True,46.64
SKU-0004241,SUP-000068,True,13.03
SKU-0004242,SUP-000210,True,55.52
SKU-0004242,SUP-000215,False,68.79
SKU-0004243,SUP-000024,True,5.11
SKU-0004243,SUP-000202,False,5.25
SKU-0004244,SUP-000182,True,43.17
SKU-0004245,SUP-000256,True,1.63
SKU-0004245,SUP-000216,False,1.73
SKU-0004246,SUP-000209,True,3.02
SKU-0004247,SUP-000142,True,
SKU-0004247,SUP-000096,False,12.6
SKU-0004248,SUP-000192,True,10.69
SKU-0004249,SUP-000078,True,2.89
SKU-0004250,SUP-000093,True,12.25
SKU-0004251,SUP-000009,True,7.1
SKU-0004252,SUP-000267,True,50.08
SKU-0004253,SUP-000210,True,8.25
SKU-0004254,SUP-000063,True,5.56
SKU-0004255,SUP-000072,True,19.77
SKU-0004256,SUP-000201,True,26.94
SKU-0004257,SUP-000407,True,110.52
SKU-0004258,SUP-000105,True,16.8
SKU-0004258,SUP-000319,False,13.46
SKU-0004259,SUP-000376,True,44.07
SKU-0004260,SUP-000069,True,4.24
SKU-0004260,SUP-000183,False,4.17
SKU-0004260,SUP-000281,False,3.54
SKU-0004261,SUP-000035,True,8.39
SKU-0004262,SUP-000261,True,33.17
SKU-0004263,SUP-000293,True,3.08
SKU-0004264,SUP-000148,True,13.82
SKU-0004265,SUP-000312,True,83.3
SKU-0004265,SUP-000320,False,75.4
SKU-0004266,SUP-000138,True,24.7
SKU-0004267,SUP-000416,True,1.23
SKU-0004268,SUP-000341,True,18.0
SKU-0004269,SUP-000126,True,
SKU-0004270,SUP-000231,True,27.76
SKU-0004271,SUP-000066,True,10.68
SKU-0004271,SUP-000159,False,8.83
SKU-0004272,SUP-000172,True,30.6
SKU-0004273,SUP-000057,True,17.49
SKU-0004274,SUP-000440,True,5.11
SKU-0004275,SUP-000327,True,16.18
SKU-0004275,SUP-000133,False,15.6
SKU-0004276,SUP-000268,True,5.75
SKU-0004277,SUP-000273,True,27.52
SKU-0004278,SUP-000418,True,109.31
SKU-0004279,SUP-000253,True,3.28
SKU-0004279,SUP-000187,False,2.89
SKU-0004279,SUP-000183,False,2.55
SKU-0004280,SUP-000186,True,1.84
SKU-0004280,SUP-000440,False,1.51
SKU-0004281,SUP-000117,True,74.03
SKU-0004282,SUP-000383,True,29.24
SKU-0004283,SUP-000434,True,3.47
SKU-0004284,SUP-000274,True,9.73
SKU-0004285,SUP-000058,True,6.32
SKU-0004286,SUP-000066,True,1.32
SKU-0004287,SUP-000361,True,20.91
SKU-0004287,SUP-000290,False,22.33
SKU-0004288,SUP-000450,True,29.26
SKU-0004289,SUP-000297,True,5.21
SKU-0004289,SUP-000301,False,5.61
SKU-0004290,SUP-000243,True,62.94
SKU-0004291,SUP-000191,True,10.45
SKU-0004291,SUP-000302,False,11.65
SKU-0004291,SUP-000295,False,11.85
SKU-0004292,SUP-000028,True,11.81
SKU-0004293,SUP-000180,True,9.48
SKU-0004294,SUP-000355,True,3.31
SKU-0004295,SUP-000076,True,18.08
SKU-0004295,SUP-000011,False,22.37
SKU-0004296,SUP-000238,True,5.54
SKU-0004296,SUP-000286,False,6.49
SKU-0004297,SUP-000098,True,24.33
SKU-0004298,SUP-000300,True,6.48
SKU-0004299,SUP-000198,True,8.29
SKU-0004300,SUP-000006,True,41.19
SKU-0004300,SUP-000348,False,50.76
SKU-0004301,SUP-000322,True,6.22
SKU-0004302,SUP-000222,True,4.06
SKU-0004303,SUP-000202,True,25.03
SKU-0004303,SUP-000013,False,25.09
SKU-0004304,SUP-000365,True,12.44
SKU-0004305,SUP-000029,True,29.46
SKU-0004306,SUP-000282,True,7.64
SKU-0004306,SUP-000006,False,8.25
SKU-0004307,SUP-000436,True,13.78
SKU-0004308,SUP-000093,True,0.45
SKU-0004308,SUP-000068,False,0.46
SKU-0004309,SUP-000427,True,6.04
SKU-0004309,SUP-000399,False,5.66
SKU-0004310,SUP-000203,True,2.1
SKU-0004311,SUP-000152,True,85.51
SKU-0004312,SUP-000240,True,46.23
SKU-0004313,SUP-000191,True,12.08
SKU-0004314,SUP-000165,True,26.97
SKU-0004315,SUP-000227,True,1.77
SKU-0004315,SUP-000333,False,1.85
SKU-0004316,SUP-000348,True,19.44
SKU-0004317,SUP-000365,True,16.75
SKU-0004317,SUP-000447,False,13.47
SKU-0004318,SUP-000305,True,11.91
SKU-0004319,SUP-000179,True,18.98
SKU-0004319,SUP-000284,False,21.27
SKU-0004320,SUP-000210,True,3.78
SKU-0004321,SUP-000342,True,16.14
SKU-0004322,SUP-000155,True,8.53
SKU-0004323,SUP-000346,True,26.51
SKU-0004324,SUP-000177,True,
SKU-0004325,SUP-000068,True,3.33
SKU-0004325,SUP-000347,False,3.89
SKU-0004326,SUP-000398,True,1.06
SKU-0004327,SUP-000094,True,4.08
SKU-0004327,SUP-000013,False,4.4
SKU-0004328,SUP-000175,True,7.73
SKU-0004328,SUP-000289,False,8.44
SKU-0004329,SUP-000400,True,5.05
SKU-0004330,SUP-000164,True,5.94
SKU-0004331,SUP-000347,True,0.84
SKU-0004332,SUP-000309,True,23.6
SKU-0004333,SUP-000392,True,20.64
SKU-0004333,SUP-000081,False,20.14
SKU-0004333,SUP-000335,False,18.8
SKU-0004334,SUP-000162,True,2.2
SKU-0004335,SUP-000269,True,6.75
SKU-0004335,SUP-000066,False,6.04
SKU-0004336,SUP-000021,True,54.26
SKU-0004337,SUP-000021,True,8.9
SKU-0004338,SUP-000424,True,2.13
SKU-0004339,SUP-000063,True,9.04
SKU-0004339,SUP-000084,False,10.85
SKU-0004340,SUP-000307,True,1.48
SKU-0004341,SUP-000306,True,1.5
SKU-0004341,SUP-000022,False,1.75
SKU-0004342,SUP-000097,True,58.15
SKU-0004342,SUP-000414,False,52.91
SKU-0004343,SUP-000297,True,6.34
SKU-0004344,SUP-000212,True,49.1
SKU-0004345,SUP-000362,True,24.32
SKU-0004345,SUP-000239,False,28.16
SKU-0004346,SUP-000156,True,7.75
SKU-0004347,SUP-000308,True,4.59
SKU-0004348,SUP-000335,True,8.86
SKU-0004349,SUP-000148,True,72.87
SKU-0004349,SUP-000301,False,64.43
SKU-0004350,SUP-000219,True,4.73
SKU-0004351,SUP-000272,True,35.37
SKU-0004352,SUP-000032,True,31.35
SKU-0004353,SUP-000031,True,1.75
SKU-0004354,SUP-000171,True,17.88
SKU-0004355,SUP-000423,True,28.69
SKU-0004356,SUP-000211,True,4.06
SKU-0004357,SUP-000448,True,10.38
SKU-0004358,SUP-000320,True,30.48
SKU-0004358,SUP-000415,False,27.45
SKU-0004359,SUP-000134,True,16.17
SKU-0004359,SUP-000386,False,16.16
SKU-0004360,SUP-000348,True,17.72
SKU-0004361,SUP-000296,True,12.27
SKU-0004362,SUP-000238,True,3.32
SKU-0004363,SUP-000246,True,22.23
SKU-0004363,SUP-000108,False,28.23
SKU-0004364,SUP-000108,True,23.84
SKU-0004365,SUP-000202,True,7.23
SKU-0004366,SUP-000234,True,153.34
SKU-0004367,SUP-000215,True,301.61
SKU-0004367,SUP-000028,False,279.46
SKU-0004368,SUP-000390,True,5.11
SKU-0004369,SUP-000364,True,349.52
SKU-0004370,SUP-000420,True,20.86
SKU-0004371,SUP-000398,True,0.77
SKU-0004372,SUP-000226,True,-22.91
SKU-0004372,SUP-000105,False,-19.3
SKU-0004373,SUP-000209,True,69.4
SKU-0004374,SUP-000147,True,47.71
SKU-0004375,SUP-000398,True,64.13
SKU-0004376,SUP-000099,True,92.79
SKU-0004377,SUP-000153,True,4.51
SKU-0004378,SUP-000100,True,14.05
SKU-0004379,SUP-000197,True,16.89
SKU-0004380,SUP-000227,True,313.28
SKU-0004381,SUP-000127,True,2.4
SKU-0004382,SUP-000193,True,35.75
SKU-0004383,SUP-000080,True,40.3
SKU-0004383,SUP-000353,False,39.24
SKU-0004383,SUP-000140,False,39.53
SKU-0004384,SUP-000005,True,60.92
SKU-0004385,SUP-000325,True,8.79
SKU-0004386,SUP-000235,True,12.67
SKU-0004387,SUP-000423,True,5.92
SKU-0004387,SUP-000350,False,6.17
SKU-0004388,SUP-000273,True,37.82
SKU-0004389,SUP-000151,True,22.27
SKU-0004390,SUP-000411,True,39.32
SKU-0004391,SUP-000358,True,7.37
SKU-0004392,SUP-000168,True,10.18
SKU-0004393,SUP-000045,True,1.44
SKU-0004394,SUP-000283,True,45.66
SKU-0004394,SUP-000294,False,
SKU-0004395,SUP-000022,True,26.53
SKU-0004396,SUP-000283,True,2.46
SKU-0004397,SUP-000126,True,83.08
SKU-0004398,SUP-000431,True,11.49
SKU-0004398,SUP-000206,False,10.83
SKU-0004399,SUP-000191,True,14.63
SKU-0004399,SUP-000397,False,12.9
SKU-0004400,SUP-000215,True,6.46
SKU-0004401,SUP-000450,True,10.34
SKU-0004401,SUP-000365,False,11.83
SKU-0004402,SUP-000089,True,16.32
SKU-0004403,SUP-000092,True,6.36
SKU-0004403,SUP-000210,False,5.57
SKU-0004404,SUP-000393,True,1.29
SKU-0004404,SUP-000072,False,1.36
SKU-0004405,SUP-000003,True,47.18
SKU-0004405,SUP-000274,False,47.18
SKU-0004406,SUP-000417,True,31.77
SKU-0004406,SUP-000422,False,25.16
SKU-0004406,SUP-000387,False,24.31
SKU-0004407,SUP-000355,True,5.58
SKU-0004408,SUP-000026,True,145.68
SKU-0004408,SUP-000355,False,151.36
SKU-0004409,SUP-000298,True,37.24
SKU-0004410,SUP-000150,True,9.34
SKU-0004411,SUP-000310,True,50.01
SKU-0004411,SUP-000203,False,56.3
SKU-0004412,SUP-000277,True,2.27
SKU-0004412,SUP-000080,False,2.02
SKU-0004413,SUP-000036,True,13.87
SKU-0004414,SUP-000264,True,0.82
SKU-0004414,SUP-000419,False,0.72
SKU-0004415,SUP-000005,True,8.82
SKU-0004416,SUP-000200,True,136.06
SKU-0004416,SUP-000371,False,151.25
SKU-0004417,SUP-000292,True,10.05
SKU-0004417,SUP-000022,False,8.45
SKU-0004417,SUP-000301,False,10.43
SKU-0004418,SUP-000139,True,11.99
SKU-0004419,SUP-000374,True,6.56
SKU-0004420,SUP-000443,True,22.98
SKU-0004421,SUP-000333,True,13.55
SKU-0004421,SUP-000315,False,12.65
SKU-0004422,SUP-000395,True,1.45
SKU-0004423,SUP-000260,True,5.01
SKU-0004423,SUP-000388,False,5.18
SKU-0004423,SUP-000241,False,4.95
SKU-0004424,SUP-000442,True,6.49
SKU-0004425,SUP-000049,True,16.06
SKU-0004426,SUP-000418,True,28.39
SKU-0004426,SUP-000216,False,28.59
SKU-0004427,SUP-000002,True,13.75
SKU-0004428,SUP-000083,True,10.67
SKU-0004429,SUP-000391,True,63.44
SKU-0004429,SUP-000101,False,66.13
SKU-0004430,SUP-000050,True,34.95
SKU-0004431,SUP-000034,True,23.0
SKU-0004432,SUP-000222,True,15.06
SKU-0004433,SUP-000046,True,7.45
SKU-0004434,SUP-000021,True,11.01
SKU-0004435,SUP-000356,True,2.34
SKU-0004436,SUP-000157,True,26.73
SKU-0004437,SUP-000189,True,2.79
SKU-0004438,SUP-000329,True,27.84
SKU-0004439,SUP-000384,True,87.15
SKU-0004440,SUP-000426,True,2.71
SKU-0004440,SUP-000421,False,2.83
SKU-0004441,SUP-000403,True,0.46
SKU-0004441,SUP-000167,False,0.43
SKU-0004442,SUP-000391,True,49.79
SKU-0004443,SUP-000262,True,42.81
SKU-0004444,SUP-000335,True,179.69
SKU-0004445,SUP-000351,True,1.94
SKU-0004446,SUP-000036,True,28.01
SKU-0004446,SUP-000003,False,26.9
SKU-0004447,SUP-000448,True,35.41
SKU-0004448,SUP-000103,True,4.84
SKU-0004449,SUP-000240,True,6.1
SKU-0004450,SUP-000127,True,3.34
SKU-0004451,SUP-000280,True,17.63
SKU-0004452,SUP-000088,True,12.17
SKU-0004453,SUP-000182,True,24.91
SKU-0004454,SUP-000103,True,63.55
SKU-0004454,SUP-000319,False,70.0
SKU-0004455,SUP-000321,True,13.05
SKU-0004456,SUP-000165,True,30.96
SKU-0004457,SUP-000288,True,12.85
SKU-0004458,SUP-000374,True,11.79
SKU-0004459,SUP-000407,True,56.21
SKU-0004460,SUP-000289,True,6.47
SKU-0004461,SUP-000396,True,49.18
SKU-0004462,SUP-000059,True,2.32
SKU-0004462,SUP-000103,False,2.31
SKU-0004463,SUP-000138,True,23.5
SKU-0004463,SUP-000149,False,21.93
SKU-0004463,SUP-000152,False,19.57
SKU-0004464,SUP-000287,True,57.96
SKU-0004464,SUP-000341,False,49.51
SKU-0004465,SUP-000316,True,5.36
SKU-0004466,SUP-000194,True,2.88
SKU-0004467,SUP-000084,True,4.38
SKU-0004468,SUP-000247,True,24.93
SKU-0004468,SUP-000165,False,21.13
SKU-0004468,SUP-000016,False,21.76
SKU-0004469,SUP-000213,True,2.73
SKU-0004470,SUP-000285,True,11.73
SKU-0004471,SUP-000100,True,16.87
SKU-0004472,SUP-000144,True,64.76
SKU-0004472,SUP-000406,False,83.85
SKU-0004473,SUP-000309,True,3.42
SKU-0004474,SUP-000177,True,2.14
SKU-0004475,SUP-000407,True,216.81
SKU-0004475,SUP-000352,False,205.08
SKU-0004476,SUP-000312,True,4.57
SKU-0004477,SUP-000077,True,28.43
SKU-0004478,SUP-000166,True,10.26
SKU-0004479,SUP-000151,True,2.73
SKU-0004480,SUP-000287,True,2.12
SKU-0004481,SUP-000087,True,13.8
SKU-0004482,SUP-000312,True,7.1
SKU-0004482,SUP-000138,False,8.8
SKU-0004483,SUP-000414,True,66.03
SKU-0004484,SUP-000058,True,91.88
SKU-0004485,SUP-000268,True,1.31
SKU-0004486,SUP-000446,True,1.72
SKU-0004487,SUP-000359,True,33.95
SKU-0004487,SUP-000382,False,32.53
SKU-0004488,SUP-000319,True,18.88
SKU-0004489,SUP-000136,True,3.1
SKU-0004490,SUP-000052,True,2.79
SKU-0004491,SUP-000167,True,31.07
SKU-0004492,SUP-000114,True,54.63
SKU-0004493,SUP-000301,True,4.04
SKU-0004493,SUP-000394,False,3.99
SKU-0004494,SUP-000153,True,94.87
SKU-0004495,SUP-000038,True,5.21
SKU-0004496,SUP-000210,True,13.74
SKU-0004497,SUP-000020,True,6.98
SKU-0004497,SUP-000180,False,8.36
SKU-0004498,SUP-000373,True,37.62
SKU-0004499,SUP-000042,True,8.63
SKU-0004500,SUP-000115,True,24.04
SKU-0004501,SUP-000041,True,0.55
SKU-0004502,SUP-000378,True,1.31
SKU-0004502,SUP-000132,False,1.18
SKU-0004503,SUP-000038,True,2.74
SKU-0004504,SUP-000092,True,7.73
SKU-0004505,SUP-000315,True,98.57
SKU-0004506,SUP-000200,True,22.67
SKU-0004507,SUP-000225,True,8.1
SKU-0004507,SUP-000246,False,8.64
SKU-0004508,SUP-000358,True,85.89
SKU-0004509,SUP-000116,True,33.22
SKU-0004510,SUP-000354,True,10.16
SKU-0004511,SUP-000146,True,54.65
SKU-0004512,SUP-000302,True,1.85
SKU-0004513,SUP-000224,True,27.0
SKU-0004514,SUP-000167,True,693.71
SKU-0004515,SUP-000428,True,3.99
SKU-0004516,SUP-000184,True,10.47
SKU-0004516,SUP-000115,False,11.44
SKU-0004517,SUP-000324,True,51.86
SKU-0004518,SUP-000379,True,3.08
SKU-0004518,SUP-000249,False,2.66
SKU-0004519,SUP-000055,True,-2.91
SKU-0004520,SUP-000134,True,0.39
SKU-0004520,SUP-000209,False,0.35
SKU-0004521,SUP-000314,True,9.52
SKU-0004522,SUP-000316,True,8.97
SKU-0004522,SUP-000175,False,7.97
SKU-0004523,SUP-000114,True,6.05
SKU-0004523,SUP-000236,False,7.79
SKU-0004523,SUP-000128,False,5.87
SKU-0004524,SUP-000331,True,692.97
SKU-0004524,SUP-000377,False,764.64
SKU-0004525,SUP-000223,True,-4.99
SKU-0004525,SUP-000188,False,-6.03
SKU-0004526,SUP-000193,True,0.94
SKU-0004526,SUP-000443,False,0.88
SKU-0004527,SUP-000418,True,17.56
SKU-0004528,SUP-000388,True,2.63
SKU-0004529,SUP-000114,True,7.11
SKU-0004530,SUP-000390,True,30.68
SKU-0004531,SUP-000217,True,20.26
SKU-0004531,SUP-000068,False,
SKU-0004532,SUP-000421,True,66.66
SKU-0004533,SUP-000334,True,9.17
SKU-0004533,SUP-000008,False,9.96
SKU-0004534,SUP-000373,True,9.18
SKU-0004535,SUP-000293,True,22.5
SKU-0004536,SUP-000148,True,8.58
SKU-0004536,SUP-000426,False,7.42
SKU-0004537,SUP-000080,True,3.6
SKU-0004537,SUP-000159,False,3.27
SKU-0004538,SUP-000237,True,
SKU-0004539,SUP-000247,True,45.7
SKU-0004540,SUP-000087,True,
SKU-0004540,SUP-000439,False,22.54
SKU-0004540,SUP-000156,False,22.68
SKU-0004541,SUP-000225,True,16.19
SKU-0004542,SUP-000349,True,15.41
SKU-0004543,SUP-000211,True,13.34
SKU-0004544,SUP-000230,True,10.53
SKU-0004544,SUP-000084,False,10.69
SKU-0004545,SUP-000275,True,1.65
SKU-0004546,SUP-000052,True,1.38
SKU-0004546,SUP-000365,False,1.65
SKU-0004547,SUP-000059,True,23.24
SKU-0004548,SUP-000010,True,271.04
SKU-0004548,SUP-000185,False,294.46
SKU-0004549,SUP-000342,True,8.88
SKU-0004550,SUP-000054,True,6.95
SKU-0004551,SUP-000252,True,4.24
SKU-0004551,SUP-000360,False,3.64
SKU-0004552,SUP-000412,True,
SKU-0004553,SUP-000078,True,23.6
SKU-0004553,SUP-000012,False,20.27
SKU-0004554,SUP-000392,True,6.49
SKU-0004555,SUP-000434,True,23.74
SKU-0004556,SUP-000072,True,4.25
SKU-0004556,SUP-000136,False,4.82
SKU-0004557,SUP-000043,True,129.85
SKU-0004557,SUP-000132,False,135.12
SKU-0004558,SUP-000254,True,2.72
SKU-0004558,SUP-000289,False,3.43
SKU-0004559,SUP-000441,True,95.43
SKU-0004560,SUP-000123,True,23.91
SKU-0004560,SUP-000142,False,25.53
SKU-0004560,SUP-000002,False,26.69
SKU-0004561,SUP-000053,True,4.19
SKU-0004561,SUP-000234,False,3.88
SKU-0004562,SUP-000237,True,5.87
SKU-0004563,SUP-000210,True,2.35
SKU-0004564,SUP-000372,True,7.86
SKU-0004565,SUP-000061,True,4.26
SKU-0004566,SUP-000166,True,16.77
SKU-0004566,SUP-000103,False,20.78
SKU-0004566,SUP-000171,False,16.53
SKU-0004567,SUP-000023,True,6.13
SKU-0004567,SUP-000321,False,6.39
SKU-0004568,SUP-000187,True,16.21
SKU-0004569,SUP-000330,True,5.51
SKU-0004570,SUP-000171,True,29.01
SKU-0004571,SUP-000433,True,2.67
SKU-0004571,SUP-000341,False,2.65
SKU-0004572,SUP-000286,True,0.83
SKU-0004572,SUP-000027,False,0.73
SKU-0004573,SUP-000134,True,5.73
SKU-0004573,SUP-000246,False,6.05
SKU-0004574,SUP-000442,True,0.98
SKU-0004575,SUP-000278,True,14.2
SKU-0004575,SUP-000134,False,12.19
SKU-0004575,SUP-000117,False,11.3
SKU-0004576,SUP-000034,True,18.77
SKU-0004577,SUP-000024,True,7.13
SKU-0004577,SUP-000235,False,7.67
SKU-0004578,SUP-000152,True,10.34
SKU-0004578,SUP-000219,False,9.31
SKU-0004579,SUP-000230,True,25.02
SKU-0004580,SUP-000259,True,4.24
SKU-0004581,SUP-000199,True,-1.62
SKU-0004581,SUP-000111,False,-1.93
SKU-0004582,SUP-000406,True,1.1
SKU-0004583,SUP-000182,True,3.98
SKU-0004584,SUP-000095,True,1.86
SKU-0004585,SUP-000326,True,8.3
SKU-0004586,SUP-000335,True,24.47
SKU-0004587,SUP-000151,True,14.69
SKU-0004588,SUP-000431,True,55.41
SKU-0004589,SUP-000370,True,68.83
SKU-0004590,SUP-000107,True,79.22
SKU-0004591,SUP-000207,True,4.93
SKU-0004591,SUP-000008,False,5.4
SKU-0004591,SUP-000346,False,5.21
SKU-0004592,SUP-000153,True,1.93
SKU-0004593,SUP-000337,True,6.8
SKU-0004594,SUP-000442,True,13.65
SKU-0004595,SUP-000380,True,8.47
SKU-0004596,SUP-000291,True,2.69
SKU-0004597,SUP-000106,True,19.77
SKU-0004597,SUP-000352,False,21.12
SKU-0004598,SUP-000438,True,4.58
SKU-0004598,SUP-000100,False,4.61
SKU-0004598,SUP-000086,False,4.12
SKU-0004599,SUP-000386,True,74.18
SKU-0004599,SUP-000291,False,61.06
SKU-0004600,SUP-000197,True,59.95
SKU-0004601,SUP-000260,True,163.5
SKU-0004602,SUP-000175,True,73.16
SKU-0004603,SUP-000264,True,12.02
SKU-0004604,SUP-000149,True,12.42
SKU-0004605,SUP-000144,True,11.64
SKU-0004605,SUP-000009,False,12.08
SKU-0004605,SUP-000061,False,11.1
SKU-0004606,SUP-000448,True,361.26
SKU-0004606,SUP-000022,False,326.84
SKU-0004607,SUP-000428,True,15.07
SKU-0004608,SUP-000354,True,16.73
SKU-0004609,SUP-000106,True,17.62
SKU-0004610,SUP-000214,True,1.84
SKU-0004610,SUP-000110,False,1.86
SKU-0004611,SUP-000121,True,10.07
SKU-0004612,SUP-000363,True,1.62
SKU-0004613,SUP-000053,True,138.64
SKU-0004613,SUP-000219,False,120.35
SKU-0004613,SUP-000185,False,153.72
SKU-0004614,SUP-000257,True,6.18
SKU-0004615,SUP-000265,True,25.23
SKU-0004615,SUP-000141,False,29.44
SKU-0004616,SUP-000304,True,-12.83
SKU-0004616,SUP-000366,False,-12.93
SKU-0004617,SUP-000049,True,22.22
SKU-0004618,SUP-000195,True,11.5
SKU-0004619,SUP-000130,True,-4.79
SKU-0004620,SUP-000060,True,3.27
SKU-0004621,SUP-000444,True,2.9
SKU-0004622,SUP-000045,True,6.84
SKU-0004622,SUP-000026,False,6.05
SKU-0004623,SUP-000442,True,9.97
SKU-0004624,SUP-000216,True,2.39
SKU-0004625,SUP-000161,True,4.83
SKU-0004626,SUP-000084,True,6.2
SKU-0004627,SUP-000300,True,6.62
SKU-0004628,SUP-000121,True,20.4
SKU-0004628,SUP-000259,False,17.18
SKU-0004629,SUP-000434,True,11.98
SKU-0004629,SUP-000361,False,13.08
SKU-0004630,SUP-000121,True,14.79
SKU-0004630,SUP-000020,False,12.4
SKU-0004630,SUP-000423,False,13.5
SKU-0004631,SUP-000018,True,28.96
SKU-0004631,SUP-000178,False,28.71
SKU-0004632,SUP-000002,True,5.82
SKU-0004633,SUP-000406,True,17.8
SKU-0004634,SUP-000166,True,24.61
SKU-0004634,SUP-000026,False,27.13
SKU-0004635,SUP-000267,True,13.29
SKU-0004636,SUP-000194,True,51.52
SKU-0004637,SUP-000361,True,25.77
SKU-0004638,SUP-000219,True,31.39
SKU-0004638,SUP-000237,False,33.66
SKU-0004639,SUP-000179,True,27.42
SKU-0004640,SUP-000096,True,1.82
SKU-0004641,SUP-000164,True,1.62
SKU-0004642,SUP-000280,True,22.16
SKU-0004643,SUP-000164,True,8.85
SKU-0004644,SUP-000040,True,26.18
SKU-0004645,SUP-000002,True,4.04
SKU-0004645,SUP-000275,False,4.04
SKU-0004646,SUP-000101,True,2.52
SKU-0004646,SUP-000153,False,3.01
SKU-0004647,SUP-000428,True,20.39
SKU-0004648,SUP-000249,True,13.66
SKU-0004648,SUP-000123,False,13.59
SKU-0004649,SUP-000141,True,30.47
SKU-0004650,SUP-000415,True,29.09
SKU-0004650,SUP-000075,False,35.64
SKU-0004651,SUP-000127,True,48.05
SKU-0004652,SUP-000255,True,7.78
SKU-0004653,SUP-000228,True,25.53
SKU-0004654,SUP-000082,True,41.35
SKU-0004655,SUP-000215,True,18.48
SKU-0004656,SUP-000093,True,6.63
SKU-0004657,SUP-000327,True,3.54
SKU-0004658,SUP-000320,True,8.69
SKU-0004659,SUP-000321,True,21.71
SKU-0004660,SUP-000079,True,5.58
SKU-0004661,SUP-000128,True,11.23
SKU-0004662,SUP-000016,True,53.82
SKU-0004662,SUP-000286,False,53.37
SKU-0004663,SUP-000265,True,3.84
SKU-0004664,SUP-000047,True,1.89
SKU-0004665,SUP-000217,True,49.31
SKU-0004666,SUP-000147,True,20.83
SKU-0004667,SUP-000367,True,10.68
SKU-0004667,SUP-000012,False,8.98
SKU-0004668,SUP-000019,True,1.94
SKU-0004669,SUP-000440,True,3.32
SKU-0004670,SUP-000302,True,8.7
SKU-0004671,SUP-000048,True,9.0
SKU-0004672,SUP-000200,True,3.69
SKU-0004673,SUP-000205,True,8.36
SKU-0004673,SUP-000365,False,7.54
SKU-0004674,SUP-000105,True,9.99
SKU-0004675,SUP-000381,True,54.15
SKU-0004676,SUP-000244,True,1.86
SKU-0004677,SUP-000354,True,10.24
SKU-0004678,SUP-000281,True,1.99
SKU-0004678,SUP-000153,False,1.88
SKU-0004679,SUP-000438,True,1.58
SKU-0004679,SUP-000004,False,1.38
SKU-0004679,SUP-000156,False,1.54
SKU-0004680,SUP-000018,True,11.06
SKU-0004680,SUP-000033,False,10.3
SKU-0004680,SUP-000159,False,10.98
SKU-0004681,SUP-000213,True,0.82
SKU-0004682,SUP-000050,True,2.21
SKU-0004683,SUP-000151,True,30.48
SKU-0004684,SUP-000322,True,3.94
SKU-0004684,SUP-000232,False,4.32
SKU-0004685,SUP-000090,True,15.9
SKU-0004685,SUP-000097,False,18.7
SKU-0004686,SUP-000134,True,6.35
SKU-0004687,SUP-000046,True,16.2
SKU-0004688,SUP-000387,True,4.21
SKU-0004688,SUP-000315,False,4.02
SKU-0004689,SUP-000101,True,3.23
SKU-0004690,SUP-000100,True,0.69
SKU-0004690,SUP-000365,False,0.79
SKU-0004691,SUP-000386,True,7.19
SKU-0004692,SUP-000041,True,23.78
SKU-0004692,SUP-000429,False,25.28
SKU-0004693,SUP-000240,True,1.77
SKU-0004694,SUP-000354,True,17.76
SKU-0004695,SUP-000254,True,55.79
SKU-0004695,SUP-000232,False,62.27
SKU-0004696,SUP-000326,True,33.96
SKU-0004697,SUP-000297,True,17.9
SKU-0004698,SUP-000190,True,52.81
SKU-0004698,SUP-000399,False,42.48
SKU-0004699,SUP-000425,True,5.48
SKU-0004700,SUP-000030,True,60.75
SKU-0004700,SUP-000290,False,63.63
SKU-0004701,SUP-000031,True,186.51
SKU-0004702,SUP-000420,True,103.49
SKU-0004703,SUP-000350,True,29.85
SKU-0004704,SUP-000292,True,3.14
SKU-0004705,SUP-000444,True,7.28
SKU-0004706,SUP-000164,True,8.65
SKU-0004707,SUP-000146,True,10.85
SKU-0004708,SUP-000308,True,1.74
SKU-0004709,SUP-000047,True,
SKU-0004709,SUP-000295,False,16.93
SKU-0004710,SUP-000121,True,4.07
SKU-0004710,SUP-000098,False,4.84
SKU-0004711,SUP-000285,True,15.27
SKU-0004712,SUP-000142,True,12.85
SKU-0004713,SUP-000254,True,2.98
SKU-0004713,SUP-000142,False,2.54
SKU-0004714,SUP-000417,True,10.84
SKU-0004714,SUP-000025,False,8.42
SKU-0004715,SUP-000415,True,34.13
SKU-0004716,SUP-000258,True,28.01
SKU-0004717,SUP-000367,True,234.75
SKU-0004718,SUP-000334,True,17.1
SKU-0004719,SUP-000190,True,147.26
SKU-0004719,SUP-000200,False,132.23
SKU-0004720,SUP-000128,True,5.46
SKU-0004721,SUP-000404,True,14.6
SKU-0004722,SUP-000386,True,24.17
SKU-0004723,SUP-000159,True,1.6
SKU-0004723,SUP-000033,False,1.25
SKU-0004724,SUP-000004,True,34.82
SKU-0004725,SUP-000002,True,2.66
SKU-0004726,SUP-000258,True,12.99
SKU-0004726,SUP-000175,False,15.57
SKU-0004726,SUP-000100,False,12.2
SKU-0004727,SUP-000238,True,4.64
SKU-0004728,SUP-000093,True,28.31
SKU-0004729,SUP-000326,True,53.47
SKU-0004730,SUP-000225,True,9.52
SKU-0004731,SUP-000441,True,2.65
SKU-0004732,SUP-000272,True,6.74
SKU-0004733,SUP-000081,True,27.89
SKU-0004734,SUP-000350,True,10.47
SKU-0004734,SUP-000432,False,11.58
SKU-0004735,SUP-000096,True,48.05
SKU-0004736,SUP-000401,True,13.63
SKU-0004737,SUP-000128,True,6.07
SKU-0004738,SUP-000407,True,21.4
SKU-0004739,SUP-000441,True,24.52
SKU-0004740,SUP-000404,True,15.54
SKU-0004741,SUP-000142,True,1.73
SKU-0004742,SUP-000128,True,16.54
SKU-0004743,SUP-000333,True,13.31
SKU-0004744,SUP-000408,True,1.13
SKU-0004745,SUP-000144,True,5.66
SKU-0004745,SUP-000107,False,6.25
SKU-0004746,SUP-000312,True,2.8
SKU-0004746,SUP-000116,False,3.29
SKU-0004747,SUP-000206,True,
SKU-0004748,SUP-000372,True,16.33
SKU-0004749,SUP-000069,True,21.99
SKU-0004750,SUP-000308,True,10.2
SKU-0004750,SUP-000114,False,12.17
SKU-0004751,SUP-000225,True,2.91
SKU-0004751,SUP-000128,False,3.43
SKU-0004752,SUP-000329,True,27.37
SKU-0004752,SUP-000363,False,22.1
SKU-0004753,SUP-000335,True,40.44
SKU-0004753,SUP-000290,False,39.48
SKU-0004754,SUP-000349,True,6.96
SKU-0004754,SUP-000410,False,7.76
SKU-0004755,SUP-000310,True,2.88
SKU-0004756,SUP-000220,True,246.61
SKU-0004757,SUP-000012,True,17.89
SKU-0004758,SUP-000378,True,120.15
SKU-0004758,SUP-000421,False,110.05
SKU-0004758,SUP-000242,False,100.91
SKU-0004759,SUP-000216,True,0.36
SKU-0004760,SUP-000035,True,1.22
SKU-0004761,SUP-000218,True,7.84
SKU-0004762,SUP-000017,True,-9.13
SKU-0004763,SUP-000063,True,51.3
SKU-0004764,SUP-000430,True,5.93
SKU-0004765,SUP-000406,True,6.39
SKU-0004766,SUP-000385,True,7.16
SKU-0004767,SUP-000378,True,40.76
SKU-0004767,SUP-000101,False,40.86
SKU-0004768,SUP-000407,True,45.96
SKU-0004769,SUP-000399,True,14.18
SKU-0004770,SUP-000316,True,22.41
SKU-0004770,SUP-000331,False,24.81
SKU-0004770,SUP-000311,False,22.18
SKU-0004771,SUP-000322,True,2.74
SKU-0004771,SUP-000043,False,3.09
SKU-0004772,SUP-000214,True,22.54
SKU-0004773,SUP-000263,True,110.34
SKU-0004774,SUP-000116,True,23.41
SKU-0004775,SUP-000150,True,64.51
SKU-0004776,SUP-000219,True,6.49
SKU-0004777,SUP-000121,True,38.96
SKU-0004778,SUP-000272,True,28.51
SKU-0004779,SUP-000119,True,4.65
SKU-0004780,SUP-000321,True,35.23
SKU-0004781,SUP-000176,True,93.64
SKU-0004782,SUP-000306,True,17.84
SKU-0004782,SUP-000193,False,15.92
SKU-0004783,SUP-000142,True,70.77
SKU-0004783,SUP-000047,False,78.92
SKU-0004784,SUP-000401,True,7.14
SKU-0004785,SUP-000311,True,34.57
SKU-0004786,SUP-000209,True,12.98
SKU-0004787,SUP-000122,True,18.81
SKU-0004788,SUP-000103,True,14.94
SKU-0004789,SUP-000284,True,8.41
SKU-0004789,SUP-000251,False,6.71
SKU-0004790,SUP-000229,True,4.25
SKU-0004791,SUP-000026,True,3.08
SKU-0004792,SUP-000338,True,2.92
SKU-0004792,SUP-000392,False,3.14
SKU-0004793,SUP-000327,True,11.79
SKU-0004794,SUP-000164,True,2.67
SKU-0004794,SUP-000083,False,2.39
SKU-0004795,SUP-000130,True,4.78
SKU-0004796,SUP-000392,True,27.81
SKU-0004797,SUP-000090,True,27.79
SKU-0004798,SUP-000308,True,2.0
SKU-0004799,SUP-000364,True,2.94
SKU-0004800,SUP-000449,True,1.72
SKU-0004801,SUP-000147,True,16.36
SKU-0004802,SUP-000340,True,41.97
SKU-0004803,SUP-000341,True,3.03
SKU-0004804,SUP-000320,True,10.61
SKU-0004804,SUP-000029,False,10.8
SKU-0004804,SUP-000005,False,10.04
SKU-0004805,SUP-000439,True,16.37
SKU-0004805,SUP-000418,False,12.73
SKU-0004806,SUP-000303,True,1.51
SKU-0004806,SUP-000279,False,1.57
SKU-0004806,SUP-000352,False,1.63
SKU-0004807,SUP-000373,True,325.41
SKU-0004808,SUP-000206,True,3.27
SKU-0004809,SUP-000151,True,3.82
SKU-0004810,SUP-000067,True,10.1
SKU-0004811,SUP-000135,True,15.4
SKU-0004812,SUP-000359,True,
SKU-0004812,SUP-000398,False,1.92
SKU-0004813,SUP-000161,True,4.76
SKU-0004814,SUP-000097,True,29.97
SKU-0004815,SUP-000381,True,54.62
SKU-0004815,SUP-000286,False,52.81
SKU-0004815,SUP-000158,False,43.19
SKU-0004816,SUP-000177,True,13.21
SKU-0004817,SUP-000426,True,3.05
SKU-0004818,SUP-000112,True,11.93
SKU-0004819,SUP-000009,True,71.94
SKU-0004820,SUP-000018,True,20.2
SKU-0004821,SUP-000197,True,12.38
SKU-0004821,SUP-000449,False,16.52
SKU-0004822,SUP-000243,True,6.92
SKU-0004823,SUP-000055,True,21.48
SKU-0004824,SUP-000239,True,48.61
SKU-0004825,SUP-000448,True,14.05
SKU-0004826,SUP-000304,True,28.8
SKU-0004826,SUP-000445,False,30.59
SKU-0004827,SUP-000112,True,7.37
SKU-0004828,SUP-000421,True,26.97
SKU-0004829,SUP-000169,True,19.06
SKU-0004830,SUP-000243,True,53.29
SKU-0004831,SUP-000157,True,5.05
SKU-0004831,SUP-000289,False,4.75
SKU-0004832,SUP-000086,True,2.09
SKU-0004833,SUP-000030,True,12.56
SKU-0004833,SUP-000223,False,12.72
SKU-0004834,SUP-000047,True,1.73
SKU-0004834,SUP-000308,False,1.85
SKU-0004835,SUP-000051,True,4.21
SKU-0004836,SUP-000064,True,7.3
SKU-0004836,SUP-000249,False,7.04
SKU-0004837,SUP-000157,True,44.4
SKU-0004837,SUP-000198,False,44.33
SKU-0004837,SUP-000285,False,40.6
SKU-0004838,SUP-000383,True,8.13
SKU-0004839,SUP-000051,True,4.03
SKU-0004840,SUP-000415,True,17.36
SKU-0004841,SUP-000012,True,2.75
SKU-0004841,SUP-000142,False,2.81
SKU-0004841,SUP-000153,False,3.14
SKU-0004842,SUP-000197,True,6.43
SKU-0004842,SUP-000144,False,6.41
SKU-0004843,SUP-000260,True,8.73
SKU-0004844,SUP-000084,True,10.5
SKU-0004845,SUP-000214,True,10.02
SKU-0004845,SUP-000249,False,11.51
SKU-0004846,SUP-000172,True,73.32
SKU-0004847,SUP-000360,True,30.47
SKU-0004847,SUP-000169,False,24.28
SKU-0004848,SUP-000045,True,
SKU-0004849,SUP-000212,True,39.96
SKU-0004850,SUP-000060,True,23.49
SKU-0004850,SUP-000193,False,23.39
SKU-0004850,SUP-000196,False,24.4
SKU-0004851,SUP-000253,True,83.97
SKU-0004852,SUP-000376,True,11.5
SKU-0004853,SUP-000225,True,67.91
SKU-0004854,SUP-000377,True,25.61
SKU-0004855,SUP-000013,True,2.79
SKU-0004856,SUP-000120,True,14.51
SKU-0004857,SUP-000345,True,3.27
SKU-0004857,SUP-000269,False,2.66
SKU-0004857,SUP-000385,False,3.21
SKU-0004858,SUP-000315,True,5.93
SKU-0004859,SUP-000285,True,10.87
SKU-0004860,SUP-000202,True,169.4
SKU-0004861,SUP-000224,True,17.75
SKU-0004862,SUP-000384,True,49.69
SKU-0004863,SUP-000110,True,11.88
SKU-0004863,SUP-000010,False,13.84
SKU-0004864,SUP-000224,True,7.67
SKU-0004864,SUP-000144,False,8.19
SKU-0004865,SUP-000107,True,13.68
SKU-0004866,SUP-000049,True,
SKU-0004867,SUP-000085,True,2.93
SKU-0004868,SUP-000429,True,20.46
SKU-0004869,SUP-000409,True,1.38
SKU-0004870,SUP-000035,True,12.01
SKU-0004871,SUP-000030,True,0.46
SKU-0004871,SUP-000005,False,0.47
SKU-0004872,SUP-000254,True,2.86
SKU-0004873,SUP-000158,True,12.69
SKU-0004874,SUP-000390,True,1.85
SKU-0004875,SUP-000025,True,22.65
SKU-0004876,SUP-000172,True,29.48
SKU-0004876,SUP-000120,False,25.19
SKU-0004876,SUP-000192,False,26.93
SKU-0004877,SUP-000071,True,56.75
SKU-0004878,SUP-000189,True,1.08
SKU-0004879,SUP-000066,True,23.5
SKU-0004880,SUP-000350,True,15.41
SKU-0004881,SUP-000213,True,5.95
SKU-0004882,SUP-000086,True,17.49
SKU-0004883,SUP-000370,True,7.97
SKU-0004884,SUP-000238,True,3.59
SKU-0004884,SUP-000018,False,4.8
SKU-0004885,SUP-000189,True,21.15
SKU-0004885,SUP-000081,False,21.26
SKU-0004886,SUP-000268,True,11.17
SKU-0004887,SUP-000138,True,6.19
SKU-0004888,SUP-000280,True,63.42
SKU-0004889,SUP-000376,True,4.56
SKU-0004890,SUP-000037,True,62.19
SKU-0004891,SUP-000360,True,4.13
SKU-0004891,SUP-000297,False,4.75
SKU-0004892,SUP-000014,True,3.84
SKU-0004893,SUP-000426,True,194.43
SKU-0004894,SUP-000015,True,35.4
SKU-0004895,SUP-000405,True,83.76
SKU-0004896,SUP-000102,True,85.78
SKU-0004897,SUP-000018,True,23.2
SKU-0004897,SUP-000270,False,20.83
SKU-0004898,SUP-000207,True,24.59
SKU-0004899,SUP-000040,True,1.35
SKU-0004900,SUP-000044,True,3.39
SKU-0004901,SUP-000178,True,574.21
SKU-0004902,SUP-000033,True,15.62
SKU-0004903,SUP-000331,True,112.65
SKU-0004904,SUP-000149,True,15.92
SKU-0004905,SUP-000336,True,26.01
SKU-0004906,SUP-000307,True,9.94
SKU-0004907,SUP-000303,True,14.23
SKU-0004908,SUP-000341,True,6.63
SKU-0004909,SUP-000102,True,73.86
SKU-0004910,SUP-000408,True,9.13
SKU-0004911,SUP-000378,True,4.12
SKU-0004911,SUP-000338,False,4.1
SKU-0004912,SUP-000153,True,14.87
SKU-0004913,SUP-000105,True,28.22
SKU-0004913,SUP-000291,False,32.73
SKU-0004914,SUP-000106,True,
SKU-0004915,SUP-000086,True,10.63
SKU-0004916,SUP-000149,True,15.14
SKU-0004916,SUP-000022,False,15.45
SKU-0004917,SUP-000233,True,96.56
SKU-0004918,SUP-000001,True,13.09
SKU-0004919,SUP-000002,True,29.72
SKU-0004920,SUP-000306,True,3.32
SKU-0004921,SUP-000171,True,6.16
SKU-0004922,SUP-000072,True,67.68
SKU-0004922,SUP-000253,False,77.73
SKU-0004923,SUP-000031,True,55.1
SKU-0004924,SUP-000124,True,3.62
SKU-0004925,SUP-000192,True,6.33
SKU-0004926,SUP-000033,True,42.9
SKU-0004927,SUP-000442,True,32.64
SKU-0004928,SUP-000326,True,30.53
SKU-0004929,SUP-000348,True,4.02
SKU-0004930,SUP-000148,True,23.4
SKU-0004931,SUP-000075,True,2.2
SKU-0004932,SUP-000354,True,5.31
SKU-0004932,SUP-000379,False,4.72
SKU-0004933,SUP-000416,True,3.84
SKU-0004934,SUP-000005,True,1.31
SKU-0004934,SUP-000421,False,1.32
SKU-0004935,SUP-000093,True,61.46
SKU-0004936,SUP-000142,True,1.08
SKU-0004937,SUP-000281,True,20.96
SKU-0004938,SUP-000056,True,14.31
SKU-0004939,SUP-000053,True,11.9
SKU-0004939,SUP-000438,False,10.91
SKU-0004940,SUP-000383,True,38.56
SKU-0004940,SUP-000074,False,40.25
SKU-0004941,SUP-000158,True,10.3
SKU-0004941,SUP-000272,False,9.08
SKU-0004942,SUP-000201,True,10.82
SKU-0004943,SUP-000005,True,106.95
SKU-0004943,SUP-000203,False,108.92
SKU-0004944,SUP-000305,True,3.25
SKU-0004945,SUP-000357,True,16.77
SKU-0004945,SUP-000436,False,19.61
SKU-0004946,SUP-000031,True,7.64
SKU-0004946,SUP-000395,False,8.72
SKU-0004947,SUP-000420,True,0.98
SKU-0004947,SUP-000293,False,0.9
SKU-0004948,SUP-000350,True,2.9
SKU-0004949,SUP-000180,True,26.36
SKU-0004949,SUP-000427,False,24.02
SKU-0004950,SUP-000131,True,6.54
SKU-0004951,SUP-000303,True,40.53
SKU-0004952,SUP-000123,True,67.91
SKU-0004952,SUP-000082,False,80.76
SKU-0004953,SUP-000208,True,2.13
SKU-0004954,SUP-000138,True,18.06
SKU-0004955,SUP-000079,True,29.13
SKU-0004956,SUP-000270,True,28.77
SKU-0004956,SUP-000081,False,23.92
SKU-0004957,SUP-000026,True,2.73
SKU-0004958,SUP-000399,True,100.43
SKU-0004959,SUP-000105,True,3.92
SKU-0004960,SUP-000381,True,54.78
SKU-0004960,SUP-000253,False,44.16
SKU-0004961,SUP-000183,True,1.68
SKU-0004961,SUP-000185,False,1.59
SKU-0004962,SUP-000149,True,14.03
SKU-0004963,SUP-000031,True,29.91
SKU-0004963,SUP-000423,False,32.5
SKU-0004964,SUP-000212,True,19.67
SKU-0004965,SUP-000101,True,2.83
SKU-0004965,SUP-000448,False,3.05
SKU-0004966,SUP-000423,True,16.84
SKU-0004966,SUP-000143,False,16.1
SKU-0004967,SUP-000219,True,4.47
SKU-0004967,SUP-000353,False,3.75
SKU-0004968,SUP-000290,True,23.41
SKU-0004969,SUP-000302,True,11.19
SKU-0004969,SUP-000229,False,12.45
SKU-0004970,SUP-000397,True,26.51
SKU-0004970,SUP-000096,False,25.02
SKU-0004971,SUP-000037,True,1.22
SKU-0004971,SUP-000226,False,1.1
SKU-0004971,SUP-000287,False,1.0
SKU-0004972,SUP-000213,True,34.76
SKU-0004973,SUP-000089,True,49.38
SKU-0004974,SUP-000050,True,3.27
SKU-0004975,SUP-000048,True,49.04
SKU-0004976,SUP-000149,True,23.79
SKU-0004977,SUP-000133,True,41.0
SKU-0004978,SUP-000283,True,0.89
SKU-0004978,SUP-000133,False,0.91
SKU-0004979,SUP-000311,True,39.07
SKU-0004980,SUP-000156,True,7.9
SKU-0004981,SUP-000278,True,47.78
SKU-0004981,SUP-000365,False,53.73
SKU-0004982,SUP-000314,True,3.57
SKU-0004983,SUP-000241,True,21.19
SKU-0004983,SUP-000168,False,20.17
SKU-0004984,SUP-000327,True,90.23
SKU-0004985,SUP-000226,True,20.81
SKU-0004986,SUP-000417,True,9.85
SKU-0004986,SUP-000009,False,9.55
SKU-0004987,SUP-000024,True,5.14
SKU-0004988,SUP-000001,True,3.47
SKU-0004988,SUP-000254,False,3.43
SKU-0004989,SUP-000386,True,33.64
SKU-0004990,SUP-000210,True,64.74
SKU-0004991,SUP-000279,True,2.91
SKU-0004991,SUP-000086,False,2.81
SKU-0004991,SUP-000362,False,3.18
SKU-0004992,SUP-000283,True,7.7
SKU-0004992,SUP-000068,False,8.93
SKU-0004993,SUP-000159,True,9.03
SKU-0004994,SUP-000130,True,4.16
SKU-0004995,SUP-000397,True,5.92
SKU-0004995,SUP-000401,False,5.3
SKU-0004996,SUP-000276,True,16.85
SKU-0004997,SUP-000288,True,22.81
SKU-0004998,SUP-000244,True,
SKU-0004999,SUP-000376,True,2.85
SKU-0005000,SUP-000406,True,21.52
SKU-0005001,SUP-000050,True,39.87
SKU-0005001,SUP-000359,False,30.04
SKU-0005002,SUP-000044,True,7.1
SKU-0005003,SUP-000196,True,29.54
SKU-0005004,SUP-000315,True,2.25
SKU-0005004,SUP-000213,False,2.03
SKU-0005005,SUP-000397,True,18.79
SKU-0005005,SUP-000164,False,16.93
SKU-0005006,SUP-000147,True,25.09
SKU-0005007,SUP-000363,True,2.64
SKU-0005008,SUP-000080,True,54.16
SKU-0005009,SUP-000291,True,4.3
SKU-0005010,SUP-000304,True,8.56
SKU-0005010,SUP-000274,False,7.02
SKU-0005010,SUP-000162,False,8.45
SKU-0005011,SUP-000389,True,33.24
SKU-0005011,SUP-000095,False,29.06
SKU-0005012,SUP-000278,True,11.64
SKU-0005013,SUP-000017,True,7.06
SKU-0005014,SUP-000365,True,51.41
SKU-0005015,SUP-000223,True,11.82
SKU-0005016,SUP-000022,True,29.4
SKU-0005017,SUP-000276,True,4.5
SKU-0005017,SUP-000179,False,4.19
SKU-0005018,SUP-000036,True,1.62
SKU-0005019,SUP-000118,True,3.71
SKU-0005019,SUP-000373,False,3.46
SKU-0005019,SUP-000443,False,3.71
SKU-0005020,SUP-000167,True,74.54
SKU-0005021,SUP-000359,True,20.34
SKU-0005022,SUP-000168,True,2.68
SKU-0005022,SUP-000367,False,2.65
SKU-0005023,SUP-000318,True,4.73
SKU-0005024,SUP-000043,True,261.22
SKU-0005025,SUP-000284,True,13.95
SKU-0005026,SUP-000281,True,277.59
SKU-0005026,SUP-000127,False,284.26
SKU-0005027,SUP-000131,True,13.27
SKU-0005027,SUP-000233,False,13.12
SKU-0005028,SUP-000383,True,0.49
SKU-0005029,SUP-000150,True,16.04
SKU-0005030,SUP-000254,True,23.26
SKU-0005030,SUP-000314,False,26.66
SKU-0005031,SUP-000379,True,0.47
SKU-0005032,SUP-000367,True,386.54
SKU-0005033,SUP-000126,True,3.01
SKU-0005033,SUP-000346,False,3.66
SKU-0005034,SUP-000121,True,75.2
SKU-0005034,SUP-000307,False,72.58
SKU-0005035,SUP-000166,True,12.08
SKU-0005036,SUP-000042,True,9.91
SKU-0005037,SUP-000370,True,1.07
SKU-0005038,SUP-000328,True,0.93
SKU-0005039,SUP-000345,True,116.93
SKU-0005039,SUP-000393,False,113.03
SKU-0005040,SUP-000230,True,110.6
SKU-0005040,SUP-000292,False,146.82
SKU-0005041,SUP-000407,True,5.09
SKU-0005042,SUP-000216,True,3.48
SKU-0005043,SUP-000007,True,39.09
SKU-0005044,SUP-000018,True,15.79
SKU-0005044,SUP-000242,False,16.02
SKU-0005045,SUP-000162,True,0.59
SKU-0005045,SUP-000252,False,0.6
SKU-0005046,SUP-000135,True,23.48
SKU-0005047,SUP-000201,True,1.43
SKU-0005048,SUP-000214,True,
SKU-0005049,SUP-000095,True,6.28
SKU-0005050,SUP-000389,True,4.38
SKU-0005051,SUP-000110,True,11.73
SKU-0005051,SUP-000087,False,12.58
SKU-0005051,SUP-000167,False,12.7
SKU-0005052,SUP-000202,True,3.84
SKU-0005052,SUP-000365,False,3.91
SKU-0005053,SUP-000416,True,39.36
SKU-0005054,SUP-000439,True,0.99
SKU-0005055,SUP-000121,True,3.46
SKU-0005056,SUP-000199,True,19.57
SKU-0005057,SUP-000036,True,10.93
SKU-0005058,SUP-000159,True,28.7
SKU-0005059,SUP-000159,True,2.85
SKU-0005060,SUP-000021,True,5.82
SKU-0005061,SUP-000337,True,4.28
SKU-0005061,SUP-000231,False,4.23
SKU-0005062,SUP-000202,True,4.29
SKU-0005063,SUP-000391,True,8.91
SKU-0005064,SUP-000229,True,127.4
SKU-0005065,SUP-000424,True,3.82
SKU-0005066,SUP-000327,True,3.84
SKU-0005066,SUP-000376,False,4.56
SKU-0005067,SUP-000208,True,1.58
SKU-0005068,SUP-000099,True,1.59
SKU-0005069,SUP-000432,True,21.99
SKU-0005069,SUP-000385,False,24.22
SKU-0005070,SUP-000225,True,9.91
SKU-0005071,SUP-000356,True,8.58
SKU-0005071,SUP-000085,False,9.96
SKU-0005072,SUP-000246,True,3.26
SKU-0005073,SUP-000364,True,86.94
SKU-0005074,SUP-000175,True,7.23
SKU-0005074,SUP-000062,False,6.63
SKU-0005075,SUP-000027,True,
SKU-0005076,SUP-000028,True,4.31
SKU-0005076,SUP-000326,False,4.36
SKU-0005077,SUP-000249,True,13.3
SKU-0005078,SUP-000215,True,11.23
SKU-0005078,SUP-000331,False,10.15
SKU-0005079,SUP-000065,True,7.55
SKU-0005079,SUP-000403,False,9.12
SKU-0005080,SUP-000221,True,9.54
SKU-0005080,SUP-000364,False,9.08
SKU-0005081,SUP-000189,True,7.52
SKU-0005082,SUP-000405,True,16.27
SKU-0005083,SUP-000212,True,2.15
SKU-0005084,SUP-000032,True,5.06
SKU-0005085,SUP-000038,True,4.76
SKU-0005086,SUP-000143,True,14.23
SKU-0005086,SUP-000379,False,13.82
SKU-0005087,SUP-000045,True,73.17
SKU-0005087,SUP-000342,False,78.08
SKU-0005088,SUP-000284,True,1.39
SKU-0005089,SUP-000241,True,2.86
SKU-0005090,SUP-000314,True,9.14
SKU-0005091,SUP-000124,True,7.17
SKU-0005092,SUP-000140,True,35.3
SKU-0005093,SUP-000192,True,2.14
SKU-0005093,SUP-000332,False,2.29
SKU-0005094,SUP-000285,True,1.15
SKU-0005095,SUP-000168,True,24.08
SKU-0005096,SUP-000108,True,8.32
SKU-0005097,SUP-000138,True,14.74
SKU-0005098,SUP-000405,True,128.44
SKU-0005098,SUP-000114,False,150.48
SKU-0005098,SUP-000247,False,129.16
SKU-0005099,SUP-000384,True,5.79
SKU-0005100,SUP-000103,True,1.05
SKU-0005101,SUP-000401,True,18.06
SKU-0005102,SUP-000168,True,38.58
SKU-0005102,SUP-000366,False,37.41
SKU-0005103,SUP-000115,True,3.76
SKU-0005103,SUP-000050,False,3.4
SKU-0005104,SUP-000040,True,7.74
SKU-0005104,SUP-000306,False,8.85
SKU-0005105,SUP-000145,True,5.16
SKU-0005106,SUP-000039,True,7.11
SKU-0005107,SUP-000366,True,108.8
SKU-0005108,SUP-000135,True,8.82
SKU-0005109,SUP-000368,True,9.36
SKU-0005109,SUP-000007,False,10.55
SKU-0005109,SUP-000074,False,9.71
SKU-0005110,SUP-000112,True,6.8
SKU-0005111,SUP-000331,True,22.8
SKU-0005112,SUP-000382,True,6.44
SKU-0005113,SUP-000352,True,9.29
SKU-0005114,SUP-000256,True,20.37
SKU-0005115,SUP-000032,True,5.23
SKU-0005116,SUP-000006,True,39.34
SKU-0005117,SUP-000232,True,38.82
SKU-0005118,SUP-000319,True,5.78
SKU-0005119,SUP-000083,True,3.13
SKU-0005120,SUP-000356,True,2.52
SKU-0005121,SUP-000444,True,9.1
SKU-0005122,SUP-000261,True,6.05
SKU-0005123,SUP-000422,True,5.05
SKU-0005124,SUP-000149,True,21.24
SKU-0005125,SUP-000359,True,0.64
SKU-0005125,SUP-000128,False,0.67
SKU-0005125,SUP-000075,False,0.75
SKU-0005126,SUP-000343,True,65.64
SKU-0005127,SUP-000331,True,6.34
SKU-0005128,SUP-000014,True,34.19
SKU-0005129,SUP-000250,True,17.79
SKU-0005129,SUP-000172,False,13.84
SKU-0005130,SUP-000210,True,13.22
SKU-0005131,SUP-000376,True,3.07
SKU-0005132,SUP-000316,True,20.48
SKU-0005132,SUP-000340,False,25.23
SKU-0005133,SUP-000092,True,15.23
SKU-0005134,SUP-000317,True,22.19
SKU-0005135,SUP-000054,True,1.71
SKU-0005136,SUP-000198,True,4.83
SKU-0005137,SUP-000156,True,57.05
SKU-0005138,SUP-000388,True,4.97
SKU-0005139,SUP-000400,True,41.72
SKU-0005140,SUP-000440,True,21.86
SKU-0005141,SUP-000038,True,2.69
SKU-0005141,SUP-000437,False,3.32
SKU-0005142,SUP-000164,True,19.24
SKU-0005143,SUP-000201,True,5.2
SKU-0005144,SUP-000150,True,8.86
SKU-0005145,SUP-000446,True,108.54
SKU-0005146,SUP-000026,True,8.38
SKU-0005147,SUP-000107,True,25.19
SKU-0005147,SUP-000407,False,22.27
SKU-0005148,SUP-000067,True,2.75
SKU-0005149,SUP-000049,True,71.95
SKU-0005149,SUP-000327,False,87.43
SKU-0005150,SUP-000052,True,8.67
SKU-0005151,SUP-000422,True,73.04
SKU-0005151,SUP-000282,False,62.34
SKU-0005152,SUP-000417,True,70.39
SKU-0005152,SUP-000286,False,78.41
SKU-0005152,SUP-000079,False,64.87
SKU-0005153,SUP-000125,True,8.87
SKU-0005153,SUP-000166,False,9.67
SKU-0005153,SUP-000216,False,9.71
SKU-0005154,SUP-000155,True,12.84
SKU-0005154,SUP-000358,False,12.74
SKU-0005155,SUP-000231,True,13.05
SKU-0005155,SUP-000399,False,11.15
SKU-0005156,SUP-000181,True,120.9
SKU-0005157,SUP-000231,True,2.39
SKU-0005158,SUP-000239,True,10.33
SKU-0005159,SUP-000306,True,17.69
SKU-0005160,SUP-000314,True,19.89
SKU-0005160,SUP-000117,False,22.32
SKU-0005161,SUP-000169,True,88.44
SKU-0005162,SUP-000003,True,22.37
SKU-0005163,SUP-000446,True,5.0
SKU-0005163,SUP-000219,False,4.71
SKU-0005164,SUP-000331,True,20.05
SKU-0005164,SUP-000439,False,22.07
SKU-0005165,SUP-000441,True,165.71
SKU-0005166,SUP-000334,True,15.45
SKU-0005167,SUP-000333,True,80.39
SKU-0005168,SUP-000127,True,17.34
SKU-0005169,SUP-000150,True,36.54
SKU-0005169,SUP-000381,False,37.63
SKU-0005170,SUP-000264,True,0.69
SKU-0005171,SUP-000390,True,70.16
SKU-0005171,SUP-000415,False,62.31
SKU-0005172,SUP-000425,True,17.52
SKU-0005173,SUP-000272,True,5.11
SKU-0005173,SUP-000436,False,3.92
SKU-0005174,SUP-000073,True,2.87
SKU-0005175,SUP-000323,True,26.79
SKU-0005176,SUP-000026,True,14.96
SKU-0005177,SUP-000319,True,5.29
SKU-0005177,SUP-000128,False,5.08
SKU-0005177,SUP-000275,False,5.45
SKU-0005178,SUP-000024,True,42.59
SKU-0005179,SUP-000291,True,18.73
SKU-0005180,SUP-000323,True,
SKU-0005180,SUP-000371,False,4.04
SKU-0005181,SUP-000368,True,0.35
SKU-0005182,SUP-000273,True,9.31
SKU-0005183,SUP-000220,True,10.82
SKU-0005184,SUP-000149,True,20.89
SKU-0005184,SUP-000018,False,21.84
SKU-0005185,SUP-000085,True,8.78
SKU-0005185,SUP-000123,False,8.55
SKU-0005186,SUP-000089,True,34.12
SKU-0005186,SUP-000092,False,37.59
SKU-0005186,SUP-000217,False,33.76
SKU-0005187,SUP-000314,True,6.52
SKU-0005188,SUP-000376,True,9.35
SKU-0005188,SUP-000172,False,8.31
SKU-0005189,SUP-000433,True,141.16
SKU-0005189,SUP-000309,False,127.25
SKU-0005190,SUP-000129,True,14.65
SKU-0005191,SUP-000423,True,15.75
SKU-0005192,SUP-000172,True,4.8
SKU-0005193,SUP-000149,True,18.77
SKU-0005194,SUP-000320,True,4.34
SKU-0005195,SUP-000217,True,1.58
SKU-0005195,SUP-000299,False,1.17
SKU-0005196,SUP-000356,True,9.47
SKU-0005196,SUP-000411,False,7.96
SKU-0005197,SUP-000434,True,10.15
SKU-0005198,SUP-000429,True,14.1
SKU-0005199,SUP-000290,True,3.0
SKU-0005200,SUP-000320,True,29.08
SKU-0005201,SUP-000263,True,34.46
SKU-0005202,SUP-000257,True,63.7
SKU-0005203,SUP-000154,True,52.26
SKU-0005204,SUP-000227,True,13.88
SKU-0005204,SUP-000233,False,15.46
SKU-0005205,SUP-000380,True,75.74
SKU-0005206,SUP-000323,True,61.32
SKU-0005207,SUP-000063,True,0.67
SKU-0005208,SUP-000340,True,2.24
SKU-0005208,SUP-000079,False,2.02
SKU-0005209,SUP-000187,True,7.99
SKU-0005210,SUP-000372,True,5.91
SKU-0005211,SUP-000082,True,22.18
SKU-0005211,SUP-000333,False,18.8
SKU-0005212,SUP-000415,True,28.44
SKU-0005212,SUP-000014,False,26.49
SKU-0005213,SUP-000224,True,31.04
SKU-0005214,SUP-000347,True,8.97
SKU-0005215,SUP-000037,True,13.49
SKU-0005216,SUP-000156,True,2.74
SKU-0005217,SUP-000450,True,8.54
SKU-0005217,SUP-000291,False,8.37
SKU-0005218,SUP-000310,True,1.82
SKU-0005219,SUP-000267,True,16.51
SKU-0005219,SUP-000418,False,20.99
SKU-0005220,SUP-000187,True,20.39
SKU-0005221,SUP-000062,True,2.82
SKU-0005221,SUP-000057,False,2.98
SKU-0005221,SUP-000112,False,2.79
SKU-0005222,SUP-000008,True,11.28
SKU-0005223,SUP-000240,True,2.25
SKU-0005224,SUP-000228,True,1.75
SKU-0005225,SUP-000385,True,6.85
SKU-0005225,SUP-000118,False,6.05
SKU-0005226,SUP-000380,True,3.46
SKU-0005227,SUP-000322,True,58.97
SKU-0005227,SUP-000298,False,57.68
SKU-0005228,SUP-000150,True,4.72
SKU-0005229,SUP-000237,True,5.73
SKU-0005230,SUP-000142,True,13.91
SKU-0005231,SUP-000383,True,6.19
SKU-0005232,SUP-000133,True,73.54
SKU-0005233,SUP-000093,True,191.28
SKU-0005234,SUP-000173,True,115.79
SKU-0005235,SUP-000085,True,23.21
SKU-0005236,SUP-000295,True,6.32
SKU-0005237,SUP-000120,True,5.13
SKU-0005238,SUP-000085,True,1.92
SKU-0005239,SUP-000044,True,20.7
SKU-0005239,SUP-000400,False,20.24
SKU-0005240,SUP-000177,True,52.55
SKU-0005240,SUP-000273,False,56.94
SKU-0005241,SUP-000442,True,3.43
SKU-0005242,SUP-000007,True,16.97
SKU-0005243,SUP-000239,True,12.65
SKU-0005244,SUP-000109,True,12.18
SKU-0005244,SUP-000414,False,12.32
SKU-0005245,SUP-000157,True,10.59
SKU-0005246,SUP-000307,True,181.31
SKU-0005247,SUP-000385,True,13.3
SKU-0005248,SUP-000403,True,3.79
SKU-0005249,SUP-000279,True,23.97
SKU-0005249,SUP-000308,False,23.62
SKU-0005250,SUP-000120,True,1.49
SKU-0005250,SUP-000290,False,1.3
SKU-0005251,SUP-000168,True,30.05
SKU-0005252,SUP-000341,True,4.71
SKU-0005253,SUP-000086,True,7.38
SKU-0005254,SUP-000426,True,16.87
SKU-0005255,SUP-000180,True,15.9
SKU-0005255,SUP-000406,False,19.19
SKU-0005256,SUP-000349,True,26.19
SKU-0005257,SUP-000059,True,1.55
SKU-0005258,SUP-000162,True,3.55
SKU-0005258,SUP-000017,False,3.89
SKU-0005258,SUP-000185,False,3.39
SKU-0005259,SUP-000069,True,21.22
SKU-0005260,SUP-000347,True,16.56
SKU-0005261,SUP-000371,True,1.83
SKU-0005262,SUP-000038,True,5.98
SKU-0005263,SUP-000062,True,33.61
SKU-0005264,SUP-000395,True,43.26
SKU-0005264,SUP-000112,False,44.89
SKU-0005264,SUP-000056,False,37.33
SKU-0005265,SUP-000270,True,36.4
SKU-0005266,SUP-000443,True,2.67
SKU-0005267,SUP-000221,True,119.93
SKU-0005268,SUP-000099,True,14.37
SKU-0005269,SUP-000326,True,1.47
SKU-0005270,SUP-000088,True,1.73
SKU-0005271,SUP-000078,True,5.83
SKU-0005272,SUP-000207,True,72.67
SKU-0005273,SUP-000439,True,1.97
SKU-0005273,SUP-000046,False,1.92
SKU-0005274,SUP-000358,True,3.24
SKU-0005275,SUP-000375,True,2.69
SKU-0005276,SUP-000068,True,6.47
SKU-0005277,SUP-000433,True,51.36
SKU-0005278,SUP-000219,True,58.1
SKU-0005279,SUP-000392,True,2.79
SKU-0005280,SUP-000063,True,3.47
SKU-0005281,SUP-000189,True,2.39
SKU-0005282,SUP-000324,True,4.1
SKU-0005282,SUP-000426,False,3.52
SKU-0005283,SUP-000076,True,13.5
SKU-0005284,SUP-000336,True,7.74
SKU-0005284,SUP-000105,False,7.36
SKU-0005285,SUP-000359,True,5.94
SKU-0005286,SUP-000283,True,3.22
SKU-0005287,SUP-000124,True,5.15
SKU-0005287,SUP-000163,False,5.64
SKU-0005288,SUP-000336,True,1.09
SKU-0005289,SUP-000341,True,15.15
SKU-0005290,SUP-000256,True,6.62
SKU-0005291,SUP-000203,True,33.85
SKU-0005292,SUP-000018,True,58.65
SKU-0005292,SUP-000387,False,62.18
SKU-0005293,SUP-000250,True,10.78
SKU-0005294,SUP-000104,True,4.25
SKU-0005295,SUP-000368,True,18.64
SKU-0005296,SUP-000003,True,55.53
SKU-0005297,SUP-000100,True,33.44
SKU-0005298,SUP-000180,True,206.11
SKU-0005299,SUP-000150,True,10.35
SKU-0005300,SUP-000091,True,43.26
SKU-0005301,SUP-000169,True,0.98
SKU-0005302,SUP-000165,True,0.9
SKU-0005303,SUP-000116,True,0.38
SKU-0005304,SUP-000124,True,50.21
SKU-0005304,SUP-000170,False,43.48
SKU-0005305,SUP-000330,True,10.54
SKU-0005306,SUP-000436,True,35.28
SKU-0005307,SUP-000284,True,4.82
SKU-0005308,SUP-000045,True,8.21
SKU-0005309,SUP-000172,True,48.77
SKU-0005310,SUP-000132,True,2.63
SKU-0005311,SUP-000162,True,108.27
SKU-0005311,SUP-000399,False,119.53
SKU-0005312,SUP-000059,True,3.8
SKU-0005312,SUP-000061,False,3.28
SKU-0005312,SUP-000196,False,3.73
SKU-0005313,SUP-000278,True,4.62
SKU-0005314,SUP-000151,True,10.47
SKU-0005315,SUP-000403,True,9.99
SKU-0005316,SUP-000384,True,3.29
SKU-0005317,SUP-000052,True,16.75
SKU-0005318,SUP-000315,True,3.95
SKU-0005318,SUP-000093,False,3.99
SKU-0005319,SUP-000362,True,15.16
SKU-0005320,SUP-000271,True,0.6
SKU-0005321,SUP-000109,True,55.91
SKU-0005322,SUP-000226,True,6.63
SKU-0005323,SUP-000438,True,33.06
SKU-0005324,SUP-000312,True,11.89
SKU-0005325,SUP-000450,True,7.08
SKU-0005325,SUP-000199,False,
SKU-0005325,SUP-000136,False,7.45
SKU-0005326,SUP-000207,True,2.37
SKU-0005326,SUP-000374,False,2.81
SKU-0005327,SUP-000446,True,7.65
SKU-0005327,SUP-000298,False,6.79
SKU-0005328,SUP-000144,True,286.92
SKU-0005329,SUP-000103,True,11.11
SKU-0005330,SUP-000279,True,5.31
SKU-0005331,SUP-000247,True,61.95
SKU-0005332,SUP-000011,True,3.49
SKU-0005333,SUP-000291,True,5.99
SKU-0005334,SUP-000152,True,0.79
SKU-0005334,SUP-000263,False,0.74
SKU-0005335,SUP-000161,True,15.8
SKU-0005335,SUP-000046,False,16.17
SKU-0005336,SUP-000063,True,9.44
SKU-0005337,SUP-000057,True,3.01
SKU-0005338,SUP-000014,True,2.24
SKU-0005339,SUP-000432,True,131.99
SKU-0005340,SUP-000386,True,8.42
SKU-0005341,SUP-000149,True,14.31
SKU-0005342,SUP-000340,True,13.04
SKU-0005342,SUP-000177,False,12.87
SKU-0005343,SUP-000251,True,2.61
SKU-0005344,SUP-000135,True,3.51
SKU-0005345,SUP-000190,True,10.86
SKU-0005346,SUP-000027,True,64.48
SKU-0005347,SUP-000352,True,105.7
SKU-0005348,SUP-000403,True,9.24
SKU-0005348,SUP-000120,False,9.69
SKU-0005349,SUP-000042,True,-17.58
SKU-0005349,SUP-000115,False,-15.14
SKU-0005350,SUP-000282,True,8.34
SKU-0005351,SUP-000143,True,13.17
SKU-0005352,SUP-000404,True,88.33
SKU-0005353,SUP-000093,True,3.28
SKU-0005353,SUP-000391,False,3.56
SKU-0005354,SUP-000138,True,37.64
SKU-0005355,SUP-000435,True,6.73
SKU-0005356,SUP-000067,True,14.17
SKU-0005357,SUP-000419,True,31.68
SKU-0005358,SUP-000262,True,29.19
SKU-0005359,SUP-000381,True,35.19
SKU-0005359,SUP-000437,False,38.73
SKU-0005360,SUP-000173,True,48.96
SKU-0005361,SUP-000206,True,6.79
SKU-0005361,SUP-000330,False,8.84
SKU-0005362,SUP-000308,True,4.58
SKU-0005363,SUP-000083,True,33.83
SKU-0005364,SUP-000238,True,21.14
SKU-0005365,SUP-000085,True,7.43
SKU-0005366,SUP-000369,True,21.29
SKU-0005367,SUP-000413,True,15.74
SKU-0005368,SUP-000338,True,
SKU-0005369,SUP-000085,True,24.28
SKU-0005370,SUP-000185,True,2.7
SKU-0005371,SUP-000257,True,4.25
SKU-0005371,SUP-000309,False,3.42
SKU-0005372,SUP-000346,True,6.22
SKU-0005373,SUP-000173,True,6.99
SKU-0005374,SUP-000078,True,0.46
SKU-0005374,SUP-000425,False,0.43
SKU-0005375,SUP-000074,True,4.08
SKU-0005375,SUP-000438,False,
SKU-0005376,SUP-000133,True,3.55
SKU-0005377,SUP-000331,True,28.69
SKU-0005378,SUP-000005,True,4.74
SKU-0005378,SUP-000355,False,4.09
SKU-0005379,SUP-000444,True,82.02
SKU-0005380,SUP-000112,True,11.78
SKU-0005380,SUP-000389,False,11.44
SKU-0005380,SUP-000137,False,12.42
SKU-0005381,SUP-000151,True,17.33
SKU-0005381,SUP-000055,False,13.34
SKU-0005382,SUP-000120,True,0.82
SKU-0005382,SUP-000102,False,0.9
SKU-0005383,SUP-000076,True,1.26
SKU-0005383,SUP-000413,False,0.99
SKU-0005383,SUP-000114,False,1.31
SKU-0005384,SUP-000082,True,1.69
SKU-0005385,SUP-000032,True,202.64
SKU-0005386,SUP-000438,True,7.51
SKU-0005387,SUP-000296,True,19.64
SKU-0005388,SUP-000237,True,77.43
SKU-0005388,SUP-000370,False,73.59
SKU-0005389,SUP-000146,True,53.3
SKU-0005390,SUP-000047,True,12.87
SKU-0005391,SUP-000171,True,3.66
SKU-0005392,SUP-000444,True,67.77
SKU-0005393,SUP-000386,True,29.24
SKU-0005393,SUP-000271,False,30.47
SKU-0005394,SUP-000103,True,49.84
SKU-0005395,SUP-000365,True,14.17
SKU-0005396,SUP-000306,True,65.78
SKU-0005397,SUP-000327,True,-107.14
SKU-0005398,SUP-000302,True,9.64
SKU-0005399,SUP-000380,True,4.46
SKU-0005399,SUP-000348,False,5.39
SKU-0005400,SUP-000192,True,34.29
SKU-0005401,SUP-000299,True,25.14
SKU-0005401,SUP-000057,False,21.3
SKU-0005401,SUP-000257,False,25.0
SKU-0005402,SUP-000337,True,6.88
SKU-0005403,SUP-000325,True,7.27
SKU-0005404,SUP-000049,True,2.18
SKU-0005404,SUP-000388,False,2.49
SKU-0005405,SUP-000062,True,6.77
SKU-0005406,SUP-000153,True,
SKU-0005407,SUP-000366,True,26.7
SKU-0005408,SUP-000059,True,6.22
SKU-0005408,SUP-000427,False,6.58
SKU-0005409,SUP-000250,True,8.23
SKU-0005409,SUP-000234,False,7.65
SKU-0005409,SUP-000164,False,7.35
SKU-0005410,SUP-000220,True,3.07
SKU-0005411,SUP-000097,True,5.94
SKU-0005412,SUP-000363,True,8.43
SKU-0005413,SUP-000152,True,4.68
SKU-0005414,SUP-000103,True,4.41
SKU-0005415,SUP-000117,True,24.56
SKU-0005416,SUP-000101,True,33.01
SKU-0005417,SUP-000173,True,13.95
SKU-0005418,SUP-000086,True,5.43
SKU-0005418,SUP-000160,False,5.24
SKU-0005418,SUP-000266,False,4.54
SKU-0005419,SUP-000168,True,66.45
SKU-0005420,SUP-000249,True,19.07
SKU-0005421,SUP-000277,True,5.49
SKU-0005422,SUP-000093,True,12.34
SKU-0005423,SUP-000033,True,29.8
SKU-0005424,SUP-000198,True,11.49
SKU-0005425,SUP-000375,True,13.08
SKU-0005426,SUP-000092,True,515.34
SKU-0005427,SUP-000402,True,9.23
SKU-0005427,SUP-000265,False,8.92
SKU-0005428,SUP-000137,True,38.98
SKU-0005429,SUP-000277,True,17.12
SKU-0005429,SUP-000352,False,17.85
SKU-0005430,SUP-000060,True,6.22
SKU-0005431,SUP-000223,True,
SKU-0005431,SUP-000433,False,1.91
SKU-0005432,SUP-000053,True,2.97
SKU-0005433,SUP-000434,True,6.35
SKU-0005434,SUP-000024,True,12.24
SKU-0005435,SUP-000073,True,7.13
SKU-0005436,SUP-000090,True,2.13
SKU-0005436,SUP-000002,False,2.35
SKU-0005437,SUP-000418,True,5.28
SKU-0005438,SUP-000066,True,9.3
SKU-0005439,SUP-000167,True,1.04
SKU-0005440,SUP-000054,True,
SKU-0005441,SUP-000088,True,99.59
SKU-0005441,SUP-000427,False,115.31
SKU-0005442,SUP-000292,True,5.96
SKU-0005443,SUP-000252,True,7.3
SKU-0005444,SUP-000424,True,2.02
SKU-0005445,SUP-000345,True,22.37
SKU-0005446,SUP-000431,True,7.78
SKU-0005446,SUP-000441,False,7.63
SKU-0005447,SUP-000214,True,18.89
SKU-0005448,SUP-000124,True,6.52
SKU-0005448,SUP-000130,False,5.68
SKU-0005449,SUP-000019,True,3.87
SKU-0005450,SUP-000049,True,6.15
SKU-0005450,SUP-000008,False,5.64
SKU-0005450,SUP-000030,False,6.58
SKU-0005451,SUP-000078,True,4.66
SKU-0005451,SUP-000034,False,5.22
SKU-0005452,SUP-000082,True,72.69
SKU-0005452,SUP-000053,False,71.16
SKU-0005453,SUP-000391,True,17.37
SKU-0005453,SUP-000442,False,18.13
SKU-0005453,SUP-000089,False,18.75
SKU-0005454,SUP-000294,True,1.7
SKU-0005455,SUP-000025,True,15.02
SKU-0005456,SUP-000008,True,125.7
SKU-0005457,SUP-000405,True,58.27
SKU-0005458,SUP-000189,True,248.23
SKU-0005459,SUP-000072,True,15.64
SKU-0005460,SUP-000246,True,4.53
SKU-0005460,SUP-000151,False,4.28
SKU-0005461,SUP-000184,True,4.05
SKU-0005462,SUP-000294,True,120.75
SKU-0005463,SUP-000280,True,83.58
SKU-0005464,SUP-000231,True,13.1
SKU-0005465,SUP-000239,True,60.32
SKU-0005466,SUP-000444,True,5.14
SKU-0005467,SUP-000185,True,15.51
SKU-0005468,SUP-000003,True,3.38
SKU-0005469,SUP-000208,True,7.84
SKU-0005470,SUP-000345,True,4.56
SKU-0005471,SUP-000086,True,12.63
SKU-0005471,SUP-000375,False,10.42
SKU-0005471,SUP-000035,False,10.48
SKU-0005472,SUP-000002,True,7.39
SKU-0005473,SUP-000442,True,6.53
SKU-0005474,SUP-000025,True,5.41
SKU-0005474,SUP-000064,False,5.55
SKU-0005475,SUP-000006,True,105.23
SKU-0005476,SUP-000238,True,4.4
SKU-0005477,SUP-000270,True,13.73
SKU-0005477,SUP-000218,False,15.49
SKU-0005478,SUP-000409,True,25.76
SKU-0005479,SUP-000264,True,15.28
SKU-0005479,SUP-000067,False,12.26
SKU-0005480,SUP-000013,True,0.79
SKU-0005481,SUP-000019,True,3.92
SKU-0005481,SUP-000054,False,3.98
SKU-0005482,SUP-000243,True,38.43
SKU-0005482,SUP-000022,False,30.27
SKU-0005483,SUP-000122,True,6.32
SKU-0005484,SUP-000143,True,3.91
SKU-0005484,SUP-000009,False,3.41
SKU-0005485,SUP-000433,True,27.7
SKU-0005486,SUP-000309,True,47.12
SKU-0005487,SUP-000151,True,16.8
SKU-0005488,SUP-000297,True,11.74
SKU-0005489,SUP-000049,True,20.97
SKU-0005489,SUP-000390,False,19.41
SKU-0005489,SUP-000167,False,21.1
SKU-0005490,SUP-000266,True,5.91
SKU-0005491,SUP-000267,True,14.03
SKU-0005492,SUP-000039,True,5.41
SKU-0005493,SUP-000323,True,1.84
SKU-0005494,SUP-000232,True,37.85
SKU-0005495,SUP-000019,True,11.81
SKU-0005496,SUP-000063,True,8.73
SKU-0005497,SUP-000274,True,7.53
SKU-0005498,SUP-000032,True,25.91
SKU-0005498,SUP-000007,False,28.09
SKU-0005499,SUP-000259,True,10.78
SKU-0005499,SUP-000374,False,9.2
SKU-0005500,SUP-000035,True,11.45
SKU-0005500,SUP-000364,False,10.12
SKU-0005500,SUP-000368,False,9.97
SKU-0005501,SUP-000298,True,5.76
SKU-0005502,SUP-000214,True,22.77
SKU-0005502,SUP-000018,False,22.71
SKU-0005503,SUP-000197,True,10.24
SKU-0005503,SUP-000361,False,8.69
SKU-0005504,SUP-000445,True,5.03
SKU-0005505,SUP-000098,True,0.76
SKU-0005506,SUP-000182,True,138.41
SKU-0005506,SUP-000339,False,125.15
SKU-0005507,SUP-000127,True,12.59
SKU-0005507,SUP-000448,False,15.24
SKU-0005508,SUP-000393,True,4.64
SKU-0005509,SUP-000320,True,5.57
SKU-0005510,SUP-000178,True,144.35
SKU-0005510,SUP-000188,False,119.89
SKU-0005511,SUP-000043,True,62.39
SKU-0005511,SUP-000425,False,66.06
SKU-0005512,SUP-000087,True,17.35
SKU-0005512,SUP-000257,False,15.58
SKU-0005513,SUP-000424,True,17.23
SKU-0005513,SUP-000061,False,16.25
SKU-0005513,SUP-000393,False,17.09
SKU-0005514,SUP-000246,True,0.85
SKU-0005514,SUP-000059,False,0.67
SKU-0005514,SUP-000132,False,0.77
SKU-0005515,SUP-000383,True,9.99
SKU-0005516,SUP-000196,True,7.87
SKU-0005517,SUP-000317,True,9.18
SKU-0005517,SUP-000109,False,8.66
SKU-0005518,SUP-000111,True,19.82
SKU-0005519,SUP-000161,True,12.28
SKU-0005520,SUP-000127,True,9.83
SKU-0005520,SUP-000186,False,9.96
SKU-0005521,SUP-000012,True,1.21
SKU-0005522,SUP-000096,True,
SKU-0005522,SUP-000046,False,6.8
SKU-0005523,SUP-000426,True,1.52
SKU-0005524,SUP-000287,True,40.83
SKU-0005525,SUP-000117,True,14.38
SKU-0005526,SUP-000015,True,34.23
SKU-0005527,SUP-000300,True,6.46
SKU-0005527,SUP-000150,False,7.69
SKU-0005528,SUP-000199,True,99.33
SKU-0005529,SUP-000310,True,18.54
SKU-0005530,SUP-000042,True,44.63
SKU-0005530,SUP-000027,False,47.7
SKU-0005530,SUP-000374,False,44.81
SKU-0005531,SUP-000132,True,9.31
SKU-0005532,SUP-000024,True,1.45
SKU-0005533,SUP-000327,True,35.61
SKU-0005533,SUP-000390,False,29.62
SKU-0005534,SUP-000100,True,26.18
SKU-0005534,SUP-000266,False,24.73
SKU-0005535,SUP-000120,True,10.31
SKU-0005535,SUP-000407,False,11.52
SKU-0005536,SUP-000235,True,11.95
SKU-0005536,SUP-000261,False,11.86
SKU-0005537,SUP-000443,True,48.67
SKU-0005538,SUP-000088,True,23.04
SKU-0005539,SUP-000150,True,16.6
SKU-0005540,SUP-000440,True,109.6
SKU-0005541,SUP-000334,True,8.46
SKU-0005542,SUP-000393,True,45.77
SKU-0005543,SUP-000356,True,40.93
SKU-0005544,SUP-000185,True,26.08
SKU-0005545,SUP-000247,True,18.5
SKU-0005545,SUP-000356,False,19.19
SKU-0005546,SUP-000233,True,7.02
SKU-0005547,SUP-000376,True,8.16
SKU-0005548,SUP-000036,True,2.61
SKU-0005548,SUP-000228,False,2.45
SKU-0005549,SUP-000442,True,13.0
SKU-0005550,SUP-000102,True,33.2
SKU-0005551,SUP-000113,True,4.54
SKU-0005551,SUP-000124,False,5.21
SKU-0005552,SUP-000274,True,17.22
SKU-0005553,SUP-000135,True,34.81
SKU-0005554,SUP-000155,True,5.61
SKU-0005555,SUP-000388,True,28.5
SKU-0005555,SUP-000014,False,25.66
SKU-0005555,SUP-000361,False,27.83
SKU-0005556,SUP-000427,True,64.43
SKU-0005557,SUP-000391,True,8.56
SKU-0005558,SUP-000147,True,14.49
SKU-0005559,SUP-000083,True,13.22
SKU-0005560,SUP-000044,True,4.33
SKU-0005561,SUP-000209,True,6.93
SKU-0005562,SUP-000181,True,0.46
SKU-0005563,SUP-000251,True,1.81
SKU-0005564,SUP-000347,True,5.59
SKU-0005565,SUP-000098,True,2.33
SKU-0005565,SUP-000230,False,2.66
SKU-0005566,SUP-000228,True,9.45
SKU-0005567,SUP-000343,True,1.41
SKU-0005567,SUP-000115,False,1.77
SKU-0005568,SUP-000421,True,15.7
SKU-0005568,SUP-000069,False,16.93
SKU-0005569,SUP-000248,True,9.28
SKU-0005570,SUP-000003,True,36.17
SKU-0005570,SUP-000115,False,36.66
SKU-0005570,SUP-000287,False,27.53
SKU-0005571,SUP-000411,True,69.62
SKU-0005572,SUP-000166,True,3.36
SKU-0005573,SUP-000152,True,8.27
SKU-0005573,SUP-000447,False,7.16
SKU-0005574,SUP-000166,True,3.36
SKU-0005574,SUP-000273,False,3.69
SKU-0005575,SUP-000391,True,18.87
SKU-0005576,SUP-000081,True,5.15
SKU-0005577,SUP-000024,True,
SKU-0005578,SUP-000353,True,9.88
SKU-0005578,SUP-000038,False,10.62
SKU-0005579,SUP-000416,True,35.56
SKU-0005579,SUP-000016,False,36.73
SKU-0005579,SUP-000360,False,37.5
SKU-0005580,SUP-000037,True,32.24
SKU-0005580,SUP-000428,False,26.81
SKU-0005581,SUP-000142,True,287.5
SKU-0005581,SUP-000347,False,301.78
SKU-0005582,SUP-000135,True,17.78
SKU-0005583,SUP-000163,True,48.59
SKU-0005584,SUP-000366,True,11.17
SKU-0005584,SUP-000082,False,13.74
SKU-0005585,SUP-000022,True,72.55
SKU-0005585,SUP-000447,False,90.08
SKU-0005586,SUP-000136,True,6.47
SKU-0005587,SUP-000145,True,12.07
SKU-0005588,SUP-000031,True,32.97
SKU-0005588,SUP-000153,False,28.9
SKU-0005589,SUP-000410,True,26.14
SKU-0005590,SUP-000376,True,216.55
SKU-0005591,SUP-000431,True,177.65
SKU-0005591,SUP-000194,False,136.75
SKU-0005592,SUP-000040,True,19.3
SKU-0005593,SUP-000023,True,7.79
SKU-0005594,SUP-000040,True,6.45
SKU-0005595,SUP-000238,True,5.83
SKU-0005595,SUP-000006,False,5.29
SKU-0005596,SUP-000092,True,2.58
SKU-0005597,SUP-000290,True,23.41
SKU-0005597,SUP-000039,False,21.23
SKU-0005598,SUP-000224,True,24.81
SKU-0005599,SUP-000383,True,17.29
SKU-0005600,SUP-000165,True,1.18
SKU-0005601,SUP-000348,True,1.41
SKU-0005602,SUP-000325,True,20.07
SKU-0005603,SUP-000388,True,17.83
SKU-0005604,SUP-000333,True,26.81
SKU-0005604,SUP-000063,False,29.73
SKU-0005605,SUP-000045,True,5.18
SKU-0005606,SUP-000446,True,447.72
SKU-0005607,SUP-000327,True,5.87
SKU-0005607,SUP-000259,False,5.08
SKU-0005608,SUP-000130,True,
SKU-0005609,SUP-000194,True,16.72
SKU-0005610,SUP-000248,True,1.39
SKU-0005611,SUP-000296,True,0.85
SKU-0005612,SUP-000316,True,70.93
SKU-0005612,SUP-000345,False,61.13
SKU-0005613,SUP-000119,True,81.12
SKU-0005614,SUP-000443,True,31.46
SKU-0005614,SUP-000331,False,37.18
SKU-0005615,SUP-000354,True,6.01
SKU-0005615,SUP-000081,False,5.44
SKU-0005616,SUP-000185,True,24.88
SKU-0005617,SUP-000246,True,0.5
SKU-0005617,SUP-000136,False,0.46
SKU-0005618,SUP-000378,True,31.61
SKU-0005619,SUP-000399,True,45.64
SKU-0005619,SUP-000210,False,49.04
SKU-0005620,SUP-000052,True,8.73
SKU-0005621,SUP-000433,True,4.67
SKU-0005622,SUP-000130,True,6.38
SKU-0005622,SUP-000396,False,5.15
SKU-0005623,SUP-000190,True,11.23
SKU-0005624,SUP-000105,True,11.14
SKU-0005625,SUP-000291,True,22.97
SKU-0005626,SUP-000447,True,5.48
SKU-0005626,SUP-000348,False,5.71
SKU-0005627,SUP-000438,True,7.72
SKU-0005627,SUP-000122,False,9.02
SKU-0005628,SUP-000146,True,7.63
SKU-0005629,SUP-000416,True,6.7
SKU-0005630,SUP-000179,True,3.86
SKU-0005630,SUP-000380,False,4.13
SKU-0005631,SUP-000075,True,2.32
SKU-0005631,SUP-000122,False,2.58
SKU-0005632,SUP-000106,True,26.3
SKU-0005633,SUP-000165,True,5.58
SKU-0005634,SUP-000138,True,2.87
SKU-0005634,SUP-000379,False,2.2
SKU-0005634,SUP-000034,False,2.51
SKU-0005635,SUP-000424,True,3.9
SKU-0005636,SUP-000432,True,4.54
SKU-0005637,SUP-000138,True,117.0
SKU-0005638,SUP-000084,True,49.8
SKU-0005638,SUP-000319,False,40.39
SKU-0005639,SUP-000060,True,1.09
SKU-0005640,SUP-000168,True,13.92
SKU-0005641,SUP-000263,True,12.77
SKU-0005642,SUP-000014,True,31.0
SKU-0005643,SUP-000027,True,18.81
SKU-0005643,SUP-000211,False,14.42
SKU-0005644,SUP-000091,True,7.59
SKU-0005645,SUP-000265,True,18.41
SKU-0005646,SUP-000402,True,22.95
SKU-0005647,SUP-000175,True,13.38
SKU-0005647,SUP-000021,False,12.41
SKU-0005648,SUP-000287,True,5.31
SKU-0005649,SUP-000273,True,1.74
SKU-0005650,SUP-000005,True,12.82
SKU-0005650,SUP-000395,False,13.03
SKU-0005651,SUP-000138,True,30.2
SKU-0005652,SUP-000112,True,76.94
SKU-0005653,SUP-000445,True,10.01
SKU-0005654,SUP-000231,True,1.18
SKU-0005655,SUP-000363,True,4.86
SKU-0005655,SUP-000090,False,5.03
SKU-0005656,SUP-000336,True,6.51
SKU-0005656,SUP-000218,False,6.22
SKU-0005657,SUP-000371,True,1.03
SKU-0005657,SUP-000214,False,0.8
SKU-0005657,SUP-000251,False,1.02
SKU-0005658,SUP-000102,True,13.08
SKU-0005659,SUP-000430,True,4.64
SKU-0005660,SUP-000337,True,25.34
SKU-0005661,SUP-000276,True,9.44
SKU-0005662,SUP-000149,True,19.58
SKU-0005663,SUP-000411,True,10.04
SKU-0005663,SUP-000447,False,9.03
SKU-0005664,SUP-000074,True,1.47
SKU-0005664,SUP-000136,False,1.26
SKU-0005665,SUP-000428,True,34.94
SKU-0005665,SUP-000271,False,28.72
SKU-0005665,SUP-000294,False,28.1
SKU-0005666,SUP-000102,True,3.28
SKU-0005666,SUP-000378,False,3.58
SKU-0005667,SUP-000217,True,9.18
SKU-0005668,SUP-000261,True,4.41
SKU-0005668,SUP-000023,False,3.82
SKU-0005669,SUP-000369,True,7.57
SKU-0005670,SUP-000093,True,42.02
SKU-0005670,SUP-000275,False,48.4
SKU-0005671,SUP-000085,True,6.62
SKU-0005672,SUP-000291,True,10.64
SKU-0005673,SUP-000433,True,0.54
SKU-0005673,SUP-000118,False,0.52
SKU-0005674,SUP-000228,True,31.72
SKU-0005675,SUP-000358,True,6.97
SKU-0005676,SUP-000375,True,9.75
SKU-0005677,SUP-000402,True,17.02
SKU-0005678,SUP-000055,True,0.81
SKU-0005679,SUP-000180,True,15.07
SKU-0005680,SUP-000310,True,42.07
SKU-0005681,SUP-000206,True,3.47
SKU-0005681,SUP-000146,False,3.11
SKU-0005682,SUP-000247,True,6.73
SKU-0005683,SUP-000310,True,10.31
SKU-0005684,SUP-000075,True,4.32
SKU-0005685,SUP-000397,True,
SKU-0005686,SUP-000195,True,5.13
SKU-0005687,SUP-000078,True,1.27
SKU-0005688,SUP-000206,True,47.21
SKU-0005689,SUP-000387,True,5.16
SKU-0005689,SUP-000059,False,5.93
SKU-0005689,SUP-000340,False,6.86
SKU-0005690,SUP-000426,True,147.76
SKU-0005691,SUP-000410,True,75.14
SKU-0005692,SUP-000213,True,4.0
SKU-0005693,SUP-000223,True,14.12
SKU-0005693,SUP-000426,False,15.36
SKU-0005694,SUP-000110,True,4.82
SKU-0005694,SUP-000342,False,3.9
SKU-0005695,SUP-000269,True,7.94
SKU-0005696,SUP-000179,True,27.81
SKU-0005696,SUP-000153,False,23.62
SKU-0005696,SUP-000143,False,26.84
SKU-0005697,SUP-000195,True,112.78
SKU-0005698,SUP-000247,True,1.28
SKU-0005699,SUP-000168,True,620.45
SKU-0005700,SUP-000361,True,16.27
SKU-0005700,SUP-000113,False,16.92
SKU-0005701,SUP-000344,True,33.15
SKU-0005701,SUP-000395,False,32.05
SKU-0005702,SUP-000361,True,22.67
SKU-0005703,SUP-000353,True,34.4
SKU-0005704,SUP-000360,True,10.27
SKU-0005705,SUP-000053,True,3.71
SKU-0005705,SUP-000209,False,4.01
SKU-0005706,SUP-000130,True,34.15
SKU-0005706,SUP-000324,False,31.43
SKU-0005706,SUP-000055,False,38.92
SKU-0005707,SUP-000160,True,6.29
SKU-0005708,SUP-000371,True,23.13
SKU-0005709,SUP-000255,True,18.61
SKU-0005710,SUP-000305,True,2.44
SKU-0005711,SUP-000244,True,8.73
SKU-0005712,SUP-000328,True,7.52
SKU-0005713,SUP-000039,True,2.7
SKU-0005713,SUP-000180,False,2.76
SKU-0005713,SUP-000316,False,2.7
SKU-0005714,SUP-000313,True,24.56
SKU-0005714,SUP-000292,False,25.16
SKU-0005715,SUP-000120,True,3.74
SKU-0005715,SUP-000045,False,3.57
SKU-0005715,SUP-000083,False,3.5
SKU-0005716,SUP-000126,True,5.59
SKU-0005717,SUP-000396,True,35.54
SKU-0005717,SUP-000444,False,39.57
SKU-0005718,SUP-000415,True,8.76
SKU-0005719,SUP-000450,True,24.36
SKU-0005720,SUP-000198,True,41.44
SKU-0005721,SUP-000131,True,23.31
SKU-0005722,SUP-000232,True,21.51
SKU-0005723,SUP-000035,True,15.24
SKU-0005723,SUP-000417,False,16.69
SKU-0005724,SUP-000442,True,4.15
SKU-0005725,SUP-000029,True,3.04
SKU-0005726,SUP-000055,True,2.23
SKU-0005726,SUP-000034,False,2.71
SKU-0005727,SUP-000226,True,65.02
SKU-0005728,SUP-000268,True,79.19
SKU-0005728,SUP-000311,False,70.83
SKU-0005729,SUP-000410,True,34.92
SKU-0005730,SUP-000402,True,1.07
SKU-0005731,SUP-000447,True,46.24
SKU-0005732,SUP-000128,True,6.31
SKU-0005733,SUP-000361,True,12.11
SKU-0005734,SUP-000308,True,6.32
SKU-0005734,SUP-000197,False,6.71
SKU-0005735,SUP-000311,True,3.26
SKU-0005735,SUP-000121,False,2.77
SKU-0005735,SUP-000271,False,3.27
SKU-0005736,SUP-000321,True,37.18
SKU-0005737,SUP-000327,True,32.76
SKU-0005738,SUP-000121,True,65.03
SKU-0005739,SUP-000398,True,48.08
SKU-0005740,SUP-000126,True,30.43
SKU-0005741,SUP-000105,True,50.93
SKU-0005741,SUP-000206,False,
SKU-0005741,SUP-000125,False,
SKU-0005742,SUP-000078,True,0.55
SKU-0005742,SUP-000017,False,0.55
SKU-0005743,SUP-000132,True,62.51
SKU-0005744,SUP-000083,True,0.51
SKU-0005745,SUP-000170,True,4.74
SKU-0005746,SUP-000326,True,5.29
SKU-0005746,SUP-000282,False,5.41
SKU-0005747,SUP-000379,True,10.37
SKU-0005748,SUP-000353,True,49.46
SKU-0005748,SUP-000191,False,48.71
SKU-0005749,SUP-000195,True,50.35
SKU-0005750,SUP-000126,True,48.58
SKU-0005751,SUP-000183,True,8.14
SKU-0005751,SUP-000351,False,8.42
SKU-0005751,SUP-000039,False,7.39
SKU-0005752,SUP-000280,True,9.81
SKU-0005752,SUP-000424,False,9.28
SKU-0005753,SUP-000057,True,1.42
SKU-0005753,SUP-000009,False,1.27
SKU-0005754,SUP-000268,True,191.2
SKU-0005754,SUP-000208,False,207.75
SKU-0005755,SUP-000084,True,3.57
SKU-0005755,SUP-000411,False,3.23
SKU-0005755,SUP-000107,False,3.35
SKU-0005756,SUP-000104,True,9.94
SKU-0005757,SUP-000066,True,0.66
SKU-0005758,SUP-000035,True,27.67
SKU-0005759,SUP-000167,True,4.08
SKU-0005760,SUP-000444,True,6.51
SKU-0005761,SUP-000411,True,16.59
SKU-0005761,SUP-000042,False,17.22
SKU-0005762,SUP-000197,True,15.1
SKU-0005762,SUP-000091,False,16.24
SKU-0005763,SUP-000167,True,8.26
SKU-0005764,SUP-000447,True,41.35
SKU-0005765,SUP-000080,True,10.4
SKU-0005766,SUP-000310,True,66.12
SKU-0005767,SUP-000018,True,1.14
SKU-0005768,SUP-000220,True,37.49
SKU-0005769,SUP-000238,True,4.19
SKU-0005770,SUP-000057,True,8.48
SKU-0005771,SUP-000036,True,15.67
SKU-0005771,SUP-000212,False,12.05
SKU-0005772,SUP-000405,True,2.91
SKU-0005773,SUP-000348,True,6.96
SKU-0005774,SUP-000279,True,13.76
SKU-0005775,SUP-000175,True,11.38
SKU-0005776,SUP-000176,True,41.63
SKU-0005777,SUP-000018,True,1.45
SKU-0005778,SUP-000371,True,2.93
SKU-0005779,SUP-000003,True,3.18
SKU-0005779,SUP-000215,False,2.84
SKU-0005780,SUP-000043,True,70.14
SKU-0005780,SUP-000348,False,57.45
SKU-0005781,SUP-000122,True,46.35
SKU-0005782,SUP-000347,True,26.17
SKU-0005783,SUP-000333,True,2.65
SKU-0005784,SUP-000097,True,66.6
SKU-0005785,SUP-000399,True,3.49
SKU-0005786,SUP-000353,True,30.34
SKU-0005787,SUP-000179,True,3.88
SKU-0005787,SUP-000029,False,3.24
SKU-0005788,SUP-000253,True,13.46
SKU-0005789,SUP-000098,True,24.18
SKU-0005790,SUP-000436,True,56.11
SKU-0005791,SUP-000053,True,0.6
SKU-0005792,SUP-000304,True,42.21
SKU-0005793,SUP-000435,True,46.84
SKU-0005794,SUP-000020,True,83.2
SKU-0005795,SUP-000323,True,25.83
SKU-0005795,SUP-000402,False,25.38
SKU-0005796,SUP-000215,True,145.9
SKU-0005797,SUP-000414,True,43.19
SKU-0005798,SUP-000119,True,14.87
SKU-0005799,SUP-000122,True,2.97
SKU-0005799,SUP-000095,False,2.34
SKU-0005800,SUP-000158,True,10.78
SKU-0005801,SUP-000155,True,49.99
SKU-0005802,SUP-000177,True,8.89
SKU-0005803,SUP-000358,True,6.15
SKU-0005804,SUP-000276,True,4.02
SKU-0005805,SUP-000131,True,7.6
SKU-0005805,SUP-000442,False,7.7
SKU-0005806,SUP-000334,True,104.54
SKU-0005807,SUP-000389,True,18.03
SKU-0005807,SUP-000170,False,16.26
SKU-0005808,SUP-000167,True,10.27
SKU-0005808,SUP-000242,False,8.69
SKU-0005809,SUP-000239,True,2.2
SKU-0005810,SUP-000304,True,17.41
SKU-0005811,SUP-000350,True,47.24
SKU-0005812,SUP-000084,True,10.33
SKU-0005813,SUP-000182,True,2.07
SKU-0005814,SUP-000439,True,6.07
SKU-0005815,SUP-000287,True,18.99
SKU-0005816,SUP-000181,True,16.63
SKU-0005817,SUP-000054,True,3.53
SKU-0005818,SUP-000376,True,10.51
SKU-0005818,SUP-000099,False,10.67
SKU-0005819,SUP-000048,True,2.65
SKU-0005820,SUP-000309,True,0.91
SKU-0005821,SUP-000272,True,38.73
SKU-0005822,SUP-000312,True,11.43
SKU-0005823,SUP-000105,True,55.38
SKU-0005823,SUP-000204,False,62.21
SKU-0005824,SUP-000239,True,7.55
SKU-0005824,SUP-000165,False,6.81
SKU-0005825,SUP-000226,True,25.72
SKU-0005826,SUP-000383,True,27.35
SKU-0005826,SUP-000404,False,28.87
SKU-0005827,SUP-000026,True,7.67
SKU-0005827,SUP-000261,False,8.14
SKU-0005828,SUP-000229,True,2.25
SKU-0005829,SUP-000069,True,1.66
SKU-0005829,SUP-000010,False,2.02
SKU-0005830,SUP-000408,True,7.18
SKU-0005831,SUP-000044,True,1.28
SKU-0005832,SUP-000222,True,22.95
SKU-0005833,SUP-000407,True,92.05
SKU-0005834,SUP-000317,True,19.29
SKU-0005835,SUP-000126,True,3.77
SKU-0005836,SUP-000357,True,72.63
SKU-0005836,SUP-000353,False,69.66
SKU-0005836,SUP-000173,False,78.57
SKU-0005837,SUP-000402,True,48.93
SKU-0005837,SUP-000123,False,63.19
SKU-0005838,SUP-000075,True,24.5
SKU-0005839,SUP-000383,True,36.83
SKU-0005840,SUP-000242,True,6.29
SKU-0005841,SUP-000186,True,6.11
SKU-0005842,SUP-000336,True,12.61
SKU-0005842,SUP-000182,False,13.97
SKU-0005843,SUP-000058,True,123.98
SKU-0005844,SUP-000313,True,7.78
SKU-0005845,SUP-000290,True,25.52
SKU-0005845,SUP-000288,False,24.35
SKU-0005846,SUP-000141,True,-10.81
SKU-0005847,SUP-000209,True,17.8
SKU-0005848,SUP-000158,True,4.55
SKU-0005849,SUP-000034,True,98.04
SKU-0005850,SUP-000065,True,9.42
SKU-0005850,SUP-000398,False,10.99
SKU-0005851,SUP-000091,True,169.48
SKU-0005851,SUP-000230,False,168.72
SKU-0005852,SUP-000267,True,8.11
SKU-0005852,SUP-000300,False,6.73
SKU-0005853,SUP-000156,True,5.83
SKU-0005854,SUP-000012,True,5.09
SKU-0005855,SUP-000064,True,36.29
SKU-0005856,SUP-000188,True,1.51
SKU-0005857,SUP-000127,True,1.18
SKU-0005858,SUP-000266,True,4.48
SKU-0005859,SUP-000367,True,9.87
SKU-0005859,SUP-000317,False,10.85
SKU-0005860,SUP-000144,True,8.82
SKU-0005861,SUP-000198,True,135.4
SKU-0005862,SUP-000041,True,18.19
SKU-0005863,SUP-000064,True,10.15
SKU-0005863,SUP-000091,False,11.89
SKU-0005863,SUP-000200,False,9.46
SKU-0005864,SUP-000360,True,27.43
SKU-0005865,SUP-000006,True,2.46
SKU-0005866,SUP-000438,True,6.42
SKU-0005866,SUP-000386,False,7.45
SKU-0005867,SUP-000383,True,17.85
SKU-0005868,SUP-000310,True,0.72
SKU-0005868,SUP-000364,False,0.75
SKU-0005869,SUP-000235,True,174.13
SKU-0005870,SUP-000347,True,300.53
SKU-0005871,SUP-000126,True,4.98
SKU-0005872,SUP-000110,True,22.02
SKU-0005873,SUP-000395,True,19.34
SKU-0005873,SUP-000259,False,19.87
SKU-0005874,SUP-000382,True,447.1
SKU-0005875,SUP-000366,True,15.6
SKU-0005875,SUP-000184,False,20.41
SKU-0005876,SUP-000404,True,10.5
SKU-0005877,SUP-000262,True,8.9
SKU-0005877,SUP-000195,False,9.36
SKU-0005878,SUP-000234,True,29.96
SKU-0005879,SUP-000175,True,27.49
SKU-0005880,SUP-000118,True,18.43
SKU-0005881,SUP-000185,True,8.3
SKU-0005882,SUP-000081,True,11.11
SKU-0005883,SUP-000100,True,1.02
SKU-0005884,SUP-000340,True,84.74
SKU-0005885,SUP-000097,True,155.51
SKU-0005886,SUP-000173,True,21.6
SKU-0005886,SUP-000273,False,17.75
SKU-0005887,SUP-000056,True,3.34
SKU-0005888,SUP-000048,True,2.71
SKU-0005889,SUP-000328,True,3.71
SKU-0005890,SUP-000239,True,16.11
SKU-0005890,SUP-000079,False,17.83
SKU-0005891,SUP-000264,True,2.79
SKU-0005892,SUP-000162,True,20.91
SKU-0005893,SUP-000081,True,22.55
SKU-0005894,SUP-000206,True,14.11
SKU-0005895,SUP-000192,True,25.28
SKU-0005896,SUP-000212,True,10.83
SKU-0005897,SUP-000042,True,5.34
SKU-0005898,SUP-000304,True,12.42
SKU-0005899,SUP-000324,True,12.43
SKU-0005899,SUP-000233,False,13.0
SKU-0005900,SUP-000441,True,2.51
SKU-0005901,SUP-000215,True,275.05
SKU-0005902,SUP-000117,True,9.78
SKU-0005903,SUP-000265,True,29.12
SKU-0005904,SUP-000254,True,2.31
SKU-0005904,SUP-000006,False,2.02
SKU-0005905,SUP-000429,True,10.38
SKU-0005905,SUP-000274,False,9.76
SKU-0005906,SUP-000327,True,1.62
SKU-0005907,SUP-000407,True,17.11
SKU-0005907,SUP-000323,False,
SKU-0005908,SUP-000433,True,59.51
SKU-0005909,SUP-000405,True,23.36
SKU-0005909,SUP-000394,False,26.99
SKU-0005910,SUP-000202,True,-5.34
SKU-0005911,SUP-000060,True,20.61
SKU-0005911,SUP-000143,False,21.32
SKU-0005912,SUP-000088,True,1.23
SKU-0005913,SUP-000212,True,74.88
SKU-0005914,SUP-000374,True,91.0
SKU-0005914,SUP-000034,False,86.43
SKU-0005915,SUP-000119,True,16.13
SKU-0005916,SUP-000398,True,4.34
SKU-0005917,SUP-000376,True,3.64
SKU-0005918,SUP-000429,True,19.75
SKU-0005919,SUP-000338,True,3.17
SKU-0005920,SUP-000096,True,6.66
SKU-0005921,SUP-000147,True,0.98
SKU-0005922,SUP-000140,True,45.99
SKU-0005923,SUP-000096,True,13.29
SKU-0005923,SUP-000370,False,15.77
SKU-0005924,SUP-000217,True,37.96
SKU-0005924,SUP-000119,False,41.19
SKU-0005925,SUP-000422,True,2.64
SKU-0005926,SUP-000313,True,39.45
SKU-0005926,SUP-000040,False,42.19
SKU-0005927,SUP-000354,True,9.72
SKU-0005928,SUP-000382,True,17.31
SKU-0005928,SUP-000087,False,16.29
SKU-0005928,SUP-000367,False,19.75
SKU-0005929,SUP-000421,True,89.15
SKU-0005929,SUP-000403,False,84.42
SKU-0005930,SUP-000243,True,2.7
SKU-0005931,SUP-000154,True,3.92
SKU-0005931,SUP-000126,False,3.98
SKU-0005932,SUP-000416,True,-23.44
SKU-0005933,SUP-000222,True,24.08
SKU-0005934,SUP-000432,True,76.48
SKU-0005935,SUP-000444,True,1.49
SKU-0005936,SUP-000321,True,0.71
SKU-0005937,SUP-000162,True,9.11
SKU-0005938,SUP-000272,True,11.69
SKU-0005939,SUP-000182,True,1.17
SKU-0005940,SUP-000384,True,27.47
SKU-0005941,SUP-000010,True,94.01
SKU-0005942,SUP-000081,True,117.18
SKU-0005943,SUP-000220,True,20.16
SKU-0005943,SUP-000430,False,18.5
SKU-0005944,SUP-000081,True,23.78
SKU-0005945,SUP-000269,True,2.33
SKU-0005946,SUP-000295,True,36.67
SKU-0005946,SUP-000412,False,31.71
SKU-0005946,SUP-000309,False,38.91
SKU-0005947,SUP-000231,True,
SKU-0005948,SUP-000010,True,2.56
SKU-0005949,SUP-000280,True,15.76
SKU-0005950,SUP-000043,True,53.07
SKU-0005951,SUP-000140,True,36.09
SKU-0005952,SUP-000155,True,4.34
SKU-0005952,SUP-000278,False,4.37
SKU-0005953,SUP-000386,True,4.93
SKU-0005954,SUP-000415,True,15.81
SKU-0005955,SUP-000172,True,14.58
SKU-0005956,SUP-000001,True,1.02
SKU-0005957,SUP-000047,True,11.74
SKU-0005957,SUP-000062,False,10.93
SKU-0005958,SUP-000389,True,274.47
SKU-0005959,SUP-000195,True,1.9
SKU-0005960,SUP-000158,True,6.82
SKU-0005961,SUP-000360,True,3.3
SKU-0005962,SUP-000141,True,27.22
SKU-0005963,SUP-000411,True,9.96
SKU-0005964,SUP-000272,True,1.06
SKU-0005965,SUP-000102,True,14.4
SKU-0005966,SUP-000397,True,60.75
SKU-0005967,SUP-000342,True,134.3
SKU-0005967,SUP-000061,False,104.82
SKU-0005968,SUP-000377,True,17.94
SKU-0005969,SUP-000121,True,23.28
SKU-0005970,SUP-000034,True,28.72
SKU-0005971,SUP-000316,True,1.11
SKU-0005971,SUP-000084,False,1.41
SKU-0005972,SUP-000339,True,6.08
SKU-0005972,SUP-000096,False,8.2
SKU-0005973,SUP-000031,True,46.99
SKU-0005973,SUP-000032,False,37.82
SKU-0005974,SUP-000210,True,5.62
SKU-0005974,SUP-000123,False,5.58
SKU-0005975,SUP-000307,True,14.68
SKU-0005975,SUP-000320,False,14.44
SKU-0005976,SUP-000139,True,172.89
SKU-0005977,SUP-000056,True,48.76
SKU-0005978,SUP-000289,True,4.96
SKU-0005978,SUP-000266,False,4.35
SKU-0005979,SUP-000019,True,212.04
SKU-0005979,SUP-000048,False,222.29
SKU-0005979,SUP-000434,False,171.88
SKU-0005980,SUP-000450,True,15.74
SKU-0005980,SUP-000298,False,14.41
SKU-0005981,SUP-000102,True,8.24
SKU-0005981,SUP-000268,False,9.37
SKU-0005982,SUP-000366,True,301.74
SKU-0005983,SUP-000281,True,
SKU-0005984,SUP-000092,True,
SKU-0005985,SUP-000414,True,27.06
SKU-0005986,SUP-000372,True,2.13
SKU-0005987,SUP-000387,True,128.89
SKU-0005988,SUP-000174,True,21.06
SKU-0005989,SUP-000002,True,47.57
SKU-0005990,SUP-000132,True,35.4
SKU-0005991,SUP-000052,True,2.44
SKU-0005992,SUP-000447,True,5.25
SKU-0005993,SUP-000267,True,2.49
SKU-0005994,SUP-000303,True,
SKU-0005995,SUP-000096,True,3.94
SKU-0005996,SUP-000436,True,6.12
SKU-0005997,SUP-000033,True,15.36
SKU-0005998,SUP-000243,True,20.0
SKU-0005998,SUP-000264,False,21.43
SKU-0005998,SUP-000032,False,22.1
SKU-0005999,SUP-000384,True,15.4
SKU-0006000,SUP-000253,True,25.9
SKU-0006001,SUP-000380,True,18.13
SKU-0006001,SUP-000198,False,21.87
SKU-0006002,SUP-000238,True,15.4
SKU-0006003,SUP-000108,True,43.98
SKU-0006004,SUP-000293,True,24.29
SKU-0006005,SUP-000369,True,2.56
SKU-0006006,SUP-000392,True,67.6
SKU-0006006,SUP-000073,False,69.11
SKU-0006007,SUP-000034,True,3.66
SKU-0006007,SUP-000262,False,3.5
SKU-0006007,SUP-000057,False,3.88
SKU-0006008,SUP-000344,True,372.05
SKU-0006008,SUP-000016,False,322.24
SKU-0006009,SUP-000011,True,6.61
SKU-0006010,SUP-000304,True,325.61
SKU-0006010,SUP-000362,False,385.56
SKU-0006011,SUP-000289,True,1.25
SKU-0006012,SUP-000299,True,84.68
SKU-0006013,SUP-000267,True,2.72
SKU-0006014,SUP-000057,True,46.22
SKU-0006015,SUP-000212,True,3.83
SKU-0006015,SUP-000350,False,3.91
SKU-0006016,SUP-000409,True,1.71
SKU-0006017,SUP-000215,True,137.62
SKU-0006017,SUP-000068,False,162.48
SKU-0006018,SUP-000356,True,39.34
SKU-0006018,SUP-000183,False,35.34
SKU-0006019,SUP-000205,True,5.34
SKU-0006020,SUP-000108,True,8.42
SKU-0006021,SUP-000352,True,1.6
SKU-0006022,SUP-000041,True,32.0
SKU-0006022,SUP-000210,False,31.58
SKU-0006022,SUP-000188,False,32.73
SKU-0006023,SUP-000168,True,2.31
SKU-0006023,SUP-000072,False,2.29
SKU-0006024,SUP-000123,True,15.87
SKU-0006025,SUP-000109,True,31.98
SKU-0006026,SUP-000322,True,5.44
SKU-0006027,SUP-000026,True,0.98
SKU-0006028,SUP-000439,True,18.11
SKU-0006028,SUP-000373,False,22.1
SKU-0006029,SUP-000031,True,38.2
SKU-0006030,SUP-000376,True,61.79
SKU-0006031,SUP-000062,True,11.03
SKU-0006031,SUP-000003,False,10.34
SKU-0006032,SUP-000149,True,0.74
SKU-0006033,SUP-000167,True,46.34
SKU-0006034,SUP-000003,True,11.79
SKU-0006035,SUP-000233,True,3.38
SKU-0006036,SUP-000258,True,12.56
SKU-0006037,SUP-000106,True,26.64
SKU-0006038,SUP-000255,True,7.71
SKU-0006038,SUP-000313,False,6.96
SKU-0006039,SUP-000135,True,13.02
SKU-0006040,SUP-000287,True,14.05
SKU-0006040,SUP-000440,False,12.74
SKU-0006040,SUP-000295,False,12.69
SKU-0006041,SUP-000097,True,17.39
SKU-0006042,SUP-000293,True,23.56
SKU-0006043,SUP-000085,True,13.35
SKU-0006044,SUP-000057,True,8.34
SKU-0006044,SUP-000144,False,8.58
SKU-0006045,SUP-000064,True,6.69
SKU-0006045,SUP-000044,False,5.48
SKU-0006046,SUP-000069,True,236.05
SKU-0006047,SUP-000408,True,5.8
SKU-0006048,SUP-000072,True,1.68
SKU-0006049,SUP-000350,True,9.4
SKU-0006050,SUP-000253,True,20.05
SKU-0006051,SUP-000183,True,13.43
SKU-0006051,SUP-000410,False,14.89
SKU-0006052,SUP-000319,True,0.97
SKU-0006053,SUP-000327,True,11.1
SKU-0006054,SUP-000339,True,1.9
SKU-0006055,SUP-000426,True,2.44
SKU-0006056,SUP-000277,True,19.81
SKU-0006057,SUP-000081,True,14.11
SKU-0006058,SUP-000159,True,52.43
SKU-0006059,SUP-000149,True,2.88
SKU-0006060,SUP-000019,True,26.89
SKU-0006060,SUP-000130,False,27.36
SKU-0006061,SUP-000243,True,28.18
SKU-0006061,SUP-000350,False,27.43
SKU-0006062,SUP-000038,True,11.52
SKU-0006062,SUP-000371,False,11.18
SKU-0006062,SUP-000084,False,10.66
SKU-0006063,SUP-000006,True,23.99
SKU-0006064,SUP-000088,True,74.24
SKU-0006065,SUP-000160,True,9.51
SKU-0006066,SUP-000382,True,0.74
SKU-0006067,SUP-000437,True,87.14
SKU-0006068,SUP-000307,True,2.83
SKU-0006068,SUP-000144,False,3.17
SKU-0006069,SUP-000413,True,40.33
SKU-0006069,SUP-000387,False,43.32
SKU-0006069,SUP-000174,False,33.99
SKU-0006070,SUP-000146,True,32.5
SKU-0006070,SUP-000008,False,37.37
SKU-0006071,SUP-000201,True,5.9
SKU-0006071,SUP-000165,False,5.09
SKU-0006072,SUP-000067,True,0.88
SKU-0006073,SUP-000028,True,29.95
SKU-0006074,SUP-000272,True,5.63
SKU-0006075,SUP-000034,True,44.65
SKU-0006076,SUP-000298,True,284.32
SKU-0006076,SUP-000273,False,309.87
SKU-0006077,SUP-000128,True,11.72
SKU-0006078,SUP-000411,True,32.08
SKU-0006079,SUP-000020,True,19.35
SKU-0006080,SUP-000166,True,1.65
SKU-0006081,SUP-000031,True,
SKU-0006082,SUP-000012,True,1.89
SKU-0006082,SUP-000129,False,1.91
SKU-0006082,SUP-000373,False,1.99
SKU-0006083,SUP-000161,True,1.75
SKU-0006083,SUP-000266,False,1.81
SKU-0006084,SUP-000342,True,9.26
SKU-0006085,SUP-000381,True,24.15
SKU-0006086,SUP-000020,True,7.85
SKU-0006087,SUP-000249,True,0.39
SKU-0006088,SUP-000408,True,3.34
SKU-0006089,SUP-000109,True,3.82
SKU-0006090,SUP-000247,True,100.75
SKU-0006090,SUP-000434,False,90.92
SKU-0006091,SUP-000332,True,1.03
SKU-0006091,SUP-000316,False,1.19
SKU-0006092,SUP-000103,True,168.3
SKU-0006093,SUP-000271,True,113.65
SKU-0006093,SUP-000331,False,122.59
SKU-0006094,SUP-000291,True,32.79
SKU-0006094,SUP-000362,False,27.08
SKU-0006095,SUP-000334,True,2.52
SKU-0006096,SUP-000153,True,34.05
SKU-0006097,SUP-000166,True,10.96
SKU-0006098,SUP-000081,True,0.93
SKU-0006098,SUP-000100,False,1.16
SKU-0006099,SUP-000336,True,8.0
SKU-0006100,SUP-000315,True,3.67
SKU-0006101,SUP-000048,True,3.14
SKU-0006102,SUP-000028,True,0.77
SKU-0006103,SUP-000299,True,97.43
SKU-0006104,SUP-000104,True,21.56
SKU-0006105,SUP-000150,True,115.08
SKU-0006105,SUP-000199,False,132.9
SKU-0006105,SUP-000303,False,137.05
SKU-0006106,SUP-000023,True,173.48
SKU-0006106,SUP-000450,False,167.6
SKU-0006107,SUP-000216,True,16.37
SKU-0006108,SUP-000376,True,2.22
SKU-0006109,SUP-000222,True,1.44
SKU-0006109,SUP-000429,False,1.41
SKU-0006110,SUP-000378,True,9.5
SKU-0006111,SUP-000260,True,
SKU-0006111,SUP-000144,False,45.91
SKU-0006112,SUP-000449,True,19.26
SKU-0006113,SUP-000216,True,11.71
SKU-0006114,SUP-000265,True,6.54
SKU-0006114,SUP-000349,False,6.23
SKU-0006115,SUP-000124,True,6.77
SKU-0006116,SUP-000149,True,4.52
SKU-0006117,SUP-000356,True,28.83
SKU-0006118,SUP-000298,True,4.41
SKU-0006119,SUP-000312,True,
SKU-0006119,SUP-000006,False,2.89
SKU-0006120,SUP-000200,True,18.82
SKU-0006120,SUP-000401,False,17.76
SKU-0006121,SUP-000159,True,11.13
SKU-0006122,SUP-000271,True,2.38
SKU-0006122,SUP-000248,False,2.6
SKU-0006123,SUP-000005,True,5.63
SKU-0006124,SUP-000122,True,9.59
SKU-0006124,SUP-000349,False,8.9
SKU-0006125,SUP-000039,True,3.95
SKU-0006126,SUP-000396,True,8.39
SKU-0006127,SUP-000230,True,7.16
SKU-0006128,SUP-000069,True,4.83
SKU-0006129,SUP-000031,True,15.83
SKU-0006130,SUP-000085,True,32.45
SKU-0006131,SUP-000207,True,4.46
SKU-0006132,SUP-000332,True,47.28
SKU-0006132,SUP-000116,False,43.46
SKU-0006132,SUP-000391,False,51.25
SKU-0006133,SUP-000187,True,3.38
SKU-0006134,SUP-000350,True,1.57
SKU-0006135,SUP-000147,True,1.52
SKU-0006136,SUP-000358,True,32.16
SKU-0006137,SUP-000357,True,5.58
SKU-0006138,SUP-000240,True,1.4
SKU-0006139,SUP-000233,True,54.43
SKU-0006139,SUP-000038,False,55.12
SKU-0006140,SUP-000004,True,12.65
SKU-0006141,SUP-000282,True,5.45
SKU-0006142,SUP-000202,True,20.75
SKU-0006143,SUP-000180,True,13.79
SKU-0006143,SUP-000129,False,13.45
SKU-0006143,SUP-000402,False,12.03
SKU-0006144,SUP-000432,True,13.8
SKU-0006145,SUP-000130,True,16.29
SKU-0006146,SUP-000225,True,4.93
SKU-0006147,SUP-000114,True,130.26
SKU-0006147,SUP-000424,False,143.34
SKU-0006148,SUP-000302,True,5.64
SKU-0006149,SUP-000064,True,18.31
SKU-0006149,SUP-000086,False,21.06
SKU-0006149,SUP-000442,False,19.52
SKU-0006150,SUP-000117,True,422.89
SKU-0006151,SUP-000098,True,10.23
SKU-0006152,SUP-000361,True,14.45
SKU-0006152,SUP-000197,False,12.65
SKU-0006153,SUP-000361,True,88.34
SKU-0006154,SUP-000340,True,0.5
SKU-0006154,SUP-000175,False,0.42
SKU-0006154,SUP-000430,False,0.37
SKU-0006155,SUP-000279,True,58.14
SKU-0006156,SUP-000123,True,20.83
SKU-0006157,SUP-000256,True,10.86
SKU-0006157,SUP-000337,False,12.47
SKU-0006157,SUP-000281,False,10.77
SKU-0006158,SUP-000147,True,2.63
SKU-0006158,SUP-000421,False,2.64
SKU-0006159,SUP-000305,True,280.26
SKU-0006160,SUP-000266,True,6.62
SKU-0006161,SUP-000036,True,30.05
SKU-0006162,SUP-000203,True,4.08
SKU-0006163,SUP-000393,True,13.78
SKU-0006163,SUP-000155,False,12.29
SKU-0006164,SUP-000169,True,6.7
SKU-0006165,SUP-000222,True,6.33
SKU-0006166,SUP-000282,True,2.85
SKU-0006167,SUP-000197,True,22.84
SKU-0006168,SUP-000055,True,7.71
SKU-0006168,SUP-000301,False,6.59
SKU-0006168,SUP-000450,False,6.19
SKU-0006169,SUP-000397,True,105.72
SKU-0006170,SUP-000052,True,12.35
SKU-0006170,SUP-000286,False,10.46
SKU-0006171,SUP-000313,True,3.74
SKU-0006172,SUP-000315,True,14.37
SKU-0006173,SUP-000273,True,21.05
SKU-0006173,SUP-000139,False,18.89
SKU-0006174,SUP-000449,True,26.21
SKU-0006175,SUP-000098,True,8.09
SKU-0006175,SUP-000269,False,7.39
SKU-0006175,SUP-000017,False,7.75
SKU-0006176,SUP-000045,True,139.25
SKU-0006177,SUP-000394,True,11.96
SKU-0006177,SUP-000319,False,13.39
SKU-0006177,SUP-000434,False,11.85
SKU-0006178,SUP-000364,True,25.06
SKU-0006179,SUP-000328,True,2.41
SKU-0006180,SUP-000289,True,17.07
SKU-0006180,SUP-000312,False,15.74
SKU-0006181,SUP-000314,True,3.43
SKU-0006181,SUP-000150,False,3.59
SKU-0006182,SUP-000015,True,6.11
SKU-0006183,SUP-000426,True,11.73
SKU-0006184,SUP-000075,True,2.5
SKU-0006184,SUP-000409,False,2.56
SKU-0006185,SUP-000039,True,9.29
SKU-0006186,SUP-000267,True,11.52
SKU-0006187,SUP-000168,True,90.06
SKU-0006188,SUP-000428,True,3.57
SKU-0006189,SUP-000111,True,11.54
SKU-0006189,SUP-000147,False,11.63
SKU-0006190,SUP-000278,True,10.78
SKU-0006191,SUP-000069,True,4.65
SKU-0006191,SUP-000200,False,5.35
SKU-0006192,SUP-000408,True,1.25
SKU-0006192,SUP-000362,False,1.06
SKU-0006193,SUP-000260,True,7.68
SKU-0006194,SUP-000396,True,5.15
SKU-0006195,SUP-000169,True,4.31
SKU-0006196,SUP-000152,True,22.26
SKU-0006197,SUP-000275,True,9.09
SKU-0006198,SUP-000354,True,22.96
SKU-0006199,SUP-000073,True,6.8
SKU-0006200,SUP-000042,True,0.36
SKU-0006201,SUP-000322,True,3.55
SKU-0006202,SUP-000035,True,4.29
SKU-0006203,SUP-000063,True,77.78
SKU-0006204,SUP-000127,True,36.17
SKU-0006205,SUP-000127,True,10.02
SKU-0006205,SUP-000029,False,11.79
SKU-0006206,SUP-000291,True,1.47
SKU-0006206,SUP-000017,False,1.11
SKU-0006206,SUP-000202,False,1.37
SKU-0006207,SUP-000066,True,6.86
SKU-0006208,SUP-000423,True,9.57
SKU-0006209,SUP-000075,True,70.11
SKU-0006210,SUP-000426,True,9.66
SKU-0006211,SUP-000236,True,7.38
SKU-0006212,SUP-000162,True,3.71
SKU-0006212,SUP-000030,False,3.73
SKU-0006213,SUP-000237,True,19.47
SKU-0006214,SUP-000037,True,31.02
SKU-0006215,SUP-000355,True,29.95
SKU-0006216,SUP-000389,True,14.7
SKU-0006217,SUP-000007,True,2.19
SKU-0006218,SUP-000177,True,2.25
SKU-0006219,SUP-000015,True,3.55
SKU-0006219,SUP-000419,False,3.29
SKU-0006220,SUP-000022,True,10.62
SKU-0006221,SUP-000032,True,21.05
SKU-0006222,SUP-000174,True,
SKU-0006223,SUP-000089,True,2.54
SKU-0006224,SUP-000122,True,9.0
SKU-0006225,SUP-000302,True,7.36
SKU-0006226,SUP-000195,True,1.41
SKU-0006227,SUP-000316,True,9.93
SKU-0006227,SUP-000079,False,10.34
SKU-0006228,SUP-000072,True,1.19
SKU-0006229,SUP-000369,True,24.24
SKU-0006230,SUP-000041,True,205.71
SKU-0006231,SUP-000229,True,10.14
SKU-0006232,SUP-000148,True,0.84
SKU-0006233,SUP-000421,True,12.51
SKU-0006233,SUP-000205,False,13.4
SKU-0006233,SUP-000439,False,15.92
SKU-0006234,SUP-000396,True,108.7
SKU-0006235,SUP-000421,True,7.74
SKU-0006236,SUP-000267,True,23.9
SKU-0006237,SUP-000432,True,21.86
SKU-0006238,SUP-000319,True,17.5
SKU-0006239,SUP-000208,True,3.85
SKU-0006239,SUP-000330,False,3.07
SKU-0006239,SUP-000225,False,3.75
SKU-0006240,SUP-000339,True,109.77
SKU-0006241,SUP-000337,True,47.17
SKU-0006242,SUP-000272,True,16.55
SKU-0006243,SUP-000273,True,37.73
SKU-0006243,SUP-000416,False,38.85
SKU-0006243,SUP-000038,False,38.69
SKU-0006244,SUP-000141,True,14.46
SKU-0006245,SUP-000246,True,35.51
SKU-0006245,SUP-000304,False,34.45
SKU-0006246,SUP-000370,True,6.52
SKU-0006247,SUP-000167,True,1.82
SKU-0006247,SUP-000249,False,1.72
SKU-0006248,SUP-000331,True,4.12
SKU-0006249,SUP-000369,True,22.71
SKU-0006249,SUP-000190,False,22.25
SKU-0006250,SUP-000298,True,16.15
SKU-0006251,SUP-000229,True,
SKU-0006251,SUP-000115,False,3.34
SKU-0006252,SUP-000233,True,4.79
SKU-0006253,SUP-000063,True,2.35
SKU-0006254,SUP-000403,True,52.45
SKU-0006255,SUP-000297,True,66.21
SKU-0006256,SUP-000290,True,26.08
SKU-0006256,SUP-000279,False,30.75
SKU-0006256,SUP-000267,False,27.51
SKU-0006257,SUP-000287,True,5.29
SKU-0006257,SUP-000071,False,5.36
SKU-0006258,SUP-000120,True,20.7
SKU-0006259,SUP-000160,True,2.71
SKU-0006259,SUP-000384,False,2.73
SKU-0006259,SUP-000217,False,2.79
SKU-0006260,SUP-000444,True,10.91
SKU-0006261,SUP-000301,True,11.59
SKU-0006261,SUP-000021,False,11.82
SKU-0006261,SUP-000210,False,12.41
SKU-0006262,SUP-000067,True,10.09
SKU-0006263,SUP-000111,True,54.31
SKU-0006264,SUP-000359,True,0.71
SKU-0006265,SUP-000430,True,5.9
SKU-0006266,SUP-000075,True,3.83
SKU-0006267,SUP-000340,True,8.97
SKU-0006268,SUP-000373,True,30.49
SKU-0006268,SUP-000170,False,33.77
SKU-0006268,SUP-000071,False,35.71
SKU-0006269,SUP-000060,True,2.1
SKU-0006270,SUP-000421,True,17.95
SKU-0006271,SUP-000289,True,35.74
SKU-0006271,SUP-000092,False,32.22
SKU-0006272,SUP-000303,True,1.13
SKU-0006273,SUP-000153,True,53.7
SKU-0006274,SUP-000178,True,1.21
SKU-0006275,SUP-000346,True,8.2
SKU-0006276,SUP-000315,True,7.81
SKU-0006276,SUP-000377,False,7.88
SKU-0006277,SUP-000045,True,9.8
SKU-0006277,SUP-000127,False,9.11
SKU-0006278,SUP-000438,True,2.31
SKU-0006279,SUP-000156,True,22.91
SKU-0006280,SUP-000355,True,28.68
SKU-0006281,SUP-000098,True,41.53
SKU-0006282,SUP-000266,True,97.31
SKU-0006283,SUP-000231,True,21.3
SKU-0006284,SUP-000116,True,
SKU-0006285,SUP-000028,True,25.0
SKU-0006286,SUP-000113,True,6.04
SKU-0006287,SUP-000125,True,6.32
SKU-0006288,SUP-000222,True,50.68
SKU-0006289,SUP-000432,True,6.01
SKU-0006289,SUP-000327,False,6.95
SKU-0006290,SUP-000250,True,1.52
SKU-0006290,SUP-000125,False,1.8
SKU-0006290,SUP-000301,False,1.58
SKU-0006291,SUP-000442,True,19.68
SKU-0006292,SUP-000203,True,186.46
SKU-0006293,SUP-000032,True,8.41
SKU-0006294,SUP-000302,True,86.32
SKU-0006295,SUP-000098,True,11.76
SKU-0006296,SUP-000120,True,19.32
SKU-0006297,SUP-000022,True,9.98
SKU-0006297,SUP-000178,False,9.79
SKU-0006298,SUP-000150,True,4.65
SKU-0006299,SUP-000112,True,9.77
SKU-0006300,SUP-000222,True,94.97
SKU-0006301,SUP-000329,True,41.62
SKU-0006302,SUP-000301,True,3.78
SKU-0006302,SUP-000246,False,2.87
SKU-0006303,SUP-000064,True,6.11
SKU-0006304,SUP-000398,True,32.85
SKU-0006304,SUP-000432,False,34.89
SKU-0006304,SUP-000200,False,34.94
SKU-0006305,SUP-000226,True,0.57
SKU-0006305,SUP-000085,False,0.61
SKU-0006306,SUP-000091,True,37.58
SKU-0006306,SUP-000056,False,38.59
SKU-0006306,SUP-000332,False,36.29
SKU-0006307,SUP-000175,True,0.98
SKU-0006308,SUP-000147,True,1.4
SKU-0006309,SUP-000232,True,36.53
SKU-0006310,SUP-000250,True,30.49
SKU-0006310,SUP-000249,False,27.53
SKU-0006311,SUP-000446,True,
SKU-0006312,SUP-000210,True,188.02
SKU-0006313,SUP-000095,True,15.17
SKU-0006313,SUP-000325,False,17.37
SKU-0006314,SUP-000260,True,153.23
SKU-0006315,SUP-000194,True,71.24
SKU-0006316,SUP-000080,True,3.92
SKU-0006316,SUP-000443,False,3.73
SKU-0006317,SUP-000104,True,6.68
SKU-0006318,SUP-000008,True,4.58
SKU-0006318,SUP-000227,False,4.27
SKU-0006319,SUP-000416,True,12.04
SKU-0006320,SUP-000050,True,9.07
SKU-0006321,SUP-000115,True,48.26
SKU-0006321,SUP-000404,False,63.12
SKU-0006322,SUP-000110,True,4.98
SKU-0006323,SUP-000354,True,18.72
SKU-0006324,SUP-000357,True,9.29
SKU-0006325,SUP-000346,True,6.2
SKU-0006326,SUP-000111,True,7.46
SKU-0006327,SUP-000210,True,30.45
SKU-0006328,SUP-000427,True,15.46
SKU-0006329,SUP-000040,True,4.46
SKU-0006330,SUP-000354,True,140.07
SKU-0006331,SUP-000405,True,21.08
SKU-0006332,SUP-000425,True,3.5
SKU-0006333,SUP-000237,True,37.86
SKU-0006334,SUP-000007,True,2.87
SKU-0006334,SUP-000194,False,2.66
SKU-0006335,SUP-000330,True,20.14
SKU-0006336,SUP-000198,True,4.54
SKU-0006336,SUP-000264,False,4.18
SKU-0006337,SUP-000348,True,12.79
SKU-0006337,SUP-000202,False,16.17
SKU-0006338,SUP-000359,True,14.15
SKU-0006339,SUP-000089,True,80.91
SKU-0006340,SUP-000027,True,39.39
SKU-0006340,SUP-000435,False,34.89
SKU-0006341,SUP-000168,True,14.32
SKU-0006342,SUP-000250,True,87.94
SKU-0006343,SUP-000208,True,3.15
SKU-0006344,SUP-000178,True,116.9
SKU-0006345,SUP-000135,True,
SKU-0006346,SUP-000100,True,2.58
SKU-0006347,SUP-000095,True,0.59
SKU-0006348,SUP-000097,True,10.26
SKU-0006349,SUP-000008,True,16.91
SKU-0006349,SUP-000207,False,20.8
SKU-0006350,SUP-000279,True,7.41
SKU-0006351,SUP-000007,True,5.97
SKU-0006352,SUP-000106,True,1.51
SKU-0006352,SUP-000134,False,1.68
SKU-0006353,SUP-000101,True,6.91
SKU-0006353,SUP-000056,False,7.24
SKU-0006354,SUP-000321,True,86.47
SKU-0006354,SUP-000429,False,82.47
SKU-0006355,SUP-000409,True,133.29
SKU-0006356,SUP-000032,True,-8.61
SKU-0006357,SUP-000073,True,1.73
SKU-0006358,SUP-000356,True,8.0
SKU-0006359,SUP-000193,True,54.89
SKU-0006359,SUP-000363,False,57.72
SKU-0006360,SUP-000152,True,11.54
SKU-0006360,SUP-000443,False,
SKU-0006361,SUP-000414,True,2.87
SKU-0006361,SUP-000323,False,2.73
SKU-0006362,SUP-000252,True,4.88
SKU-0006363,SUP-000366,True,10.88
SKU-0006363,SUP-000173,False,8.76
SKU-0006364,SUP-000232,True,11.98
SKU-0006364,SUP-000313,False,13.12
SKU-0006364,SUP-000145,False,10.95
SKU-0006365,SUP-000134,True,9.94
SKU-0006366,SUP-000364,True,28.92
SKU-0006367,SUP-000279,True,16.06
SKU-0006368,SUP-000017,True,18.68
SKU-0006368,SUP-000342,False,20.09
SKU-0006369,SUP-000081,True,11.78
SKU-0006369,SUP-000109,False,9.92
SKU-0006370,SUP-000273,True,7.77
SKU-0006371,SUP-000330,True,1.55
SKU-0006372,SUP-000196,True,9.91
SKU-0006373,SUP-000011,True,4.75
SKU-0006374,SUP-000146,True,4.06
SKU-0006374,SUP-000149,False,4.16
SKU-0006375,SUP-000190,True,7.06
SKU-0006376,SUP-000359,True,109.13
SKU-0006377,SUP-000333,True,1.35
SKU-0006378,SUP-000025,True,7.48
SKU-0006379,SUP-000382,True,7.2
SKU-0006380,SUP-000024,True,68.89
SKU-0006381,SUP-000025,True,2.46
SKU-0006382,SUP-000279,True,9.49
SKU-0006383,SUP-000400,True,1.74
SKU-0006384,SUP-000099,True,20.0
SKU-0006385,SUP-000084,True,19.6
SKU-0006386,SUP-000077,True,15.94
SKU-0006386,SUP-000103,False,13.3
SKU-0006387,SUP-000107,True,19.33
SKU-0006387,SUP-000437,False,17.81
SKU-0006388,SUP-000155,True,7.05
SKU-0006388,SUP-000096,False,6.15
SKU-0006389,SUP-000294,True,7.21
SKU-0006389,SUP-000033,False,7.38
SKU-0006390,SUP-000041,True,18.38
SKU-0006391,SUP-000197,True,12.42
SKU-0006391,SUP-000382,False,13.6
SKU-0006392,SUP-000053,True,177.03
SKU-0006393,SUP-000443,True,5.44
SKU-0006393,SUP-000322,False,4.94
SKU-0006394,SUP-000229,True,11.94
SKU-0006394,SUP-000207,False,11.35
SKU-0006395,SUP-000201,True,8.2
SKU-0006396,SUP-000304,True,3.01
SKU-0006396,SUP-000281,False,3.12
SKU-0006397,SUP-000408,True,8.51
SKU-0006398,SUP-000367,True,4.73
SKU-0006398,SUP-000331,False,5.73
SKU-0006399,SUP-000279,True,55.21
SKU-0006400,SUP-000202,True,26.14
SKU-0006401,SUP-000193,True,47.68
SKU-0006401,SUP-000031,False,45.95
SKU-0006401,SUP-000114,False,48.46
SKU-0006402,SUP-000268,True,5.79
SKU-0006402,SUP-000414,False,5.63
SKU-0006402,SUP-000258,False,5.73
SKU-0006403,SUP-000052,True,5.89
SKU-0006404,SUP-000362,True,3.71
SKU-0006405,SUP-000340,True,296.83
SKU-0006406,SUP-000384,True,4.0
SKU-0006407,SUP-000224,True,28.21
SKU-0006408,SUP-000287,True,1.09
SKU-0006409,SUP-000398,True,344.0
SKU-0006409,SUP-000341,False,289.28
SKU-0006410,SUP-000344,True,26.79
SKU-0006411,SUP-000254,True,38.68
SKU-0006411,SUP-000056,False,36.81
SKU-0006412,SUP-000289,True,7.33
SKU-0006412,SUP-000200,False,7.21
SKU-0006413,SUP-000008,True,10.13
SKU-0006413,SUP-000353,False,11.4
SKU-0006414,SUP-000269,True,8.63
SKU-0006415,SUP-000222,True,217.66
SKU-0006416,SUP-000033,True,1.97
SKU-0006417,SUP-000276,True,33.53
SKU-0006417,SUP-000028,False,40.51
SKU-0006418,SUP-000199,True,28.88
SKU-0006419,SUP-000144,True,1.67
SKU-0006420,SUP-000240,True,163.19
SKU-0006420,SUP-000022,False,125.85
SKU-0006420,SUP-000078,False,140.92
SKU-0006421,SUP-000339,True,34.25
SKU-0006422,SUP-000135,True,2.73
SKU-0006422,SUP-000145,False,3.15
SKU-0006423,SUP-000140,True,3.05
SKU-0006424,SUP-000100,True,12.23
SKU-0006425,SUP-000414,True,15.66
SKU-0006426,SUP-000441,True,39.93
SKU-0006426,SUP-000437,False,50.29
SKU-0006427,SUP-000167,True,0.44
SKU-0006427,SUP-000128,False,0.37
SKU-0006428,SUP-000170,True,4.46
SKU-0006429,SUP-000379,True,124.74
SKU-0006430,SUP-000388,True,32.89
SKU-0006431,SUP-000436,True,17.85
SKU-0006431,SUP-000296,False,15.35
SKU-0006432,SUP-000070,True,79.57
SKU-0006433,SUP-000446,True,15.02
SKU-0006433,SUP-000206,False,17.8
SKU-0006434,SUP-000340,True,124.41
SKU-0006435,SUP-000169,True,6.45
SKU-0006436,SUP-000184,True,54.12
SKU-0006436,SUP-000341,False,
SKU-0006437,SUP-000360,True,35.67
SKU-0006438,SUP-000310,True,4.97
SKU-0006439,SUP-000142,True,1.3
SKU-0006439,SUP-000156,False,1.08
SKU-0006440,SUP-000411,True,10.1
SKU-0006441,SUP-000328,True,4.52
SKU-0006442,SUP-000200,True,2.96
SKU-0006443,SUP-000352,True,9.09
SKU-0006443,SUP-000311,False,7.84
SKU-0006444,SUP-000392,True,8.96
SKU-0006444,SUP-000313,False,8.83
SKU-0006445,SUP-000423,True,98.19
SKU-0006446,SUP-000278,True,21.78
SKU-0006447,SUP-000059,True,6.63
SKU-0006448,SUP-000345,True,38.91
SKU-0006448,SUP-000008,False,43.97
SKU-0006449,SUP-000017,True,1.87
SKU-0006450,SUP-000158,True,1.05
SKU-0006451,SUP-000058,True,5.21
SKU-0006452,SUP-000346,True,
SKU-0006452,SUP-000081,False,12.59
SKU-0006453,SUP-000374,True,3.75
SKU-0006453,SUP-000212,False,3.96
SKU-0006454,SUP-000254,True,0.65
SKU-0006454,SUP-000448,False,0.59
SKU-0006455,SUP-000168,True,
SKU-0006456,SUP-000131,True,11.59
SKU-0006457,SUP-000146,True,3.94
SKU-0006458,SUP-000381,True,27.26
SKU-0006459,SUP-000022,True,17.13
SKU-0006460,SUP-000396,True,400.8
SKU-0006461,SUP-000184,True,27.24
SKU-0006462,SUP-000159,True,4.79
SKU-0006462,SUP-000305,False,4.87
SKU-0006463,SUP-000259,True,19.87
SKU-0006463,SUP-000031,False,17.79
SKU-0006464,SUP-000072,True,1.61
SKU-0006465,SUP-000257,True,10.29
SKU-0006465,SUP-000098,False,12.0
SKU-0006466,SUP-000347,True,6.74
SKU-0006467,SUP-000082,True,20.92
SKU-0006468,SUP-000223,True,188.05
SKU-0006469,SUP-000075,True,6.93
SKU-0006470,SUP-000396,True,1.43
SKU-0006470,SUP-000397,False,
SKU-0006470,SUP-000282,False,
SKU-0006471,SUP-000090,True,92.39
SKU-0006472,SUP-000205,True,5.89
SKU-0006473,SUP-000312,True,22.93
SKU-0006473,SUP-000171,False,26.03
SKU-0006474,SUP-000133,True,14.69
SKU-0006475,SUP-000270,True,29.1
SKU-0006476,SUP-000152,True,81.66
SKU-0006477,SUP-000427,True,35.58
SKU-0006478,SUP-000346,True,10.22
SKU-0006478,SUP-000369,False,9.39
SKU-0006479,SUP-000371,True,16.56
SKU-0006480,SUP-000411,True,36.25
SKU-0006481,SUP-000230,True,3.75
SKU-0006482,SUP-000116,True,12.7
SKU-0006483,SUP-000150,True,9.05
SKU-0006484,SUP-000140,True,36.12
SKU-0006485,SUP-000373,True,4.79
SKU-0006485,SUP-000350,False,6.25
SKU-0006486,SUP-000338,True,9.4
SKU-0006487,SUP-000418,True,51.3
SKU-0006488,SUP-000020,True,24.09
SKU-0006489,SUP-000136,True,15.27
SKU-0006489,SUP-000201,False,14.13
SKU-0006490,SUP-000395,True,4.42
SKU-0006491,SUP-000007,True,12.06
SKU-0006492,SUP-000177,True,118.47
SKU-0006492,SUP-000102,False,145.38
SKU-0006492,SUP-000046,False,121.62
SKU-0006493,SUP-000431,True,6.54
SKU-0006494,SUP-000232,True,49.79
SKU-0006494,SUP-000389,False,51.26
SKU-0006495,SUP-000266,True,11.13
SKU-0006496,SUP-000086,True,10.68
SKU-0006496,SUP-000085,False,10.45
SKU-0006497,SUP-000241,True,1.16
SKU-0006498,SUP-000005,True,12.36
SKU-0006498,SUP-000271,False,15.91
SKU-0006499,SUP-000262,True,4.46
SKU-0006500,SUP-000169,True,33.77
SKU-0006500,SUP-000081,False,33.14
SKU-0006501,SUP-000161,True,14.39
SKU-0006502,SUP-000055,True,167.73
SKU-0006503,SUP-000154,True,2.68
SKU-0006503,SUP-000445,False,2.59
SKU-0006504,SUP-000241,True,23.21
SKU-0006505,SUP-000446,True,8.06
SKU-0006506,SUP-000348,True,3.01
SKU-0006507,SUP-000252,True,20.95
SKU-0006508,SUP-000138,True,5.65
SKU-0006509,SUP-000434,True,12.4
SKU-0006510,SUP-000255,True,4.02
SKU-0006510,SUP-000404,False,4.28
SKU-0006511,SUP-000085,True,44.85
SKU-0006511,SUP-000043,False,36.96
SKU-0006512,SUP-000129,True,4.69
SKU-0006513,SUP-000445,True,24.96
SKU-0006513,SUP-000123,False,29.01
SKU-0006513,SUP-000335,False,25.97
SKU-0006514,SUP-000430,True,7.39
SKU-0006515,SUP-000427,True,10.5
SKU-0006516,SUP-000393,True,3.4
SKU-0006517,SUP-000189,True,1.89
SKU-0006518,SUP-000447,True,12.83
SKU-0006519,SUP-000201,True,2.53
SKU-0006520,SUP-000022,True,5.66
SKU-0006521,SUP-000021,True,2.71
SKU-0006522,SUP-000407,True,6.95
SKU-0006523,SUP-000333,True,11.12
SKU-0006524,SUP-000433,True,43.84
SKU-0006525,SUP-000335,True,6.7
SKU-0006526,SUP-000071,True,6.51
SKU-0006527,SUP-000370,True,7.31
SKU-0006528,SUP-000041,True,1.73
SKU-0006529,SUP-000367,True,9.69
SKU-0006530,SUP-000065,True,138.07
SKU-0006530,SUP-000252,False,148.65
SKU-0006531,SUP-000176,True,29.09
SKU-0006531,SUP-000074,False,23.97
SKU-0006531,SUP-000426,False,24.33
SKU-0006532,SUP-000274,True,2.39
SKU-0006533,SUP-000231,True,10.91
SKU-0006534,SUP-000233,True,8.79
SKU-0006534,SUP-000430,False,8.28
SKU-0006535,SUP-000404,True,7.49
SKU-0006535,SUP-000329,False,9.26
SKU-0006536,SUP-000449,True,4.18
SKU-0006536,SUP-000416,False,4.6
SKU-0006536,SUP-000064,False,3.66
SKU-0006537,SUP-000356,True,55.91
SKU-0006538,SUP-000184,True,2.86
SKU-0006539,SUP-000362,True,50.25
SKU-0006540,SUP-000082,True,336.86
SKU-0006541,SUP-000066,True,67.39
SKU-0006542,SUP-000383,True,8.56
SKU-0006542,SUP-000210,False,8.19
SKU-0006543,SUP-000036,True,5.22
SKU-0006544,SUP-000257,True,266.45
SKU-0006545,SUP-000376,True,20.64
SKU-0006546,SUP-000393,True,20.77
SKU-0006547,SUP-000243,True,10.16
SKU-0006548,SUP-000306,True,6.11
SKU-0006549,SUP-000292,True,11.57
SKU-0006550,SUP-000416,True,1.62
SKU-0006551,SUP-000090,True,2.86
SKU-0006552,SUP-000286,True,12.7
SKU-0006552,SUP-000181,False,12.9
SKU-0006553,SUP-000026,True,47.05
SKU-0006553,SUP-000278,False,44.07
SKU-0006553,SUP-000427,False,40.61
SKU-0006554,SUP-000303,True,18.53
SKU-0006555,SUP-000011,True,6.36
SKU-0006555,SUP-000219,False,6.67
SKU-0006556,SUP-000309,True,19.85
SKU-0006557,SUP-000095,True,2.97
SKU-0006558,SUP-000382,True,2.51
SKU-0006559,SUP-000415,True,19.76
SKU-0006560,SUP-000006,True,6.78
SKU-0006561,SUP-000048,True,9.77
SKU-0006561,SUP-000422,False,8.82
SKU-0006562,SUP-000255,True,20.4
SKU-0006563,SUP-000219,True,18.83
SKU-0006564,SUP-000446,True,13.99
SKU-0006564,SUP-000062,False,14.78
SKU-0006565,SUP-000183,True,73.95
SKU-0006565,SUP-000299,False,84.58
SKU-0006566,SUP-000031,True,2.34
SKU-0006567,SUP-000059,True,5.25
SKU-0006568,SUP-000035,True,4.27
SKU-0006569,SUP-000182,True,0.84
SKU-0006570,SUP-000316,True,6.84
SKU-0006571,SUP-000283,True,
SKU-0006571,SUP-000336,False,18.55
SKU-0006572,SUP-000155,True,1.49
SKU-0006572,SUP-000263,False,1.39
SKU-0006573,SUP-000219,True,1.04
SKU-0006574,SUP-000285,True,12.08
SKU-0006575,SUP-000094,True,8.59
SKU-0006576,SUP-000041,True,10.13
SKU-0006577,SUP-000133,True,3.65
SKU-0006578,SUP-000190,True,1.84
SKU-0006578,SUP-000106,False,1.47
SKU-0006579,SUP-000205,True,8.7
SKU-0006580,SUP-000044,True,11.42
SKU-0006581,SUP-000369,True,
SKU-0006582,SUP-000153,True,2.42
SKU-0006582,SUP-000407,False,2.36
SKU-0006583,SUP-000216,True,
SKU-0006584,SUP-000171,True,2.18
SKU-0006585,SUP-000311,True,24.97
SKU-0006586,SUP-000315,True,9.81
SKU-0006586,SUP-000251,False,9.08
SKU-0006587,SUP-000252,True,9.24
SKU-0006588,SUP-000330,True,11.15
SKU-0006589,SUP-000220,True,6.03
SKU-0006589,SUP-000319,False,5.71
SKU-0006589,SUP-000438,False,5.15
SKU-0006590,SUP-000037,True,40.92
SKU-0006591,SUP-000047,True,10.21
SKU-0006591,SUP-000262,False,10.65
SKU-0006591,SUP-000413,False,10.98
SKU-0006592,SUP-000133,True,1.77
SKU-0006592,SUP-000193,False,1.76
SKU-0006592,SUP-000372,False,2.11
SKU-0006593,SUP-000301,True,14.89
SKU-0006594,SUP-000231,True,21.9
SKU-0006595,SUP-000117,True,5.02
SKU-0006596,SUP-000257,True,38.09
SKU-0006596,SUP-000395,False,30.02
SKU-0006597,SUP-000136,True,179.92
SKU-0006598,SUP-000393,True,1.86
SKU-0006599,SUP-000411,True,2.25
SKU-0006599,SUP-000070,False,1.82
SKU-0006600,SUP-000171,True,47.63
SKU-0006601,SUP-000091,True,27.6
SKU-0006602,SUP-000269,True,14.04
SKU-0006603,SUP-000210,True,71.03
SKU-0006604,SUP-000292,True,3.0
SKU-0006605,SUP-000333,True,1.98
SKU-0006606,SUP-000366,True,33.96
SKU-0006606,SUP-000319,False,32.4
SKU-0006606,SUP-000177,False,30.96
SKU-0006607,SUP-000365,True,20.79
SKU-0006607,SUP-000115,False,17.65
SKU-0006607,SUP-000343,False,18.47
SKU-0006608,SUP-000081,True,7.79
SKU-0006609,SUP-000235,True,11.43
SKU-0006610,SUP-000265,True,1.44
SKU-0006611,SUP-000434,True,15.18
SKU-0006612,SUP-000248,True,0.91
SKU-0006612,SUP-000133,False,1.06
SKU-0006613,SUP-000105,True,5.4
SKU-0006614,SUP-000320,True,5.12
SKU-0006615,SUP-000356,True,155.46
SKU-0006616,SUP-000045,True,3.02
SKU-0006617,SUP-000095,True,3.61
SKU-0006618,SUP-000208,True,36.79
SKU-0006619,SUP-000022,True,13.41
SKU-0006620,SUP-000102,True,1.9
SKU-0006620,SUP-000149,False,1.47
SKU-0006621,SUP-000358,True,40.93
SKU-0006622,SUP-000379,True,3.66
SKU-0006622,SUP-000026,False,4.19
SKU-0006623,SUP-000309,True,54.65
SKU-0006623,SUP-000122,False,55.59
SKU-0006624,SUP-000108,True,6.92
SKU-0006625,SUP-000085,True,25.65
SKU-0006625,SUP-000002,False,28.01
SKU-0006625,SUP-000395,False,24.82
SKU-0006626,SUP-000051,True,5.8
SKU-0006627,SUP-000182,True,24.04
SKU-0006628,SUP-000065,True,2.63
SKU-0006628,SUP-000235,False,2.55
SKU-0006629,SUP-000003,True,12.87
SKU-0006630,SUP-000054,True,7.72
SKU-0006631,SUP-000082,True,4.74
SKU-0006632,SUP-000356,True,27.53
SKU-0006633,SUP-000089,True,12.74
SKU-0006634,SUP-000034,True,7.38
SKU-0006634,SUP-000387,False,7.86
SKU-0006634,SUP-000139,False,9.63
SKU-0006635,SUP-000010,True,4.86
SKU-0006636,SUP-000171,True,37.99
SKU-0006637,SUP-000431,True,14.83
SKU-0006638,SUP-000011,True,14.68
SKU-0006639,SUP-000138,True,377.63
SKU-0006640,SUP-000221,True,9.29
SKU-0006641,SUP-000062,True,11.03
SKU-0006642,SUP-000406,True,6.78
SKU-0006643,SUP-000174,True,8.67
SKU-0006644,SUP-000141,True,3.14
SKU-0006645,SUP-000315,True,31.24
SKU-0006645,SUP-000038,False,30.03
SKU-0006646,SUP-000005,True,9.56
SKU-0006646,SUP-000448,False,10.33
SKU-0006647,SUP-000001,True,13.24
SKU-0006648,SUP-000171,True,4.39
SKU-0006649,SUP-000117,True,7.04
SKU-0006650,SUP-000154,True,36.24
SKU-0006650,SUP-000180,False,41.11
SKU-0006651,SUP-000275,True,27.89
SKU-0006651,SUP-000114,False,33.56
SKU-0006651,SUP-000375,False,29.08
SKU-0006652,SUP-000376,True,4.97
SKU-0006652,SUP-000157,False,4.71
SKU-0006653,SUP-000124,True,19.19
SKU-0006654,SUP-000423,True,4.7
SKU-0006654,SUP-000134,False,4.43
SKU-0006654,SUP-000109,False,3.86
SKU-0006655,SUP-000426,True,3.18
SKU-0006656,SUP-000332,True,8.19
SKU-0006656,SUP-000370,False,7.83
SKU-0006656,SUP-000397,False,6.51
SKU-0006657,SUP-000334,True,22.62
SKU-0006658,SUP-000450,True,3.64
SKU-0006659,SUP-000396,True,4.9
SKU-0006660,SUP-000186,True,66.32
SKU-0006660,SUP-000268,False,60.11
SKU-0006661,SUP-000216,True,59.46
SKU-0006662,SUP-000130,True,13.13
SKU-0006662,SUP-000194,False,11.39
SKU-0006663,SUP-000381,True,12.53
SKU-0006664,SUP-000008,True,2.43
SKU-0006664,SUP-000026,False,2.22
SKU-0006665,SUP-000344,True,5.14
SKU-0006665,SUP-000340,False,5.14
SKU-0006665,SUP-000244,False,4.4
SKU-0006666,SUP-000183,True,28.43
SKU-0006667,SUP-000348,True,89.84
SKU-0006668,SUP-000111,True,2.99
SKU-0006669,SUP-000380,True,23.04
SKU-0006670,SUP-000221,True,
SKU-0006671,SUP-000426,True,4.93
SKU-0006671,SUP-000353,False,
SKU-0006671,SUP-000357,False,4.6
SKU-0006672,SUP-000224,True,40.28
SKU-0006673,SUP-000207,True,0.45
SKU-0006674,SUP-000234,True,54.24
SKU-0006675,SUP-000411,True,74.9
SKU-0006676,SUP-000276,True,20.96
SKU-0006677,SUP-000079,True,3.26
SKU-0006678,SUP-000221,True,3.15
SKU-0006678,SUP-000177,False,3.14
SKU-0006679,SUP-000001,True,1.35
SKU-0006680,SUP-000190,True,31.3
SKU-0006680,SUP-000025,False,37.86
SKU-0006681,SUP-000199,True,21.34
SKU-0006682,SUP-000146,True,15.52
SKU-0006683,SUP-000019,True,29.2
SKU-0006684,SUP-000327,True,10.26
SKU-0006684,SUP-000109,False,11.35
SKU-0006685,SUP-000193,True,28.15
SKU-0006686,SUP-000239,True,12.16
SKU-0006687,SUP-000110,True,35.26
SKU-0006688,SUP-000344,True,0.85
SKU-0006689,SUP-000173,True,5.28
SKU-0006689,SUP-000225,False,6.04
SKU-0006690,SUP-000053,True,25.83
SKU-0006691,SUP-000133,True,14.69
SKU-0006691,SUP-000376,False,14.53
SKU-0006692,SUP-000389,True,0.8
SKU-0006693,SUP-000138,True,1.52
SKU-0006694,SUP-000353,True,4.55
SKU-0006695,SUP-000158,True,3.38
SKU-0006696,SUP-000438,True,17.14
SKU-0006696,SUP-000053,False,14.35
SKU-0006696,SUP-000168,False,14.33
SKU-0006697,SUP-000112,True,65.11
SKU-0006697,SUP-000357,False,64.41
SKU-0006698,SUP-000164,True,9.44
SKU-0006699,SUP-000449,True,8.92
SKU-0006700,SUP-000213,True,1.41
SKU-0006701,SUP-000025,True,3.05
SKU-0006702,SUP-000336,True,236.91
SKU-0006703,SUP-000147,True,93.93
SKU-0006704,SUP-000209,True,19.17
SKU-0006705,SUP-000227,True,28.66
SKU-0006706,SUP-000220,True,14.59
SKU-0006707,SUP-000309,True,32.41
SKU-0006708,SUP-000024,True,5.0
SKU-0006709,SUP-000303,True,50.4
SKU-0006710,SUP-000376,True,119.08
SKU-0006711,SUP-000152,True,13.39
SKU-0006712,SUP-000334,True,4.74
SKU-0006713,SUP-000035,True,5.63
SKU-0006714,SUP-000226,True,11.17
SKU-0006715,SUP-000011,True,15.22
SKU-0006716,SUP-000164,True,93.75
SKU-0006717,SUP-000095,True,18.9
SKU-0006718,SUP-000201,True,0.94
SKU-0006719,SUP-000408,True,15.14
SKU-0006720,SUP-000008,True,
SKU-0006720,SUP-000361,False,
SKU-0006721,SUP-000215,True,1.72
SKU-0006722,SUP-000280,True,25.98
SKU-0006723,SUP-000343,True,1.23
SKU-0006723,SUP-000172,False,1.19
SKU-0006724,SUP-000081,True,20.53
SKU-0006725,SUP-000450,True,15.53
SKU-0006726,SUP-000087,True,57.14
SKU-0006727,SUP-000172,True,36.17
SKU-0006728,SUP-000317,True,19.87
SKU-0006729,SUP-000366,True,1.2
SKU-0006730,SUP-000280,True,3.29
SKU-0006731,SUP-000337,True,9.48
SKU-0006732,SUP-000307,True,14.6
SKU-0006732,SUP-000204,False,13.68
SKU-0006733,SUP-000007,True,1.59
SKU-0006734,SUP-000359,True,7.57
SKU-0006734,SUP-000330,False,7.86
SKU-0006735,SUP-000015,True,13.97
SKU-0006735,SUP-000352,False,14.07
SKU-0006735,SUP-000385,False,14.43
SKU-0006736,SUP-000313,True,11.78
SKU-0006737,SUP-000263,True,2.08
SKU-0006738,SUP-000190,True,8.07
SKU-0006739,SUP-000076,True,2.1
SKU-0006739,SUP-000146,False,2.06
SKU-0006740,SUP-000009,True,52.93
SKU-0006741,SUP-000409,True,29.78
SKU-0006742,SUP-000363,True,0.6
SKU-0006743,SUP-000333,True,91.8
SKU-0006744,SUP-000364,True,35.49
SKU-0006745,SUP-000082,True,42.34
SKU-0006746,SUP-000437,True,14.76
SKU-0006747,SUP-000123,True,20.42
SKU-0006748,SUP-000029,True,37.78
SKU-0006749,SUP-000391,True,41.29
SKU-0006749,SUP-000441,False,49.22
SKU-0006749,SUP-000238,False,46.77
SKU-0006750,SUP-000113,True,41.08
SKU-0006751,SUP-000406,True,7.8
SKU-0006752,SUP-000194,True,2.41
SKU-0006752,SUP-000371,False,2.29
SKU-0006753,SUP-000361,True,12.96
SKU-0006754,SUP-000405,True,16.07
SKU-0006754,SUP-000358,False,12.91
SKU-0006755,SUP-000291,True,11.54
SKU-0006755,SUP-000371,False,10.49
SKU-0006755,SUP-000316,False,11.13
SKU-0006756,SUP-000421,True,21.16
SKU-0006757,SUP-000289,True,14.49
SKU-0006758,SUP-000001,True,0.84
SKU-0006759,SUP-000090,True,13.39
SKU-0006760,SUP-000030,True,12.62
SKU-0006760,SUP-000137,False,11.93
SKU-0006761,SUP-000035,True,3.93
SKU-0006761,SUP-000358,False,4.14
SKU-0006762,SUP-000311,True,47.99
SKU-0006763,SUP-000103,True,3.39
SKU-0006764,SUP-000326,True,3.6
SKU-0006765,SUP-000303,True,3.8
SKU-0006766,SUP-000108,True,22.75
SKU-0006767,SUP-000130,True,0.48
SKU-0006768,SUP-000289,True,0.42
SKU-0006769,SUP-000214,True,17.78
SKU-0006770,SUP-000123,True,7.55
SKU-0006771,SUP-000215,True,0.96
SKU-0006772,SUP-000101,True,18.74
SKU-0006773,SUP-000099,True,6.19
SKU-0006773,SUP-000444,False,6.72
SKU-0006774,SUP-000038,True,17.99
SKU-0006775,SUP-000409,True,20.69
SKU-0006776,SUP-000317,True,148.84
SKU-0006776,SUP-000235,False,152.26
SKU-0006777,SUP-000196,True,6.08
SKU-0006778,SUP-000101,True,23.52
SKU-0006779,SUP-000381,True,3.77
SKU-0006779,SUP-000352,False,3.36
SKU-0006780,SUP-000159,True,3.55
SKU-0006780,SUP-000150,False,3.61
SKU-0006780,SUP-000013,False,4.16
SKU-0006781,SUP-000163,True,31.54
SKU-0006782,SUP-000025,True,3.58
SKU-0006783,SUP-000420,True,27.17
SKU-0006784,SUP-000008,True,91.12
SKU-0006785,SUP-000174,True,21.46
SKU-0006786,SUP-000408,True,
SKU-0006787,SUP-000193,True,26.68
SKU-0006788,SUP-000190,True,23.0
SKU-0006788,SUP-000164,False,20.48
SKU-0006789,SUP-000104,True,15.52
SKU-0006790,SUP-000337,True,3.47
SKU-0006791,SUP-000047,True,31.59
SKU-0006792,SUP-000371,True,25.03
SKU-0006793,SUP-000414,True,7.54
SKU-0006794,SUP-000042,True,10.05
SKU-0006794,SUP-000114,False,8.6
SKU-0006795,SUP-000165,True,19.51
SKU-0006796,SUP-000311,True,2.95
SKU-0006797,SUP-000168,True,4.23
SKU-0006798,SUP-000061,True,63.92
SKU-0006799,SUP-000011,True,2.04
SKU-0006800,SUP-000324,True,23.18
SKU-0006801,SUP-000449,True,11.77
SKU-0006801,SUP-000073,False,12.2
SKU-0006802,SUP-000113,True,1.62
SKU-0006803,SUP-000138,True,18.21
SKU-0006804,SUP-000048,True,2.95
SKU-0006805,SUP-000123,True,1.28
SKU-0006806,SUP-000349,True,6.6
SKU-0006806,SUP-000329,False,5.31
SKU-0006807,SUP-000102,True,8.62
SKU-0006808,SUP-000194,True,21.81
SKU-0006808,SUP-000028,False,20.91
SKU-0006809,SUP-000189,True,8.19
SKU-0006809,SUP-000278,False,6.9
SKU-0006810,SUP-000312,True,4.19
SKU-0006810,SUP-000028,False,4.59
SKU-0006811,SUP-000103,True,103.36
SKU-0006811,SUP-000288,False,97.49
SKU-0006812,SUP-000280,True,4.24
SKU-0006813,SUP-000031,True,11.59
SKU-0006813,SUP-000131,False,10.28
SKU-0006814,SUP-000323,True,15.33
SKU-0006815,SUP-000361,True,8.44
SKU-0006816,SUP-000308,True,14.9
SKU-0006816,SUP-000287,False,11.29
SKU-0006817,SUP-000443,True,12.04
SKU-0006818,SUP-000410,True,7.55
SKU-0006819,SUP-000186,True,47.74
SKU-0006820,SUP-000317,True,222.5
SKU-0006821,SUP-000315,True,43.82
SKU-0006821,SUP-000389,False,43.05
SKU-0006821,SUP-000267,False,48.94
SKU-0006822,SUP-000446,True,10.28
SKU-0006823,SUP-000449,True,14.39
SKU-0006824,SUP-000387,True,120.61
SKU-0006825,SUP-000221,True,29.23
SKU-0006826,SUP-000003,True,36.1
SKU-0006827,SUP-000397,True,15.32
SKU-0006828,SUP-000302,True,43.7
SKU-0006829,SUP-000024,True,13.21
SKU-0006830,SUP-000026,True,40.57
SKU-0006831,SUP-000198,True,27.28
SKU-0006832,SUP-000203,True,109.19
SKU-0006832,SUP-000272,False,115.4
SKU-0006832,SUP-000068,False,119.14
SKU-0006833,SUP-000275,True,6.14
SKU-0006834,SUP-000075,True,41.08
SKU-0006835,SUP-000003,True,3.63
SKU-0006836,SUP-000353,True,5.85
SKU-0006837,SUP-000118,True,81.51
SKU-0006837,SUP-000431,False,95.55
SKU-0006837,SUP-000017,False,94.35
SKU-0006838,SUP-000245,True,3.45
SKU-0006838,SUP-000100,False,2.76
SKU-0006839,SUP-000432,True,25.77
SKU-0006840,SUP-000249,True,2.7
SKU-0006840,SUP-000254,False,2.5
SKU-0006841,SUP-000176,True,14.92
SKU-0006842,SUP-000259,True,52.01
SKU-0006843,SUP-000076,True,16.45
SKU-0006844,SUP-000095,True,3.38
SKU-0006845,SUP-000195,True,4.61
SKU-0006845,SUP-000080,False,4.45
SKU-0006845,SUP-000289,False,5.16
SKU-0006846,SUP-000138,True,23.61
SKU-0006846,SUP-000259,False,28.02
SKU-0006847,SUP-000178,True,13.06
SKU-0006848,SUP-000421,True,4.69
SKU-0006849,SUP-000235,True,219.37
SKU-0006850,SUP-000322,True,19.68
SKU-0006851,SUP-000429,True,2.12
SKU-0006852,SUP-000448,True,28.55
SKU-0006853,SUP-000235,True,7.23
SKU-0006853,SUP-000249,False,6.02
SKU-0006854,SUP-000115,True,29.56
SKU-0006854,SUP-000408,False,32.52
SKU-0006855,SUP-000193,True,11.43
SKU-0006855,SUP-000125,False,10.1
SKU-0006856,SUP-000111,True,10.93
SKU-0006857,SUP-000075,True,9.46
SKU-0006858,SUP-000132,True,4.85
SKU-0006859,SUP-000052,True,44.5
SKU-0006860,SUP-000197,True,298.86
SKU-0006861,SUP-000366,True,13.97
SKU-0006861,SUP-000053,False,13.45
SKU-0006862,SUP-000009,True,9.15
SKU-0006862,SUP-000299,False,10.11
SKU-0006863,SUP-000299,True,6.61
SKU-0006864,SUP-000362,True,
SKU-0006865,SUP-000443,True,15.45
SKU-0006865,SUP-000371,False,15.31
SKU-0006866,SUP-000107,True,20.89
SKU-0006866,SUP-000179,False,19.94
SKU-0006866,SUP-000408,False,23.94
SKU-0006867,SUP-000149,True,1.01
SKU-0006868,SUP-000089,True,4.94
SKU-0006869,SUP-000414,True,44.33
SKU-0006870,SUP-000373,True,73.74
SKU-0006871,SUP-000267,True,
SKU-0006872,SUP-000058,True,9.94
SKU-0006872,SUP-000339,False,10.3
SKU-0006873,SUP-000089,True,78.22
SKU-0006874,SUP-000245,True,14.8
SKU-0006874,SUP-000330,False,15.45
SKU-0006875,SUP-000198,True,2.95
SKU-0006876,SUP-000268,True,6.59
SKU-0006877,SUP-000419,True,3.25
SKU-0006878,SUP-000242,True,15.39
SKU-0006879,SUP-000218,True,16.17
SKU-0006880,SUP-000240,True,4.36
SKU-0006881,SUP-000193,True,30.11
SKU-0006882,SUP-000273,True,
SKU-0006882,SUP-000070,False,28.61
SKU-0006883,SUP-000045,True,47.65
SKU-0006884,SUP-000187,True,8.94
SKU-0006885,SUP-000215,True,184.15
SKU-0006885,SUP-000247,False,149.4
SKU-0006886,SUP-000061,True,9.5
SKU-0006886,SUP-000032,False,10.44
SKU-0006886,SUP-000190,False,9.54
SKU-0006887,SUP-000218,True,37.69
SKU-0006888,SUP-000393,True,23.31
SKU-0006889,SUP-000397,True,1.65
SKU-0006889,SUP-000271,False,1.57
SKU-0006889,SUP-000333,False,1.61
SKU-0006890,SUP-000043,True,68.25
SKU-0006891,SUP-000069,True,24.48
SKU-0006892,SUP-000317,True,3.96
SKU-0006893,SUP-000067,True,38.96
SKU-0006894,SUP-000014,True,5.33
SKU-0006895,SUP-000317,True,4.27
SKU-0006895,SUP-000287,False,5.65
SKU-0006896,SUP-000012,True,104.38
SKU-0006897,SUP-000098,True,36.23
SKU-0006897,SUP-000097,False,30.97
SKU-0006898,SUP-000205,True,30.92
SKU-0006899,SUP-000168,True,54.04
SKU-0006900,SUP-000104,True,7.02
SKU-0006900,SUP-000096,False,6.57
SKU-0006900,SUP-000126,False,5.88
SKU-0006901,SUP-000015,True,4.64
SKU-0006901,SUP-000243,False,5.1
SKU-0006902,SUP-000065,True,8.59
SKU-0006902,SUP-000368,False,9.34
SKU-0006903,SUP-000177,True,4.62
SKU-0006904,SUP-000069,True,7.65
SKU-0006905,SUP-000106,True,16.56
SKU-0006905,SUP-000398,False,14.49
SKU-0006906,SUP-000126,True,38.1
SKU-0006907,SUP-000228,True,31.4
SKU-0006907,SUP-000238,False,37.88
SKU-0006908,SUP-000064,True,18.55
SKU-0006909,SUP-000084,True,153.08
SKU-0006910,SUP-000227,True,31.13
SKU-0006911,SUP-000346,True,34.51
SKU-0006912,SUP-000378,True,2.39
SKU-0006913,SUP-000222,True,127.53
SKU-0006914,SUP-000315,True,49.67
SKU-0006915,SUP-000047,True,3.14
SKU-0006915,SUP-000139,False,3.2
SKU-0006916,SUP-000054,True,25.13
SKU-0006917,SUP-000230,True,9.78
SKU-0006917,SUP-000380,False,10.93
SKU-0006918,SUP-000322,True,58.12
SKU-0006919,SUP-000272,True,8.36
SKU-0006919,SUP-000054,False,8.21
SKU-0006920,SUP-000284,True,31.64
SKU-0006921,SUP-000059,True,4.11
SKU-0006922,SUP-000157,True,33.92
SKU-0006923,SUP-000137,True,739.57
SKU-0006923,SUP-000192,False,
SKU-0006924,SUP-000001,True,24.82
SKU-0006925,SUP-000150,True,1.03
SKU-0006926,SUP-000396,True,1.48
SKU-0006926,SUP-000076,False,1.26
SKU-0006927,SUP-000338,True,0.45
SKU-0006927,SUP-000312,False,0.38
SKU-0006928,SUP-000101,True,6.04
SKU-0006929,SUP-000039,True,71.73
SKU-0006930,SUP-000148,True,1.75
SKU-0006931,SUP-000300,True,8.82
SKU-0006931,SUP-000117,False,9.33
SKU-0006932,SUP-000123,True,12.88
SKU-0006932,SUP-000013,False,12.76
SKU-0006933,SUP-000061,True,63.12
SKU-0006933,SUP-000044,False,61.04
SKU-0006934,SUP-000009,True,15.84
SKU-0006934,SUP-000425,False,13.04
SKU-0006935,SUP-000252,True,6.1
SKU-0006936,SUP-000229,True,12.84
SKU-0006937,SUP-000388,True,48.01
SKU-0006938,SUP-000254,True,49.02
SKU-0006938,SUP-000244,False,39.17
SKU-0006939,SUP-000238,True,4.95
SKU-0006939,SUP-000397,False,5.41
SKU-0006940,SUP-000146,True,59.66
SKU-0006940,SUP-000163,False,51.69
SKU-0006941,SUP-000161,True,11.38
SKU-0006941,SUP-000187,False,11.94
SKU-0006941,SUP-000414,False,11.11
SKU-0006942,SUP-000400,True,53.28
SKU-0006943,SUP-000351,True,27.95
SKU-0006944,SUP-000142,True,8.26
SKU-0006944,SUP-000206,False,8.28
SKU-0006945,SUP-000333,True,12.6
SKU-0006946,SUP-000129,True,7.77
SKU-0006947,SUP-000332,True,2.59
SKU-0006948,SUP-000445,True,1.38
SKU-0006949,SUP-000036,True,10.66
SKU-0006950,SUP-000036,True,
SKU-0006951,SUP-000382,True,22.69
SKU-0006951,SUP-000081,False,26.16
SKU-0006951,SUP-000216,False,22.87
SKU-0006952,SUP-000071,True,8.49
SKU-0006952,SUP-000395,False,8.6
SKU-0006953,SUP-000159,True,5.24
SKU-0006954,SUP-000105,True,
SKU-0006954,SUP-000199,False,30.8
SKU-0006955,SUP-000042,True,5.16
SKU-0006956,SUP-000184,True,15.48
SKU-0006957,SUP-000316,True,9.58
SKU-0006957,SUP-000063,False,8.57
SKU-0006958,SUP-000380,True,22.47
SKU-0006959,SUP-000155,True,23.5
SKU-0006960,SUP-000130,True,15.18
SKU-0006961,SUP-000447,True,31.58
SKU-0006961,SUP-000305,False,25.47
SKU-0006961,SUP-000067,False,24.49
SKU-0006962,SUP-000223,True,77.58
SKU-0006963,SUP-000034,True,76.98
SKU-0006963,SUP-000222,False,85.15
SKU-0006964,SUP-000193,True,11.87
SKU-0006965,SUP-000160,True,
SKU-0006966,SUP-000329,True,18.28
SKU-0006966,SUP-000177,False,24.46
SKU-0006966,SUP-000132,False,21.2
SKU-0006967,SUP-000229,True,6.78
SKU-0006968,SUP-000333,True,4.28
SKU-0006969,SUP-000286,True,11.88
SKU-0006969,SUP-000079,False,9.34
SKU-0006970,SUP-000150,True,3.11
SKU-0006970,SUP-000108,False,2.88
SKU-0006971,SUP-000286,True,140.33
SKU-0006971,SUP-000233,False,150.38
SKU-0006972,SUP-000139,True,2.61
SKU-0006972,SUP-000428,False,2.25
SKU-0006973,SUP-000392,True,43.43
SKU-0006974,SUP-000006,True,10.31
SKU-0006974,SUP-000028,False,12.26
SKU-0006975,SUP-000361,True,27.98
SKU-0006976,SUP-000086,True,15.08
SKU-0006977,SUP-000165,True,18.32
SKU-0006978,SUP-000245,True,23.52
SKU-0006979,SUP-000446,True,15.48
SKU-0006980,SUP-000028,True,4.58
SKU-0006981,SUP-000289,True,3.46
SKU-0006982,SUP-000098,True,54.4
SKU-0006983,SUP-000305,True,28.57
SKU-0006984,SUP-000280,True,3.06
SKU-0006985,SUP-000280,True,103.45
SKU-0006986,SUP-000036,True,11.63
SKU-0006987,SUP-000391,True,8.9
SKU-0006987,SUP-000426,False,9.24
SKU-0006988,SUP-000415,True,16.86
SKU-0006989,SUP-000012,True,37.65
SKU-0006990,SUP-000093,True,1.63
SKU-0006990,SUP-000058,False,1.81
SKU-0006990,SUP-000216,False,1.64
SKU-0006991,SUP-000367,True,0.45
SKU-0006992,SUP-000291,True,6.64
SKU-0006993,SUP-000393,True,1.0
SKU-0006994,SUP-000230,True,54.32
SKU-0006995,SUP-000031,True,14.43
SKU-0006996,SUP-000027,True,49.29
SKU-0006997,SUP-000256,True,12.64
SKU-0006998,SUP-000347,True,6.48
SKU-0006999,SUP-000403,True,8.6
SKU-0007000,SUP-000274,True,2.09
SKU-0007000,SUP-000215,False,1.66
SKU-0007000,SUP-000382,False,1.91
SKU-0007001,SUP-000404,True,9.37
SKU-0007002,SUP-000083,True,2.83
SKU-0007003,SUP-000036,True,26.34
SKU-0007004,SUP-000315,True,13.44
SKU-0007004,SUP-000302,False,12.93
SKU-0007005,SUP-000060,True,28.77
SKU-0007005,SUP-000077,False,32.81
SKU-0007005,SUP-000344,False,25.76
SKU-0007006,SUP-000174,True,15.23
SKU-0007006,SUP-000030,False,13.21
SKU-0007007,SUP-000140,True,4.41
SKU-0007007,SUP-000145,False,4.94
SKU-0007007,SUP-000025,False,4.82
SKU-0007008,SUP-000050,True,5.33
SKU-0007008,SUP-000165,False,5.17
SKU-0007009,SUP-000353,True,15.03
SKU-0007010,SUP-000198,True,1.45
SKU-0007011,SUP-000269,True,2.02
SKU-0007012,SUP-000238,True,9.46
SKU-0007013,SUP-000065,True,12.65
SKU-0007013,SUP-000261,False,12.97
SKU-0007014,SUP-000170,True,3.97
SKU-0007015,SUP-000242,True,5.28
SKU-0007016,SUP-000400,True,4.26
SKU-0007017,SUP-000317,True,14.2
SKU-0007017,SUP-000393,False,17.06
SKU-0007018,SUP-000265,True,327.57
SKU-0007019,SUP-000181,True,12.45
SKU-0007019,SUP-000167,False,13.86
SKU-0007020,SUP-000092,True,3.18
SKU-0007021,SUP-000106,True,26.09
SKU-0007021,SUP-000359,False,22.34
SKU-0007022,SUP-000165,True,1.04
SKU-0007023,SUP-000325,True,11.14
SKU-0007023,SUP-000279,False,9.2
SKU-0007023,SUP-000026,False,10.17
SKU-0007024,SUP-000001,True,13.14
SKU-0007024,SUP-000249,False,10.3
SKU-0007025,SUP-000357,True,3.64
SKU-0007026,SUP-000414,True,
SKU-0007026,SUP-000027,False,3.71
SKU-0007027,SUP-000063,True,18.02
SKU-0007028,SUP-000210,True,41.27
SKU-0007028,SUP-000007,False,39.79
SKU-0007029,SUP-000232,True,8.94
SKU-0007030,SUP-000019,True,17.59
SKU-0007031,SUP-000063,True,17.86
SKU-0007032,SUP-000191,True,8.66
SKU-0007033,SUP-000108,True,6.81
SKU-0007034,SUP-000319,True,11.19
SKU-0007034,SUP-000219,False,11.25
SKU-0007035,SUP-000329,True,3.02
SKU-0007035,SUP-000262,False,3.02
SKU-0007036,SUP-000246,True,8.79
SKU-0007036,SUP-000386,False,8.42
SKU-0007037,SUP-000395,True,42.18
SKU-0007037,SUP-000107,False,46.81
SKU-0007038,SUP-000043,True,1.94
SKU-0007039,SUP-000292,True,117.36
SKU-0007040,SUP-000396,True,18.87
SKU-0007041,SUP-000345,True,2.6
SKU-0007042,SUP-000065,True,9.26
SKU-0007042,SUP-000344,False,8.22
SKU-0007043,SUP-000092,True,18.65
SKU-0007043,SUP-000237,False,18.76
SKU-0007044,SUP-000116,True,19.97
SKU-0007044,SUP-000363,False,18.7
SKU-0007045,SUP-000184,True,26.99
SKU-0007046,SUP-000061,True,17.67
SKU-0007046,SUP-000186,False,16.27
SKU-0007047,SUP-000322,True,7.9
SKU-0007047,SUP-000250,False,8.89
SKU-0007048,SUP-000200,True,5.15
SKU-0007049,SUP-000393,True,1.67
SKU-0007050,SUP-000247,True,3.87
SKU-0007051,SUP-000166,True,14.94
SKU-0007052,SUP-000057,True,0.9
SKU-0007053,SUP-000248,True,5.05
SKU-0007053,SUP-000036,False,5.38
SKU-0007054,SUP-000189,True,18.46
SKU-0007054,SUP-000372,False,19.04
SKU-0007055,SUP-000074,True,1.55
SKU-0007055,SUP-000034,False,1.82
SKU-0007056,SUP-000334,True,12.44
SKU-0007056,SUP-000413,False,13.0
SKU-0007057,SUP-000143,True,24.81
SKU-0007058,SUP-000184,True,
SKU-0007058,SUP-000165,False,1.88
SKU-0007059,SUP-000285,True,3.07
SKU-0007060,SUP-000291,True,287.96
SKU-0007061,SUP-000111,True,38.14
SKU-0007062,SUP-000263,True,3.18
SKU-0007063,SUP-000131,True,15.68
SKU-0007063,SUP-000058,False,16.76
SKU-0007064,SUP-000077,True,3.43
SKU-0007065,SUP-000105,True,35.25
SKU-0007066,SUP-000419,True,2.25
SKU-0007066,SUP-000415,False,2.27
SKU-0007067,SUP-000208,True,5.07
SKU-0007068,SUP-000098,True,6.61
SKU-0007069,SUP-000239,True,13.99
SKU-0007069,SUP-000391,False,15.34
SKU-0007069,SUP-000079,False,13.35
SKU-0007070,SUP-000440,True,50.5
SKU-0007071,SUP-000077,True,15.45
SKU-0007072,SUP-000098,True,26.09
SKU-0007073,SUP-000076,True,5.11
SKU-0007074,SUP-000266,True,21.27
SKU-0007074,SUP-000268,False,19.8
SKU-0007075,SUP-000159,True,13.15
SKU-0007076,SUP-000262,True,2.77
SKU-0007076,SUP-000221,False,2.92
SKU-0007077,SUP-000018,True,10.44
SKU-0007078,SUP-000053,True,73.41
SKU-0007079,SUP-000217,True,11.34
SKU-0007080,SUP-000354,True,2.79
SKU-0007081,SUP-000202,True,2.61
SKU-0007081,SUP-000429,False,2.42
SKU-0007082,SUP-000042,True,38.61
SKU-0007083,SUP-000114,True,19.83
SKU-0007084,SUP-000071,True,2.63
SKU-0007085,SUP-000029,True,-4.74
SKU-0007085,SUP-000120,False,-3.94
SKU-0007086,SUP-000426,True,9.62
SKU-0007087,SUP-000400,True,100.59
SKU-0007087,SUP-000102,False,79.13
SKU-0007088,SUP-000284,True,15.9
SKU-0007089,SUP-000446,True,8.27
SKU-0007090,SUP-000286,True,2.19
SKU-0007090,SUP-000177,False,2.68
SKU-0007090,SUP-000228,False,2.71
SKU-0007091,SUP-000419,True,36.2
SKU-0007091,SUP-000079,False,40.36
SKU-0007091,SUP-000448,False,43.44
SKU-0007092,SUP-000417,True,76.6
SKU-0007093,SUP-000151,True,9.56
SKU-0007094,SUP-000430,True,36.52
SKU-0007095,SUP-000017,True,12.53
SKU-0007096,SUP-000280,True,1.9
SKU-0007097,SUP-000345,True,11.06
SKU-0007098,SUP-000189,True,7.69
SKU-0007098,SUP-000128,False,6.95
SKU-0007099,SUP-000202,True,8.26
SKU-0007100,SUP-000124,True,16.07
SKU-0007101,SUP-000295,True,8.53
SKU-0007101,SUP-000298,False,9.97
SKU-0007101,SUP-000118,False,9.28
SKU-0007102,SUP-000056,True,3.23
SKU-0007103,SUP-000417,True,
SKU-0007103,SUP-000334,False,62.36
SKU-0007104,SUP-000426,True,0.6
SKU-0007105,SUP-000219,True,3.62
SKU-0007106,SUP-000037,True,80.26
SKU-0007107,SUP-000136,True,0.43
SKU-0007108,SUP-000349,True,56.64
SKU-0007108,SUP-000332,False,49.15
SKU-0007109,SUP-000106,True,19.23
SKU-0007110,SUP-000177,True,188.63
SKU-0007111,SUP-000141,True,241.31
SKU-0007112,SUP-000387,True,54.29
SKU-0007113,SUP-000041,True,7.63
SKU-0007114,SUP-000330,True,6.86
SKU-0007115,SUP-000070,True,10.02
SKU-0007115,SUP-000392,False,8.56
SKU-0007116,SUP-000103,True,3.95
SKU-0007116,SUP-000111,False,3.56
SKU-0007117,SUP-000383,True,
SKU-0007118,SUP-000207,True,132.8
SKU-0007119,SUP-000382,True,70.1
SKU-0007120,SUP-000256,True,2.99
SKU-0007121,SUP-000260,True,55.88
SKU-0007122,SUP-000098,True,11.58
SKU-0007123,SUP-000023,True,7.85
SKU-0007124,SUP-000020,True,1.08
SKU-0007125,SUP-000278,True,17.95
SKU-0007125,SUP-000303,False,18.8
SKU-0007126,SUP-000349,True,19.74
SKU-0007126,SUP-000385,False,20.48
SKU-0007127,SUP-000231,True,32.96
SKU-0007128,SUP-000105,True,0.59
SKU-0007128,SUP-000018,False,0.62
SKU-0007129,SUP-000070,True,5.17
SKU-0007130,SUP-000364,True,32.64
SKU-0007130,SUP-000066,False,28.42
SKU-0007131,SUP-000020,True,2.26
SKU-0007132,SUP-000277,True,24.58
SKU-0007133,SUP-000434,True,3.15
SKU-0007134,SUP-000396,True,105.87
SKU-0007135,SUP-000111,True,1.18
SKU-0007136,SUP-000147,True,1.96
SKU-0007137,SUP-000353,True,21.24
SKU-0007137,SUP-000425,False,24.8
SKU-0007138,SUP-000261,True,18.44
SKU-0007139,SUP-000047,True,6.92
SKU-0007140,SUP-000421,True,48.3
SKU-0007141,SUP-000056,True,
SKU-0007142,SUP-000276,True,4.31
SKU-0007143,SUP-000076,True,9.51
SKU-0007144,SUP-000173,True,30.59
SKU-0007144,SUP-000321,False,25.52
SKU-0007145,SUP-000349,True,18.23
SKU-0007146,SUP-000312,True,2.56
SKU-0007147,SUP-000418,True,16.88
SKU-0007148,SUP-000132,True,38.38
SKU-0007149,SUP-000356,True,3.77
SKU-0007150,SUP-000365,True,37.22
SKU-0007151,SUP-000197,True,2.38
SKU-0007152,SUP-000291,True,28.75
SKU-0007153,SUP-000014,True,15.47
SKU-0007154,SUP-000344,True,5.07
SKU-0007155,SUP-000068,True,5.97
SKU-0007156,SUP-000070,True,2.74
SKU-0007157,SUP-000128,True,
SKU-0007157,SUP-000062,False,12.99
SKU-0007157,SUP-000005,False,12.48
SKU-0007158,SUP-000259,True,
SKU-0007159,SUP-000002,True,5.7
SKU-0007160,SUP-000341,True,2.83
SKU-0007161,SUP-000246,True,14.63
SKU-0007162,SUP-000144,True,58.49
SKU-0007162,SUP-000020,False,59.34
SKU-0007163,SUP-000261,True,1.17
SKU-0007164,SUP-000390,True,74.69
SKU-0007165,SUP-000349,True,34.92
SKU-0007166,SUP-000342,True,2.26
SKU-0007167,SUP-000233,True,89.29
SKU-0007168,SUP-000087,True,8.92
SKU-0007169,SUP-000090,True,0.6
SKU-0007169,SUP-000145,False,0.62
SKU-0007169,SUP-000127,False,0.8
SKU-0007170,SUP-000161,True,122.04
SKU-0007170,SUP-000004,False,127.27
SKU-0007170,SUP-000293,False,135.16
SKU-0007171,SUP-000025,True,1.93
SKU-0007172,SUP-000268,True,24.72
SKU-0007173,SUP-000147,True,5.62
SKU-0007174,SUP-000296,True,1.02
SKU-0007175,SUP-000295,True,4.48
SKU-0007176,SUP-000448,True,2.45
SKU-0007177,SUP-000429,True,2.42
SKU-0007178,SUP-000409,True,61.81
SKU-0007179,SUP-000305,True,0.45
SKU-0007179,SUP-000157,False,
SKU-0007179,SUP-000329,False,0.46
SKU-0007180,SUP-000145,True,21.06
SKU-0007181,SUP-000201,True,4.28
SKU-0007181,SUP-000254,False,4.34
SKU-0007182,SUP-000187,True,2.47
SKU-0007183,SUP-000080,True,39.99
SKU-0007183,SUP-000044,False,45.66
SKU-0007184,SUP-000089,True,4.19
SKU-0007185,SUP-000409,True,21.02
SKU-0007186,SUP-000411,True,0.48
SKU-0007187,SUP-000228,True,4.95
SKU-0007188,SUP-000010,True,25.48
SKU-0007189,SUP-000134,True,0.58
SKU-0007189,SUP-000001,False,0.58
SKU-0007190,SUP-000078,True,18.36
SKU-0007190,SUP-000008,False,16.01
SKU-0007191,SUP-000282,True,2.21
SKU-0007191,SUP-000403,False,2.6
SKU-0007191,SUP-000035,False,2.11
SKU-0007192,SUP-000086,True,13.76
SKU-0007192,SUP-000423,False,11.67
SKU-0007193,SUP-000083,True,15.35
SKU-0007194,SUP-000170,True,20.84
SKU-0007195,SUP-000082,True,5.79
SKU-0007196,SUP-000138,True,16.08
SKU-0007197,SUP-000146,True,16.9
SKU-0007197,SUP-000448,False,16.32
SKU-0007198,SUP-000445,True,2.3
SKU-0007199,SUP-000078,True,16.95
SKU-0007200,SUP-000322,True,49.44
SKU-0007201,SUP-000010,True,6.76
SKU-0007201,SUP-000234,False,6.34
SKU-0007202,SUP-000412,True,91.85
SKU-0007203,SUP-000136,True,
SKU-0007204,SUP-000052,True,66.51
SKU-0007205,SUP-000266,True,5.36
SKU-0007205,SUP-000013,False,5.79
SKU-0007206,SUP-000273,True,62.06
SKU-0007207,SUP-000126,True,4.04
SKU-0007208,SUP-000395,True,0.72
SKU-0007209,SUP-000258,True,11.41
SKU-0007210,SUP-000225,True,32.03
SKU-0007211,SUP-000343,True,6.76
SKU-0007212,SUP-000048,True,4.84
SKU-0007212,SUP-000381,False,4.15
SKU-0007213,SUP-000404,True,0.59
SKU-0007214,SUP-000344,True,58.7
SKU-0007215,SUP-000341,True,21.81
SKU-0007216,SUP-000065,True,7.93
SKU-0007217,SUP-000392,True,2.71
SKU-0007218,SUP-000314,True,10.15
SKU-0007219,SUP-000039,True,7.07
SKU-0007220,SUP-000040,True,18.18
SKU-0007221,SUP-000429,True,9.79
SKU-0007222,SUP-000437,True,8.02
SKU-0007222,SUP-000132,False,7.75
SKU-0007223,SUP-000096,True,4.6
SKU-0007224,SUP-000039,True,4.01
SKU-0007225,SUP-000323,True,1.6
SKU-0007226,SUP-000053,True,29.32
SKU-0007226,SUP-000402,False,23.78
SKU-0007227,SUP-000159,True,48.21
SKU-0007227,SUP-000221,False,44.87
SKU-0007228,SUP-000286,True,59.81
SKU-0007229,SUP-000293,True,3.57
SKU-0007230,SUP-000446,True,48.8
SKU-0007231,SUP-000060,True,63.57
SKU-0007232,SUP-000295,True,2.51
SKU-0007233,SUP-000247,True,45.88
SKU-0007233,SUP-000360,False,58.18
SKU-0007234,SUP-000289,True,726.07
SKU-0007234,SUP-000167,False,754.66
SKU-0007235,SUP-000380,True,8.55
SKU-0007235,SUP-000300,False,8.73
SKU-0007236,SUP-000147,True,7.82
SKU-0007236,SUP-000152,False,8.92
SKU-0007237,SUP-000010,True,72.64
SKU-0007238,SUP-000098,True,9.78
SKU-0007238,SUP-000105,False,10.4
SKU-0007238,SUP-000015,False,8.57
SKU-0007239,SUP-000420,True,5.6
SKU-0007240,SUP-000169,True,3.45
SKU-0007240,SUP-000202,False,2.82
SKU-0007241,SUP-000347,True,6.0
SKU-0007242,SUP-000087,True,6.06
SKU-0007243,SUP-000017,True,1.93
SKU-0007243,SUP-000078,False,1.81
SKU-0007244,SUP-000410,True,3.09
SKU-0007245,SUP-000294,True,150.53
SKU-0007246,SUP-000085,True,
SKU-0007247,SUP-000275,True,28.88
SKU-0007248,SUP-000317,True,2.06
SKU-0007248,SUP-000378,False,1.8
SKU-0007249,SUP-000198,True,15.57
SKU-0007249,SUP-000257,False,16.17
SKU-0007250,SUP-000322,True,15.96
SKU-0007250,SUP-000379,False,14.81
SKU-0007251,SUP-000390,True,21.95
SKU-0007252,SUP-000394,True,39.13
SKU-0007252,SUP-000363,False,42.77
SKU-0007253,SUP-000422,True,9.11
SKU-0007254,SUP-000058,True,8.73
SKU-0007255,SUP-000137,True,5.26
SKU-0007255,SUP-000083,False,5.04
SKU-0007256,SUP-000412,True,14.2
SKU-0007257,SUP-000149,True,4.7
SKU-0007257,SUP-000047,False,3.79
SKU-0007257,SUP-000147,False,4.72
SKU-0007258,SUP-000396,True,8.3
SKU-0007258,SUP-000141,False,7.63
SKU-0007258,SUP-000059,False,7.52
SKU-0007259,SUP-000137,True,14.83
SKU-0007260,SUP-000138,True,2.69
SKU-0007261,SUP-000050,True,2.39
SKU-0007262,SUP-000109,True,2.45
SKU-0007263,SUP-000094,True,53.61
SKU-0007264,SUP-000319,True,1.21
SKU-0007265,SUP-000230,True,4.37
SKU-0007266,SUP-000096,True,6.98
SKU-0007266,SUP-000283,False,7.06
SKU-0007267,SUP-000087,True,3.54
SKU-0007267,SUP-000108,False,3.82
SKU-0007268,SUP-000368,True,37.02
SKU-0007269,SUP-000415,True,4.51
SKU-0007270,SUP-000218,True,108.76
SKU-0007271,SUP-000131,True,56.24
SKU-0007272,SUP-000254,True,10.25
SKU-0007273,SUP-000147,True,20.22
SKU-0007273,SUP-000240,False,23.88
SKU-0007274,SUP-000038,True,6.91
SKU-0007275,SUP-000353,True,13.81
SKU-0007275,SUP-000106,False,14.74
SKU-0007276,SUP-000358,True,1.88
SKU-0007276,SUP-000153,False,1.73
SKU-0007277,SUP-000018,True,14.05
SKU-0007278,SUP-000047,True,5.27
SKU-0007278,SUP-000175,False,4.73
SKU-0007279,SUP-000130,True,53.27
SKU-0007279,SUP-000088,False,55.33
SKU-0007280,SUP-000416,True,48.68
SKU-0007281,SUP-000280,True,1.45
SKU-0007282,SUP-000399,True,11.96
SKU-0007283,SUP-000356,True,74.7
SKU-0007283,SUP-000325,False,81.35
SKU-0007284,SUP-000450,True,5.94
SKU-0007284,SUP-000162,False,5.16
SKU-0007285,SUP-000209,True,9.93
SKU-0007286,SUP-000094,True,75.65
SKU-0007287,SUP-000160,True,4.84
SKU-0007288,SUP-000345,True,50.66
SKU-0007288,SUP-000172,False,48.92
SKU-0007289,SUP-000029,True,16.23
SKU-0007290,SUP-000045,True,9.25
SKU-0007290,SUP-000156,False,8.38
SKU-0007291,SUP-000083,True,18.27
SKU-0007292,SUP-000053,True,10.51
SKU-0007293,SUP-000225,True,
SKU-0007293,SUP-000326,False,8.51
SKU-0007294,SUP-000126,True,16.54
SKU-0007295,SUP-000225,True,4.98
SKU-0007295,SUP-000361,False,4.84
SKU-0007296,SUP-000421,True,10.22
SKU-0007296,SUP-000306,False,9.34
SKU-0007297,SUP-000173,True,2.31
SKU-0007298,SUP-000182,True,117.39
SKU-0007299,SUP-000398,True,32.29
SKU-0007300,SUP-000061,True,3.86
SKU-0007301,SUP-000221,True,12.79
SKU-0007302,SUP-000111,True,21.0
SKU-0007303,SUP-000092,True,10.35
SKU-0007304,SUP-000287,True,1.42
SKU-0007305,SUP-000300,True,10.47
SKU-0007306,SUP-000237,True,6.6
SKU-0007307,SUP-000411,True,29.37
SKU-0007308,SUP-000374,True,72.14
SKU-0007308,SUP-000315,False,79.51
SKU-0007309,SUP-000183,True,8.73
SKU-0007310,SUP-000414,True,7.61
SKU-0007311,SUP-000303,True,5.97
SKU-0007312,SUP-000282,True,31.35
SKU-0007312,SUP-000238,False,34.42
SKU-0007312,SUP-000425,False,32.48
SKU-0007313,SUP-000438,True,5.59
SKU-0007314,SUP-000015,True,5.48
SKU-0007315,SUP-000253,True,69.71
SKU-0007316,SUP-000234,True,14.64
SKU-0007317,SUP-000050,True,48.79
SKU-0007318,SUP-000068,True,3.74
SKU-0007318,SUP-000007,False,3.72
SKU-0007319,SUP-000383,True,88.85
SKU-0007320,SUP-000238,True,
SKU-0007321,SUP-000433,True,0.49
SKU-0007322,SUP-000115,True,2.9
SKU-0007323,SUP-000131,True,2.49
SKU-0007324,SUP-000039,True,33.35
SKU-0007324,SUP-000041,False,38.64
SKU-0007325,SUP-000138,True,9.13
SKU-0007326,SUP-000094,True,30.8
SKU-0007327,SUP-000082,True,2.29
SKU-0007327,SUP-000158,False,2.89
SKU-0007328,SUP-000180,True,0.38
SKU-0007329,SUP-000003,True,31.51
SKU-0007330,SUP-000025,True,50.77
SKU-0007330,SUP-000188,False,48.82
SKU-0007331,SUP-000098,True,13.36
SKU-0007332,SUP-000078,True,113.02
SKU-0007332,SUP-000313,False,117.48
SKU-0007333,SUP-000215,True,44.24
SKU-0007334,SUP-000345,True,17.2
SKU-0007335,SUP-000219,True,4.37
SKU-0007336,SUP-000154,True,14.76
SKU-0007337,SUP-000004,True,6.01
SKU-0007338,SUP-000350,True,22.05
SKU-0007339,SUP-000307,True,3.19
SKU-0007339,SUP-000250,False,2.52
SKU-0007340,SUP-000415,True,10.06
SKU-0007341,SUP-000185,True,30.3
SKU-0007342,SUP-000370,True,2.68
SKU-0007343,SUP-000428,True,6.99
SKU-0007343,SUP-000056,False,6.15
SKU-0007343,SUP-000108,False,7.08
SKU-0007344,SUP-000430,True,19.19
SKU-0007344,SUP-000264,False,22.77
SKU-0007345,SUP-000288,True,9.93
SKU-0007346,SUP-000221,True,24.97
SKU-0007347,SUP-000124,True,233.57
SKU-0007348,SUP-000031,True,6.58
SKU-0007349,SUP-000429,True,3.35
SKU-0007349,SUP-000080,False,3.51
SKU-0007350,SUP-000134,True,3.77
SKU-0007350,SUP-000055,False,3.68
SKU-0007350,SUP-000412,False,3.89
SKU-0007351,SUP-000179,True,0.94
SKU-0007352,SUP-000076,True,9.91
SKU-0007353,SUP-000105,True,4.11
SKU-0007353,SUP-000094,False,4.73
SKU-0007354,SUP-000210,True,6.72
SKU-0007354,SUP-000029,False,6.84
SKU-0007354,SUP-000354,False,5.64
SKU-0007355,SUP-000084,True,4.65
SKU-0007356,SUP-000029,True,56.2
SKU-0007357,SUP-000429,True,5.62
SKU-0007358,SUP-000106,True,11.66
SKU-0007359,SUP-000084,True,1.25
SKU-0007360,SUP-000014,True,
SKU-0007361,SUP-000322,True,13.86
SKU-0007362,SUP-000122,True,58.57
SKU-0007363,SUP-000241,True,2.15
SKU-0007364,SUP-000262,True,3.75
SKU-0007365,SUP-000183,True,1.97
SKU-0007365,SUP-000076,False,2.12
SKU-0007366,SUP-000334,True,17.72
SKU-0007367,SUP-000364,True,129.55
SKU-0007368,SUP-000215,True,7.85
SKU-0007368,SUP-000274,False,9.83
SKU-0007369,SUP-000290,True,16.05
SKU-0007370,SUP-000318,True,14.4
SKU-0007370,SUP-000408,False,14.44
SKU-0007371,SUP-000400,True,37.26
SKU-0007372,SUP-000152,True,4.97
SKU-0007373,SUP-000134,True,4.58
SKU-0007374,SUP-000097,True,8.88
SKU-0007375,SUP-000202,True,16.75
SKU-0007376,SUP-000057,True,3.79
SKU-0007377,SUP-000225,True,10.34
SKU-0007378,SUP-000226,True,5.28
SKU-0007379,SUP-000327,True,4.33
SKU-0007379,SUP-000260,False,4.38
SKU-0007380,SUP-000354,True,13.81
SKU-0007380,SUP-000164,False,14.89
SKU-0007381,SUP-000319,True,7.71
SKU-0007382,SUP-000040,True,3.35
SKU-0007383,SUP-000168,True,95.84
SKU-0007384,SUP-000347,True,20.49
SKU-0007385,SUP-000191,True,18.33
SKU-0007386,SUP-000285,True,9.12
SKU-0007387,SUP-000369,True,9.36
SKU-0007388,SUP-000383,True,22.99
SKU-0007389,SUP-000276,True,4.8
SKU-0007389,SUP-000339,False,6.1
SKU-0007390,SUP-000358,True,25.89
SKU-0007391,SUP-000026,True,3.81
SKU-0007392,SUP-000221,True,
SKU-0007393,SUP-000060,True,10.24
SKU-0007394,SUP-000044,True,125.61
SKU-0007395,SUP-000290,True,3.56
SKU-0007396,SUP-000103,True,16.51
SKU-0007396,SUP-000288,False,17.03
SKU-0007397,SUP-000038,True,3.05
SKU-0007398,SUP-000141,True,8.11
SKU-0007399,SUP-000197,True,8.16
SKU-0007399,SUP-000400,False,7.37
SKU-0007399,SUP-000109,False,7.49
SKU-0007400,SUP-000139,True,40.92
SKU-0007401,SUP-000074,True,33.4
SKU-0007402,SUP-000124,True,9.32
SKU-0007402,SUP-000035,False,8.36
SKU-0007403,SUP-000330,True,0.46
SKU-0007403,SUP-000408,False,0.47
SKU-0007404,SUP-000203,True,10.3
SKU-0007405,SUP-000085,True,21.9
SKU-0007406,SUP-000211,True,15.18
SKU-0007407,SUP-000047,True,27.94
SKU-0007407,SUP-000231,False,30.61
SKU-0007408,SUP-000102,True,48.88
SKU-0007409,SUP-000210,True,0.77
SKU-0007409,SUP-000417,False,0.68
SKU-0007410,SUP-000177,True,30.43
SKU-0007411,SUP-000318,True,30.77
SKU-0007412,SUP-000125,True,17.26
SKU-0007413,SUP-000220,True,49.5
SKU-0007414,SUP-000430,True,129.13
SKU-0007415,SUP-000045,True,20.48
SKU-0007415,SUP-000313,False,24.25
SKU-0007416,SUP-000077,True,8.19
SKU-0007416,SUP-000387,False,10.5
SKU-0007417,SUP-000205,True,8.56
SKU-0007418,SUP-000147,True,1.51
SKU-0007418,SUP-000292,False,1.52
SKU-0007418,SUP-000155,False,1.39
SKU-0007419,SUP-000369,True,7.57
SKU-0007419,SUP-000329,False,7.87
SKU-0007420,SUP-000328,True,6.47
SKU-0007420,SUP-000436,False,5.55
SKU-0007421,SUP-000418,True,9.84
SKU-0007422,SUP-000098,True,20.08
SKU-0007423,SUP-000102,True,37.19
SKU-0007424,SUP-000378,True,19.07
SKU-0007425,SUP-000247,True,2.78
SKU-0007426,SUP-000021,True,24.49
SKU-0007426,SUP-000060,False,28.61
SKU-0007427,SUP-000019,True,23.23
SKU-0007428,SUP-000191,True,15.79
SKU-0007429,SUP-000128,True,-17.68
SKU-0007430,SUP-000018,True,4.47
SKU-0007431,SUP-000028,True,12.24
SKU-0007432,SUP-000013,True,16.68
SKU-0007433,SUP-000106,True,1.11
SKU-0007434,SUP-000071,True,7.1
SKU-0007435,SUP-000036,True,5.21
SKU-0007436,SUP-000207,True,11.88
SKU-0007437,SUP-000323,True,13.62
SKU-0007437,SUP-000282,False,13.58
SKU-0007438,SUP-000344,True,9.84
SKU-0007438,SUP-000213,False,9.86
SKU-0007439,SUP-000163,True,6.18
SKU-0007439,SUP-000429,False,5.41
SKU-0007440,SUP-000078,True,8.82
SKU-0007441,SUP-000147,True,13.32
SKU-0007442,SUP-000401,True,81.77
SKU-0007442,SUP-000174,False,92.18
SKU-0007442,SUP-000245,False,92.1
SKU-0007443,SUP-000184,True,51.94
SKU-0007444,SUP-000201,True,47.89
SKU-0007445,SUP-000364,True,2.26
SKU-0007445,SUP-000372,False,2.56
SKU-0007445,SUP-000315,False,2.74
SKU-0007446,SUP-000354,True,326.19
SKU-0007447,SUP-000252,True,45.69
SKU-0007448,SUP-000206,True,15.57
SKU-0007449,SUP-000418,True,3.7
SKU-0007449,SUP-000127,False,3.49
SKU-0007450,SUP-000252,True,15.45
SKU-0007451,SUP-000073,True,48.14
SKU-0007451,SUP-000215,False,47.34
SKU-0007452,SUP-000219,True,41.43
SKU-0007453,SUP-000253,True,3.48
SKU-0007454,SUP-000430,True,
SKU-0007455,SUP-000172,True,10.16
SKU-0007455,SUP-000158,False,10.2
SKU-0007456,SUP-000152,True,14.15
SKU-0007457,SUP-000159,True,3.18
SKU-0007458,SUP-000440,True,4.51
SKU-0007458,SUP-000281,False,4.3
SKU-0007459,SUP-000268,True,2.08
SKU-0007460,SUP-000220,True,4.94
SKU-0007461,SUP-000079,True,1.86
SKU-0007462,SUP-000417,True,5.21
SKU-0007462,SUP-000075,False,5.47
SKU-0007462,SUP-000305,False,4.72
SKU-0007463,SUP-000215,True,24.03
SKU-0007464,SUP-000234,True,22.23
SKU-0007465,SUP-000243,True,17.37
SKU-0007466,SUP-000135,True,86.33
SKU-0007467,SUP-000331,True,1.17
SKU-0007468,SUP-000096,True,31.16
SKU-0007469,SUP-000217,True,6.6
SKU-0007470,SUP-000448,True,46.8
SKU-0007471,SUP-000402,True,10.68
SKU-0007472,SUP-000076,True,32.54
SKU-0007473,SUP-000153,True,38.65
SKU-0007474,SUP-000038,True,32.39
SKU-0007475,SUP-000429,True,3.66
SKU-0007476,SUP-000117,True,7.58
SKU-0007477,SUP-000079,True,71.92
SKU-0007478,SUP-000447,True,2.49
SKU-0007478,SUP-000057,False,2.83
SKU-0007479,SUP-000171,True,28.33
SKU-0007480,SUP-000187,True,24.65
SKU-0007481,SUP-000053,True,21.77
SKU-0007482,SUP-000294,True,7.73
SKU-0007482,SUP-000214,False,7.12
SKU-0007483,SUP-000229,True,30.02
SKU-0007484,SUP-000168,True,35.94
SKU-0007484,SUP-000427,False,37.95
SKU-0007485,SUP-000144,True,14.47
SKU-0007485,SUP-000222,False,15.45
SKU-0007486,SUP-000378,True,9.66
SKU-0007487,SUP-000359,True,25.84
SKU-0007488,SUP-000360,True,1.51
SKU-0007489,SUP-000163,True,5.24
SKU-0007489,SUP-000301,False,5.37
SKU-0007490,SUP-000024,True,4.99
SKU-0007491,SUP-000170,True,169.05
SKU-0007492,SUP-000136,True,11.22
SKU-0007493,SUP-000037,True,15.32
SKU-0007493,SUP-000290,False,17.24
SKU-0007494,SUP-000174,True,35.84
SKU-0007495,SUP-000165,True,3.39
SKU-0007496,SUP-000416,True,15.33
SKU-0007497,SUP-000244,True,21.51
SKU-0007498,SUP-000380,True,43.59
SKU-0007499,SUP-000162,True,50.01
SKU-0007499,SUP-000436,False,66.11
SKU-0007500,SUP-000016,True,12.42
SKU-0007501,SUP-000209,True,48.43
SKU-0007501,SUP-000027,False,45.42
SKU-0007502,SUP-000313,True,91.36
SKU-0007502,SUP-000187,False,75.02
SKU-0007503,SUP-000332,True,24.27
SKU-0007504,SUP-000129,True,22.12
SKU-0007505,SUP-000040,True,26.26
SKU-0007506,SUP-000240,True,0.36
SKU-0007506,SUP-000082,False,0.46
SKU-0007507,SUP-000343,True,129.89
SKU-0007508,SUP-000093,True,1.11
SKU-0007508,SUP-000310,False,0.96
SKU-0007509,SUP-000115,True,1.25
SKU-0007510,SUP-000320,True,1.55
SKU-0007511,SUP-000398,True,27.1
SKU-0007511,SUP-000255,False,29.55
SKU-0007512,SUP-000157,True,6.32
SKU-0007513,SUP-000055,True,94.04
SKU-0007514,SUP-000075,True,23.93
SKU-0007515,SUP-000430,True,1.25
SKU-0007516,SUP-000145,True,2.48
SKU-0007517,SUP-000156,True,20.97
SKU-0007518,SUP-000002,True,10.93
SKU-0007518,SUP-000051,False,10.02
SKU-0007519,SUP-000411,True,-9.36
SKU-0007519,SUP-000020,False,-8.82
SKU-0007520,SUP-000228,True,1.41
SKU-0007521,SUP-000234,True,5.59
SKU-0007522,SUP-000019,True,9.0
SKU-0007522,SUP-000168,False,9.89
SKU-0007523,SUP-000124,True,56.46
SKU-0007524,SUP-000069,True,
SKU-0007524,SUP-000076,False,27.75
SKU-0007525,SUP-000184,True,1.96
SKU-0007526,SUP-000232,True,1.4
SKU-0007527,SUP-000096,True,5.84
SKU-0007528,SUP-000204,True,87.11
SKU-0007528,SUP-000438,False,84.71
SKU-0007529,SUP-000183,True,15.5
SKU-0007529,SUP-000094,False,15.24
SKU-0007530,SUP-000162,True,8.21
SKU-0007530,SUP-000446,False,6.99
SKU-0007531,SUP-000424,True,9.74
SKU-0007532,SUP-000368,True,1.39
SKU-0007532,SUP-000375,False,1.57
SKU-0007533,SUP-000271,True,11.39
SKU-0007534,SUP-000211,True,0.54
SKU-0007534,SUP-000196,False,0.72
SKU-0007534,SUP-000251,False,0.61
SKU-0007535,SUP-000030,True,
SKU-0007535,SUP-000332,False,8.99
SKU-0007536,SUP-000286,True,16.52
SKU-0007537,SUP-000362,True,34.91
SKU-0007538,SUP-000222,True,16.98
SKU-0007539,SUP-000225,True,2.8
SKU-0007539,SUP-000313,False,3.08
SKU-0007540,SUP-000109,True,15.7
SKU-0007540,SUP-000022,False,14.61
SKU-0007541,SUP-000257,True,54.18
SKU-0007542,SUP-000103,True,3.51
SKU-0007543,SUP-000437,True,22.21
SKU-0007544,SUP-000244,True,5.68
SKU-0007545,SUP-000366,True,18.43
SKU-0007546,SUP-000239,True,5.53
SKU-0007547,SUP-000218,True,7.71
SKU-0007548,SUP-000165,True,5.63
SKU-0007549,SUP-000275,True,48.08
SKU-0007550,SUP-000232,True,15.26
SKU-0007550,SUP-000278,False,17.87
SKU-0007550,SUP-000291,False,17.74
SKU-0007551,SUP-000143,True,3.13
SKU-0007551,SUP-000312,False,3.18
SKU-0007552,SUP-000339,True,12.47
SKU-0007553,SUP-000364,True,10.87
SKU-0007553,SUP-000111,False,13.82
SKU-0007554,SUP-000431,True,
SKU-0007554,SUP-000362,False,15.64
SKU-0007555,SUP-000430,True,3.28
SKU-0007556,SUP-000156,True,5.96
SKU-0007557,SUP-000319,True,4.03
SKU-0007558,SUP-000300,True,42.58
SKU-0007559,SUP-000051,True,14.47
SKU-0007559,SUP-000087,False,16.75
SKU-0007560,SUP-000014,True,11.86
SKU-0007561,SUP-000004,True,8.54
SKU-0007561,SUP-000240,False,7.46
SKU-0007562,SUP-000441,True,22.03
SKU-0007563,SUP-000222,True,71.58
SKU-0007564,SUP-000106,True,1.51
SKU-0007565,SUP-000217,True,205.9
SKU-0007566,SUP-000023,True,70.57
SKU-0007566,SUP-000379,False,69.46
SKU-0007567,SUP-000338,True,18.86
SKU-0007568,SUP-000006,True,1.78
SKU-0007569,SUP-000060,True,0.98
SKU-0007570,SUP-000102,True,27.58
SKU-0007570,SUP-000407,False,25.92
SKU-0007571,SUP-000239,True,3.41
SKU-0007572,SUP-000335,True,17.32
SKU-0007573,SUP-000443,True,22.84
SKU-0007573,SUP-000034,False,18.59
SKU-0007574,SUP-000276,True,36.77
SKU-0007575,SUP-000063,True,9.51
SKU-0007576,SUP-000283,True,
SKU-0007576,SUP-000438,False,54.12
SKU-0007577,SUP-000076,True,8.64
SKU-0007577,SUP-000434,False,9.03
SKU-0007578,SUP-000115,True,61.62
SKU-0007578,SUP-000405,False,66.37
SKU-0007579,SUP-000309,True,0.96
SKU-0007579,SUP-000071,False,0.85
SKU-0007580,SUP-000331,True,11.76
SKU-0007581,SUP-000223,True,1.57
SKU-0007582,SUP-000280,True,11.09
SKU-0007583,SUP-000370,True,7.59
SKU-0007584,SUP-000101,True,2.64
SKU-0007584,SUP-000304,False,2.81
SKU-0007585,SUP-000217,True,4.64
SKU-0007586,SUP-000176,True,15.68
SKU-0007586,SUP-000433,False,16.57
SKU-0007586,SUP-000283,False,16.25
SKU-0007587,SUP-000150,True,15.16
SKU-0007587,SUP-000329,False,16.02
SKU-0007587,SUP-000370,False,12.42
SKU-0007588,SUP-000102,True,42.65
SKU-0007589,SUP-000177,True,10.57
SKU-0007590,SUP-000183,True,7.66
SKU-0007591,SUP-000137,True,87.59
SKU-0007592,SUP-000137,True,10.16
SKU-0007593,SUP-000424,True,19.87
SKU-0007594,SUP-000439,True,40.8
SKU-0007595,SUP-000130,True,15.29
SKU-0007595,SUP-000051,False,12.45
SKU-0007595,SUP-000324,False,12.26
SKU-0007596,SUP-000247,True,1.29
SKU-0007597,SUP-000397,True,248.67
SKU-0007597,SUP-000132,False,251.52
SKU-0007598,SUP-000220,True,1.49
SKU-0007599,SUP-000078,True,245.73
SKU-0007600,SUP-000237,True,32.07
SKU-0007601,SUP-000117,True,2.93
SKU-0007601,SUP-000430,False,2.22
SKU-0007602,SUP-000254,True,18.02
SKU-0007602,SUP-000007,False,19.8
SKU-0007603,SUP-000386,True,160.05
SKU-0007604,SUP-000350,True,
SKU-0007605,SUP-000161,True,56.22
SKU-0007605,SUP-000362,False,51.2
SKU-0007606,SUP-000413,True,7.57
SKU-0007607,SUP-000309,True,19.26
SKU-0007608,SUP-000211,True,1.18
SKU-0007609,SUP-000447,True,9.72
SKU-0007609,SUP-000098,False,9.79
SKU-0007610,SUP-000284,True,16.22
SKU-0007611,SUP-000415,True,7.94
SKU-0007611,SUP-000151,False,7.12
SKU-0007612,SUP-000344,True,11.79
SKU-0007612,SUP-000235,False,10.3
SKU-0007613,SUP-000055,True,3.86
SKU-0007614,SUP-000202,True,8.13
SKU-0007615,SUP-000129,True,8.59
SKU-0007616,SUP-000266,True,7.26
SKU-0007617,SUP-000227,True,10.81
SKU-0007618,SUP-000362,True,12.46
SKU-0007619,SUP-000034,True,21.75
SKU-0007620,SUP-000070,True,425.75
SKU-0007620,SUP-000150,False,416.11
SKU-0007621,SUP-000131,True,16.08
SKU-0007621,SUP-000188,False,13.16
SKU-0007621,SUP-000070,False,12.98
SKU-0007622,SUP-000442,True,6.97
SKU-0007622,SUP-000230,False,7.46
SKU-0007622,SUP-000066,False,7.12
SKU-0007623,SUP-000215,True,6.41
SKU-0007624,SUP-000274,True,4.7
SKU-0007625,SUP-000164,True,3.96
SKU-0007626,SUP-000261,True,17.91
SKU-0007627,SUP-000214,True,17.95
SKU-0007628,SUP-000309,True,18.24
SKU-0007629,SUP-000366,True,4.24
SKU-0007630,SUP-000121,True,1.36
SKU-0007631,SUP-000060,True,31.3
SKU-0007632,SUP-000081,True,31.65
SKU-0007633,SUP-000412,True,58.98
SKU-0007634,SUP-000393,True,23.41
SKU-0007635,SUP-000227,True,2.26
SKU-0007636,SUP-000440,True,1.3
SKU-0007637,SUP-000198,True,1.85
SKU-0007638,SUP-000041,True,16.31
SKU-0007639,SUP-000190,True,111.38
SKU-0007640,SUP-000430,True,19.64
SKU-0007641,SUP-000035,True,2.86
SKU-0007641,SUP-000171,False,3.08
SKU-0007642,SUP-000084,True,92.62
SKU-0007643,SUP-000122,True,66.78
SKU-0007644,SUP-000166,True,4.58
SKU-0007645,SUP-000147,True,27.11
SKU-0007646,SUP-000055,True,5.27
SKU-0007647,SUP-000204,True,39.8
SKU-0007648,SUP-000354,True,36.17
SKU-0007649,SUP-000204,True,30.17
SKU-0007650,SUP-000090,True,4.18
SKU-0007651,SUP-000297,True,6.05
SKU-0007651,SUP-000044,False,6.33
SKU-0007652,SUP-000422,True,2.78
SKU-0007652,SUP-000400,False,2.83
SKU-0007653,SUP-000198,True,2.66
SKU-0007654,SUP-000162,True,101.36
SKU-0007655,SUP-000406,True,12.8
SKU-0007656,SUP-000387,True,45.89
SKU-0007657,SUP-000249,True,9.06
SKU-0007657,SUP-000169,False,8.53
SKU-0007658,SUP-000018,True,44.85
SKU-0007659,SUP-000006,True,29.85
SKU-0007659,SUP-000131,False,31.16
SKU-0007660,SUP-000187,True,-8.37
SKU-0007661,SUP-000417,True,4.33
SKU-0007662,SUP-000331,True,3.05
SKU-0007663,SUP-000283,True,31.98
SKU-0007664,SUP-000351,True,10.19
SKU-0007665,SUP-000258,True,12.94
SKU-0007665,SUP-000211,False,13.34
SKU-0007666,SUP-000213,True,54.75
SKU-0007667,SUP-000395,True,4.13
SKU-0007668,SUP-000106,True,82.08
SKU-0007668,SUP-000395,False,78.06
SKU-0007669,SUP-000389,True,22.72
SKU-0007670,SUP-000128,True,25.01
SKU-0007670,SUP-000433,False,22.68
SKU-0007671,SUP-000325,True,4.24
SKU-0007672,SUP-000335,True,20.16
SKU-0007673,SUP-000360,True,10.76
SKU-0007673,SUP-000157,False,8.47
SKU-0007674,SUP-000127,True,7.05
SKU-0007674,SUP-000373,False,7.27
SKU-0007675,SUP-000296,True,3.27
SKU-0007676,SUP-000023,True,117.65
SKU-0007677,SUP-000337,True,20.64
SKU-0007678,SUP-000255,True,2.54
SKU-0007678,SUP-000210,False,2.82
SKU-0007678,SUP-000087,False,3.0
SKU-0007679,SUP-000344,True,75.07
SKU-0007680,SUP-000132,True,6.98
SKU-0007681,SUP-000251,True,33.21
SKU-0007682,SUP-000300,True,5.23
SKU-0007683,SUP-000398,True,1.41
SKU-0007684,SUP-000090,True,17.6
SKU-0007684,SUP-000078,False,15.18
SKU-0007685,SUP-000231,True,197.15
SKU-0007686,SUP-000113,True,6.17
SKU-0007687,SUP-000054,True,35.77
SKU-0007688,SUP-000013,True,8.37
SKU-0007688,SUP-000344,False,9.33
SKU-0007689,SUP-000222,True,9.29
SKU-0007689,SUP-000156,False,9.34
SKU-0007690,SUP-000377,True,3.26
SKU-0007691,SUP-000016,True,13.2
SKU-0007692,SUP-000174,True,2.58
SKU-0007693,SUP-000185,True,21.15
SKU-0007694,SUP-000344,True,2.12
SKU-0007695,SUP-000313,True,32.75
SKU-0007696,SUP-000151,True,6.67
SKU-0007696,SUP-000188,False,6.33
SKU-0007696,SUP-000136,False,6.4
SKU-0007697,SUP-000052,True,14.88
SKU-0007697,SUP-000194,False,17.02
SKU-0007698,SUP-000178,True,10.17
SKU-0007698,SUP-000205,False,9.27
SKU-0007699,SUP-000241,True,7.86
SKU-0007700,SUP-000366,True,1.77
SKU-0007700,SUP-000210,False,1.76
SKU-0007701,SUP-000103,True,18.43
SKU-0007701,SUP-000165,False,15.79
SKU-0007702,SUP-000408,True,8.73
SKU-0007703,SUP-000300,True,55.49
SKU-0007704,SUP-000188,True,3.06
SKU-0007705,SUP-000423,True,5.06
SKU-0007706,SUP-000245,True,1.57
SKU-0007707,SUP-000264,True,9.96
SKU-0007708,SUP-000247,True,6.54
SKU-0007709,SUP-000445,True,
SKU-0007709,SUP-000107,False,6.91
SKU-0007710,SUP-000370,True,1.26
SKU-0007710,SUP-000128,False,1.37
SKU-0007711,SUP-000171,True,20.54
SKU-0007712,SUP-000151,True,15.45
SKU-0007713,SUP-000009,True,9.09
SKU-0007714,SUP-000014,True,2.66
SKU-0007714,SUP-000053,False,2.44
SKU-0007715,SUP-000200,True,5.69
SKU-0007716,SUP-000129,True,40.76
SKU-0007717,SUP-000121,True,11.31
SKU-0007718,SUP-000292,True,13.73
SKU-0007719,SUP-000410,True,6.51
SKU-0007720,SUP-000315,True,3.78
SKU-0007720,SUP-000239,False,3.7
SKU-0007720,SUP-000296,False,4.13
SKU-0007721,SUP-000225,True,36.28
SKU-0007722,SUP-000205,True,11.6
SKU-0007723,SUP-000443,True,10.26
SKU-0007723,SUP-000252,False,11.06
SKU-0007724,SUP-000286,True,16.18
SKU-0007724,SUP-000229,False,13.99
SKU-0007725,SUP-000422,True,22.99
SKU-0007726,SUP-000289,True,145.92
SKU-0007727,SUP-000246,True,5.09
SKU-0007728,SUP-000446,True,2.87
SKU-0007729,SUP-000396,True,6.34
SKU-0007729,SUP-000113,False,6.7
SKU-0007730,SUP-000424,True,42.02
SKU-0007731,SUP-000287,True,0.59
SKU-0007731,SUP-000441,False,0.56
SKU-0007732,SUP-000126,True,30.61
SKU-0007732,SUP-000402,False,31.53
SKU-0007733,SUP-000270,True,8.5
SKU-0007734,SUP-000409,True,71.01
SKU-0007735,SUP-000228,True,31.35
SKU-0007736,SUP-000263,True,2.33
SKU-0007737,SUP-000075,True,2.59
SKU-0007738,SUP-000229,True,33.22
SKU-0007738,SUP-000295,False,33.41
SKU-0007739,SUP-000180,True,7.66
SKU-0007740,SUP-000004,True,2.51
SKU-0007741,SUP-000139,True,65.58
SKU-0007742,SUP-000223,True,6.27
SKU-0007743,SUP-000379,True,9.24
SKU-0007744,SUP-000035,True,50.59
SKU-0007744,SUP-000180,False,45.09
SKU-0007745,SUP-000222,True,11.25
SKU-0007745,SUP-000291,False,10.61
SKU-0007746,SUP-000172,True,24.75
SKU-0007747,SUP-000449,True,8.49
SKU-0007747,SUP-000248,False,8.75
SKU-0007747,SUP-000228,False,7.94
SKU-0007748,SUP-000040,True,51.8
SKU-0007748,SUP-000188,False,58.44
SKU-0007749,SUP-000144,True,2.27
SKU-0007750,SUP-000424,True,1.09
SKU-0007751,SUP-000206,True,13.16
SKU-0007752,SUP-000414,True,24.29
SKU-0007752,SUP-000224,False,24.2
SKU-0007753,SUP-000064,True,6.66
SKU-0007754,SUP-000405,True,57.77
SKU-0007754,SUP-000416,False,56.7
SKU-0007755,SUP-000262,True,0.6
SKU-0007756,SUP-000044,True,10.35
SKU-0007757,SUP-000146,True,47.35
SKU-0007758,SUP-000070,True,70.07
SKU-0007759,SUP-000424,True,14.76
SKU-0007759,SUP-000263,False,16.97
SKU-0007760,SUP-000167,True,3.71
SKU-0007761,SUP-000191,True,26.51
SKU-0007762,SUP-000394,True,1.16
SKU-0007763,SUP-000216,True,43.96
SKU-0007764,SUP-000308,True,15.14
SKU-0007765,SUP-000016,True,19.6
SKU-0007766,SUP-000036,True,14.62
SKU-0007767,SUP-000312,True,14.59
SKU-0007768,SUP-000309,True,25.47
SKU-0007768,SUP-000104,False,25.67
SKU-0007769,SUP-000256,True,1.98
SKU-0007770,SUP-000160,True,62.59
SKU-0007770,SUP-000245,False,70.44
SKU-0007771,SUP-000289,True,1.92
SKU-0007772,SUP-000426,True,6.96
SKU-0007773,SUP-000321,True,2.59
SKU-0007774,SUP-000089,True,9.38
SKU-0007775,SUP-000388,True,4.85
SKU-0007776,SUP-000284,True,36.66
SKU-0007777,SUP-000224,True,11.63
SKU-0007778,SUP-000290,True,42.06
SKU-0007779,SUP-000113,True,11.41
SKU-0007780,SUP-000386,True,15.03
SKU-0007781,SUP-000357,True,12.32
SKU-0007782,SUP-000192,True,16.08
SKU-0007783,SUP-000062,True,
SKU-0007784,SUP-000155,True,25.33
SKU-0007785,SUP-000379,True,18.5
SKU-0007786,SUP-000365,True,40.32
SKU-0007787,SUP-000178,True,0.97
SKU-0007787,SUP-000447,False,0.82
SKU-0007788,SUP-000319,True,43.67
SKU-0007789,SUP-000347,True,11.62
SKU-0007789,SUP-000378,False,12.35
SKU-0007790,SUP-000256,True,28.04
SKU-0007791,SUP-000104,True,4.74
SKU-0007792,SUP-000113,True,7.78
SKU-0007793,SUP-000043,True,2.54
SKU-0007794,SUP-000126,True,23.99
SKU-0007794,SUP-000353,False,21.25
SKU-0007795,SUP-000162,True,5.6
SKU-0007796,SUP-000074,True,13.4
SKU-0007796,SUP-000150,False,15.98
SKU-0007797,SUP-000380,True,2.91
SKU-0007798,SUP-000055,True,49.47
SKU-0007798,SUP-000314,False,44.4
SKU-0007799,SUP-000075,True,8.95
SKU-0007800,SUP-000379,True,18.27
SKU-0007801,SUP-000206,True,48.75
SKU-0007802,SUP-000271,True,4.11
SKU-0007803,SUP-000314,True,16.04
SKU-0007803,SUP-000273,False,14.1
SKU-0007804,SUP-000152,True,116.11
SKU-0007805,SUP-000341,True,22.49
SKU-0007805,SUP-000096,False,22.85
SKU-0007805,SUP-000043,False,27.82
SKU-0007806,SUP-000123,True,11.35
SKU-0007806,SUP-000071,False,11.29
SKU-0007807,SUP-000361,True,22.92
SKU-0007808,SUP-000006,True,17.84
SKU-0007808,SUP-000051,False,19.72
SKU-0007808,SUP-000265,False,18.51
SKU-0007809,SUP-000369,True,2.74
SKU-0007810,SUP-000320,True,9.46
SKU-0007810,SUP-000269,False,8.25
SKU-0007811,SUP-000224,True,92.76
SKU-0007811,SUP-000291,False,108.95
SKU-0007811,SUP-000127,False,91.36
SKU-0007812,SUP-000035,True,5.55
SKU-0007812,SUP-000065,False,5.36
SKU-0007813,SUP-000389,True,37.35
SKU-0007814,SUP-000192,True,90.44
SKU-0007815,SUP-000189,True,2.55
SKU-0007816,SUP-000044,True,32.53
SKU-0007817,SUP-000344,True,91.87
SKU-0007818,SUP-000266,True,49.95
SKU-0007818,SUP-000023,False,47.4
SKU-0007819,SUP-000364,True,29.59
SKU-0007819,SUP-000277,False,35.73
SKU-0007820,SUP-000288,True,53.32
SKU-0007820,SUP-000240,False,52.37
SKU-0007820,SUP-000073,False,45.93
SKU-0007821,SUP-000264,True,38.49
SKU-0007821,SUP-000429,False,38.13
SKU-0007822,SUP-000281,True,90.9
SKU-0007823,SUP-000220,True,14.15
SKU-0007824,SUP-000401,True,88.06
SKU-0007825,SUP-000181,True,30.41
SKU-0007825,SUP-000096,False,27.25
SKU-0007826,SUP-000276,True,108.61
SKU-0007826,SUP-000293,False,95.98
SKU-0007827,SUP-000148,True,13.06
SKU-0007827,SUP-000322,False,12.48
SKU-0007828,SUP-000014,True,2.5
SKU-0007829,SUP-000024,True,10.05
SKU-0007830,SUP-000099,True,11.63
SKU-0007831,SUP-000019,True,9.33
SKU-0007832,SUP-000001,True,32.8
SKU-0007833,SUP-000023,True,8.12
SKU-0007834,SUP-000356,True,47.36
SKU-0007834,SUP-000275,False,48.62
SKU-0007835,SUP-000169,True,27.94
SKU-0007835,SUP-000421,False,28.02
SKU-0007836,SUP-000351,True,0.88
SKU-0007837,SUP-000219,True,21.08
SKU-0007838,SUP-000340,True,6.77
SKU-0007839,SUP-000236,True,8.07
SKU-0007840,SUP-000216,True,14.43
SKU-0007841,SUP-000319,True,28.98
SKU-0007842,SUP-000419,True,5.79
SKU-0007843,SUP-000262,True,28.69
SKU-0007844,SUP-000086,True,8.75
SKU-0007844,SUP-000193,False,7.79
SKU-0007844,SUP-000213,False,9.71
SKU-0007845,SUP-000131,True,61.91
SKU-0007846,SUP-000035,True,10.07
SKU-0007847,SUP-000376,True,29.51
SKU-0007848,SUP-000407,True,104.56
SKU-0007849,SUP-000405,True,1.98
SKU-0007849,SUP-000371,False,1.95
SKU-0007849,SUP-000180,False,1.99
SKU-0007850,SUP-000446,True,32.01
SKU-0007851,SUP-000070,True,17.57
SKU-0007852,SUP-000428,True,6.25
SKU-0007853,SUP-000346,True,33.82
SKU-0007853,SUP-000366,False,29.47
SKU-0007854,SUP-000149,True,5.14
SKU-0007855,SUP-000248,True,21.99
SKU-0007856,SUP-000444,True,30.73
SKU-0007856,SUP-000145,False,30.26
SKU-0007857,SUP-000032,True,3.67
SKU-0007857,SUP-000305,False,3.73
SKU-0007858,SUP-000224,True,3.23
SKU-0007859,SUP-000189,True,7.44
SKU-0007859,SUP-000403,False,7.41
SKU-0007860,SUP-000419,True,13.79
SKU-0007860,SUP-000365,False,17.22
SKU-0007861,SUP-000029,True,3.79
SKU-0007862,SUP-000347,True,124.38
SKU-0007863,SUP-000260,True,18.44
SKU-0007864,SUP-000336,True,32.46
SKU-0007865,SUP-000045,True,4.1
SKU-0007866,SUP-000058,True,25.35
SKU-0007866,SUP-000072,False,27.32
SKU-0007867,SUP-000332,True,9.16
SKU-0007868,SUP-000224,True,2.05
SKU-0007869,SUP-000408,True,24.58
SKU-0007870,SUP-000212,True,3.05
SKU-0007871,SUP-000449,True,15.18
SKU-0007872,SUP-000231,True,70.41
SKU-0007872,SUP-000224,False,56.49
SKU-0007873,SUP-000178,True,4.51
SKU-0007873,SUP-000011,False,4.02
SKU-0007874,SUP-000287,True,0.49
SKU-0007874,SUP-000355,False,0.45
SKU-0007875,SUP-000195,True,20.82
SKU-0007876,SUP-000292,True,149.13
SKU-0007876,SUP-000060,False,169.36
SKU-0007877,SUP-000128,True,57.66
SKU-0007877,SUP-000284,False,57.22
SKU-0007878,SUP-000149,True,6.77
SKU-0007879,SUP-000377,True,6.27
SKU-0007880,SUP-000424,True,38.19
SKU-0007881,SUP-000289,True,4.54
SKU-0007882,SUP-000042,True,141.13
SKU-0007883,SUP-000287,True,25.36
SKU-0007884,SUP-000088,True,4.86
SKU-0007885,SUP-000307,True,21.09
SKU-0007886,SUP-000309,True,
SKU-0007886,SUP-000126,False,5.28
SKU-0007886,SUP-000177,False,5.25
SKU-0007887,SUP-000259,True,8.11
SKU-0007887,SUP-000400,False,6.6
SKU-0007888,SUP-000040,True,85.97
SKU-0007888,SUP-000389,False,73.64
SKU-0007888,SUP-000420,False,66.01
SKU-0007889,SUP-000387,True,52.36
SKU-0007890,SUP-000116,True,152.97
SKU-0007891,SUP-000167,True,4.51
SKU-0007892,SUP-000289,True,17.04
SKU-0007893,SUP-000278,True,30.34
SKU-0007894,SUP-000263,True,26.4
SKU-0007894,SUP-000324,False,26.24
SKU-0007895,SUP-000428,True,5.69
SKU-0007896,SUP-000068,True,0.98
SKU-0007897,SUP-000231,True,13.92
SKU-0007897,SUP-000178,False,13.78
SKU-0007898,SUP-000321,True,7.19
SKU-0007899,SUP-000389,True,32.22
SKU-0007899,SUP-000176,False,33.61
SKU-0007900,SUP-000342,True,7.65
SKU-0007901,SUP-000205,True,20.4
SKU-0007901,SUP-000069,False,18.88
SKU-0007902,SUP-000334,True,13.99
SKU-0007903,SUP-000419,True,13.6
SKU-0007904,SUP-000134,True,4.29
SKU-0007905,SUP-000288,True,6.88
SKU-0007905,SUP-000006,False,5.59
SKU-0007906,SUP-000269,True,3.76
SKU-0007907,SUP-000195,True,3.79
SKU-0007907,SUP-000116,False,4.0
SKU-0007908,SUP-000133,True,0.93
SKU-0007909,SUP-000364,True,18.95
SKU-0007910,SUP-000258,True,231.26
SKU-0007911,SUP-000187,True,19.5
SKU-0007912,SUP-000314,True,169.75
SKU-0007913,SUP-000413,True,7.13
SKU-0007914,SUP-000287,True,6.83
SKU-0007914,SUP-000121,False,5.87
SKU-0007915,SUP-000399,True,15.21
SKU-0007916,SUP-000244,True,3.35
SKU-0007917,SUP-000334,True,87.49
SKU-0007918,SUP-000433,True,3.26
SKU-0007919,SUP-000065,True,1.32
SKU-0007920,SUP-000379,True,14.21
SKU-0007920,SUP-000069,False,13.67
SKU-0007921,SUP-000072,True,8.31
SKU-0007922,SUP-000373,True,12.93
SKU-0007923,SUP-000443,True,28.94
SKU-0007924,SUP-000112,True,2.41
SKU-0007925,SUP-000415,True,12.66
SKU-0007926,SUP-000428,True,11.76
SKU-0007927,SUP-000279,True,139.72
SKU-0007928,SUP-000246,True,9.59
SKU-0007929,SUP-000437,True,1.28
SKU-0007929,SUP-000109,False,1.33
SKU-0007930,SUP-000010,True,5.29
SKU-0007931,SUP-000038,True,24.28
SKU-0007931,SUP-000426,False,21.35
SKU-0007932,SUP-000144,True,6.42
SKU-0007932,SUP-000082,False,5.8
SKU-0007933,SUP-000445,True,7.7
SKU-0007934,SUP-000127,True,1.4
SKU-0007934,SUP-000396,False,1.58
SKU-0007935,SUP-000331,True,29.34
SKU-0007935,SUP-000260,False,30.36
SKU-0007936,SUP-000292,True,15.87
SKU-0007937,SUP-000150,True,1.39
SKU-0007938,SUP-000015,True,6.23
SKU-0007939,SUP-000045,True,8.02
SKU-0007939,SUP-000188,False,6.96
SKU-0007940,SUP-000282,True,7.37
SKU-0007940,SUP-000108,False,9.19
SKU-0007941,SUP-000210,True,1.57
SKU-0007942,SUP-000153,True,7.67
SKU-0007943,SUP-000137,True,3.41
SKU-0007944,SUP-000247,True,451.88
SKU-0007945,SUP-000131,True,1.93
SKU-0007945,SUP-000114,False,2.15
SKU-0007945,SUP-000078,False,1.82
SKU-0007946,SUP-000352,True,5.29
SKU-0007947,SUP-000274,True,31.25
SKU-0007947,SUP-000255,False,28.06
SKU-0007948,SUP-000064,True,11.63
SKU-0007949,SUP-000138,True,23.73
SKU-0007949,SUP-000074,False,
SKU-0007950,SUP-000107,True,1.5
SKU-0007951,SUP-000036,True,5.8
SKU-0007952,SUP-000266,True,5.01
SKU-0007952,SUP-000447,False,4.96
SKU-0007953,SUP-000195,True,10.78
SKU-0007953,SUP-000103,False,8.79
SKU-0007953,SUP-000390,False,9.6
SKU-0007954,SUP-000100,True,1.05
SKU-0007955,SUP-000323,True,6.92
SKU-0007955,SUP-000430,False,7.29
SKU-0007955,SUP-000169,False,7.29
SKU-0007956,SUP-000389,True,0.6
SKU-0007957,SUP-000358,True,3.47
SKU-0007958,SUP-000040,True,11.93
SKU-0007959,SUP-000317,True,86.03
SKU-0007960,SUP-000139,True,27.75
SKU-0007961,SUP-000364,True,0.64
SKU-0007961,SUP-000239,False,0.52
SKU-0007962,SUP-000092,True,94.07
SKU-0007962,SUP-000135,False,101.74
SKU-0007962,SUP-000327,False,102.11
SKU-0007963,SUP-000125,True,13.97
SKU-0007964,SUP-000360,True,11.77
SKU-0007965,SUP-000392,True,52.49
SKU-0007966,SUP-000317,True,35.5
SKU-0007966,SUP-000375,False,36.42
SKU-0007967,SUP-000400,True,5.01
SKU-0007968,SUP-000432,True,101.8
SKU-0007969,SUP-000026,True,5.47
SKU-0007969,SUP-000032,False,5.05
SKU-0007970,SUP-000122,True,
SKU-0007970,SUP-000366,False,6.4
SKU-0007971,SUP-000303,True,365.25
SKU-0007971,SUP-000130,False,345.06
SKU-0007972,SUP-000309,True,70.53
SKU-0007973,SUP-000267,True,8.65
SKU-0007974,SUP-000049,True,2.05
SKU-0007974,SUP-000209,False,2.21
SKU-0007975,SUP-000340,True,44.24
SKU-0007976,SUP-000067,True,4.01
SKU-0007977,SUP-000131,True,2.21
SKU-0007978,SUP-000259,True,18.93
SKU-0007979,SUP-000350,True,22.15
SKU-0007979,SUP-000390,False,25.66
SKU-0007980,SUP-000050,True,3.92
SKU-0007981,SUP-000239,True,22.14
SKU-0007982,SUP-000069,True,20.22
SKU-0007983,SUP-000031,True,11.53
SKU-0007983,SUP-000280,False,9.51
SKU-0007984,SUP-000199,True,15.68
SKU-0007984,SUP-000216,False,12.98
SKU-0007985,SUP-000035,True,10.2
SKU-0007985,SUP-000412,False,8.37
SKU-0007986,SUP-000260,True,9.23
SKU-0007987,SUP-000004,True,
SKU-0007988,SUP-000178,True,4.48
SKU-0007989,SUP-000364,True,21.59
SKU-0007990,SUP-000429,True,11.25
SKU-0007990,SUP-000444,False,11.3
SKU-0007991,SUP-000213,True,8.5
SKU-0007992,SUP-000191,True,15.37
SKU-0007992,SUP-000084,False,16.93
SKU-0007993,SUP-000182,True,2.39
SKU-0007994,SUP-000299,True,2.5
SKU-0007995,SUP-000159,True,24.22
SKU-0007996,SUP-000037,True,1.23
SKU-0007997,SUP-000411,True,5.86
SKU-0007997,SUP-000303,False,5.5
SKU-0007998,SUP-000447,True,5.31
SKU-0007998,SUP-000263,False,7.02
SKU-0007999,SUP-000396,True,41.59
SKU-0007999,SUP-000432,False,41.56
SKU-0008000,SUP-000282,True,5.18
SKU-0008001,SUP-000400,True,7.13
SKU-0008002,SUP-000033,True,44.62
SKU-0008002,SUP-000240,False,43.38
SKU-0008003,SUP-000311,True,63.34
SKU-0008003,SUP-000173,False,81.92
SKU-0008004,SUP-000286,True,19.59
SKU-0008004,SUP-000122,False,24.78
SKU-0008005,SUP-000176,True,1.37
SKU-0008006,SUP-000176,True,1.0
SKU-0008006,SUP-000031,False,1.11
SKU-0008006,SUP-000165,False,1.25
SKU-0008007,SUP-000412,True,36.24
SKU-0008007,SUP-000313,False,40.65
SKU-0008008,SUP-000353,True,7.91
SKU-0008009,SUP-000246,True,6.16
SKU-0008010,SUP-000162,True,5.08
SKU-0008011,SUP-000183,True,36.13
SKU-0008012,SUP-000169,True,12.92
SKU-0008013,SUP-000255,True,10.65
SKU-0008014,SUP-000313,True,20.25
SKU-0008015,SUP-000206,True,3.23
SKU-0008016,SUP-000349,True,11.51
SKU-0008017,SUP-000349,True,6.24
SKU-0008018,SUP-000062,True,6.82
SKU-0008019,SUP-000340,True,3.15
SKU-0008020,SUP-000230,True,5.65
SKU-0008021,SUP-000180,True,0.74
SKU-0008022,SUP-000081,True,27.25
SKU-0008023,SUP-000134,True,17.32
SKU-0008024,SUP-000246,True,3.51
SKU-0008024,SUP-000182,False,4.2
SKU-0008025,SUP-000386,True,12.9
SKU-0008025,SUP-000376,False,10.12
SKU-0008026,SUP-000245,True,4.14
SKU-0008027,SUP-000246,True,
SKU-0008028,SUP-000200,True,16.21
SKU-0008028,SUP-000161,False,15.54
SKU-0008029,SUP-000249,True,20.9
SKU-0008030,SUP-000237,True,11.03
SKU-0008031,SUP-000034,True,5.37
SKU-0008032,SUP-000364,True,29.98
SKU-0008032,SUP-000370,False,33.83
SKU-0008033,SUP-000202,True,19.63
SKU-0008033,SUP-000261,False,21.13
SKU-0008034,SUP-000417,True,4.6
SKU-0008035,SUP-000281,True,109.1
SKU-0008036,SUP-000208,True,13.78
SKU-0008037,SUP-000382,True,1.63
SKU-0008037,SUP-000385,False,1.31
SKU-0008038,SUP-000277,True,20.63
SKU-0008039,SUP-000353,True,6.56
SKU-0008040,SUP-000078,True,6.82
SKU-0008040,SUP-000271,False,7.39
SKU-0008041,SUP-000273,True,13.54
SKU-0008042,SUP-000018,True,11.01
SKU-0008043,SUP-000377,True,125.78
SKU-0008044,SUP-000358,True,9.64
SKU-0008045,SUP-000069,True,10.08
SKU-0008045,SUP-000446,False,10.58
SKU-0008046,SUP-000262,True,47.93
SKU-0008047,SUP-000224,True,0.68
SKU-0008047,SUP-000047,False,0.63
SKU-0008048,SUP-000142,True,5.19
SKU-0008049,SUP-000159,True,7.42
SKU-0008050,SUP-000366,True,8.89
SKU-0008051,SUP-000394,True,
SKU-0008051,SUP-000351,False,5.42
SKU-0008051,SUP-000080,False,5.39
SKU-0008052,SUP-000404,True,410.46
SKU-0008052,SUP-000193,False,477.97
SKU-0008053,SUP-000284,True,3.64
SKU-0008054,SUP-000017,True,19.31
SKU-0008055,SUP-000318,True,14.11
SKU-0008056,SUP-000167,True,6.38
SKU-0008056,SUP-000268,False,5.07
SKU-0008057,SUP-000413,True,6.63
SKU-0008058,SUP-000383,True,43.33
SKU-0008059,SUP-000431,True,20.17
SKU-0008060,SUP-000187,True,12.34
SKU-0008060,SUP-000190,False,9.88
SKU-0008060,SUP-000032,False,9.79
SKU-0008061,SUP-000286,True,7.04
SKU-0008062,SUP-000064,True,9.54
SKU-0008062,SUP-000328,False,8.82
SKU-0008062,SUP-000061,False,9.09
SKU-0008063,SUP-000227,True,20.08
SKU-0008064,SUP-000105,True,5.47
SKU-0008064,SUP-000098,False,4.78
SKU-0008065,SUP-000329,True,9.37
SKU-0008066,SUP-000187,True,2.6
SKU-0008067,SUP-000427,True,5.24
SKU-0008068,SUP-000347,True,377.75
SKU-0008069,SUP-000427,True,8.86
SKU-0008070,SUP-000257,True,14.36
SKU-0008070,SUP-000226,False,15.21
SKU-0008071,SUP-000411,True,38.49
SKU-0008072,SUP-000019,True,8.39
SKU-0008073,SUP-000008,True,8.9
SKU-0008074,SUP-000016,True,18.02
SKU-0008074,SUP-000243,False,16.41
SKU-0008075,SUP-000157,True,20.0
SKU-0008076,SUP-000162,True,3.34
SKU-0008077,SUP-000179,True,43.82
SKU-0008077,SUP-000342,False,41.97
SKU-0008078,SUP-000362,True,11.32
SKU-0008079,SUP-000054,True,1.16
SKU-0008080,SUP-000427,True,19.38
SKU-0008081,SUP-000185,True,7.75
SKU-0008082,SUP-000008,True,43.8
SKU-0008083,SUP-000202,True,1.36
SKU-0008083,SUP-000337,False,1.4
SKU-0008084,SUP-000325,True,24.56
SKU-0008084,SUP-000408,False,23.87
SKU-0008085,SUP-000197,True,30.69
SKU-0008085,SUP-000059,False,31.86
SKU-0008085,SUP-000381,False,25.77
SKU-0008086,SUP-000106,True,31.11
SKU-0008086,SUP-000388,False,27.11
SKU-0008086,SUP-000252,False,26.73
SKU-0008087,SUP-000352,True,18.5
SKU-0008087,SUP-000433,False,22.59
SKU-0008088,SUP-000431,True,3.23
SKU-0008089,SUP-000259,True,0.74
SKU-0008090,SUP-000422,True,2.89
SKU-0008091,SUP-000272,True,22.25
SKU-0008092,SUP-000200,True,13.19
SKU-0008092,SUP-000270,False,12.93
SKU-0008093,SUP-000273,True,15.62
SKU-0008093,SUP-000001,False,18.47
SKU-0008093,SUP-000366,False,14.89
SKU-0008094,SUP-000210,True,157.06
SKU-0008095,SUP-000098,True,17.59
SKU-0008095,SUP-000081,False,19.82
SKU-0008096,SUP-000002,True,4.99
SKU-0008096,SUP-000436,False,5.44
SKU-0008097,SUP-000085,True,30.52
SKU-0008098,SUP-000427,True,5.93
SKU-0008099,SUP-000018,True,6.6
SKU-0008099,SUP-000326,False,7.49
SKU-0008100,SUP-000292,True,19.42
SKU-0008101,SUP-000026,True,13.05
SKU-0008101,SUP-000123,False,14.46
SKU-0008102,SUP-000254,True,36.9
SKU-0008102,SUP-000225,False,33.45
SKU-0008103,SUP-000142,True,14.85
SKU-0008104,SUP-000017,True,1.66
SKU-0008104,SUP-000120,False,1.61
SKU-0008105,SUP-000225,True,9.98
SKU-0008105,SUP-000048,False,10.09
SKU-0008106,SUP-000032,True,2.46
SKU-0008106,SUP-000352,False,2.66
SKU-0008107,SUP-000065,True,24.95
SKU-0008108,SUP-000409,True,2.95
SKU-0008109,SUP-000410,True,5.45
SKU-0008110,SUP-000444,True,2.4
SKU-0008111,SUP-000014,True,12.43
SKU-0008111,SUP-000366,False,12.34
SKU-0008112,SUP-000222,True,31.74
SKU-0008113,SUP-000034,True,7.7
SKU-0008114,SUP-000053,True,121.13
SKU-0008115,SUP-000446,True,3.82
SKU-0008115,SUP-000222,False,4.23
SKU-0008115,SUP-000229,False,3.9
SKU-0008116,SUP-000211,True,34.03
SKU-0008116,SUP-000187,False,32.42
SKU-0008116,SUP-000146,False,28.14
SKU-0008117,SUP-000305,True,23.43
SKU-0008118,SUP-000198,True,22.25
SKU-0008119,SUP-000144,True,9.79
SKU-0008120,SUP-000030,True,26.08
SKU-0008121,SUP-000067,True,75.68
SKU-0008122,SUP-000326,True,5.97
SKU-0008123,SUP-000154,True,77.42
SKU-0008124,SUP-000250,True,5.57
SKU-0008125,SUP-000132,True,9.05
SKU-0008126,SUP-000126,True,54.46
SKU-0008127,SUP-000022,True,36.3
SKU-0008127,SUP-000243,False,35.43
SKU-0008128,SUP-000390,True,4.49
SKU-0008129,SUP-000298,True,44.49
SKU-0008130,SUP-000059,True,16.91
SKU-0008131,SUP-000384,True,35.32
SKU-0008132,SUP-000017,True,2.95
SKU-0008133,SUP-000341,True,7.05
SKU-0008134,SUP-000192,True,13.59
SKU-0008134,SUP-000236,False,16.41
SKU-0008135,SUP-000279,True,6.64
SKU-0008136,SUP-000138,True,14.25
SKU-0008137,SUP-000346,True,7.25
SKU-0008137,SUP-000125,False,7.81
SKU-0008138,SUP-000389,True,4.5
SKU-0008138,SUP-000422,False,4.15
SKU-0008139,SUP-000116,True,18.12
SKU-0008139,SUP-000393,False,20.26
SKU-0008140,SUP-000345,True,35.66
SKU-0008141,SUP-000075,True,28.86
SKU-0008142,SUP-000292,True,14.18
SKU-0008143,SUP-000105,True,4.71
SKU-0008143,SUP-000230,False,5.92
SKU-0008143,SUP-000126,False,5.36
SKU-0008144,SUP-000208,True,11.4
SKU-0008145,SUP-000094,True,2.95
SKU-0008146,SUP-000235,True,16.77
SKU-0008146,SUP-000256,False,17.98
SKU-0008147,SUP-000370,True,51.51
SKU-0008148,SUP-000392,True,15.23
SKU-0008149,SUP-000239,True,3.3
SKU-0008150,SUP-000403,True,87.32
SKU-0008151,SUP-000230,True,14.36
SKU-0008152,SUP-000037,True,13.85
SKU-0008152,SUP-000376,False,15.82
SKU-0008153,SUP-000203,True,6.17
SKU-0008154,SUP-000115,True,18.53
SKU-0008155,SUP-000147,True,2.0
SKU-0008156,SUP-000020,True,14.54
SKU-0008157,SUP-000302,True,11.64
SKU-0008158,SUP-000157,True,40.15
SKU-0008159,SUP-000141,True,15.52
SKU-0008160,SUP-000007,True,9.15
SKU-0008160,SUP-000044,False,9.21
SKU-0008161,SUP-000136,True,1.97
SKU-0008161,SUP-000166,False,
SKU-0008162,SUP-000438,True,1.41
SKU-0008162,SUP-000134,False,1.39
SKU-0008163,SUP-000428,True,0.85
SKU-0008164,SUP-000366,True,1.21
SKU-0008165,SUP-000166,True,6.99
SKU-0008165,SUP-000272,False,7.82
SKU-0008166,SUP-000365,True,24.32
SKU-0008167,SUP-000425,True,10.43
SKU-0008168,SUP-000204,True,11.77
SKU-0008169,SUP-000282,True,11.87
SKU-0008169,SUP-000369,False,10.7
SKU-0008170,SUP-000300,True,4.6
SKU-0008170,SUP-000384,False,
SKU-0008171,SUP-000396,True,5.27
SKU-0008171,SUP-000366,False,4.9
SKU-0008172,SUP-000034,True,
SKU-0008172,SUP-000180,False,67.01
SKU-0008173,SUP-000412,True,55.76
SKU-0008173,SUP-000159,False,59.76
SKU-0008174,SUP-000323,True,83.48
SKU-0008174,SUP-000113,False,69.12
SKU-0008175,SUP-000307,True,0.96
SKU-0008175,SUP-000011,False,1.16
SKU-0008176,SUP-000369,True,2.34
SKU-0008177,SUP-000405,True,368.16
SKU-0008178,SUP-000174,True,7.78
SKU-0008178,SUP-000309,False,8.41
SKU-0008179,SUP-000197,True,2.95
SKU-0008180,SUP-000177,True,
SKU-0008181,SUP-000436,True,0.63
SKU-0008181,SUP-000229,False,0.51
SKU-0008182,SUP-000224,True,100.06
SKU-0008183,SUP-000011,True,11.41
SKU-0008184,SUP-000189,True,1.61
SKU-0008185,SUP-000223,True,22.06
SKU-0008185,SUP-000047,False,19.78
SKU-0008186,SUP-000443,True,4.84
SKU-0008187,SUP-000423,True,36.76
SKU-0008188,SUP-000350,True,87.94
SKU-0008189,SUP-000155,True,46.74
SKU-0008189,SUP-000227,False,47.26
SKU-0008190,SUP-000384,True,14.9
SKU-0008191,SUP-000430,True,26.76
SKU-0008192,SUP-000146,True,13.63
SKU-0008192,SUP-000115,False,10.44
SKU-0008192,SUP-000141,False,12.81
SKU-0008193,SUP-000378,True,3.48
SKU-0008194,SUP-000063,True,1.08
SKU-0008194,SUP-000437,False,1.0
SKU-0008195,SUP-000227,True,11.23
SKU-0008195,SUP-000280,False,12.96
SKU-0008196,SUP-000130,True,4.67
SKU-0008196,SUP-000324,False,4.02
SKU-0008197,SUP-000238,True,10.95
SKU-0008198,SUP-000215,True,6.63
SKU-0008199,SUP-000249,True,1.54
SKU-0008200,SUP-000416,True,8.07
SKU-0008200,SUP-000182,False,7.48
SKU-0008201,SUP-000351,True,0.8
SKU-0008202,SUP-000126,True,45.02
SKU-0008203,SUP-000099,True,16.23
SKU-0008203,SUP-000037,False,17.92
SKU-0008204,SUP-000391,True,27.46
SKU-0008204,SUP-000217,False,29.85
SKU-0008205,SUP-000209,True,21.38
SKU-0008205,SUP-000367,False,
SKU-0008206,SUP-000196,True,9.38
SKU-0008206,SUP-000181,False,8.68
SKU-0008207,SUP-000269,True,15.03
SKU-0008208,SUP-000447,True,27.45
SKU-0008209,SUP-000302,True,4.15
SKU-0008209,SUP-000248,False,4.15
SKU-0008209,SUP-000003,False,4.07
SKU-0008210,SUP-000156,True,4.55
SKU-0008211,SUP-000135,True,69.34
SKU-0008212,SUP-000268,True,66.41
SKU-0008213,SUP-000246,True,1.17
SKU-0008213,SUP-000215,False,1.15
SKU-0008214,SUP-000209,True,4.38
SKU-0008214,SUP-000054,False,5.34
SKU-0008215,SUP-000044,True,1.86
SKU-0008216,SUP-000411,True,1.78
SKU-0008216,SUP-000149,False,1.87
SKU-0008216,SUP-000450,False,2.04
SKU-0008217,SUP-000149,True,1.77
SKU-0008218,SUP-000304,True,3.01
SKU-0008218,SUP-000234,False,3.02
SKU-0008219,SUP-000127,True,0.44
SKU-0008219,SUP-000104,False,0.36
SKU-0008220,SUP-000060,True,14.17
SKU-0008221,SUP-000438,True,9.04
SKU-0008222,SUP-000150,True,186.69
SKU-0008223,SUP-000206,True,11.14
SKU-0008224,SUP-000043,True,
SKU-0008225,SUP-000356,True,4.09
SKU-0008226,SUP-000231,True,15.68
SKU-0008226,SUP-000269,False,14.33
SKU-0008227,SUP-000004,True,0.38
SKU-0008228,SUP-000254,True,10.06
SKU-0008229,SUP-000423,True,3.39
SKU-0008230,SUP-000320,True,14.96
SKU-0008231,SUP-000015,True,16.55
SKU-0008231,SUP-000283,False,13.75
SKU-0008232,SUP-000149,True,10.13
SKU-0008233,SUP-000245,True,6.38
SKU-0008233,SUP-000026,False,6.34
SKU-0008234,SUP-000259,True,1.48
SKU-0008235,SUP-000179,True,1.05
SKU-0008236,SUP-000110,True,28.9
SKU-0008237,SUP-000319,True,2.53
SKU-0008237,SUP-000314,False,3.01
SKU-0008238,SUP-000145,True,
SKU-0008239,SUP-000293,True,4.89
SKU-0008240,SUP-000319,True,7.69
SKU-0008241,SUP-000308,True,5.49
SKU-0008242,SUP-000257,True,19.11
SKU-0008243,SUP-000186,True,218.87
SKU-0008244,SUP-000356,True,3.29
SKU-0008245,SUP-000136,True,7.51
SKU-0008246,SUP-000226,True,4.2
SKU-0008246,SUP-000293,False,3.44
SKU-0008246,SUP-000242,False,3.58
SKU-0008247,SUP-000264,True,46.0
SKU-0008248,SUP-000108,True,3.87
SKU-0008248,SUP-000220,False,3.98
SKU-0008249,SUP-000347,True,9.85
SKU-0008250,SUP-000333,True,2.11
SKU-0008251,SUP-000240,True,26.94
SKU-0008252,SUP-000134,True,25.03
SKU-0008253,SUP-000427,True,2.4
SKU-0008254,SUP-000177,True,43.26
SKU-0008255,SUP-000255,True,13.79
SKU-0008255,SUP-000091,False,14.72
SKU-0008256,SUP-000030,True,58.31
SKU-0008256,SUP-000111,False,46.98
SKU-0008257,SUP-000099,True,23.91
SKU-0008258,SUP-000007,True,32.43
SKU-0008259,SUP-000372,True,22.91
SKU-0008259,SUP-000203,False,19.18
SKU-0008260,SUP-000269,True,7.28
SKU-0008261,SUP-000309,True,9.34
SKU-0008262,SUP-000076,True,17.01
SKU-0008262,SUP-000292,False,17.89
SKU-0008263,SUP-000231,True,3.89
SKU-0008264,SUP-000022,True,7.57
SKU-0008265,SUP-000255,True,17.14
SKU-0008266,SUP-000351,True,1.83
SKU-0008267,SUP-000402,True,113.28
SKU-0008267,SUP-000347,False,126.69
SKU-0008268,SUP-000189,True,3.3
SKU-0008268,SUP-000309,False,3.26
SKU-0008268,SUP-000271,False,3.65
SKU-0008269,SUP-000098,True,0.37
SKU-0008270,SUP-000225,True,222.27
SKU-0008271,SUP-000365,True,6.63
SKU-0008272,SUP-000205,True,87.79
SKU-0008272,SUP-000388,False,87.46
SKU-0008273,SUP-000127,True,32.15
SKU-0008274,SUP-000183,True,1.03
SKU-0008275,SUP-000350,True,8.53
SKU-0008276,SUP-000015,True,37.38
SKU-0008277,SUP-000110,True,10.34
SKU-0008278,SUP-000375,True,1.39
SKU-0008279,SUP-000192,True,17.45
SKU-0008279,SUP-000435,False,13.68
SKU-0008280,SUP-000415,True,2.29
SKU-0008281,SUP-000138,True,19.81
SKU-0008282,SUP-000312,True,0.88
SKU-0008283,SUP-000211,True,3.08
SKU-0008284,SUP-000278,True,1.47
SKU-0008285,SUP-000379,True,1.68
SKU-0008286,SUP-000091,True,4.98
SKU-0008287,SUP-000328,True,0.82
SKU-0008288,SUP-000072,True,2.75
SKU-0008289,SUP-000004,True,12.83
SKU-0008289,SUP-000141,False,13.14
SKU-0008290,SUP-000382,True,54.98
SKU-0008291,SUP-000373,True,36.17
SKU-0008292,SUP-000040,True,22.78
SKU-0008292,SUP-000143,False,25.78
SKU-0008293,SUP-000337,True,6.1
SKU-0008294,SUP-000126,True,16.15
SKU-0008294,SUP-000303,False,14.67
SKU-0008295,SUP-000092,True,27.26
SKU-0008296,SUP-000306,True,2.43
SKU-0008297,SUP-000383,True,2.31
SKU-0008297,SUP-000423,False,2.57
SKU-0008298,SUP-000060,True,36.77
SKU-0008298,SUP-000117,False,35.69
SKU-0008299,SUP-000132,True,12.25
SKU-0008300,SUP-000361,True,4.85
SKU-0008301,SUP-000292,True,4.2
SKU-0008302,SUP-000038,True,19.58
SKU-0008303,SUP-000077,True,39.55
SKU-0008304,SUP-000359,True,9.45
SKU-0008305,SUP-000450,True,5.82
SKU-0008306,SUP-000217,True,8.67
SKU-0008307,SUP-000378,True,3.75
SKU-0008308,SUP-000297,True,32.38
SKU-0008309,SUP-000054,True,2.04
SKU-0008310,SUP-000280,True,2.02
SKU-0008311,SUP-000222,True,79.18
SKU-0008312,SUP-000310,True,17.35
SKU-0008313,SUP-000139,True,4.75
SKU-0008314,SUP-000310,True,16.86
SKU-0008314,SUP-000238,False,22.42
SKU-0008314,SUP-000188,False,22.45
SKU-0008315,SUP-000142,True,7.69
SKU-0008315,SUP-000287,False,7.08
SKU-0008315,SUP-000071,False,8.45
SKU-0008316,SUP-000104,True,6.44
SKU-0008316,SUP-000069,False,5.01
SKU-0008317,SUP-000238,True,3.97
SKU-0008318,SUP-000102,True,2.91
SKU-0008319,SUP-000058,True,53.34
SKU-0008319,SUP-000069,False,
SKU-0008320,SUP-000035,True,5.68
SKU-0008321,SUP-000028,True,1.57
SKU-0008322,SUP-000052,True,2.12
SKU-0008323,SUP-000077,True,2.38
SKU-0008324,SUP-000055,True,17.55
SKU-0008325,SUP-000185,True,7.0
SKU-0008326,SUP-000387,True,18.93
SKU-0008327,SUP-000204,True,87.18
SKU-0008328,SUP-000410,True,0.82
SKU-0008329,SUP-000084,True,7.31
SKU-0008329,SUP-000114,False,9.4
SKU-0008330,SUP-000312,True,9.24
SKU-0008331,SUP-000351,True,26.47
SKU-0008332,SUP-000105,True,
SKU-0008332,SUP-000438,False,14.88
SKU-0008333,SUP-000136,True,18.22
SKU-0008334,SUP-000315,True,7.59
SKU-0008335,SUP-000010,True,9.78
SKU-0008336,SUP-000102,True,2.04
SKU-0008337,SUP-000068,True,46.01
SKU-0008338,SUP-000369,True,97.05
SKU-0008339,SUP-000003,True,19.82
SKU-0008340,SUP-000052,True,3.62
SKU-0008341,SUP-000233,True,12.11
SKU-0008341,SUP-000395,False,12.44
SKU-0008342,SUP-000230,True,2.48
SKU-0008343,SUP-000156,True,9.36
SKU-0008344,SUP-000193,True,
SKU-0008345,SUP-000012,True,20.76
SKU-0008346,SUP-000043,True,4.71
SKU-0008346,SUP-000247,False,4.28
SKU-0008347,SUP-000403,True,2.55
SKU-0008348,SUP-000449,True,0.82
SKU-0008349,SUP-000390,True,48.15
SKU-0008350,SUP-000114,True,10.32
SKU-0008350,SUP-000305,False,11.8
SKU-0008351,SUP-000019,True,2.67
SKU-0008352,SUP-000437,True,0.46
SKU-0008353,SUP-000356,True,40.66
SKU-0008354,SUP-000294,True,5.24
SKU-0008354,SUP-000256,False,5.26
SKU-0008354,SUP-000288,False,4.62
SKU-0008355,SUP-000177,True,299.09
SKU-0008356,SUP-000280,True,13.46
SKU-0008357,SUP-000207,True,23.95
SKU-0008358,SUP-000348,True,5.27
SKU-0008359,SUP-000094,True,59.93
SKU-0008359,SUP-000391,False,48.26
SKU-0008360,SUP-000079,True,9.24
SKU-0008361,SUP-000341,True,37.31
SKU-0008361,SUP-000009,False,32.19
SKU-0008361,SUP-000329,False,30.36
SKU-0008362,SUP-000360,True,26.75
SKU-0008362,SUP-000373,False,24.24
SKU-0008363,SUP-000200,True,42.97
SKU-0008364,SUP-000053,True,4.61
SKU-0008365,SUP-000401,True,35.36
SKU-0008365,SUP-000166,False,33.95
SKU-0008365,SUP-000270,False,40.05
SKU-0008366,SUP-000089,True,25.28
SKU-0008367,SUP-000091,True,126.56
SKU-0008368,SUP-000154,True,9.42
SKU-0008369,SUP-000162,True,16.41
SKU-0008370,SUP-000231,True,5.84
SKU-0008371,SUP-000033,True,9.6
SKU-0008372,SUP-000123,True,4.43
SKU-0008373,SUP-000176,True,42.15
SKU-0008374,SUP-000028,True,12.68
SKU-0008375,SUP-000125,True,1.21
SKU-0008376,SUP-000396,True,22.75
SKU-0008377,SUP-000314,True,86.72
SKU-0008378,SUP-000363,True,1.09
SKU-0008378,SUP-000400,False,1.03
SKU-0008379,SUP-000090,True,9.37
SKU-0008380,SUP-000148,True,13.05
SKU-0008381,SUP-000165,True,11.02
SKU-0008382,SUP-000340,True,30.81
SKU-0008383,SUP-000260,True,3.67
SKU-0008384,SUP-000189,True,14.59
SKU-0008385,SUP-000215,True,30.86
SKU-0008386,SUP-000293,True,16.55
SKU-0008387,SUP-000275,True,3.58
SKU-0008388,SUP-000205,True,5.25
SKU-0008389,SUP-000158,True,20.96
SKU-0008390,SUP-000383,True,17.08
SKU-0008391,SUP-000153,True,19.0
SKU-0008392,SUP-000013,True,3.84
SKU-0008392,SUP-000413,False,4.25
SKU-0008393,SUP-000037,True,18.07
SKU-0008394,SUP-000407,True,35.27
SKU-0008394,SUP-000411,False,33.81
SKU-0008395,SUP-000219,True,34.54
SKU-0008396,SUP-000192,True,7.88
SKU-0008397,SUP-000240,True,6.45
SKU-0008398,SUP-000100,True,15.29
SKU-0008399,SUP-000072,True,21.77
SKU-0008400,SUP-000291,True,61.58
SKU-0008401,SUP-000347,True,3.15
SKU-0008402,SUP-000351,True,46.5
SKU-0008402,SUP-000288,False,
SKU-0008403,SUP-000032,True,26.69
SKU-0008403,SUP-000449,False,25.69
SKU-0008403,SUP-000366,False,21.32
SKU-0008404,SUP-000162,True,4.57
SKU-0008405,SUP-000001,True,14.65
SKU-0008405,SUP-000114,False,12.13
SKU-0008406,SUP-000273,True,17.27
SKU-0008407,SUP-000043,True,3.07
SKU-0008408,SUP-000187,True,1.78
SKU-0008409,SUP-000313,True,6.79
SKU-0008410,SUP-000012,True,66.85
SKU-0008411,SUP-000212,True,10.0
SKU-0008412,SUP-000185,True,0.99
SKU-0008413,SUP-000006,True,2.61
SKU-0008414,SUP-000429,True,11.06
SKU-0008415,SUP-000113,True,33.83
SKU-0008416,SUP-000169,True,247.8
SKU-0008416,SUP-000079,False,206.3
SKU-0008416,SUP-000129,False,231.13
SKU-0008417,SUP-000350,True,3.5
SKU-0008418,SUP-000176,True,10.45
SKU-0008419,SUP-000400,True,8.76
SKU-0008419,SUP-000307,False,8.91
SKU-0008420,SUP-000429,True,15.58
SKU-0008421,SUP-000436,True,132.22
SKU-0008422,SUP-000134,True,7.63
SKU-0008423,SUP-000033,True,9.8
SKU-0008424,SUP-000443,True,4.54
SKU-0008424,SUP-000275,False,3.71
SKU-0008425,SUP-000292,True,24.59
SKU-0008426,SUP-000079,True,1.77
SKU-0008426,SUP-000275,False,1.73
SKU-0008427,SUP-000397,True,23.55
SKU-0008428,SUP-000177,True,11.34
SKU-0008428,SUP-000352,False,11.39
SKU-0008429,SUP-000223,True,32.42
SKU-0008430,SUP-000099,True,63.48
SKU-0008431,SUP-000017,True,860.47
SKU-0008431,SUP-000284,False,892.89
SKU-0008432,SUP-000417,True,7.53
SKU-0008433,SUP-000166,True,28.55
SKU-0008434,SUP-000273,True,1.25
SKU-0008434,SUP-000156,False,1.5
SKU-0008435,SUP-000340,True,18.87
SKU-0008436,SUP-000100,True,1.45
SKU-0008437,SUP-000071,True,3.25
SKU-0008438,SUP-000032,True,30.39
SKU-0008439,SUP-000420,True,92.95
SKU-0008440,SUP-000275,True,6.4
SKU-0008441,SUP-000199,True,8.06
SKU-0008442,SUP-000389,True,
SKU-0008443,SUP-000077,True,23.34
SKU-0008444,SUP-000370,True,4.86
SKU-0008445,SUP-000170,True,51.26
SKU-0008446,SUP-000134,True,15.65
SKU-0008447,SUP-000119,True,1.16
SKU-0008448,SUP-000115,True,11.82
SKU-0008449,SUP-000391,True,8.89
SKU-0008450,SUP-000268,True,87.43
SKU-0008451,SUP-000061,True,1.4
SKU-0008451,SUP-000287,False,1.75
SKU-0008452,SUP-000450,True,105.83
SKU-0008453,SUP-000434,True,10.5
SKU-0008454,SUP-000235,True,8.1
SKU-0008455,SUP-000280,True,0.99
SKU-0008456,SUP-000332,True,0.66
SKU-0008457,SUP-000346,True,10.43
SKU-0008458,SUP-000073,True,10.63
SKU-0008458,SUP-000023,False,9.46
SKU-0008459,SUP-000067,True,24.61
SKU-0008460,SUP-000324,True,1.55
SKU-0008461,SUP-000202,True,1.35
SKU-0008462,SUP-000311,True,2.49
SKU-0008463,SUP-000254,True,38.66
SKU-0008464,SUP-000108,True,7.2
SKU-0008465,SUP-000371,True,3.54
SKU-0008466,SUP-000428,True,18.38
SKU-0008466,SUP-000220,False,15.71
SKU-0008467,SUP-000352,True,5.37
SKU-0008468,SUP-000203,True,2.98
SKU-0008468,SUP-000327,False,3.53
SKU-0008469,SUP-000036,True,16.57
SKU-0008470,SUP-000353,True,
SKU-0008471,SUP-000033,True,1.25
SKU-0008472,SUP-000034,True,5.66
SKU-0008473,SUP-000393,True,12.81
SKU-0008474,SUP-000190,True,39.2
SKU-0008475,SUP-000124,True,2.92
SKU-0008476,SUP-000203,True,20.65
SKU-0008477,SUP-000376,True,21.28
SKU-0008477,SUP-000393,False,20.76
SKU-0008478,SUP-000338,True,2.67
SKU-0008478,SUP-000208,False,2.34
SKU-0008478,SUP-000288,False,2.7
SKU-0008479,SUP-000279,True,151.7
SKU-0008480,SUP-000382,True,121.92
SKU-0008481,SUP-000287,True,0.39
SKU-0008482,SUP-000142,True,0.78
SKU-0008483,SUP-000206,True,24.81
SKU-0008484,SUP-000165,True,22.16
SKU-0008484,SUP-000345,False,22.14
SKU-0008485,SUP-000181,True,20.2
SKU-0008486,SUP-000131,True,1.47
SKU-0008487,SUP-000133,True,2.29
SKU-0008488,SUP-000014,True,158.19
SKU-0008489,SUP-000079,True,40.06
SKU-0008489,SUP-000255,False,49.13
SKU-0008490,SUP-000255,True,19.78
SKU-0008491,SUP-000383,True,33.38
SKU-0008492,SUP-000208,True,6.88
SKU-0008493,SUP-000444,True,3.58
SKU-0008494,SUP-000273,True,4.68
SKU-0008495,SUP-000148,True,1.86
SKU-0008495,SUP-000012,False,1.96
SKU-0008495,SUP-000053,False,2.02
SKU-0008496,SUP-000315,True,10.01
SKU-0008496,SUP-000208,False,10.54
SKU-0008497,SUP-000331,True,5.24
SKU-0008498,SUP-000348,True,14.09
SKU-0008499,SUP-000181,True,22.91
SKU-0008500,SUP-000441,True,5.53
SKU-0008501,SUP-000448,True,6.54
SKU-0008502,SUP-000149,True,24.73
SKU-0008503,SUP-000137,True,114.79
SKU-0008504,SUP-000136,True,6.02
SKU-0008505,SUP-000077,True,8.98
SKU-0008506,SUP-000152,True,51.63
SKU-0008506,SUP-000272,False,47.71
SKU-0008507,SUP-000128,True,24.23
SKU-0008507,SUP-000405,False,25.16
SKU-0008508,SUP-000230,True,33.84
SKU-0008509,SUP-000240,True,0.79
SKU-0008510,SUP-000267,True,9.35
SKU-0008511,SUP-000305,True,19.14
SKU-0008512,SUP-000168,True,14.76
SKU-0008513,SUP-000365,True,4.14
SKU-0008514,SUP-000086,True,19.02
SKU-0008515,SUP-000056,True,5.41
SKU-0008515,SUP-000035,False,6.4
SKU-0008515,SUP-000384,False,6.0
SKU-0008516,SUP-000328,True,5.45
SKU-0008517,SUP-000093,True,2.48
SKU-0008518,SUP-000104,True,25.95
SKU-0008518,SUP-000026,False,25.93
SKU-0008518,SUP-000237,False,25.68
SKU-0008519,SUP-000044,True,2.51
SKU-0008520,SUP-000184,True,1.74
SKU-0008521,SUP-000022,True,116.54
SKU-0008522,SUP-000086,True,9.75
SKU-0008523,SUP-000223,True,2.12
SKU-0008524,SUP-000037,True,3.37
SKU-0008524,SUP-000109,False,3.56
SKU-0008525,SUP-000348,True,0.9
SKU-0008526,SUP-000089,True,3.02
SKU-0008527,SUP-000059,True,2.57
SKU-0008528,SUP-000260,True,3.92
SKU-0008528,SUP-000360,False,3.92
SKU-0008529,SUP-000301,True,21.24
SKU-0008529,SUP-000365,False,18.38
SKU-0008530,SUP-000275,True,83.44
SKU-0008531,SUP-000315,True,20.29
SKU-0008532,SUP-000354,True,24.83
SKU-0008532,SUP-000187,False,22.07
SKU-0008532,SUP-000101,False,27.88
SKU-0008533,SUP-000318,True,21.33
SKU-0008534,SUP-000212,True,0.52
SKU-0008535,SUP-000046,True,4.35
SKU-0008535,SUP-000438,False,4.16
SKU-0008536,SUP-000418,True,7.64
SKU-0008536,SUP-000328,False,8.04
SKU-0008537,SUP-000434,True,2.78
SKU-0008538,SUP-000107,True,31.25
SKU-0008538,SUP-000320,False,30.15
SKU-0008539,SUP-000438,True,6.11
SKU-0008540,SUP-000354,True,2.86
SKU-0008541,SUP-000349,True,162.32
SKU-0008541,SUP-000122,False,165.11
SKU-0008541,SUP-000447,False,204.85
SKU-0008542,SUP-000060,True,11.86
SKU-0008543,SUP-000173,True,105.13
SKU-0008544,SUP-000150,True,17.07
SKU-0008544,SUP-000139,False,18.21
SKU-0008545,SUP-000027,True,22.95
SKU-0008546,SUP-000118,True,47.03
SKU-0008547,SUP-000002,True,13.33
SKU-0008548,SUP-000355,True,32.42
SKU-0008549,SUP-000186,True,1.01
SKU-0008550,SUP-000240,True,1.85
SKU-0008551,SUP-000007,True,66.77
SKU-0008552,SUP-000315,True,1.74
SKU-0008553,SUP-000218,True,8.52
SKU-0008554,SUP-000393,True,8.95
SKU-0008555,SUP-000369,True,5.85
SKU-0008556,SUP-000368,True,0.46
SKU-0008557,SUP-000210,True,76.38
SKU-0008558,SUP-000203,True,7.0
SKU-0008558,SUP-000231,False,6.45
SKU-0008559,SUP-000402,True,27.65
SKU-0008560,SUP-000273,True,62.54
SKU-0008561,SUP-000446,True,11.22
SKU-0008562,SUP-000394,True,14.54
SKU-0008562,SUP-000152,False,15.26
SKU-0008563,SUP-000199,True,7.26
SKU-0008564,SUP-000259,True,4.15
SKU-0008565,SUP-000055,True,4.99
SKU-0008566,SUP-000018,True,2.37
SKU-0008567,SUP-000197,True,10.08
SKU-0008567,SUP-000192,False,10.35
SKU-0008568,SUP-000112,True,39.64
SKU-0008568,SUP-000376,False,41.47
SKU-0008568,SUP-000312,False,42.53
SKU-0008569,SUP-000115,True,32.31
SKU-0008570,SUP-000171,True,35.33
SKU-0008571,SUP-000269,True,4.69
SKU-0008572,SUP-000115,True,11.35
SKU-0008573,SUP-000448,True,5.21
SKU-0008573,SUP-000387,False,5.18
SKU-0008573,SUP-000182,False,5.22
SKU-0008574,SUP-000312,True,10.5
SKU-0008575,SUP-000249,True,18.9
SKU-0008575,SUP-000324,False,17.66
SKU-0008576,SUP-000164,True,7.95
SKU-0008577,SUP-000038,True,16.41
SKU-0008578,SUP-000446,True,6.2
SKU-0008579,SUP-000319,True,12.13
SKU-0008580,SUP-000216,True,8.71
SKU-0008580,SUP-000162,False,9.78
SKU-0008581,SUP-000042,True,1.34
SKU-0008581,SUP-000322,False,1.54
SKU-0008582,SUP-000082,True,11.74
SKU-0008582,SUP-000359,False,11.81
SKU-0008583,SUP-000362,True,7.51
SKU-0008584,SUP-000304,True,12.78
SKU-0008584,SUP-000083,False,12.37
SKU-0008585,SUP-000084,True,2.86
SKU-0008585,SUP-000282,False,2.83
SKU-0008586,SUP-000302,True,30.64
SKU-0008587,SUP-000074,True,6.23
SKU-0008587,SUP-000260,False,6.46
SKU-0008588,SUP-000124,True,3.55
SKU-0008589,SUP-000169,True,16.73
SKU-0008590,SUP-000260,True,36.55
SKU-0008591,SUP-000394,True,19.42
SKU-0008591,SUP-000175,False,18.87
SKU-0008592,SUP-000235,True,9.08
SKU-0008592,SUP-000121,False,9.16
SKU-0008593,SUP-000407,True,1.47
SKU-0008593,SUP-000195,False,1.46
SKU-0008594,SUP-000109,True,2.03
SKU-0008594,SUP-000085,False,1.96
SKU-0008595,SUP-000143,True,
SKU-0008596,SUP-000176,True,12.65
SKU-0008597,SUP-000130,True,3.72
SKU-0008598,SUP-000289,True,3.81
SKU-0008598,SUP-000324,False,4.62
SKU-0008599,SUP-000262,True,7.31
SKU-0008600,SUP-000230,True,6.57
SKU-0008601,SUP-000167,True,1.18
SKU-0008602,SUP-000232,True,4.09
SKU-0008602,SUP-000354,False,3.99
SKU-0008603,SUP-000446,True,15.8
SKU-0008604,SUP-000176,True,3.31
SKU-0008605,SUP-000198,True,8.72
SKU-0008605,SUP-000026,False,10.0
SKU-0008606,SUP-000005,True,26.6
SKU-0008607,SUP-000409,True,11.63
SKU-0008608,SUP-000409,True,4.68
SKU-0008609,SUP-000410,True,23.43
SKU-0008610,SUP-000277,True,10.23
SKU-0008611,SUP-000160,True,26.55
SKU-0008612,SUP-000036,True,35.9
SKU-0008612,SUP-000446,False,36.15
SKU-0008613,SUP-000332,True,14.68
SKU-0008613,SUP-000144,False,13.42
SKU-0008614,SUP-000358,True,15.24
SKU-0008614,SUP-000434,False,17.26
SKU-0008615,SUP-000228,True,28.29
SKU-0008615,SUP-000223,False,25.87
SKU-0008616,SUP-000003,True,0.6
SKU-0008616,SUP-000031,False,0.72
SKU-0008617,SUP-000074,True,13.11
SKU-0008618,SUP-000165,True,8.66
SKU-0008619,SUP-000103,True,26.31
SKU-0008620,SUP-000399,True,16.72
SKU-0008621,SUP-000258,True,21.21
SKU-0008622,SUP-000203,True,15.78
SKU-0008623,SUP-000055,True,5.88
SKU-0008624,SUP-000353,True,4.91
SKU-0008624,SUP-000108,False,5.47
SKU-0008625,SUP-000336,True,6.63
SKU-0008625,SUP-000097,False,7.57
SKU-0008626,SUP-000050,True,618.61
SKU-0008626,SUP-000065,False,653.11
SKU-0008627,SUP-000231,True,9.6
SKU-0008628,SUP-000300,True,24.03
SKU-0008629,SUP-000408,True,4.3
SKU-0008629,SUP-000182,False,
SKU-0008630,SUP-000317,True,3.27
SKU-0008631,SUP-000422,True,27.7
SKU-0008632,SUP-000236,True,89.23
SKU-0008633,SUP-000397,True,22.42
SKU-0008634,SUP-000189,True,113.38
SKU-0008634,SUP-000149,False,109.44
SKU-0008635,SUP-000424,True,1.21
SKU-0008636,SUP-000090,True,31.95
SKU-0008637,SUP-000186,True,16.84
SKU-0008637,SUP-000391,False,13.55
SKU-0008638,SUP-000243,True,19.41
SKU-0008639,SUP-000240,True,0.58
SKU-0008640,SUP-000442,True,6.29
SKU-0008641,SUP-000096,True,30.51
SKU-0008642,SUP-000303,True,14.57
SKU-0008643,SUP-000298,True,10.13
SKU-0008644,SUP-000028,True,150.49
SKU-0008645,SUP-000178,True,0.85
SKU-0008646,SUP-000342,True,28.07
SKU-0008647,SUP-000016,True,43.6
SKU-0008647,SUP-000243,False,50.67
SKU-0008647,SUP-000107,False,41.63
SKU-0008648,SUP-000116,True,1.46
SKU-0008649,SUP-000311,True,3.17
SKU-0008649,SUP-000126,False,2.87
SKU-0008649,SUP-000048,False,2.63
SKU-0008650,SUP-000349,True,66.02
SKU-0008650,SUP-000362,False,59.68
SKU-0008651,SUP-000296,True,229.28
SKU-0008652,SUP-000403,True,1.78
SKU-0008652,SUP-000293,False,1.63
SKU-0008653,SUP-000172,True,9.99
SKU-0008654,SUP-000421,True,10.83
SKU-0008655,SUP-000244,True,33.01
SKU-0008656,SUP-000142,True,17.15
SKU-0008657,SUP-000224,True,24.61
SKU-0008657,SUP-000387,False,26.74
SKU-0008657,SUP-000091,False,27.18
SKU-0008658,SUP-000259,True,3.96
SKU-0008659,SUP-000248,True,66.44
SKU-0008659,SUP-000109,False,
SKU-0008660,SUP-000346,True,36.74
SKU-0008661,SUP-000294,True,18.5
SKU-0008662,SUP-000409,True,5.46
SKU-0008663,SUP-000131,True,8.13
SKU-0008664,SUP-000440,True,31.8
SKU-0008665,SUP-000075,True,2.12
SKU-0008666,SUP-000341,True,
SKU-0008667,SUP-000035,True,29.6
SKU-0008668,SUP-000118,True,113.93
SKU-0008669,SUP-000022,True,2.65
SKU-0008670,SUP-000315,True,2.03
SKU-0008670,SUP-000327,False,1.77
SKU-0008671,SUP-000110,True,14.77
SKU-0008672,SUP-000415,True,11.94
SKU-0008673,SUP-000225,True,5.86
SKU-0008674,SUP-000239,True,5.42
SKU-0008675,SUP-000160,True,5.67
SKU-0008675,SUP-000097,False,4.8
SKU-0008676,SUP-000400,True,2.58
SKU-0008676,SUP-000267,False,2.85
SKU-0008677,SUP-000094,True,12.85
SKU-0008678,SUP-000157,True,22.79
SKU-0008679,SUP-000324,True,12.11
SKU-0008680,SUP-000081,True,2.1
SKU-0008680,SUP-000342,False,1.84
SKU-0008681,SUP-000262,True,40.36
SKU-0008681,SUP-000316,False,37.11
SKU-0008682,SUP-000376,True,4.26
SKU-0008683,SUP-000115,True,17.69
SKU-0008684,SUP-000054,True,22.86
SKU-0008684,SUP-000209,False,22.03
SKU-0008685,SUP-000430,True,37.23
SKU-0008686,SUP-000255,True,5.31
SKU-0008687,SUP-000063,True,23.81
SKU-0008687,SUP-000394,False,24.97
SKU-0008688,SUP-000017,True,14.81
SKU-0008689,SUP-000262,True,4.35
SKU-0008690,SUP-000068,True,45.09
SKU-0008690,SUP-000167,False,55.01
SKU-0008691,SUP-000279,True,31.95
SKU-0008692,SUP-000056,True,89.83
SKU-0008693,SUP-000044,True,15.13
SKU-0008693,SUP-000207,False,13.22
SKU-0008694,SUP-000293,True,13.34
SKU-0008695,SUP-000238,True,3.56
SKU-0008696,SUP-000046,True,3.76
SKU-0008697,SUP-000118,True,1.44
SKU-0008697,SUP-000427,False,1.92
SKU-0008698,SUP-000133,True,12.07
SKU-0008699,SUP-000391,True,1.65
SKU-0008700,SUP-000204,True,1.99
SKU-0008700,SUP-000205,False,1.84
SKU-0008701,SUP-000245,True,2.35
SKU-0008701,SUP-000026,False,2.42
SKU-0008702,SUP-000374,True,15.81
SKU-0008703,SUP-000054,True,5.26
SKU-0008704,SUP-000068,True,26.07
SKU-0008704,SUP-000311,False,22.49
SKU-0008704,SUP-000413,False,21.3
SKU-0008705,SUP-000406,True,65.62
SKU-0008705,SUP-000171,False,60.15
SKU-0008705,SUP-000375,False,75.74
SKU-0008706,SUP-000104,True,3.27
SKU-0008706,SUP-000332,False,2.95
SKU-0008707,SUP-000058,True,11.23
SKU-0008708,SUP-000348,True,39.08
SKU-0008708,SUP-000079,False,31.43
SKU-0008708,SUP-000126,False,32.08
SKU-0008709,SUP-000243,True,10.07
SKU-0008710,SUP-000038,True,10.27
SKU-0008711,SUP-000205,True,114.29
SKU-0008712,SUP-000070,True,11.6
SKU-0008712,SUP-000197,False,12.43
SKU-0008713,SUP-000009,True,20.09
SKU-0008714,SUP-000115,True,25.37
SKU-0008715,SUP-000393,True,36.58
SKU-0008715,SUP-000028,False,37.39
SKU-0008715,SUP-000391,False,30.43
SKU-0008716,SUP-000089,True,5.73
SKU-0008717,SUP-000351,True,2.64
SKU-0008718,SUP-000087,True,6.31
SKU-0008718,SUP-000357,False,5.43
SKU-0008719,SUP-000323,True,16.57
SKU-0008720,SUP-000290,True,5.96
SKU-0008721,SUP-000011,True,27.32
SKU-0008721,SUP-000005,False,27.51
SKU-0008722,SUP-000355,True,4.2
SKU-0008722,SUP-000168,False,4.49
SKU-0008723,SUP-000037,True,110.19
SKU-0008724,SUP-000227,True,134.84
SKU-0008725,SUP-000054,True,1.66
SKU-0008726,SUP-000437,True,2.16
SKU-0008727,SUP-000358,True,65.56
SKU-0008728,SUP-000170,True,5.62
SKU-0008729,SUP-000255,True,21.31
SKU-0008730,SUP-000361,True,21.03
SKU-0008730,SUP-000237,False,18.28
SKU-0008731,SUP-000379,True,52.75
SKU-0008731,SUP-000040,False,56.07
SKU-0008731,SUP-000028,False,57.37
SKU-0008732,SUP-000401,True,5.87
SKU-0008733,SUP-000044,True,56.43
SKU-0008733,SUP-000275,False,70.56
SKU-0008734,SUP-000120,True,1.4
SKU-0008734,SUP-000411,False,1.29
SKU-0008734,SUP-000429,False,1.48
SKU-0008735,SUP-000012,True,46.12
SKU-0008736,SUP-000278,True,5.71
SKU-0008736,SUP-000397,False,5.62
SKU-0008736,SUP-000006,False,5.16
SKU-0008737,SUP-000145,True,0.44
SKU-0008737,SUP-000052,False,0.41
SKU-0008738,SUP-000448,True,14.98
SKU-0008739,SUP-000111,True,2.33
SKU-0008739,SUP-000446,False,2.07
SKU-0008739,SUP-000212,False,1.83
SKU-0008740,SUP-000181,True,57.01
SKU-0008741,SUP-000318,True,
SKU-0008741,SUP-000329,False,3.91
SKU-0008742,SUP-000227,True,4.39
SKU-0008742,SUP-000049,False,3.94
SKU-0008743,SUP-000231,True,4.62
SKU-0008743,SUP-000413,False,4.6
SKU-0008744,SUP-000003,True,16.97
SKU-0008744,SUP-000176,False,14.67
SKU-0008745,SUP-000234,True,10.32
SKU-0008746,SUP-000417,True,30.3
SKU-0008747,SUP-000350,True,1.12
SKU-0008748,SUP-000263,True,33.18
SKU-0008749,SUP-000293,True,-4.32
SKU-0008750,SUP-000246,True,24.95
SKU-0008751,SUP-000192,True,30.34
SKU-0008752,SUP-000081,True,6.1
SKU-0008752,SUP-000337,False,7.99
SKU-0008753,SUP-000361,True,1.7
SKU-0008754,SUP-000225,True,7.07
SKU-0008755,SUP-000235,True,21.29
SKU-0008756,SUP-000310,True,3.17
SKU-0008756,SUP-000126,False,2.6
SKU-0008757,SUP-000329,True,1.01
SKU-0008758,SUP-000095,True,120.04
SKU-0008759,SUP-000086,True,51.54
SKU-0008760,SUP-000360,True,10.79
SKU-0008761,SUP-000027,True,23.29
SKU-0008762,SUP-000316,True,8.21
SKU-0008763,SUP-000409,True,19.29
SKU-0008763,SUP-000143,False,19.98
SKU-0008764,SUP-000378,True,
SKU-0008765,SUP-000153,True,0.69
SKU-0008766,SUP-000193,True,11.72
SKU-0008767,SUP-000337,True,77.15
SKU-0008768,SUP-000155,True,5.59
SKU-0008769,SUP-000273,True,1.3
SKU-0008770,SUP-000427,True,55.75
SKU-0008770,SUP-000191,False,59.42
SKU-0008771,SUP-000138,True,10.4
SKU-0008772,SUP-000298,True,9.69
SKU-0008773,SUP-000240,True,30.27
SKU-0008774,SUP-000045,True,7.64
SKU-0008774,SUP-000418,False,6.19
SKU-0008775,SUP-000430,True,39.44
SKU-0008776,SUP-000271,True,6.32
SKU-0008777,SUP-000314,True,61.54
SKU-0008778,SUP-000388,True,1.23
SKU-0008778,SUP-000395,False,1.33
SKU-0008779,SUP-000229,True,24.09
SKU-0008780,SUP-000326,True,6.47
SKU-0008780,SUP-000303,False,5.19
SKU-0008780,SUP-000162,False,5.08
SKU-0008781,SUP-000006,True,22.04
SKU-0008781,SUP-000335,False,19.9
SKU-0008782,SUP-000298,True,10.56
SKU-0008783,SUP-000321,True,40.92
SKU-0008783,SUP-000008,False,36.74
SKU-0008784,SUP-000008,True,9.16
SKU-0008785,SUP-000014,True,27.28
SKU-0008786,SUP-000366,True,8.14
SKU-0008787,SUP-000112,True,8.04
SKU-0008787,SUP-000182,False,8.87
SKU-0008788,SUP-000249,True,4.83
SKU-0008789,SUP-000217,True,76.2
SKU-0008790,SUP-000152,True,23.38
SKU-0008791,SUP-000155,True,0.38
SKU-0008791,SUP-000017,False,0.47
SKU-0008792,SUP-000101,True,16.05
SKU-0008792,SUP-000366,False,17.88
SKU-0008792,SUP-000371,False,20.21
SKU-0008793,SUP-000018,True,9.78
SKU-0008794,SUP-000206,True,9.12
SKU-0008795,SUP-000224,True,1.44
SKU-0008796,SUP-000304,True,134.69
SKU-0008796,SUP-000196,False,113.15
SKU-0008797,SUP-000177,True,17.63
SKU-0008798,SUP-000351,True,7.5
SKU-0008799,SUP-000321,True,24.04
SKU-0008799,SUP-000224,False,22.59
SKU-0008800,SUP-000123,True,257.4
SKU-0008801,SUP-000108,True,65.52
SKU-0008802,SUP-000448,True,36.3
SKU-0008803,SUP-000166,True,7.43
SKU-0008804,SUP-000042,True,10.15
SKU-0008805,SUP-000195,True,6.04
SKU-0008805,SUP-000090,False,5.9
SKU-0008806,SUP-000001,True,1.59
SKU-0008807,SUP-000021,True,1.0
SKU-0008808,SUP-000088,True,239.24
SKU-0008809,SUP-000173,True,7.77
SKU-0008810,SUP-000293,True,4.15
SKU-0008810,SUP-000233,False,4.81
SKU-0008811,SUP-000329,True,42.98
SKU-0008811,SUP-000214,False,39.1
SKU-0008812,SUP-000306,True,3.11
SKU-0008813,SUP-000407,True,11.29
SKU-0008814,SUP-000404,True,55.83
SKU-0008814,SUP-000351,False,52.97
SKU-0008815,SUP-000179,True,15.95
SKU-0008816,SUP-000350,True,3.2
SKU-0008817,SUP-000029,True,260.27
SKU-0008817,SUP-000353,False,222.92
SKU-0008818,SUP-000081,True,33.08
SKU-0008818,SUP-000102,False,37.03
SKU-0008819,SUP-000115,True,3.76
SKU-0008820,SUP-000159,True,8.72
SKU-0008821,SUP-000151,True,1.76
SKU-0008822,SUP-000132,True,11.19
SKU-0008823,SUP-000428,True,62.08
SKU-0008824,SUP-000324,True,31.45
SKU-0008825,SUP-000365,True,3.07
SKU-0008825,SUP-000380,False,3.04
SKU-0008826,SUP-000069,True,122.83
SKU-0008827,SUP-000307,True,50.82
SKU-0008828,SUP-000007,True,1.5
SKU-0008829,SUP-000107,True,2.56
SKU-0008830,SUP-000178,True,13.94
SKU-0008831,SUP-000061,True,1.5
SKU-0008832,SUP-000079,True,10.98
SKU-0008833,SUP-000295,True,8.16
SKU-0008834,SUP-000169,True,1.4
SKU-0008835,SUP-000292,True,20.4
SKU-0008836,SUP-000003,True,11.09
SKU-0008837,SUP-000007,True,
SKU-0008838,SUP-000322,True,13.5
SKU-0008839,SUP-000138,True,22.64
SKU-0008839,SUP-000278,False,22.83
SKU-0008840,SUP-000449,True,2.85
SKU-0008840,SUP-000053,False,2.76
SKU-0008841,SUP-000224,True,2.46
SKU-0008842,SUP-000061,True,6.74
SKU-0008842,SUP-000354,False,6.6
SKU-0008843,SUP-000106,True,3.47
SKU-0008844,SUP-000322,True,5.96
SKU-0008845,SUP-000231,True,3.58
SKU-0008846,SUP-000246,True,13.69
SKU-0008847,SUP-000022,True,8.33
SKU-0008848,SUP-000324,True,26.21
SKU-0008849,SUP-000406,True,16.39
SKU-0008849,SUP-000417,False,19.03
SKU-0008850,SUP-000389,True,9.12
SKU-0008850,SUP-000408,False,10.17
SKU-0008851,SUP-000144,True,2.2
SKU-0008851,SUP-000010,False,2.32
SKU-0008852,SUP-000157,True,199.03
SKU-0008853,SUP-000314,True,11.17
SKU-0008854,SUP-000437,True,3.02
SKU-0008855,SUP-000082,True,5.83
SKU-0008856,SUP-000127,True,13.91
SKU-0008857,SUP-000253,True,19.81
SKU-0008857,SUP-000136,False,18.22
SKU-0008858,SUP-000369,True,1.17
SKU-0008858,SUP-000353,False,0.99
SKU-0008858,SUP-000327,False,1.28
SKU-0008859,SUP-000279,True,1.91
SKU-0008859,SUP-000121,False,1.88
SKU-0008859,SUP-000208,False,1.63
SKU-0008860,SUP-000023,True,0.38
SKU-0008861,SUP-000410,True,6.59
SKU-0008862,SUP-000037,True,33.07
SKU-0008863,SUP-000107,True,1.84
SKU-0008864,SUP-000378,True,8.2
SKU-0008865,SUP-000356,True,11.1
SKU-0008866,SUP-000081,True,47.69
SKU-0008866,SUP-000263,False,52.75
SKU-0008867,SUP-000224,True,9.29
SKU-0008868,SUP-000375,True,
SKU-0008869,SUP-000068,True,51.1
SKU-0008869,SUP-000061,False,51.84
SKU-0008870,SUP-000441,True,6.89
SKU-0008871,SUP-000408,True,3.47
SKU-0008871,SUP-000385,False,3.62
SKU-0008871,SUP-000328,False,3.71
SKU-0008872,SUP-000004,True,11.33
SKU-0008873,SUP-000409,True,7.48
SKU-0008874,SUP-000441,True,85.94
SKU-0008875,SUP-000274,True,17.6
SKU-0008876,SUP-000022,True,25.32
SKU-0008876,SUP-000378,False,24.96
SKU-0008877,SUP-000131,True,9.83
SKU-0008878,SUP-000216,True,9.15
SKU-0008879,SUP-000446,True,7.45
SKU-0008879,SUP-000121,False,7.7
SKU-0008880,SUP-000049,True,37.8
SKU-0008880,SUP-000029,False,34.27
SKU-0008880,SUP-000244,False,30.87
SKU-0008881,SUP-000314,True,26.88
SKU-0008882,SUP-000150,True,3.29
SKU-0008883,SUP-000351,True,11.26
SKU-0008884,SUP-000139,True,2.02
SKU-0008884,SUP-000007,False,
SKU-0008885,SUP-000085,True,13.2
SKU-0008886,SUP-000434,True,8.69
SKU-0008886,SUP-000167,False,8.15
SKU-0008887,SUP-000126,True,1.31
SKU-0008887,SUP-000214,False,1.63
SKU-0008888,SUP-000306,True,66.34
SKU-0008889,SUP-000425,True,0.92
SKU-0008890,SUP-000048,True,67.24
SKU-0008890,SUP-000416,False,68.48
SKU-0008891,SUP-000108,True,3.98
SKU-0008892,SUP-000387,True,17.48
SKU-0008893,SUP-000017,True,22.32
SKU-0008894,SUP-000270,True,11.23
SKU-0008894,SUP-000094,False,11.05
SKU-0008894,SUP-000043,False,11.24
SKU-0008895,SUP-000415,True,3.81
SKU-0008895,SUP-000445,False,3.88
SKU-0008896,SUP-000279,True,46.86
SKU-0008897,SUP-000046,True,21.06
SKU-0008898,SUP-000129,True,95.43
SKU-0008898,SUP-000200,False,88.57
SKU-0008899,SUP-000127,True,6.92
SKU-0008900,SUP-000440,True,12.51
SKU-0008901,SUP-000366,True,
SKU-0008901,SUP-000315,False,7.71
SKU-0008902,SUP-000073,True,1.26
SKU-0008902,SUP-000317,False,0.95
SKU-0008903,SUP-000173,True,19.49
SKU-0008904,SUP-000072,True,26.76
SKU-0008905,SUP-000293,True,10.92
SKU-0008906,SUP-000165,True,6.49
SKU-0008907,SUP-000019,True,26.69
SKU-0008907,SUP-000371,False,28.49
SKU-0008908,SUP-000029,True,2.21
SKU-0008909,SUP-000276,True,3.52
SKU-0008910,SUP-000247,True,2.87
SKU-0008910,SUP-000227,False,3.01
SKU-0008911,SUP-000134,True,1.18
SKU-0008912,SUP-000182,True,7.47
SKU-0008912,SUP-000187,False,7.3
SKU-0008913,SUP-000358,True,3.86
SKU-0008914,SUP-000189,True,17.8
SKU-0008915,SUP-000404,True,1.93
SKU-0008916,SUP-000102,True,3.21
SKU-0008917,SUP-000125,True,18.76
SKU-0008918,SUP-000339,True,14.33
SKU-0008919,SUP-000179,True,9.8
SKU-0008919,SUP-000216,False,10.14
SKU-0008920,SUP-000411,True,3.12
SKU-0008921,SUP-000013,True,7.94
SKU-0008922,SUP-000259,True,7.03
SKU-0008923,SUP-000160,True,2.23
SKU-0008924,SUP-000052,True,24.68
SKU-0008924,SUP-000209,False,22.6
SKU-0008925,SUP-000255,True,3.41
SKU-0008925,SUP-000011,False,3.52
SKU-0008925,SUP-000215,False,3.46
SKU-0008926,SUP-000147,True,9.85
SKU-0008927,SUP-000163,True,7.53
SKU-0008928,SUP-000111,True,10.45
SKU-0008928,SUP-000297,False,9.03
SKU-0008929,SUP-000342,True,1.24
SKU-0008930,SUP-000142,True,12.99
SKU-0008931,SUP-000038,True,26.07
SKU-0008932,SUP-000105,True,42.55
SKU-0008932,SUP-000146,False,52.63
SKU-0008933,SUP-000112,True,23.12
SKU-0008933,SUP-000237,False,20.89
SKU-0008933,SUP-000323,False,25.4
SKU-0008934,SUP-000333,True,8.86
SKU-0008935,SUP-000310,True,77.21
SKU-0008936,SUP-000072,True,5.44
SKU-0008937,SUP-000362,True,15.28
SKU-0008937,SUP-000181,False,13.56
SKU-0008938,SUP-000395,True,18.88
SKU-0008939,SUP-000159,True,2.26
SKU-0008940,SUP-000180,True,5.11
SKU-0008940,SUP-000370,False,5.89
SKU-0008941,SUP-000280,True,1.56
SKU-0008942,SUP-000072,True,83.36
SKU-0008942,SUP-000025,False,82.37
SKU-0008943,SUP-000399,True,35.17
SKU-0008944,SUP-000037,True,29.35
SKU-0008945,SUP-000392,True,3.01
SKU-0008945,SUP-000426,False,2.53
SKU-0008946,SUP-000142,True,10.74
SKU-0008947,SUP-000083,True,24.97
SKU-0008948,SUP-000285,True,20.96
SKU-0008949,SUP-000256,True,41.63
SKU-0008950,SUP-000343,True,2.88
SKU-0008951,SUP-000012,True,15.61
SKU-0008952,SUP-000344,True,0.37
SKU-0008953,SUP-000051,True,11.44
SKU-0008954,SUP-000082,True,54.03
SKU-0008955,SUP-000324,True,41.87
SKU-0008956,SUP-000057,True,16.96
SKU-0008957,SUP-000123,True,5.01
SKU-0008958,SUP-000049,True,16.38
SKU-0008959,SUP-000122,True,6.32
SKU-0008959,SUP-000174,False,6.61
SKU-0008960,SUP-000309,True,6.15
SKU-0008960,SUP-000129,False,5.37
SKU-0008961,SUP-000421,True,7.49
SKU-0008962,SUP-000118,True,4.73
SKU-0008963,SUP-000301,True,36.99
SKU-0008963,SUP-000291,False,37.6
SKU-0008964,SUP-000039,True,8.52
SKU-0008965,SUP-000077,True,12.71
SKU-0008966,SUP-000051,True,6.82
SKU-0008967,SUP-000295,True,4.41
SKU-0008968,SUP-000412,True,15.9
SKU-0008969,SUP-000159,True,10.12
SKU-0008970,SUP-000275,True,49.2
SKU-0008970,SUP-000245,False,42.73
SKU-0008971,SUP-000398,True,5.69
SKU-0008972,SUP-000231,True,37.59
SKU-0008973,SUP-000069,True,5.94
SKU-0008974,SUP-000309,True,5.08
SKU-0008975,SUP-000314,True,6.25
SKU-0008976,SUP-000182,True,4.82
SKU-0008976,SUP-000265,False,6.29
SKU-0008977,SUP-000032,True,6.7
SKU-0008978,SUP-000204,True,8.61
SKU-0008979,SUP-000406,True,17.8
SKU-0008980,SUP-000398,True,4.97
SKU-0008981,SUP-000178,True,0.82
SKU-0008981,SUP-000223,False,0.74
SKU-0008982,SUP-000400,True,22.01
SKU-0008982,SUP-000266,False,23.4
SKU-0008982,SUP-000067,False,25.89
SKU-0008983,SUP-000126,True,49.96
SKU-0008984,SUP-000313,True,79.16
SKU-0008985,SUP-000004,True,1.57
SKU-0008985,SUP-000313,False,1.61
SKU-0008986,SUP-000395,True,6.79
SKU-0008987,SUP-000047,True,1.43
SKU-0008987,SUP-000104,False,1.11
SKU-0008987,SUP-000099,False,1.21
SKU-0008988,SUP-000237,True,28.53
SKU-0008989,SUP-000019,True,73.8
SKU-0008990,SUP-000264,True,8.17
SKU-0008991,SUP-000078,True,6.49
SKU-0008992,SUP-000149,True,1.51
SKU-0008993,SUP-000321,True,9.62
SKU-0008993,SUP-000266,False,9.04
SKU-0008994,SUP-000160,True,2.01
SKU-0008995,SUP-000105,True,10.2
SKU-0008996,SUP-000096,True,27.75
SKU-0008997,SUP-000358,True,267.71
SKU-0008998,SUP-000380,True,10.46
SKU-0008999,SUP-000264,True,22.52
SKU-0008999,SUP-000159,False,30.07
SKU-0008999,SUP-000429,False,27.53
SKU-0009000,SUP-000289,True,13.34
SKU-0009001,SUP-000099,True,12.98
SKU-0009002,SUP-000153,True,4.14
SKU-0009003,SUP-000174,True,1.22
SKU-0009004,SUP-000073,True,7.3
SKU-0009005,SUP-000347,True,26.84
SKU-0009006,SUP-000212,True,21.57
SKU-0009006,SUP-000186,False,25.67
SKU-0009006,SUP-000104,False,24.6
SKU-0009007,SUP-000287,True,6.13
SKU-0009008,SUP-000042,True,16.7
SKU-0009009,SUP-000335,True,4.33
SKU-0009010,SUP-000255,True,40.3
SKU-0009011,SUP-000319,True,43.2
SKU-0009012,SUP-000100,True,29.19
SKU-0009013,SUP-000198,True,11.46
SKU-0009014,SUP-000425,True,0.78
SKU-0009014,SUP-000245,False,0.76
SKU-0009015,SUP-000171,True,4.67
SKU-0009016,SUP-000023,True,15.13
SKU-0009017,SUP-000065,True,1.93
SKU-0009018,SUP-000120,True,4.11
SKU-0009019,SUP-000256,True,1.56
SKU-0009020,SUP-000379,True,18.18
SKU-0009021,SUP-000245,True,33.04
SKU-0009022,SUP-000282,True,81.25
SKU-0009022,SUP-000063,False,95.96
SKU-0009023,SUP-000149,True,
SKU-0009024,SUP-000064,True,1.73
SKU-0009025,SUP-000222,True,30.41
SKU-0009026,SUP-000256,True,11.09
SKU-0009027,SUP-000399,True,3.89
SKU-0009027,SUP-000053,False,3.85
SKU-0009028,SUP-000336,True,3.29
SKU-0009029,SUP-000172,True,6.49
SKU-0009030,SUP-000185,True,9.57
SKU-0009031,SUP-000262,True,18.26
SKU-0009031,SUP-000402,False,19.02
SKU-0009031,SUP-000115,False,21.95
SKU-0009032,SUP-000097,True,6.59
SKU-0009033,SUP-000116,True,15.27
SKU-0009033,SUP-000277,False,12.56
SKU-0009033,SUP-000367,False,14.24
SKU-0009034,SUP-000200,True,3.52
SKU-0009035,SUP-000114,True,0.55
SKU-0009035,SUP-000293,False,0.51
SKU-0009036,SUP-000228,True,14.8
SKU-0009037,SUP-000439,True,10.03
SKU-0009037,SUP-000018,False,9.67
SKU-0009037,SUP-000008,False,9.13
SKU-0009038,SUP-000256,True,26.04
SKU-0009038,SUP-000430,False,24.73
SKU-0009039,SUP-000370,True,3.46
SKU-0009039,SUP-000085,False,3.55
SKU-0009040,SUP-000289,True,15.36
SKU-0009040,SUP-000203,False,12.76
SKU-0009041,SUP-000167,True,4.69
SKU-0009042,SUP-000064,True,31.53
SKU-0009042,SUP-000431,False,29.03
SKU-0009043,SUP-000166,True,1.97
SKU-0009043,SUP-000282,False,1.7
SKU-0009044,SUP-000265,True,18.3
SKU-0009044,SUP-000207,False,14.8
SKU-0009045,SUP-000089,True,1.32
SKU-0009045,SUP-000176,False,1.24
SKU-0009046,SUP-000040,True,0.81
SKU-0009047,SUP-000056,True,13.46
SKU-0009047,SUP-000335,False,13.08
SKU-0009048,SUP-000009,True,9.06
SKU-0009048,SUP-000063,False,9.77
SKU-0009049,SUP-000352,True,3.69
SKU-0009049,SUP-000069,False,3.2
SKU-0009050,SUP-000237,True,11.76
SKU-0009051,SUP-000364,True,6.32
SKU-0009052,SUP-000290,True,7.51
SKU-0009052,SUP-000371,False,7.6
SKU-0009053,SUP-000297,True,7.58
SKU-0009053,SUP-000070,False,7.03
SKU-0009054,SUP-000236,True,11.98
SKU-0009055,SUP-000180,True,11.59
SKU-0009056,SUP-000368,True,1.47
SKU-0009057,SUP-000177,True,7.45
SKU-0009057,SUP-000384,False,9.15
SKU-0009058,SUP-000002,True,2.31
SKU-0009059,SUP-000105,True,3.13
SKU-0009060,SUP-000360,True,3.14
SKU-0009060,SUP-000016,False,2.76
SKU-0009060,SUP-000187,False,2.74
SKU-0009061,SUP-000259,True,111.48
SKU-0009062,SUP-000247,True,66.51
SKU-0009063,SUP-000263,True,4.21
SKU-0009064,SUP-000133,True,3.17
SKU-0009064,SUP-000159,False,3.55
SKU-0009065,SUP-000014,True,5.55
SKU-0009066,SUP-000380,True,10.2
SKU-0009067,SUP-000235,True,0.41
SKU-0009067,SUP-000222,False,0.43
SKU-0009068,SUP-000027,True,235.58
SKU-0009069,SUP-000347,True,5.56
SKU-0009070,SUP-000267,True,82.21
SKU-0009071,SUP-000028,True,2.15
SKU-0009072,SUP-000340,True,28.11
SKU-0009073,SUP-000430,True,11.58
SKU-0009074,SUP-000372,True,95.36
SKU-0009075,SUP-000086,True,54.41
SKU-0009075,SUP-000323,False,46.94
SKU-0009076,SUP-000098,True,4.76
SKU-0009077,SUP-000127,True,1.61
SKU-0009077,SUP-000173,False,2.06
SKU-0009078,SUP-000450,True,139.91
SKU-0009079,SUP-000080,True,1.27
SKU-0009080,SUP-000185,True,10.65
SKU-0009080,SUP-000142,False,10.85
SKU-0009081,SUP-000201,True,79.53
SKU-0009082,SUP-000384,True,9.54
SKU-0009082,SUP-000320,False,9.44
SKU-0009083,SUP-000166,True,25.13
SKU-0009083,SUP-000045,False,30.23
SKU-0009084,SUP-000055,True,0.59
SKU-0009085,SUP-000352,True,18.94
SKU-0009086,SUP-000418,True,7.62
SKU-0009087,SUP-000084,True,19.4
SKU-0009088,SUP-000013,True,12.08
SKU-0009089,SUP-000319,True,37.05
SKU-0009090,SUP-000050,True,10.61
SKU-0009091,SUP-000020,True,3.14
SKU-0009091,SUP-000134,False,3.16
SKU-0009092,SUP-000251,True,135.22
SKU-0009092,SUP-000368,False,132.78
SKU-0009093,SUP-000356,True,16.84
SKU-0009094,SUP-000005,True,10.45
SKU-0009095,SUP-000011,True,24.36
SKU-0009096,SUP-000072,True,57.51
SKU-0009096,SUP-000041,False,58.64
SKU-0009096,SUP-000372,False,55.74
SKU-0009097,SUP-000368,True,30.36
SKU-0009097,SUP-000024,False,31.73
SKU-0009098,SUP-000225,True,12.83
SKU-0009098,SUP-000406,False,12.14
SKU-0009099,SUP-000230,True,5.48
SKU-0009099,SUP-000077,False,4.93
SKU-0009099,SUP-000078,False,4.68
SKU-0009100,SUP-000448,True,48.35
SKU-0009101,SUP-000276,True,3.64
SKU-0009102,SUP-000174,True,69.94
SKU-0009103,SUP-000225,True,17.43
SKU-0009104,SUP-000152,True,63.44
SKU-0009105,SUP-000164,True,118.2
SKU-0009105,SUP-000100,False,108.17
SKU-0009106,SUP-000216,True,2.09
SKU-0009107,SUP-000244,True,43.97
SKU-0009107,SUP-000249,False,48.7
SKU-0009108,SUP-000204,True,1.49
SKU-0009109,SUP-000342,True,9.93
SKU-0009110,SUP-000210,True,
SKU-0009111,SUP-000305,True,18.7
SKU-0009112,SUP-000279,True,
SKU-0009113,SUP-000241,True,3.71
SKU-0009114,SUP-000097,True,16.77
SKU-0009115,SUP-000403,True,11.5
SKU-0009116,SUP-000361,True,5.52
SKU-0009117,SUP-000314,True,7.61
SKU-0009117,SUP-000103,False,
SKU-0009118,SUP-000284,True,59.5
SKU-0009119,SUP-000331,True,2.15
SKU-0009120,SUP-000387,True,8.15
SKU-0009121,SUP-000309,True,8.22
SKU-0009122,SUP-000141,True,13.76
SKU-0009123,SUP-000226,True,63.29
SKU-0009124,SUP-000274,True,30.53
SKU-0009125,SUP-000267,True,24.4
SKU-0009125,SUP-000075,False,24.15
SKU-0009126,SUP-000229,True,7.67
SKU-0009126,SUP-000211,False,6.67
SKU-0009127,SUP-000124,True,12.8
SKU-0009128,SUP-000136,True,33.62
SKU-0009128,SUP-000212,False,36.68
SKU-0009129,SUP-000056,True,57.26
SKU-0009130,SUP-000152,True,9.13
SKU-0009130,SUP-000019,False,10.44
SKU-0009131,SUP-000277,True,3.91
SKU-0009132,SUP-000067,True,9.04
SKU-0009133,SUP-000064,True,1.33
SKU-0009134,SUP-000346,True,0.48
SKU-0009135,SUP-000275,True,17.86
SKU-0009135,SUP-000309,False,16.78
SKU-0009136,SUP-000047,True,16.58
SKU-0009137,SUP-000203,True,17.61
SKU-0009138,SUP-000246,True,39.45
SKU-0009139,SUP-000190,True,5.88
SKU-0009139,SUP-000281,False,
SKU-0009140,SUP-000219,True,15.67
SKU-0009141,SUP-000101,True,3.2
SKU-0009142,SUP-000254,True,17.99
SKU-0009142,SUP-000091,False,20.49
SKU-0009143,SUP-000379,True,87.28
SKU-0009144,SUP-000313,True,21.3
SKU-0009145,SUP-000211,True,6.1
SKU-0009146,SUP-000373,True,7.69
SKU-0009147,SUP-000080,True,6.04
SKU-0009148,SUP-000193,True,5.79
SKU-0009149,SUP-000373,True,5.9
SKU-0009150,SUP-000362,True,55.08
SKU-0009151,SUP-000434,True,7.35
SKU-0009152,SUP-000450,True,18.32
SKU-0009152,SUP-000359,False,18.96
SKU-0009153,SUP-000126,True,99.63
SKU-0009154,SUP-000375,True,0.91
SKU-0009155,SUP-000295,True,10.65
SKU-0009156,SUP-000111,True,24.81
SKU-0009157,SUP-000371,True,2.69
SKU-0009158,SUP-000018,True,9.29
SKU-0009158,SUP-000391,False,7.48
SKU-0009158,SUP-000096,False,7.61
SKU-0009159,SUP-000282,True,20.58
SKU-0009160,SUP-000183,True,18.55
SKU-0009161,SUP-000129,True,1.67
SKU-0009161,SUP-000382,False,1.6
SKU-0009161,SUP-000377,False,1.78
SKU-0009162,SUP-000409,True,
SKU-0009163,SUP-000440,True,14.48
SKU-0009163,SUP-000172,False,13.79
SKU-0009164,SUP-000203,True,53.89
SKU-0009164,SUP-000289,False,48.61
SKU-0009165,SUP-000050,True,21.91
SKU-0009166,SUP-000085,True,3.38
SKU-0009166,SUP-000336,False,3.03
SKU-0009167,SUP-000195,True,12.06
SKU-0009168,SUP-000439,True,14.6
SKU-0009168,SUP-000029,False,11.82
SKU-0009169,SUP-000184,True,46.97
SKU-0009170,SUP-000300,True,66.14
SKU-0009170,SUP-000384,False,73.61
SKU-0009171,SUP-000323,True,35.68
SKU-0009172,SUP-000008,True,3.19
SKU-0009173,SUP-000188,True,22.51
SKU-0009173,SUP-000199,False,21.85
SKU-0009173,SUP-000386,False,25.58
SKU-0009174,SUP-000193,True,21.13
SKU-0009174,SUP-000386,False,18.5
SKU-0009175,SUP-000058,True,2.8
SKU-0009176,SUP-000409,True,66.55
SKU-0009177,SUP-000297,True,12.29
SKU-0009178,SUP-000270,True,20.19
SKU-0009179,SUP-000253,True,1.14
SKU-0009179,SUP-000057,False,1.01
SKU-0009180,SUP-000352,True,57.54
SKU-0009181,SUP-000220,True,45.0
SKU-0009182,SUP-000180,True,10.56
SKU-0009182,SUP-000088,False,10.67
SKU-0009183,SUP-000331,True,31.64
SKU-0009184,SUP-000372,True,50.53
SKU-0009185,SUP-000349,True,2.42
SKU-0009186,SUP-000086,True,29.54
SKU-0009187,SUP-000082,True,24.82
SKU-0009187,SUP-000396,False,28.78
SKU-0009188,SUP-000008,True,11.07
SKU-0009189,SUP-000286,True,6.5
SKU-0009190,SUP-000345,True,3.13
SKU-0009191,SUP-000111,True,9.67
SKU-0009191,SUP-000136,False,9.68
SKU-0009192,SUP-000028,True,72.82
SKU-0009193,SUP-000358,True,8.55
SKU-0009194,SUP-000251,True,3.89
SKU-0009195,SUP-000258,True,2.68
SKU-0009196,SUP-000233,True,28.26
SKU-0009196,SUP-000318,False,28.14
SKU-0009197,SUP-000430,True,22.46
SKU-0009198,SUP-000137,True,18.98
SKU-0009198,SUP-000405,False,18.52
SKU-0009199,SUP-000350,True,51.17
SKU-0009200,SUP-000261,True,16.16
SKU-0009201,SUP-000420,True,4.36
SKU-0009202,SUP-000177,True,8.23
SKU-0009203,SUP-000083,True,12.68
SKU-0009204,SUP-000389,True,17.17
SKU-0009205,SUP-000348,True,33.7
SKU-0009206,SUP-000167,True,341.95
SKU-0009207,SUP-000417,True,51.38
SKU-0009208,SUP-000028,True,
SKU-0009209,SUP-000264,True,4.31
SKU-0009209,SUP-000282,False,4.61
SKU-0009210,SUP-000351,True,53.55
SKU-0009210,SUP-000024,False,52.91
SKU-0009211,SUP-000211,True,16.52
SKU-0009212,SUP-000398,True,1.94
SKU-0009212,SUP-000047,False,2.01
SKU-0009213,SUP-000281,True,5.47
SKU-0009214,SUP-000227,True,1.14
SKU-0009214,SUP-000064,False,
SKU-0009215,SUP-000127,True,30.12
SKU-0009216,SUP-000023,True,17.5
SKU-0009217,SUP-000431,True,17.74
SKU-0009217,SUP-000076,False,17.56
SKU-0009218,SUP-000301,True,5.78
SKU-0009219,SUP-000085,True,13.34
SKU-0009220,SUP-000169,True,11.55
SKU-0009220,SUP-000342,False,12.0
SKU-0009221,SUP-000198,True,82.4
SKU-0009222,SUP-000402,True,64.31
SKU-0009222,SUP-000428,False,60.09
SKU-0009223,SUP-000004,True,20.03
SKU-0009223,SUP-000197,False,23.81
SKU-0009224,SUP-000163,True,9.44
SKU-0009225,SUP-000272,True,969.58
SKU-0009225,SUP-000353,False,845.2
SKU-0009226,SUP-000398,True,23.26
SKU-0009227,SUP-000372,True,1.55
SKU-0009227,SUP-000251,False,1.72
SKU-0009228,SUP-000429,True,2.13
SKU-0009229,SUP-000143,True,1.41
SKU-0009230,SUP-000378,True,11.44
SKU-0009230,SUP-000225,False,12.4
SKU-0009231,SUP-000135,True,1.58
SKU-0009232,SUP-000403,True,9.7
SKU-0009233,SUP-000427,True,43.84
SKU-0009234,SUP-000011,True,1.17
SKU-0009235,SUP-000242,True,13.74
SKU-0009236,SUP-000115,True,3.68
SKU-0009237,SUP-000107,True,6.78
SKU-0009238,SUP-000314,True,11.78
SKU-0009238,SUP-000028,False,15.61
SKU-0009238,SUP-000124,False,14.89
SKU-0009239,SUP-000007,True,62.2
SKU-0009240,SUP-000309,True,2.66
SKU-0009241,SUP-000261,True,1806.39
SKU-0009242,SUP-000015,True,12.86
SKU-0009243,SUP-000296,True,14.63
SKU-0009243,SUP-000184,False,19.01
SKU-0009244,SUP-000366,True,1.43
SKU-0009245,SUP-000140,True,1.1
SKU-0009246,SUP-000412,True,11.83
SKU-0009247,SUP-000046,True,15.95
SKU-0009248,SUP-000110,True,88.25
SKU-0009249,SUP-000170,True,52.81
SKU-0009250,SUP-000426,True,1.08
SKU-0009251,SUP-000135,True,17.59
SKU-0009252,SUP-000004,True,26.01
SKU-0009253,SUP-000395,True,14.42
SKU-0009253,SUP-000094,False,14.67
SKU-0009254,SUP-000315,True,25.49
SKU-0009254,SUP-000335,False,22.72
SKU-0009255,SUP-000363,True,2.2
SKU-0009256,SUP-000212,True,1.99
SKU-0009256,SUP-000322,False,2.27
SKU-0009256,SUP-000152,False,1.82
SKU-0009257,SUP-000218,True,1004.37
SKU-0009258,SUP-000041,True,2.18
SKU-0009259,SUP-000277,True,28.58
SKU-0009260,SUP-000331,True,32.63
SKU-0009260,SUP-000425,False,28.77
SKU-0009261,SUP-000231,True,9.13
SKU-0009262,SUP-000298,True,13.51
SKU-0009263,SUP-000227,True,14.44
SKU-0009264,SUP-000182,True,43.19
SKU-0009264,SUP-000342,False,43.19
SKU-0009265,SUP-000224,True,48.84
SKU-0009266,SUP-000150,True,120.86
SKU-0009266,SUP-000153,False,103.03
SKU-0009267,SUP-000354,True,6.42
SKU-0009268,SUP-000362,True,1.97
SKU-0009269,SUP-000067,True,9.13
SKU-0009269,SUP-000305,False,10.14
SKU-0009270,SUP-000357,True,7.26
SKU-0009270,SUP-000093,False,7.3
SKU-0009271,SUP-000046,True,101.31
SKU-0009271,SUP-000004,False,86.05
SKU-0009271,SUP-000009,False,88.82
SKU-0009272,SUP-000020,True,79.72
SKU-0009273,SUP-000443,True,16.5
SKU-0009274,SUP-000269,True,18.21
SKU-0009274,SUP-000186,False,21.52
SKU-0009275,SUP-000318,True,20.24
SKU-0009276,SUP-000108,True,4.11
SKU-0009277,SUP-000037,True,53.3
SKU-0009277,SUP-000368,False,44.7
SKU-0009278,SUP-000012,True,-0.42
SKU-0009279,SUP-000172,True,12.47
SKU-0009280,SUP-000072,True,3.9
SKU-0009281,SUP-000432,True,69.1
SKU-0009281,SUP-000272,False,79.21
SKU-0009282,SUP-000088,True,6.69
SKU-0009283,SUP-000142,True,40.46
SKU-0009283,SUP-000229,False,33.99
SKU-0009284,SUP-000369,True,30.66
SKU-0009284,SUP-000134,False,33.2
SKU-0009285,SUP-000200,True,27.22
SKU-0009285,SUP-000248,False,23.79
SKU-0009286,SUP-000143,True,52.73
SKU-0009286,SUP-000017,False,43.6
SKU-0009287,SUP-000266,True,270.99
SKU-0009287,SUP-000365,False,260.26
SKU-0009288,SUP-000101,True,1.69
SKU-0009289,SUP-000079,True,5.47
SKU-0009290,SUP-000389,True,8.29
SKU-0009291,SUP-000325,True,11.07
SKU-0009291,SUP-000123,False,11.42
SKU-0009292,SUP-000434,True,2.78
SKU-0009293,SUP-000376,True,7.66
SKU-0009294,SUP-000450,True,2.38
SKU-0009295,SUP-000394,True,3.91
SKU-0009295,SUP-000232,False,3.11
SKU-0009295,SUP-000221,False,3.45
SKU-0009296,SUP-000256,True,188.28
SKU-0009296,SUP-000038,False,216.7
SKU-0009297,SUP-000177,True,35.99
SKU-0009297,SUP-000169,False,40.04
SKU-0009298,SUP-000353,True,24.01
SKU-0009298,SUP-000245,False,22.26
SKU-0009299,SUP-000262,True,18.39
SKU-0009300,SUP-000105,True,1.95
SKU-0009300,SUP-000061,False,1.55
SKU-0009301,SUP-000054,True,6.55
SKU-0009302,SUP-000203,True,21.85
SKU-0009303,SUP-000222,True,5.93
SKU-0009304,SUP-000079,True,2.01
SKU-0009305,SUP-000422,True,46.66
SKU-0009305,SUP-000106,False,42.19
SKU-0009306,SUP-000184,True,1.49
SKU-0009306,SUP-000239,False,1.77
SKU-0009307,SUP-000210,True,3.67
SKU-0009308,SUP-000439,True,4.63
SKU-0009308,SUP-000165,False,5.62
SKU-0009308,SUP-000022,False,5.49
SKU-0009309,SUP-000349,True,7.77
SKU-0009310,SUP-000193,True,12.43
SKU-0009310,SUP-000367,False,12.17
SKU-0009311,SUP-000408,True,7.55
SKU-0009312,SUP-000267,True,76.78
SKU-0009313,SUP-000166,True,15.91
SKU-0009313,SUP-000379,False,13.75
SKU-0009314,SUP-000135,True,30.1
SKU-0009314,SUP-000336,False,34.8
SKU-0009315,SUP-000052,True,44.09
SKU-0009315,SUP-000074,False,38.59
SKU-0009316,SUP-000403,True,82.27
SKU-0009317,SUP-000245,True,5.92
SKU-0009318,SUP-000265,True,8.97
SKU-0009319,SUP-000345,True,119.18
SKU-0009320,SUP-000266,True,12.01
SKU-0009321,SUP-000339,True,10.94
SKU-0009321,SUP-000409,False,11.32
SKU-0009322,SUP-000206,True,4.07
SKU-0009323,SUP-000388,True,15.44
SKU-0009324,SUP-000440,True,14.38
SKU-0009324,SUP-000223,False,13.79
SKU-0009325,SUP-000170,True,26.92
SKU-0009325,SUP-000039,False,26.56
SKU-0009326,SUP-000271,True,5.05
SKU-0009326,SUP-000046,False,4.49
SKU-0009327,SUP-000222,True,36.02
SKU-0009328,SUP-000194,True,13.9
SKU-0009329,SUP-000301,True,2.23
SKU-0009329,SUP-000173,False,2.77
SKU-0009329,SUP-000218,False,2.14
SKU-0009330,SUP-000183,True,9.6
SKU-0009331,SUP-000388,True,1.56
SKU-0009332,SUP-000192,True,1.42
SKU-0009332,SUP-000024,False,1.52
SKU-0009333,SUP-000167,True,18.78
SKU-0009334,SUP-000418,True,4.23
SKU-0009334,SUP-000225,False,3.96
SKU-0009335,SUP-000096,True,4.06
SKU-0009335,SUP-000361,False,4.19
SKU-0009335,SUP-000048,False,3.73
SKU-0009336,SUP-000449,True,11.8
SKU-0009336,SUP-000088,False,13.94
SKU-0009337,SUP-000214,True,8.72
SKU-0009337,SUP-000038,False,7.47
SKU-0009338,SUP-000011,True,12.94
SKU-0009338,SUP-000041,False,11.77
SKU-0009339,SUP-000059,True,7.06
SKU-0009340,SUP-000225,True,11.5
SKU-0009341,SUP-000387,True,24.65
SKU-0009342,SUP-000431,True,5.33
SKU-0009343,SUP-000186,True,46.98
SKU-0009344,SUP-000369,True,126.58
SKU-0009345,SUP-000186,True,5.94
SKU-0009345,SUP-000284,False,6.18
SKU-0009345,SUP-000281,False,6.75
SKU-0009346,SUP-000380,True,24.9
SKU-0009347,SUP-000222,True,2.1
SKU-0009347,SUP-000335,False,2.11
SKU-0009348,SUP-000157,True,43.43
SKU-0009348,SUP-000340,False,43.46
SKU-0009349,SUP-000168,True,2.43
SKU-0009350,SUP-000286,True,8.42
SKU-0009351,SUP-000312,True,13.79
SKU-0009351,SUP-000181,False,14.39
SKU-0009352,SUP-000091,True,1.67
SKU-0009352,SUP-000156,False,
SKU-0009353,SUP-000420,True,50.03
SKU-0009354,SUP-000317,True,4.94
SKU-0009355,SUP-000176,True,7.21
SKU-0009356,SUP-000229,True,2.84
SKU-0009357,SUP-000185,True,21.17
SKU-0009358,SUP-000377,True,7.97
SKU-0009359,SUP-000091,True,1.94
SKU-0009360,SUP-000285,True,6.69
SKU-0009361,SUP-000367,True,42.35
SKU-0009362,SUP-000081,True,26.45
SKU-0009363,SUP-000087,True,33.04
SKU-0009363,SUP-000175,False,29.34
SKU-0009363,SUP-000295,False,33.47
SKU-0009364,SUP-000208,True,2.86
SKU-0009365,SUP-000229,True,0.76
SKU-0009366,SUP-000169,True,3.11
SKU-0009367,SUP-000163,True,5.25
SKU-0009368,SUP-000277,True,6.9
SKU-0009368,SUP-000198,False,7.44
SKU-0009369,SUP-000177,True,11.76
SKU-0009369,SUP-000062,False,11.39
SKU-0009370,SUP-000346,True,7.57
SKU-0009371,SUP-000271,True,18.42
SKU-0009372,SUP-000103,True,26.48
SKU-0009373,SUP-000446,True,11.42
SKU-0009373,SUP-000055,False,14.27
SKU-0009374,SUP-000370,True,34.33
SKU-0009375,SUP-000268,True,9.08
SKU-0009376,SUP-000103,True,14.45
SKU-0009377,SUP-000047,True,50.4
SKU-0009378,SUP-000274,True,7.04
SKU-0009379,SUP-000054,True,58.56
SKU-0009379,SUP-000317,False,55.5
SKU-0009380,SUP-000350,True,5.78
SKU-0009381,SUP-000401,True,2.25
SKU-0009382,SUP-000409,True,12.77
SKU-0009383,SUP-000251,True,26.45
SKU-0009384,SUP-000447,True,2.06
SKU-0009384,SUP-000325,False,2.29
SKU-0009385,SUP-000188,True,25.53
SKU-0009386,SUP-000115,True,1.02
SKU-0009387,SUP-000209,True,15.16
SKU-0009388,SUP-000063,True,4.55
SKU-0009389,SUP-000099,True,2.58
SKU-0009390,SUP-000106,True,37.66
SKU-0009390,SUP-000158,False,43.53
SKU-0009391,SUP-000241,True,7.13
SKU-0009391,SUP-000270,False,7.13
SKU-0009391,SUP-000301,False,7.67
SKU-0009392,SUP-000180,True,13.65
SKU-0009393,SUP-000309,True,20.6
SKU-0009394,SUP-000323,True,33.23
SKU-0009394,SUP-000356,False,42.82
SKU-0009395,SUP-000155,True,82.44
SKU-0009396,SUP-000352,True,10.72
SKU-0009397,SUP-000399,True,18.85
SKU-0009398,SUP-000132,True,3.07
SKU-0009399,SUP-000368,True,18.32
SKU-0009399,SUP-000325,False,21.64
SKU-0009400,SUP-000372,True,11.73
SKU-0009401,SUP-000066,True,-10.09
SKU-0009402,SUP-000278,True,1.92
SKU-0009403,SUP-000414,True,140.48
SKU-0009404,SUP-000283,True,8.33
SKU-0009404,SUP-000232,False,7.69
SKU-0009405,SUP-000136,True,
SKU-0009405,SUP-000004,False,28.89
SKU-0009406,SUP-000203,True,3.03
SKU-0009407,SUP-000048,True,49.9
SKU-0009408,SUP-000382,True,29.83
SKU-0009409,SUP-000175,True,36.78
SKU-0009410,SUP-000266,True,1.53
SKU-0009410,SUP-000286,False,1.55
SKU-0009411,SUP-000351,True,4.13
SKU-0009412,SUP-000050,True,6.49
SKU-0009413,SUP-000240,True,6.57
SKU-0009414,SUP-000115,True,5.14
SKU-0009415,SUP-000180,True,6.42
SKU-0009416,SUP-000163,True,0.96
SKU-0009417,SUP-000397,True,5.73
SKU-0009418,SUP-000448,True,1.84
SKU-0009419,SUP-000282,True,9.51
SKU-0009420,SUP-000222,True,7.66
SKU-0009421,SUP-000032,True,28.38
SKU-0009422,SUP-000292,True,28.38
SKU-0009423,SUP-000056,True,7.35
SKU-0009423,SUP-000199,False,6.87
SKU-0009423,SUP-000232,False,8.47
SKU-0009424,SUP-000423,True,30.22
SKU-0009425,SUP-000097,True,6.76
SKU-0009426,SUP-000010,True,4.59
SKU-0009427,SUP-000022,True,3.25
SKU-0009428,SUP-000445,True,1.97
SKU-0009429,SUP-000323,True,89.32
SKU-0009430,SUP-000376,True,63.79
SKU-0009430,SUP-000356,False,60.82
SKU-0009431,SUP-000369,True,15.12
SKU-0009431,SUP-000345,False,16.27
SKU-0009432,SUP-000175,True,6.46
SKU-0009433,SUP-000096,True,12.2
SKU-0009434,SUP-000396,True,34.76
SKU-0009435,SUP-000222,True,9.83
SKU-0009436,SUP-000022,True,26.56
SKU-0009436,SUP-000131,False,21.69
SKU-0009437,SUP-000392,True,25.56
SKU-0009437,SUP-000337,False,30.59
SKU-0009438,SUP-000280,True,4.7
SKU-0009439,SUP-000068,True,33.84
SKU-0009439,SUP-000222,False,42.15
SKU-0009440,SUP-000232,True,4.68
SKU-0009441,SUP-000089,True,38.85
SKU-0009441,SUP-000024,False,38.96
SKU-0009441,SUP-000039,False,38.41
SKU-0009442,SUP-000449,True,13.42
SKU-0009442,SUP-000353,False,14.17
SKU-0009443,SUP-000263,True,1.27
SKU-0009444,SUP-000038,True,2.47
SKU-0009445,SUP-000084,True,1.2
SKU-0009446,SUP-000417,True,22.79
SKU-0009447,SUP-000157,True,22.11
SKU-0009448,SUP-000174,True,19.54
SKU-0009448,SUP-000413,False,24.56
SKU-0009449,SUP-000358,True,2.81
SKU-0009450,SUP-000167,True,9.5
SKU-0009451,SUP-000221,True,4.2
SKU-0009452,SUP-000271,True,9.51
SKU-0009453,SUP-000291,True,5.88
SKU-0009454,SUP-000101,True,9.44
SKU-0009455,SUP-000338,True,0.75
SKU-0009456,SUP-000179,True,3.29
SKU-0009456,SUP-000434,False,3.65
SKU-0009457,SUP-000338,True,63.55
SKU-0009458,SUP-000233,True,16.69
SKU-0009458,SUP-000209,False,
SKU-0009459,SUP-000242,True,10.72
SKU-0009460,SUP-000031,True,6.32
SKU-0009461,SUP-000357,True,14.56
SKU-0009462,SUP-000444,True,1.73
SKU-0009463,SUP-000438,True,25.3
SKU-0009463,SUP-000227,False,21.63
SKU-0009464,SUP-000427,True,1.04
SKU-0009464,SUP-000450,False,1.05
SKU-0009465,SUP-000149,True,5.24
SKU-0009466,SUP-000019,True,24.81
SKU-0009467,SUP-000185,True,28.14
SKU-0009468,SUP-000338,True,6.76
SKU-0009468,SUP-000101,False,5.53
SKU-0009469,SUP-000189,True,10.4
SKU-0009470,SUP-000147,True,8.25
SKU-0009471,SUP-000065,True,6.41
SKU-0009472,SUP-000040,True,58.81
SKU-0009473,SUP-000184,True,19.2
SKU-0009474,SUP-000116,True,0.76
SKU-0009475,SUP-000268,True,3.7
SKU-0009476,SUP-000224,True,8.92
SKU-0009477,SUP-000003,True,111.82
SKU-0009478,SUP-000182,True,14.63
SKU-0009479,SUP-000357,True,30.84
SKU-0009480,SUP-000070,True,119.6
SKU-0009480,SUP-000326,False,132.26
SKU-0009480,SUP-000380,False,129.16
SKU-0009481,SUP-000080,True,22.61
SKU-0009482,SUP-000246,True,8.59
SKU-0009482,SUP-000435,False,9.19
SKU-0009483,SUP-000382,True,14.13
SKU-0009483,SUP-000176,False,15.69
SKU-0009484,SUP-000099,True,30.89
SKU-0009484,SUP-000241,False,28.21
SKU-0009485,SUP-000258,True,7.51
SKU-0009486,SUP-000277,True,11.09
SKU-0009486,SUP-000181,False,12.7
SKU-0009487,SUP-000306,True,13.88
SKU-0009488,SUP-000019,True,41.17
SKU-0009488,SUP-000286,False,35.24
SKU-0009489,SUP-000407,True,2.86
SKU-0009490,SUP-000217,True,12.08
SKU-0009490,SUP-000207,False,14.78
SKU-0009491,SUP-000006,True,1.45
SKU-0009492,SUP-000047,True,12.47
SKU-0009492,SUP-000131,False,12.66
SKU-0009492,SUP-000242,False,12.72
SKU-0009493,SUP-000439,True,0.54
SKU-0009494,SUP-000217,True,15.0
SKU-0009494,SUP-000341,False,
SKU-0009495,SUP-000429,True,4.85
SKU-0009495,SUP-000240,False,4.18
SKU-0009496,SUP-000008,True,9.17
SKU-0009497,SUP-000439,True,14.39
SKU-0009498,SUP-000371,True,7.94
SKU-0009499,SUP-000233,True,7.34
SKU-0009500,SUP-000261,True,7.94
SKU-0009501,SUP-000064,True,2.61
SKU-0009502,SUP-000242,True,21.18
SKU-0009503,SUP-000022,True,12.41
SKU-0009503,SUP-000236,False,11.9
SKU-0009503,SUP-000116,False,12.69
SKU-0009504,SUP-000349,True,32.72
SKU-0009504,SUP-000156,False,39.54
SKU-0009505,SUP-000436,True,1.4
SKU-0009506,SUP-000037,True,9.45
SKU-0009507,SUP-000322,True,0.62
SKU-0009507,SUP-000246,False,0.69
SKU-0009508,SUP-000128,True,32.8
SKU-0009509,SUP-000276,True,12.08
SKU-0009510,SUP-000226,True,1.93
SKU-0009510,SUP-000415,False,2.17
SKU-0009511,SUP-000278,True,7.58
SKU-0009512,SUP-000404,True,2.08
SKU-0009512,SUP-000186,False,1.95
SKU-0009513,SUP-000199,True,4.17
SKU-0009514,SUP-000092,True,3.54
SKU-0009515,SUP-000161,True,1.25
SKU-0009516,SUP-000313,True,12.57
SKU-0009517,SUP-000168,True,27.37
SKU-0009518,SUP-000047,True,
SKU-0009518,SUP-000390,False,11.79
SKU-0009518,SUP-000328,False,10.77
SKU-0009519,SUP-000217,True,6.23
SKU-0009519,SUP-000339,False,6.3
SKU-0009520,SUP-000416,True,11.33
SKU-0009521,SUP-000084,True,2.78
SKU-0009522,SUP-000231,True,3.47
SKU-0009523,SUP-000099,True,8.82
SKU-0009524,SUP-000405,True,2.83
SKU-0009524,SUP-000303,False,2.47
SKU-0009524,SUP-000300,False,2.5
SKU-0009525,SUP-000169,True,7.63
SKU-0009526,SUP-000070,True,2.51
SKU-0009527,SUP-000385,True,157.3
SKU-0009528,SUP-000367,True,33.85
SKU-0009529,SUP-000097,True,11.22
SKU-0009529,SUP-000360,False,11.76
SKU-0009530,SUP-000308,True,34.22
SKU-0009530,SUP-000387,False,36.51
SKU-0009530,SUP-000448,False,43.67
SKU-0009531,SUP-000377,True,5.96
SKU-0009532,SUP-000193,True,1.11
SKU-0009532,SUP-000058,False,1.03
SKU-0009533,SUP-000065,True,1.17
SKU-0009533,SUP-000189,False,1.36
SKU-0009534,SUP-000274,True,5.25
SKU-0009534,SUP-000020,False,5.34
SKU-0009535,SUP-000384,True,19.48
SKU-0009536,SUP-000426,True,25.65
SKU-0009537,SUP-000339,True,6.51
SKU-0009538,SUP-000186,True,18.85
SKU-0009539,SUP-000196,True,8.1
SKU-0009539,SUP-000403,False,8.4
SKU-0009539,SUP-000044,False,8.01
SKU-0009540,SUP-000142,True,7.97
SKU-0009541,SUP-000448,True,13.43
SKU-0009542,SUP-000295,True,424.96
SKU-0009543,SUP-000033,True,6.72
SKU-0009544,SUP-000252,True,66.43
SKU-0009544,SUP-000375,False,71.77
SKU-0009545,SUP-000417,True,3.39
SKU-0009545,SUP-000024,False,3.4
SKU-0009546,SUP-000338,True,12.16
SKU-0009547,SUP-000080,True,0.58
SKU-0009548,SUP-000328,True,81.12
SKU-0009549,SUP-000204,True,16.02
SKU-0009550,SUP-000203,True,3.22
SKU-0009550,SUP-000126,False,3.2
SKU-0009551,SUP-000430,True,42.17
SKU-0009551,SUP-000173,False,39.81
SKU-0009552,SUP-000035,True,15.45
SKU-0009553,SUP-000194,True,14.82
SKU-0009554,SUP-000363,True,
SKU-0009554,SUP-000381,False,5.03
SKU-0009555,SUP-000156,True,5.35
SKU-0009556,SUP-000107,True,28.76
SKU-0009557,SUP-000265,True,18.3
SKU-0009558,SUP-000154,True,3.98
SKU-0009558,SUP-000271,False,4.0
SKU-0009558,SUP-000058,False,4.04
SKU-0009559,SUP-000199,True,1.14
SKU-0009559,SUP-000265,False,0.98
SKU-0009560,SUP-000408,True,26.11
SKU-0009561,SUP-000167,True,12.44
SKU-0009562,SUP-000287,True,0.69
SKU-0009562,SUP-000401,False,0.76
SKU-0009563,SUP-000335,True,2.74
SKU-0009564,SUP-000209,True,22.8
SKU-0009564,SUP-000075,False,23.47
SKU-0009565,SUP-000161,True,10.33
SKU-0009566,SUP-000071,True,23.13
SKU-0009567,SUP-000177,True,16.39
SKU-0009568,SUP-000004,True,14.32
SKU-0009569,SUP-000225,True,6.83
SKU-0009569,SUP-000032,False,7.85
SKU-0009570,SUP-000385,True,44.21
SKU-0009571,SUP-000183,True,44.76
SKU-0009571,SUP-000241,False,36.23
SKU-0009572,SUP-000344,True,5.24
SKU-0009573,SUP-000129,True,23.14
SKU-0009573,SUP-000347,False,21.29
SKU-0009574,SUP-000253,True,9.62
SKU-0009574,SUP-000023,False,10.98
SKU-0009575,SUP-000134,True,9.85
SKU-0009576,SUP-000172,True,3.35
SKU-0009577,SUP-000001,True,1.22
SKU-0009578,SUP-000330,True,84.44
SKU-0009579,SUP-000113,True,43.55
SKU-0009580,SUP-000326,True,17.06
SKU-0009581,SUP-000200,True,25.87
SKU-0009581,SUP-000182,False,29.58
SKU-0009582,SUP-000234,True,0.76
SKU-0009583,SUP-000042,True,6.59
SKU-0009584,SUP-000289,True,15.02
SKU-0009585,SUP-000186,True,12.71
SKU-0009586,SUP-000091,True,32.11
SKU-0009587,SUP-000448,True,3.96
SKU-0009587,SUP-000387,False,3.7
SKU-0009588,SUP-000156,True,4.99
SKU-0009588,SUP-000032,False,5.36
SKU-0009589,SUP-000057,True,1.72
SKU-0009590,SUP-000429,True,13.56
SKU-0009591,SUP-000055,True,4.72
SKU-0009591,SUP-000335,False,4.57
SKU-0009592,SUP-000116,True,6.3
SKU-0009593,SUP-000178,True,28.25
SKU-0009594,SUP-000383,True,17.01
SKU-0009595,SUP-000034,True,66.15
SKU-0009595,SUP-000318,False,58.15
SKU-0009596,SUP-000002,True,6.69
SKU-0009597,SUP-000429,True,37.1
SKU-0009598,SUP-000210,True,0.62
SKU-0009599,SUP-000402,True,33.17
SKU-0009599,SUP-000091,False,27.18
SKU-0009600,SUP-000073,True,2.61
SKU-0009600,SUP-000163,False,2.4
SKU-0009601,SUP-000209,True,8.23
SKU-0009602,SUP-000288,True,19.86
SKU-0009603,SUP-000072,True,6.83
SKU-0009604,SUP-000300,True,28.76
SKU-0009605,SUP-000032,True,5.39
SKU-0009606,SUP-000083,True,6.17
SKU-0009606,SUP-000121,False,6.33
SKU-0009607,SUP-000247,True,10.26
SKU-0009608,SUP-000004,True,18.81
SKU-0009608,SUP-000123,False,18.0
SKU-0009609,SUP-000260,True,12.83
SKU-0009610,SUP-000309,True,10.8
SKU-0009611,SUP-000108,True,24.0
SKU-0009612,SUP-000039,True,12.52
SKU-0009613,SUP-000177,True,11.85
SKU-0009614,SUP-000132,True,3.41
SKU-0009615,SUP-000395,True,24.25
SKU-0009615,SUP-000238,False,21.37
SKU-0009616,SUP-000239,True,6.37
SKU-0009617,SUP-000288,True,36.81
SKU-0009618,SUP-000363,True,52.78
SKU-0009619,SUP-000188,True,6.32
SKU-0009620,SUP-000064,True,6.93
SKU-0009621,SUP-000186,True,8.28
SKU-0009621,SUP-000284,False,9.5
SKU-0009621,SUP-000289,False,8.71
SKU-0009622,SUP-000316,True,41.46
SKU-0009623,SUP-000040,True,97.49
SKU-0009623,SUP-000094,False,86.95
SKU-0009624,SUP-000196,True,8.16
SKU-0009625,SUP-000046,True,5.33
SKU-0009626,SUP-000436,True,19.66
SKU-0009627,SUP-000310,True,10.68
SKU-0009628,SUP-000376,True,4.48
SKU-0009629,SUP-000173,True,22.62
SKU-0009630,SUP-000423,True,4.65
SKU-0009630,SUP-000196,False,5.63
SKU-0009631,SUP-000178,True,
SKU-0009632,SUP-000321,True,40.62
SKU-0009633,SUP-000415,True,7.14
SKU-0009633,SUP-000161,False,8.45
SKU-0009634,SUP-000346,True,55.57
SKU-0009635,SUP-000023,True,67.92
SKU-0009635,SUP-000002,False,65.08
SKU-0009636,SUP-000396,True,136.34
SKU-0009637,SUP-000067,True,8.26
SKU-0009638,SUP-000187,True,35.83
SKU-0009639,SUP-000061,True,106.92
SKU-0009639,SUP-000223,False,101.4
SKU-0009639,SUP-000086,False,131.94
SKU-0009640,SUP-000075,True,15.87
SKU-0009641,SUP-000400,True,7.19
SKU-0009642,SUP-000225,True,74.82
SKU-0009643,SUP-000419,True,3.32
SKU-0009644,SUP-000214,True,8.73
SKU-0009645,SUP-000212,True,4.71
SKU-0009646,SUP-000070,True,6.78
SKU-0009647,SUP-000090,True,104.96
SKU-0009648,SUP-000340,True,3.73
SKU-0009649,SUP-000140,True,7.21
SKU-0009649,SUP-000166,False,7.64
SKU-0009650,SUP-000351,True,36.81
SKU-0009651,SUP-000065,True,11.48
SKU-0009652,SUP-000041,True,1.41
SKU-0009653,SUP-000143,True,4.28
SKU-0009654,SUP-000258,True,6.92
SKU-0009655,SUP-000338,True,57.64
SKU-0009656,SUP-000102,True,7.34
SKU-0009657,SUP-000397,True,25.77
SKU-0009658,SUP-000085,True,89.85
SKU-0009659,SUP-000182,True,6.52
SKU-0009660,SUP-000198,True,12.57
SKU-0009660,SUP-000311,False,12.78
SKU-0009661,SUP-000363,True,10.36
SKU-0009661,SUP-000050,False,
SKU-0009662,SUP-000087,True,87.46
SKU-0009662,SUP-000233,False,91.18
SKU-0009662,SUP-000301,False,108.16
SKU-0009663,SUP-000205,True,45.68
SKU-0009663,SUP-000136,False,41.22
SKU-0009664,SUP-000201,True,6.17
SKU-0009665,SUP-000296,True,310.33
SKU-0009665,SUP-000078,False,379.48
SKU-0009665,SUP-000334,False,343.42
SKU-0009666,SUP-000271,True,34.0
SKU-0009666,SUP-000047,False,38.92
SKU-0009667,SUP-000286,True,4.72
SKU-0009667,SUP-000099,False,4.5
SKU-0009668,SUP-000423,True,1.76
SKU-0009669,SUP-000006,True,3.5
SKU-0009670,SUP-000053,True,2.4
SKU-0009671,SUP-000027,True,8.88
SKU-0009672,SUP-000192,True,17.36
SKU-0009673,SUP-000048,True,1.48
SKU-0009673,SUP-000374,False,1.44
SKU-0009674,SUP-000417,True,0.38
SKU-0009675,SUP-000279,True,3.85
SKU-0009676,SUP-000288,True,39.26
SKU-0009677,SUP-000319,True,6.43
SKU-0009677,SUP-000120,False,6.79
SKU-0009677,SUP-000282,False,6.09
SKU-0009678,SUP-000001,True,30.98
SKU-0009679,SUP-000007,True,9.33
SKU-0009679,SUP-000434,False,7.76
SKU-0009680,SUP-000063,True,1.92
SKU-0009681,SUP-000429,True,24.87
SKU-0009682,SUP-000192,True,106.01
SKU-0009683,SUP-000295,True,1.43
SKU-0009683,SUP-000051,False,1.5
SKU-0009684,SUP-000303,True,3.17
SKU-0009684,SUP-000023,False,3.99
SKU-0009685,SUP-000304,True,39.2
SKU-0009686,SUP-000008,True,3.53
SKU-0009687,SUP-000066,True,6.12
SKU-0009688,SUP-000114,True,2.44
SKU-0009689,SUP-000366,True,29.42
SKU-0009690,SUP-000350,True,13.61
SKU-0009690,SUP-000051,False,11.89
SKU-0009691,SUP-000399,True,5.35
SKU-0009692,SUP-000057,True,18.41
SKU-0009692,SUP-000385,False,20.83
SKU-0009693,SUP-000085,True,12.65
SKU-0009694,SUP-000102,True,19.01
SKU-0009694,SUP-000122,False,18.86
SKU-0009695,SUP-000201,True,3.31
SKU-0009695,SUP-000008,False,3.2
SKU-0009696,SUP-000031,True,36.92
SKU-0009696,SUP-000209,False,46.39
SKU-0009697,SUP-000401,True,1.66
SKU-0009698,SUP-000440,True,13.37
SKU-0009699,SUP-000126,True,6.94
SKU-0009700,SUP-000053,True,6.24
SKU-0009701,SUP-000191,True,54.62
SKU-0009702,SUP-000344,True,61.58
SKU-0009702,SUP-000121,False,58.88
SKU-0009703,SUP-000154,True,27.58
SKU-0009703,SUP-000316,False,28.62
SKU-0009704,SUP-000147,True,14.51
SKU-0009704,SUP-000237,False,13.59
SKU-0009705,SUP-000212,True,78.2
SKU-0009706,SUP-000212,True,5.73
SKU-0009707,SUP-000348,True,18.23
SKU-0009708,SUP-000399,True,6.69
SKU-0009709,SUP-000423,True,
SKU-0009710,SUP-000338,True,1.8
SKU-0009711,SUP-000260,True,0.8
SKU-0009712,SUP-000217,True,53.1
SKU-0009712,SUP-000011,False,48.13
SKU-0009712,SUP-000256,False,54.78
SKU-0009713,SUP-000125,True,15.46
SKU-0009714,SUP-000050,True,30.41
SKU-0009715,SUP-000065,True,20.44
SKU-0009716,SUP-000017,True,3.56
SKU-0009717,SUP-000097,True,21.74
SKU-0009718,SUP-000376,True,5.6
SKU-0009719,SUP-000220,True,43.94
SKU-0009719,SUP-000074,False,37.35
SKU-0009720,SUP-000071,True,15.36
SKU-0009720,SUP-000409,False,12.92
SKU-0009720,SUP-000365,False,13.59
SKU-0009721,SUP-000006,True,46.58
SKU-0009721,SUP-000447,False,38.59
SKU-0009722,SUP-000009,True,24.69
SKU-0009722,SUP-000191,False,24.61
SKU-0009723,SUP-000290,True,18.92
SKU-0009724,SUP-000246,True,2.64
SKU-0009724,SUP-000321,False,2.56
SKU-0009725,SUP-000169,True,6.28
SKU-0009726,SUP-000268,True,6.9
SKU-0009726,SUP-000341,False,6.97
SKU-0009727,SUP-000049,True,19.82
SKU-0009727,SUP-000334,False,21.16
SKU-0009727,SUP-000099,False,18.61
SKU-0009728,SUP-000300,True,21.48
SKU-0009729,SUP-000338,True,21.58
SKU-0009729,SUP-000001,False,20.3
SKU-0009730,SUP-000110,True,10.75
SKU-0009730,SUP-000333,False,12.38
SKU-0009731,SUP-000017,True,9.41
SKU-0009732,SUP-000044,True,6.54
SKU-0009732,SUP-000397,False,5.66
SKU-0009733,SUP-000067,True,66.11
SKU-0009734,SUP-000402,True,21.79
SKU-0009735,SUP-000320,True,7.42
SKU-0009735,SUP-000130,False,7.55
SKU-0009736,SUP-000083,True,10.55
SKU-0009737,SUP-000073,True,7.5
SKU-0009738,SUP-000393,True,7.4
SKU-0009738,SUP-000286,False,6.73
SKU-0009738,SUP-000305,False,7.07
SKU-0009739,SUP-000042,True,94.82
SKU-0009740,SUP-000219,True,24.07
SKU-0009741,SUP-000304,True,13.15
SKU-0009742,SUP-000067,True,31.62
SKU-0009743,SUP-000096,True,45.44
SKU-0009744,SUP-000450,True,45.4
SKU-0009745,SUP-000207,True,30.57
SKU-0009746,SUP-000163,True,5.56
SKU-0009747,SUP-000106,True,0.67
SKU-0009747,SUP-000214,False,0.68
SKU-0009747,SUP-000019,False,0.74
SKU-0009748,SUP-000341,True,3.16
SKU-0009749,SUP-000161,True,29.56
SKU-0009750,SUP-000097,True,63.79
SKU-0009751,SUP-000214,True,14.93
SKU-0009751,SUP-000142,False,18.45
SKU-0009751,SUP-000308,False,19.33
SKU-0009752,SUP-000417,True,14.74
SKU-0009753,SUP-000290,True,210.14
SKU-0009753,SUP-000051,False,
SKU-0009754,SUP-000194,True,42.68
SKU-0009755,SUP-000279,True,51.78
SKU-0009756,SUP-000200,True,5.25
SKU-0009757,SUP-000431,True,1.93
SKU-0009758,SUP-000220,True,12.95
SKU-0009758,SUP-000012,False,15.49
SKU-0009759,SUP-000429,True,3.91
SKU-0009759,SUP-000128,False,3.75
SKU-0009760,SUP-000096,True,34.12
SKU-0009761,SUP-000165,True,0.39
SKU-0009762,SUP-000125,True,1.98
SKU-0009763,SUP-000396,True,3.75
SKU-0009764,SUP-000294,True,15.25
SKU-0009765,SUP-000337,True,191.39
SKU-0009766,SUP-000173,True,7.21
SKU-0009767,SUP-000162,True,6.77
SKU-0009768,SUP-000115,True,171.47
SKU-0009769,SUP-000413,True,3.18
SKU-0009769,SUP-000328,False,3.11
SKU-0009770,SUP-000303,True,3.58
SKU-0009771,SUP-000379,True,32.48
SKU-0009772,SUP-000381,True,2.45
SKU-0009773,SUP-000201,True,15.0
SKU-0009774,SUP-000367,True,1.21
SKU-0009775,SUP-000396,True,2.12
SKU-0009775,SUP-000438,False,1.97
SKU-0009775,SUP-000158,False,1.84
SKU-0009776,SUP-000408,True,8.07
SKU-0009777,SUP-000155,True,35.62
SKU-0009778,SUP-000245,True,11.23
SKU-0009779,SUP-000396,True,6.28
SKU-0009779,SUP-000206,False,6.35
SKU-0009780,SUP-000366,True,7.47
SKU-0009780,SUP-000015,False,7.38
SKU-0009781,SUP-000395,True,1.01
SKU-0009782,SUP-000339,True,1.4
SKU-0009782,SUP-000368,False,1.64
SKU-0009783,SUP-000159,True,4.98
SKU-0009783,SUP-000149,False,4.7
SKU-0009784,SUP-000301,True,35.39
SKU-0009784,SUP-000260,False,42.27
SKU-0009784,SUP-000382,False,44.81
SKU-0009785,SUP-000205,True,0.73
SKU-0009786,SUP-000229,True,33.98
SKU-0009786,SUP-000446,False,36.82
SKU-0009787,SUP-000362,True,15.15
SKU-0009787,SUP-000225,False,18.46
SKU-0009788,SUP-000082,True,1.38
SKU-0009788,SUP-000083,False,1.18
SKU-0009789,SUP-000063,True,110.86
SKU-0009790,SUP-000200,True,24.76
SKU-0009791,SUP-000263,True,2.66
SKU-0009792,SUP-000178,True,22.48
SKU-0009793,SUP-000063,True,1.03
SKU-0009794,SUP-000169,True,
SKU-0009795,SUP-000187,True,4.19
SKU-0009796,SUP-000248,True,19.62
SKU-0009797,SUP-000127,True,11.73
SKU-0009798,SUP-000008,True,7.84
SKU-0009799,SUP-000041,True,54.0
SKU-0009800,SUP-000001,True,14.04
SKU-0009801,SUP-000054,True,9.65
SKU-0009802,SUP-000369,True,
SKU-0009803,SUP-000402,True,4.78
SKU-0009803,SUP-000253,False,3.92
SKU-0009804,SUP-000103,True,9.45
SKU-0009804,SUP-000053,False,12.08
SKU-0009805,SUP-000356,True,222.22
SKU-0009805,SUP-000136,False,189.9
SKU-0009806,SUP-000003,True,9.08
SKU-0009806,SUP-000082,False,9.73
SKU-0009807,SUP-000071,True,2.21
SKU-0009808,SUP-000187,True,16.29
SKU-0009809,SUP-000345,True,5.39
SKU-0009809,SUP-000041,False,4.76
SKU-0009810,SUP-000280,True,5.14
SKU-0009810,SUP-000208,False,5.95
SKU-0009811,SUP-000247,True,67.91
SKU-0009811,SUP-000130,False,62.08
SKU-0009812,SUP-000188,True,11.6
SKU-0009813,SUP-000425,True,31.22
SKU-0009814,SUP-000190,True,3.76
SKU-0009815,SUP-000020,True,21.17
SKU-0009816,SUP-000397,True,33.94
SKU-0009817,SUP-000170,True,23.67
SKU-0009817,SUP-000439,False,24.7
SKU-0009818,SUP-000136,True,101.09
SKU-0009819,SUP-000259,True,5.02
SKU-0009819,SUP-000264,False,4.45
SKU-0009819,SUP-000420,False,4.35
SKU-0009820,SUP-000178,True,11.63
SKU-0009821,SUP-000064,True,1.51
SKU-0009822,SUP-000245,True,43.77
SKU-0009823,SUP-000210,True,6.09
SKU-0009823,SUP-000307,False,5.53
SKU-0009823,SUP-000381,False,6.28
SKU-0009824,SUP-000195,True,51.78
SKU-0009824,SUP-000162,False,55.85
SKU-0009824,SUP-000015,False,42.6
SKU-0009825,SUP-000422,True,7.85
SKU-0009825,SUP-000193,False,6.61
SKU-0009826,SUP-000322,True,12.12
SKU-0009827,SUP-000255,True,8.5
SKU-0009828,SUP-000367,True,14.73
SKU-0009829,SUP-000347,True,1.98
SKU-0009830,SUP-000438,True,8.35
SKU-0009830,SUP-000410,False,8.61
SKU-0009831,SUP-000198,True,2.39
SKU-0009832,SUP-000216,True,19.12
SKU-0009833,SUP-000292,True,4.74
SKU-0009833,SUP-000207,False,4.76
SKU-0009834,SUP-000301,True,5.68
SKU-0009835,SUP-000258,True,3.14
SKU-0009836,SUP-000107,True,1.71
SKU-0009837,SUP-000065,True,8.7
SKU-0009838,SUP-000278,True,2.68
SKU-0009839,SUP-000072,True,67.05
SKU-0009840,SUP-000296,True,9.43
SKU-0009840,SUP-000149,False,10.14
SKU-0009841,SUP-000378,True,1.09
SKU-0009841,SUP-000277,False,1.39
SKU-0009842,SUP-000437,True,20.96
SKU-0009843,SUP-000359,True,19.5
SKU-0009844,SUP-000230,True,1.91
SKU-0009845,SUP-000203,True,5.41
SKU-0009845,SUP-000240,False,5.18
SKU-0009846,SUP-000037,True,3.09
SKU-0009847,SUP-000117,True,3.64
SKU-0009848,SUP-000395,True,7.1
SKU-0009849,SUP-000075,True,0.49
SKU-0009849,SUP-000243,False,0.55
SKU-0009850,SUP-000437,True,49.15
SKU-0009851,SUP-000118,True,0.84
SKU-0009852,SUP-000296,True,71.81
SKU-0009853,SUP-000005,True,17.96
SKU-0009854,SUP-000219,True,8.61
SKU-0009855,SUP-000025,True,4.39
SKU-0009856,SUP-000357,True,10.34
SKU-0009857,SUP-000280,True,15.19
SKU-0009858,SUP-000419,True,7.3
SKU-0009859,SUP-000232,True,6.26
SKU-0009859,SUP-000077,False,5.13
SKU-0009860,SUP-000141,True,6.65
SKU-0009861,SUP-000167,True,12.72
SKU-0009862,SUP-000373,True,72.46
SKU-0009862,SUP-000080,False,76.09
SKU-0009863,SUP-000196,True,1.43
SKU-0009863,SUP-000433,False,1.38
SKU-0009864,SUP-000151,True,8.45
SKU-0009864,SUP-000198,False,8.35
SKU-0009865,SUP-000207,True,11.33
SKU-0009865,SUP-000202,False,9.77
SKU-0009865,SUP-000142,False,10.88
SKU-0009866,SUP-000034,True,44.55
SKU-0009867,SUP-000390,True,37.32
SKU-0009868,SUP-000284,True,30.6
SKU-0009869,SUP-000269,True,136.57
SKU-0009870,SUP-000316,True,2.36
SKU-0009871,SUP-000230,True,26.73
SKU-0009872,SUP-000130,True,25.17
SKU-0009873,SUP-000194,True,2.58
SKU-0009874,SUP-000035,True,10.14
SKU-0009874,SUP-000287,False,12.59
SKU-0009875,SUP-000379,True,2.93
SKU-0009876,SUP-000340,True,71.24
SKU-0009877,SUP-000425,True,6.13
SKU-0009878,SUP-000196,True,18.16
SKU-0009878,SUP-000201,False,19.15
SKU-0009879,SUP-000321,True,31.77
SKU-0009880,SUP-000097,True,1.48
SKU-0009880,SUP-000020,False,1.49
SKU-0009881,SUP-000149,True,8.52
SKU-0009882,SUP-000216,True,13.01
SKU-0009883,SUP-000021,True,16.38
SKU-0009884,SUP-000147,True,7.45
SKU-0009884,SUP-000101,False,6.68
SKU-0009885,SUP-000275,True,5.76
SKU-0009885,SUP-000342,False,6.74
SKU-0009886,SUP-000038,True,11.45
SKU-0009887,SUP-000332,True,39.81
SKU-0009887,SUP-000207,False,37.82
SKU-0009888,SUP-000163,True,1.8
SKU-0009888,SUP-000408,False,1.63
SKU-0009889,SUP-000155,True,7.44
SKU-0009890,SUP-000135,True,3.77
SKU-0009891,SUP-000242,True,84.61
SKU-0009891,SUP-000035,False,90.54
SKU-0009891,SUP-000215,False,
SKU-0009892,SUP-000023,True,5.11
SKU-0009892,SUP-000115,False,5.46
SKU-0009892,SUP-000062,False,6.29
SKU-0009893,SUP-000028,True,14.62
SKU-0009893,SUP-000056,False,16.15
SKU-0009894,SUP-000288,True,10.76
SKU-0009895,SUP-000250,True,11.54
SKU-0009896,SUP-000300,True,6.82
SKU-0009897,SUP-000357,True,17.64
SKU-0009897,SUP-000299,False,13.87
SKU-0009898,SUP-000275,True,1.98
SKU-0009898,SUP-000029,False,2.0
SKU-0009899,SUP-000426,True,16.4
SKU-0009900,SUP-000393,True,0.48
SKU-0009901,SUP-000445,True,3.79
SKU-0009901,SUP-000014,False,3.2
SKU-0009902,SUP-000144,True,2.59
SKU-0009902,SUP-000062,False,2.57
SKU-0009903,SUP-000253,True,1.16
SKU-0009903,SUP-000341,False,1.14
SKU-0009904,SUP-000363,True,4.41
SKU-0009905,SUP-000214,True,25.1
SKU-0009906,SUP-000421,True,81.29
SKU-0009907,SUP-000291,True,8.68
SKU-0009907,SUP-000115,False,8.73
SKU-0009908,SUP-000256,True,5.94
SKU-0009909,SUP-000136,True,12.46
SKU-0009909,SUP-000445,False,12.25
SKU-0009910,SUP-000247,True,5.29
SKU-0009910,SUP-000112,False,5.29
SKU-0009911,SUP-000373,True,3.89
SKU-0009912,SUP-000189,True,10.56
SKU-0009912,SUP-000363,False,9.16
SKU-0009913,SUP-000013,True,70.37
SKU-0009914,SUP-000409,True,13.58
SKU-0009915,SUP-000296,True,13.74
SKU-0009915,SUP-000416,False,15.67
SKU-0009916,SUP-000122,True,9.99
SKU-0009917,SUP-000243,True,13.72
SKU-0009918,SUP-000323,True,1.43
SKU-0009919,SUP-000003,True,21.96
SKU-0009919,SUP-000135,False,28.3
SKU-0009920,SUP-000360,True,3.71
SKU-0009920,SUP-000363,False,4.32
SKU-0009920,SUP-000294,False,4.54
SKU-0009921,SUP-000445,True,43.77
SKU-0009922,SUP-000390,True,33.84
SKU-0009923,SUP-000267,True,77.29
SKU-0009924,SUP-000196,True,3.76
SKU-0009925,SUP-000362,True,17.88
SKU-0009926,SUP-000125,True,17.07
SKU-0009927,SUP-000271,True,12.22
SKU-0009928,SUP-000080,True,3.43
SKU-0009929,SUP-000373,True,12.53
SKU-0009929,SUP-000077,False,11.3
SKU-0009930,SUP-000275,True,1.46
SKU-0009931,SUP-000238,True,34.73
SKU-0009932,SUP-000298,True,7.07
SKU-0009933,SUP-000223,True,19.65
SKU-0009934,SUP-000008,True,49.96
SKU-0009934,SUP-000325,False,49.07
SKU-0009935,SUP-000146,True,2.75
SKU-0009936,SUP-000150,True,13.43
SKU-0009937,SUP-000356,True,25.9
SKU-0009937,SUP-000078,False,24.93
SKU-0009938,SUP-000320,True,5.96
SKU-0009939,SUP-000077,True,47.06
SKU-0009940,SUP-000056,True,10.33
SKU-0009940,SUP-000361,False,8.65
SKU-0009941,SUP-000010,True,67.3
SKU-0009942,SUP-000028,True,24.36
SKU-0009942,SUP-000316,False,25.54
SKU-0009943,SUP-000276,True,1.39
SKU-0009943,SUP-000115,False,
SKU-0009944,SUP-000279,True,28.16
SKU-0009945,SUP-000032,True,80.4
SKU-0009945,SUP-000007,False,77.92
SKU-0009946,SUP-000418,True,1.02
SKU-0009947,SUP-000171,True,3.34
SKU-0009948,SUP-000018,True,68.75
SKU-0009949,SUP-000088,True,0.73
SKU-0009949,SUP-000286,False,0.7
SKU-0009950,SUP-000014,True,30.32
SKU-0009950,SUP-000121,False,25.31
SKU-0009951,SUP-000332,True,9.75
SKU-0009952,SUP-000077,True,1.57
SKU-0009952,SUP-000231,False,1.4
SKU-0009953,SUP-000199,True,11.03
SKU-0009954,SUP-000418,True,12.79
SKU-0009954,SUP-000045,False,12.25
SKU-0009955,SUP-000404,True,16.83
SKU-0009956,SUP-000060,True,5.56
SKU-0009957,SUP-000114,True,3.24
SKU-0009958,SUP-000116,True,17.37
SKU-0009959,SUP-000012,True,12.77
SKU-0009959,SUP-000384,False,11.19
SKU-0009959,SUP-000101,False,11.75
SKU-0009960,SUP-000109,True,11.08
SKU-0009961,SUP-000447,True,71.19
SKU-0009962,SUP-000088,True,14.15
SKU-0009963,SUP-000031,True,0.95
SKU-0009963,SUP-000110,False,0.78
SKU-0009964,SUP-000157,True,49.18
SKU-0009964,SUP-000054,False,54.49
SKU-0009965,SUP-000147,True,12.87
SKU-0009965,SUP-000199,False,14.49
SKU-0009966,SUP-000421,True,2.23
SKU-0009967,SUP-000099,True,10.33
SKU-0009968,SUP-000271,True,9.6
SKU-0009969,SUP-000291,True,20.68
SKU-0009970,SUP-000290,True,8.32
SKU-0009971,SUP-000133,True,58.88
SKU-0009972,SUP-000330,True,1.21
SKU-0009973,SUP-000004,True,7.56
SKU-0009974,SUP-000061,True,7.96
SKU-0009975,SUP-000139,True,12.96
SKU-0009976,SUP-000170,True,1.64
SKU-0009977,SUP-000394,True,1.61
SKU-0009977,SUP-000371,False,1.54
SKU-0009978,SUP-000116,True,2.82
SKU-0009979,SUP-000082,True,23.61
SKU-0009979,SUP-000316,False,22.89
SKU-0009980,SUP-000180,True,12.07
SKU-0009981,SUP-000299,True,0.65
SKU-0009982,SUP-000137,True,7.77
SKU-0009983,SUP-000318,True,0.76
SKU-0009984,SUP-000417,True,26.69
SKU-0009985,SUP-000365,True,84.87
SKU-0009986,SUP-000177,True,21.86
SKU-0009986,SUP-000175,False,19.64
SKU-0009987,SUP-000345,True,11.31
SKU-0009988,SUP-000131,True,8.04
SKU-0009989,SUP-000349,True,47.66
SKU-0009989,SUP-000411,False,58.16
SKU-0009990,SUP-000004,True,2.59
SKU-0009991,SUP-000412,True,7.41
SKU-0009992,SUP-000044,True,26.13
SKU-0009993,SUP-000204,True,10.38
SKU-0009993,SUP-000154,False,11.74
SKU-0009994,SUP-000145,True,34.51
SKU-0009994,SUP-000269,False,37.2
SKU-0009995,SUP-000237,True,25.43
SKU-0009995,SUP-000234,False,21.03
SKU-0009996,SUP-000094,True,3.83
SKU-0009997,SUP-000171,True,7.02
SKU-0009998,SUP-000132,True,3.62
SKU-0009999,SUP-000411,True,22.76
SKU-0010000,SUP-000323,True,3.56
SKU-0010000,SUP-000420,False,2.75
SKU-0010001,SUP-000144,True,18.04
SKU-0010001,SUP-000094,False,18.83
SKU-0010002,SUP-000084,True,5.03
SKU-0010003,SUP-000108,True,11.45
SKU-0010004,SUP-000124,True,3.52
SKU-0010005,SUP-000057,True,12.05
SKU-0010006,SUP-000047,True,18.9
SKU-0010007,SUP-000116,True,21.28
SKU-0010008,SUP-000343,True,26.04
SKU-0010009,SUP-000031,True,40.0
SKU-0010009,SUP-000407,False,50.42
SKU-0010010,SUP-000183,True,99.6
SKU-0010011,SUP-000443,True,2.1
SKU-0010012,SUP-000091,True,6.6
SKU-0010013,SUP-000439,True,3.19
SKU-0010013,SUP-000292,False,3.35
SKU-0010014,SUP-000437,True,6.06
SKU-0010014,SUP-000294,False,7.06
SKU-0010015,SUP-000023,True,20.89
SKU-0010016,SUP-000181,True,18.04
SKU-0010017,SUP-000240,True,23.35
SKU-0010018,SUP-000087,True,13.4
SKU-0010019,SUP-000206,True,32.98
SKU-0010020,SUP-000095,True,4.42
SKU-0010021,SUP-000226,True,3.8
SKU-0010022,SUP-000359,True,45.43
SKU-0010023,SUP-000287,True,3.33
SKU-0010023,SUP-000273,False,3.53
SKU-0010024,SUP-000415,True,19.54
SKU-0010025,SUP-000198,True,74.59
SKU-0010025,SUP-000265,False,67.52
SKU-0010026,SUP-000401,True,
SKU-0010026,SUP-000029,False,424.47
SKU-0010027,SUP-000366,True,25.88
SKU-0010028,SUP-000016,True,2.07
SKU-0010028,SUP-000434,False,2.25
SKU-0010029,SUP-000253,True,7.35
SKU-0010029,SUP-000435,False,5.93
SKU-0010030,SUP-000281,True,8.61
SKU-0010031,SUP-000449,True,10.1
SKU-0010032,SUP-000332,True,18.69
SKU-0010032,SUP-000275,False,18.96
SKU-0010033,SUP-000189,True,347.86
SKU-0010034,SUP-000265,True,15.03
SKU-0010034,SUP-000230,False,14.15
SKU-0010035,SUP-000391,True,3.13
SKU-0010035,SUP-000044,False,2.58
SKU-0010035,SUP-000287,False,2.98
SKU-0010036,SUP-000284,True,4.4
SKU-0010037,SUP-000317,True,34.13
SKU-0010038,SUP-000317,True,7.34
SKU-0010039,SUP-000290,True,283.85
SKU-0010039,SUP-000279,False,274.69
SKU-0010040,SUP-000348,True,8.15
SKU-0010041,SUP-000431,True,12.05
SKU-0010041,SUP-000193,False,12.47
SKU-0010042,SUP-000087,True,5.27
SKU-0010043,SUP-000284,True,4.07
SKU-0010043,SUP-000444,False,4.54
SKU-0010044,SUP-000053,True,43.52
SKU-0010045,SUP-000078,True,19.04
SKU-0010046,SUP-000055,True,3.96
SKU-0010047,SUP-000187,True,8.55
SKU-0010047,SUP-000270,False,9.54
SKU-0010047,SUP-000053,False,10.51
SKU-0010048,SUP-000077,True,12.25
SKU-0010049,SUP-000192,True,14.77
SKU-0010049,SUP-000337,False,14.33
SKU-0010050,SUP-000437,True,107.28
SKU-0010050,SUP-000078,False,99.65
SKU-0010051,SUP-000256,True,19.98
SKU-0010051,SUP-000002,False,19.83
SKU-0010052,SUP-000039,True,4.81
SKU-0010052,SUP-000447,False,4.16
SKU-0010053,SUP-000086,True,8.49
SKU-0010054,SUP-000308,True,34.15
SKU-0010054,SUP-000052,False,37.05
SKU-0010055,SUP-000382,True,23.94
SKU-0010056,SUP-000015,True,33.1
SKU-0010056,SUP-000395,False,32.0
SKU-0010057,SUP-000335,True,2.36
SKU-0010057,SUP-000313,False,2.53
SKU-0010057,SUP-000395,False,2.34
SKU-0010058,SUP-000393,True,3.96
SKU-0010059,SUP-000226,True,41.75
SKU-0010060,SUP-000174,True,28.22
SKU-0010061,SUP-000284,True,10.89
SKU-0010062,SUP-000022,True,7.57
SKU-0010063,SUP-000190,True,17.95
SKU-0010064,SUP-000263,True,0.8
SKU-0010064,SUP-000351,False,0.9
SKU-0010065,SUP-000015,True,26.04
SKU-0010066,SUP-000127,True,34.07
SKU-0010066,SUP-000032,False,37.95
SKU-0010067,SUP-000189,True,1.6
SKU-0010068,SUP-000182,True,33.55
SKU-0010068,SUP-000353,False,33.17
SKU-0010069,SUP-000056,True,2.74
SKU-0010070,SUP-000015,True,1.1
SKU-0010070,SUP-000154,False,0.86
SKU-0010071,SUP-000437,True,0.67
SKU-0010071,SUP-000386,False,0.9
SKU-0010072,SUP-000385,True,91.83
SKU-0010073,SUP-000130,True,10.06
SKU-0010073,SUP-000292,False,9.39
SKU-0010074,SUP-000054,True,4.85
SKU-0010075,SUP-000235,True,4.89
SKU-0010076,SUP-000184,True,1.64
SKU-0010077,SUP-000396,True,96.1
SKU-0010078,SUP-000337,True,4.47
SKU-0010078,SUP-000292,False,4.92
SKU-0010078,SUP-000437,False,5.73
SKU-0010079,SUP-000182,True,4.95
SKU-0010080,SUP-000294,True,12.42
SKU-0010080,SUP-000235,False,13.77
SKU-0010081,SUP-000065,True,20.42
SKU-0010081,SUP-000120,False,19.63
SKU-0010082,SUP-000200,True,56.51
SKU-0010083,SUP-000127,True,16.41
SKU-0010084,SUP-000318,True,4.85
SKU-0010085,SUP-000106,True,14.33
SKU-0010086,SUP-000225,True,8.38
SKU-0010087,SUP-000305,True,13.99
SKU-0010088,SUP-000317,True,42.49
SKU-0010088,SUP-000188,False,43.41
SKU-0010088,SUP-000197,False,39.96
SKU-0010089,SUP-000078,True,5.39
SKU-0010089,SUP-000249,False,5.05
SKU-0010089,SUP-000327,False,6.08
SKU-0010090,SUP-000327,True,10.63
SKU-0010090,SUP-000390,False,8.35
SKU-0010091,SUP-000371,True,44.4
SKU-0010092,SUP-000294,True,2.26
SKU-0010093,SUP-000017,True,22.43
SKU-0010093,SUP-000153,False,24.51
SKU-0010094,SUP-000263,True,1.39
SKU-0010094,SUP-000392,False,1.6
SKU-0010095,SUP-000207,True,16.37
SKU-0010096,SUP-000359,True,34.3
SKU-0010097,SUP-000410,True,11.27
SKU-0010097,SUP-000219,False,15.03
SKU-0010098,SUP-000102,True,3.46
SKU-0010098,SUP-000019,False,3.34
SKU-0010099,SUP-000105,True,2.11
SKU-0010100,SUP-000298,True,33.48
SKU-0010101,SUP-000165,True,35.03
SKU-0010102,SUP-000311,True,28.35
SKU-0010102,SUP-000290,False,33.06
SKU-0010103,SUP-000431,True,31.1
SKU-0010104,SUP-000306,True,16.38
SKU-0010105,SUP-000048,True,102.27
SKU-0010106,SUP-000272,True,345.52
SKU-0010107,SUP-000216,True,9.67
SKU-0010107,SUP-000293,False,8.73
SKU-0010107,SUP-000347,False,9.22
SKU-0010108,SUP-000353,True,22.67
SKU-0010109,SUP-000023,True,1.54
SKU-0010110,SUP-000316,True,159.59
SKU-0010111,SUP-000310,True,10.31
SKU-0010112,SUP-000348,True,37.98
SKU-0010113,SUP-000300,True,0.94
SKU-0010114,SUP-000062,True,10.22
SKU-0010115,SUP-000364,True,44.76
SKU-0010116,SUP-000445,True,103.82
SKU-0010117,SUP-000120,True,22.38
SKU-0010118,SUP-000004,True,1.78
SKU-0010119,SUP-000084,True,77.1
SKU-0010120,SUP-000213,True,72.78
SKU-0010121,SUP-000013,True,0.86
SKU-0010122,SUP-000148,True,6.32
SKU-0010123,SUP-000327,True,29.3
SKU-0010124,SUP-000022,True,20.18
SKU-0010125,SUP-000023,True,21.89
SKU-0010126,SUP-000258,True,66.28
SKU-0010126,SUP-000089,False,78.88
SKU-0010127,SUP-000104,True,199.52
SKU-0010128,SUP-000123,True,11.22
SKU-0010129,SUP-000057,True,4.23
SKU-0010130,SUP-000432,True,4.44
SKU-0010130,SUP-000231,False,5.07
SKU-0010131,SUP-000214,True,3.42
SKU-0010132,SUP-000413,True,3.84
SKU-0010133,SUP-000112,True,46.31
SKU-0010134,SUP-000299,True,7.86
SKU-0010135,SUP-000008,True,10.94
SKU-0010135,SUP-000350,False,13.06
SKU-0010136,SUP-000445,True,18.26
SKU-0010136,SUP-000425,False,21.2
SKU-0010136,SUP-000086,False,22.41
SKU-0010137,SUP-000435,True,16.85
SKU-0010138,SUP-000180,True,7.49
SKU-0010139,SUP-000397,True,6.66
SKU-0010140,SUP-000327,True,4.46
SKU-0010141,SUP-000332,True,24.29
SKU-0010142,SUP-000339,True,6.52
SKU-0010143,SUP-000446,True,5.88
SKU-0010143,SUP-000195,False,6.5
SKU-0010144,SUP-000064,True,21.5
SKU-0010144,SUP-000283,False,16.85
SKU-0010145,SUP-000404,True,6.37
SKU-0010145,SUP-000248,False,6.79
SKU-0010146,SUP-000243,True,21.64
SKU-0010147,SUP-000233,True,49.78
SKU-0010148,SUP-000437,True,0.57
SKU-0010149,SUP-000330,True,33.06
SKU-0010150,SUP-000193,True,2.24
SKU-0010151,SUP-000030,True,1.09
SKU-0010152,SUP-000429,True,12.59
SKU-0010153,SUP-000063,True,223.01
SKU-0010154,SUP-000406,True,30.81
SKU-0010155,SUP-000271,True,2.62
SKU-0010156,SUP-000187,True,5.47
SKU-0010157,SUP-000338,True,30.66
SKU-0010157,SUP-000216,False,33.31
SKU-0010158,SUP-000189,True,10.34
SKU-0010159,SUP-000383,True,3.39
SKU-0010160,SUP-000028,True,40.68
SKU-0010160,SUP-000399,False,37.43
SKU-0010161,SUP-000249,True,5.87
SKU-0010162,SUP-000420,True,20.94
SKU-0010163,SUP-000237,True,1.91
SKU-0010164,SUP-000117,True,1.3
SKU-0010164,SUP-000226,False,1.4
SKU-0010165,SUP-000327,True,27.73
SKU-0010166,SUP-000013,True,24.34
SKU-0010167,SUP-000087,True,1.37
SKU-0010167,SUP-000421,False,1.47
SKU-0010168,SUP-000089,True,20.57
SKU-0010169,SUP-000176,True,11.59
SKU-0010169,SUP-000335,False,12.34
SKU-0010169,SUP-000397,False,13.5
SKU-0010170,SUP-000119,True,60.62
SKU-0010171,SUP-000181,True,23.47
SKU-0010172,SUP-000035,True,1.6
SKU-0010173,SUP-000119,True,3.98
SKU-0010174,SUP-000318,True,16.52
SKU-0010175,SUP-000184,True,11.52
SKU-0010175,SUP-000180,False,10.46
SKU-0010176,SUP-000066,True,16.81
SKU-0010176,SUP-000162,False,17.14
SKU-0010176,SUP-000056,False,17.87
SKU-0010177,SUP-000249,True,19.25
SKU-0010178,SUP-000272,True,3.46
SKU-0010178,SUP-000017,False,3.17
SKU-0010179,SUP-000068,True,115.54
SKU-0010180,SUP-000075,True,18.35
SKU-0010181,SUP-000043,True,7.86
SKU-0010182,SUP-000164,True,4.9
SKU-0010183,SUP-000196,True,7.59
SKU-0010183,SUP-000125,False,6.5
SKU-0010184,SUP-000373,True,21.26
SKU-0010185,SUP-000173,True,1.83
SKU-0010186,SUP-000002,True,4.04
SKU-0010187,SUP-000345,True,14.99
SKU-0010188,SUP-000175,True,6.22
SKU-0010189,SUP-000392,True,6.37
SKU-0010190,SUP-000143,True,68.93
SKU-0010191,SUP-000262,True,15.55
SKU-0010192,SUP-000082,True,47.14
SKU-0010192,SUP-000170,False,43.05
SKU-0010193,SUP-000208,True,9.1
SKU-0010194,SUP-000136,True,10.52
SKU-0010195,SUP-000269,True,44.18
SKU-0010196,SUP-000186,True,38.16
SKU-0010196,SUP-000136,False,40.73
SKU-0010197,SUP-000030,True,3.36
SKU-0010198,SUP-000426,True,3.45
SKU-0010199,SUP-000150,True,4.21
SKU-0010200,SUP-000441,True,25.65
SKU-0010200,SUP-000160,False,32.37
SKU-0010201,SUP-000030,True,176.38
SKU-0010202,SUP-000374,True,11.28
SKU-0010202,SUP-000372,False,11.52
SKU-0010203,SUP-000300,True,10.06
SKU-0010204,SUP-000028,True,18.49
SKU-0010205,SUP-000347,True,19.43
SKU-0010205,SUP-000304,False,17.24
SKU-0010206,SUP-000083,True,2.14
SKU-0010207,SUP-000086,True,20.23
SKU-0010208,SUP-000408,True,13.05
SKU-0010208,SUP-000294,False,15.25
SKU-0010209,SUP-000250,True,15.18
SKU-0010210,SUP-000403,True,45.07
SKU-0010210,SUP-000191,False,57.88
SKU-0010211,SUP-000068,True,67.36
SKU-0010212,SUP-000088,True,3.31
SKU-0010213,SUP-000326,True,35.79
SKU-0010213,SUP-000105,False,30.37
SKU-0010214,SUP-000162,True,3.98
SKU-0010215,SUP-000330,True,33.32
SKU-0010216,SUP-000065,True,6.34
SKU-0010217,SUP-000374,True,18.92
SKU-0010218,SUP-000450,True,5.04
SKU-0010219,SUP-000225,True,35.16
SKU-0010220,SUP-000420,True,17.96
SKU-0010220,SUP-000150,False,15.02
SKU-0010221,SUP-000394,True,1.16
SKU-0010222,SUP-000387,True,0.82
SKU-0010222,SUP-000359,False,0.67
SKU-0010223,SUP-000023,True,0.41
SKU-0010223,SUP-000021,False,0.36
SKU-0010223,SUP-000103,False,0.37
SKU-0010224,SUP-000373,True,40.64
SKU-0010225,SUP-000115,True,7.01
SKU-0010226,SUP-000122,True,8.43
SKU-0010227,SUP-000066,True,20.28
SKU-0010228,SUP-000155,True,54.97
SKU-0010229,SUP-000197,True,10.04
SKU-0010230,SUP-000279,True,18.99
SKU-0010231,SUP-000286,True,28.44
SKU-0010231,SUP-000158,False,25.15
SKU-0010232,SUP-000351,True,14.15
SKU-0010233,SUP-000416,True,0.81
SKU-0010234,SUP-000142,True,32.56
SKU-0010235,SUP-000127,True,1.98
SKU-0010236,SUP-000141,True,55.44
SKU-0010237,SUP-000440,True,11.37
SKU-0010238,SUP-000084,True,2.95
SKU-0010239,SUP-000445,True,23.67
SKU-0010239,SUP-000234,False,24.74
SKU-0010240,SUP-000426,True,2.25
SKU-0010240,SUP-000312,False,2.1
SKU-0010241,SUP-000043,True,6.05
SKU-0010242,SUP-000382,True,13.57
SKU-0010242,SUP-000418,False,
SKU-0010243,SUP-000097,True,149.69
SKU-0010244,SUP-000275,True,1.4
SKU-0010244,SUP-000108,False,1.1
SKU-0010244,SUP-000238,False,1.29
SKU-0010245,SUP-000015,True,10.55
SKU-0010246,SUP-000214,True,25.71
SKU-0010247,SUP-000066,True,24.03
SKU-0010247,SUP-000058,False,24.04
SKU-0010248,SUP-000106,True,59.93
SKU-0010249,SUP-000076,True,10.84
SKU-0010249,SUP-000078,False,13.85
SKU-0010250,SUP-000397,True,18.23
SKU-0010250,SUP-000393,False,18.56
SKU-0010251,SUP-000161,True,18.57
SKU-0010251,SUP-000240,False,16.92
SKU-0010252,SUP-000236,True,18.06
SKU-0010253,SUP-000002,True,1.49
SKU-0010253,SUP-000200,False,1.29
SKU-0010254,SUP-000236,True,13.66
SKU-0010255,SUP-000122,True,28.11
SKU-0010256,SUP-000185,True,6.03
SKU-0010256,SUP-000406,False,6.25
SKU-0010256,SUP-000043,False,5.15
SKU-0010257,SUP-000417,True,60.7
SKU-0010258,SUP-000142,True,
SKU-0010259,SUP-000325,True,1.44
SKU-0010259,SUP-000049,False,1.65
SKU-0010260,SUP-000357,True,18.63
SKU-0010261,SUP-000200,True,12.88
SKU-0010261,SUP-000121,False,12.6
SKU-0010262,SUP-000019,True,21.87
SKU-0010263,SUP-000023,True,19.71
SKU-0010264,SUP-000366,True,24.97
SKU-0010265,SUP-000226,True,52.99
SKU-0010266,SUP-000272,True,53.38
SKU-0010267,SUP-000195,True,11.26
SKU-0010268,SUP-000257,True,20.68
SKU-0010269,SUP-000243,True,45.42
SKU-0010269,SUP-000143,False,41.29
SKU-0010270,SUP-000280,True,16.79
SKU-0010271,SUP-000003,True,45.19
SKU-0010272,SUP-000200,True,4.56
SKU-0010273,SUP-000009,True,3.23
SKU-0010274,SUP-000235,True,102.18
SKU-0010274,SUP-000033,False,90.0
SKU-0010275,SUP-000291,True,
SKU-0010276,SUP-000015,True,0.86
SKU-0010277,SUP-000363,True,11.83
SKU-0010278,SUP-000397,True,11.88
SKU-0010279,SUP-000243,True,89.36
SKU-0010280,SUP-000017,True,15.82
SKU-0010280,SUP-000042,False,17.35
SKU-0010281,SUP-000379,True,17.97
SKU-0010281,SUP-000164,False,19.81
SKU-0010282,SUP-000257,True,16.45
SKU-0010282,SUP-000207,False,16.11
SKU-0010283,SUP-000154,True,16.19
SKU-0010284,SUP-000433,True,121.55
SKU-0010284,SUP-000355,False,124.23
SKU-0010285,SUP-000305,True,17.08
SKU-0010286,SUP-000053,True,2.5
SKU-0010287,SUP-000400,True,28.76
SKU-0010287,SUP-000205,False,29.06
SKU-0010288,SUP-000230,True,6.94
SKU-0010289,SUP-000230,True,
SKU-0010289,SUP-000329,False,
SKU-0010290,SUP-000343,True,12.73
SKU-0010290,SUP-000421,False,10.97
SKU-0010291,SUP-000252,True,37.85
SKU-0010292,SUP-000374,True,51.52
SKU-0010292,SUP-000099,False,51.98
SKU-0010293,SUP-000410,True,9.92
SKU-0010293,SUP-000203,False,9.95
SKU-0010293,SUP-000405,False,10.43
SKU-0010294,SUP-000033,True,41.91
SKU-0010295,SUP-000137,True,17.53
SKU-0010295,SUP-000353,False,21.06
SKU-0010296,SUP-000103,True,1.01
SKU-0010297,SUP-000365,True,17.74
SKU-0010298,SUP-000231,True,180.91
SKU-0010299,SUP-000373,True,2.94
SKU-0010300,SUP-000426,True,5.61
SKU-0010301,SUP-000075,True,32.84
SKU-0010302,SUP-000412,True,13.36
SKU-0010303,SUP-000321,True,92.65
SKU-0010304,SUP-000024,True,2.78
SKU-0010305,SUP-000013,True,2.41
SKU-0010306,SUP-000448,True,4.74
SKU-0010307,SUP-000252,True,31.97
SKU-0010308,SUP-000158,True,46.06
SKU-0010308,SUP-000048,False,48.74
SKU-0010309,SUP-000083,True,23.42
SKU-0010310,SUP-000145,True,22.11
SKU-0010311,SUP-000030,True,13.89
SKU-0010312,SUP-000206,True,9.72
SKU-0010313,SUP-000425,True,9.12
SKU-0010314,SUP-000272,True,31.0
SKU-0010315,SUP-000151,True,53.01
SKU-0010316,SUP-000314,True,20.53
SKU-0010317,SUP-000010,True,12.1
SKU-0010318,SUP-000271,True,1.24
SKU-0010319,SUP-000447,True,7.53
SKU-0010319,SUP-000320,False,6.99
SKU-0010320,SUP-000023,True,58.99
SKU-0010320,SUP-000200,False,61.83
SKU-0010321,SUP-000393,True,4.77
SKU-0010322,SUP-000239,True,1.44
SKU-0010323,SUP-000019,True,34.64
SKU-0010324,SUP-000275,True,106.16
SKU-0010325,SUP-000442,True,5.59
SKU-0010325,SUP-000421,False,5.16
SKU-0010326,SUP-000158,True,68.49
SKU-0010327,SUP-000270,True,5.44
SKU-0010328,SUP-000415,True,6.1
SKU-0010329,SUP-000380,True,3.06
SKU-0010329,SUP-000400,False,3.02
SKU-0010330,SUP-000044,True,43.06
SKU-0010331,SUP-000123,True,13.5
SKU-0010332,SUP-000068,True,27.82
SKU-0010332,SUP-000189,False,26.41
SKU-0010333,SUP-000212,True,1.77
SKU-0010334,SUP-000165,True,11.04
SKU-0010335,SUP-000067,True,1.3
SKU-0010336,SUP-000340,True,97.9
SKU-0010337,SUP-000059,True,61.43
SKU-0010338,SUP-000241,True,22.37
SKU-0010339,SUP-000431,True,14.71
SKU-0010340,SUP-000201,True,15.94
SKU-0010340,SUP-000251,False,16.28
SKU-0010341,SUP-000238,True,
SKU-0010341,SUP-000362,False,23.96
SKU-0010341,SUP-000336,False,24.52
SKU-0010342,SUP-000135,True,3.54
SKU-0010342,SUP-000088,False,3.11
SKU-0010342,SUP-000031,False,3.34
SKU-0010343,SUP-000006,True,4.59
SKU-0010344,SUP-000118,True,16.15
SKU-0010345,SUP-000261,True,13.78
SKU-0010345,SUP-000310,False,13.51
SKU-0010346,SUP-000360,True,14.16
SKU-0010347,SUP-000308,True,0.46
SKU-0010347,SUP-000298,False,0.47
SKU-0010348,SUP-000364,True,1.82
SKU-0010348,SUP-000395,False,1.92
SKU-0010349,SUP-000039,True,52.64
SKU-0010350,SUP-000147,True,6.38
SKU-0010351,SUP-000247,True,4.39
SKU-0010352,SUP-000055,True,1.37
SKU-0010352,SUP-000119,False,1.4
SKU-0010353,SUP-000107,True,4.87
SKU-0010353,SUP-000300,False,4.75
SKU-0010354,SUP-000280,True,4.56
SKU-0010355,SUP-000240,True,3.12
SKU-0010356,SUP-000045,True,7.66
SKU-0010357,SUP-000027,True,24.51
SKU-0010357,SUP-000030,False,25.64
SKU-0010358,SUP-000047,True,15.68
SKU-0010359,SUP-000131,True,1.87
SKU-0010360,SUP-000298,True,14.54
SKU-0010360,SUP-000009,False,15.12
SKU-0010361,SUP-000033,True,3.76
SKU-0010362,SUP-000174,True,14.39
SKU-0010363,SUP-000219,True,3.18
SKU-0010363,SUP-000436,False,3.91
SKU-0010364,SUP-000280,True,9.85
SKU-0010365,SUP-000281,True,11.53
SKU-0010366,SUP-000404,True,4.22
SKU-0010367,SUP-000212,True,1.6
SKU-0010368,SUP-000381,True,36.05
SKU-0010369,SUP-000099,True,24.4
SKU-0010370,SUP-000350,True,3.93
SKU-0010370,SUP-000202,False,4.18
SKU-0010371,SUP-000434,True,7.39
SKU-0010371,SUP-000148,False,8.23
SKU-0010371,SUP-000295,False,7.89
SKU-0010372,SUP-000317,True,64.24
SKU-0010373,SUP-000407,True,7.78
SKU-0010374,SUP-000258,True,1.09
SKU-0010375,SUP-000357,True,5.12
SKU-0010376,SUP-000310,True,8.66
SKU-0010377,SUP-000233,True,82.01
SKU-0010378,SUP-000375,True,9.52
SKU-0010379,SUP-000322,True,4.67
SKU-0010379,SUP-000212,False,
SKU-0010380,SUP-000365,True,23.65
SKU-0010381,SUP-000448,True,20.13
SKU-0010381,SUP-000361,False,20.8
SKU-0010382,SUP-000380,True,14.59
SKU-0010383,SUP-000052,True,66.36
SKU-0010384,SUP-000101,True,15.68
SKU-0010385,SUP-000207,True,24.15
SKU-0010386,SUP-000317,True,4.57
SKU-0010386,SUP-000146,False,4.08
SKU-0010387,SUP-000103,True,0.76
SKU-0010388,SUP-000135,True,244.52
SKU-0010389,SUP-000043,True,3.57
SKU-0010389,SUP-000242,False,3.56
SKU-0010389,SUP-000224,False,4.33
SKU-0010390,SUP-000127,True,28.7
SKU-0010391,SUP-000014,True,49.43
SKU-0010392,SUP-000080,True,20.98
SKU-0010392,SUP-000192,False,17.55
SKU-0010393,SUP-000213,True,26.65
SKU-0010394,SUP-000446,True,21.93
SKU-0010394,SUP-000230,False,19.1
SKU-0010395,SUP-000033,True,120.18
SKU-0010396,SUP-000436,True,10.03
SKU-0010397,SUP-000263,True,25.12
SKU-0010398,SUP-000437,True,33.81
SKU-0010398,SUP-000221,False,30.02
SKU-0010399,SUP-000211,True,2.05
SKU-0010400,SUP-000059,True,56.56
SKU-0010401,SUP-000399,True,96.88
SKU-0010402,SUP-000430,True,10.37
SKU-0010403,SUP-000316,True,4.18
SKU-0010403,SUP-000110,False,3.79
SKU-0010404,SUP-000050,True,6.18
SKU-0010405,SUP-000129,True,18.23
SKU-0010406,SUP-000347,True,95.52
SKU-0010407,SUP-000149,True,13.93
SKU-0010408,SUP-000259,True,71.68
SKU-0010409,SUP-000358,True,62.81
SKU-0010410,SUP-000113,True,513.08
SKU-0010411,SUP-000266,True,7.07
SKU-0010411,SUP-000314,False,7.38
SKU-0010412,SUP-000048,True,9.57
SKU-0010412,SUP-000414,False,
SKU-0010413,SUP-000294,True,2.02
SKU-0010414,SUP-000044,True,21.93
SKU-0010415,SUP-000261,True,9.6
SKU-0010416,SUP-000338,True,0.98
SKU-0010416,SUP-000223,False,1.02
SKU-0010417,SUP-000378,True,176.88
SKU-0010417,SUP-000163,False,180.18
SKU-0010417,SUP-000398,False,208.13
SKU-0010418,SUP-000248,True,1.03
SKU-0010418,SUP-000353,False,0.82
SKU-0010419,SUP-000248,True,2.6
SKU-0010420,SUP-000103,True,70.44
SKU-0010421,SUP-000293,True,35.73
SKU-0010422,SUP-000427,True,21.63
SKU-0010423,SUP-000377,True,74.67
SKU-0010424,SUP-000234,True,9.61
SKU-0010424,SUP-000258,False,8.23
SKU-0010425,SUP-000375,True,47.17
SKU-0010425,SUP-000069,False,46.05
SKU-0010426,SUP-000248,True,12.35
SKU-0010426,SUP-000442,False,11.16
SKU-0010427,SUP-000088,True,95.79
SKU-0010427,SUP-000290,False,79.68
SKU-0010428,SUP-000434,True,4.05
SKU-0010428,SUP-000374,False,4.45
SKU-0010428,SUP-000084,False,4.41
SKU-0010429,SUP-000101,True,2.33
SKU-0010429,SUP-000241,False,2.34
SKU-0010429,SUP-000250,False,2.75
SKU-0010430,SUP-000414,True,78.9
SKU-0010431,SUP-000178,True,30.27
SKU-0010431,SUP-000450,False,28.61
SKU-0010432,SUP-000137,True,23.6
SKU-0010432,SUP-000204,False,23.32
SKU-0010433,SUP-000320,True,3.98
SKU-0010434,SUP-000425,True,21.33
SKU-0010434,SUP-000066,False,16.48
SKU-0010434,SUP-000085,False,17.23
SKU-0010435,SUP-000343,True,18.43
SKU-0010436,SUP-000184,True,2.75
SKU-0010437,SUP-000129,True,9.29
SKU-0010438,SUP-000165,True,2.4
SKU-0010439,SUP-000034,True,1.66
SKU-0010440,SUP-000247,True,25.79
SKU-0010441,SUP-000225,True,2.9
SKU-0010442,SUP-000011,True,1.09
SKU-0010443,SUP-000155,True,3.25
SKU-0010444,SUP-000252,True,194.11
SKU-0010444,SUP-000125,False,175.68
SKU-0010445,SUP-000249,True,15.32
SKU-0010445,SUP-000224,False,18.11
SKU-0010446,SUP-000049,True,28.64
SKU-0010447,SUP-000424,True,5.8
SKU-0010448,SUP-000440,True,4.2
SKU-0010448,SUP-000234,False,4.36
SKU-0010449,SUP-000283,True,31.89
SKU-0010449,SUP-000067,False,28.27
SKU-0010450,SUP-000307,True,23.73
SKU-0010451,SUP-000425,True,0.99
SKU-0010451,SUP-000185,False,1.13
SKU-0010452,SUP-000102,True,10.68
SKU-0010452,SUP-000183,False,12.3
SKU-0010453,SUP-000222,True,6.98
SKU-0010454,SUP-000088,True,6.35
SKU-0010455,SUP-000053,True,5.46
SKU-0010456,SUP-000413,True,2.47
SKU-0010457,SUP-000132,True,3.02
SKU-0010458,SUP-000411,True,10.57
SKU-0010459,SUP-000139,True,59.23
SKU-0010460,SUP-000376,True,38.6
SKU-0010461,SUP-000327,True,1.45
SKU-0010462,SUP-000034,True,5.97
SKU-0010463,SUP-000094,True,0.43
SKU-0010464,SUP-000343,True,13.67
SKU-0010465,SUP-000379,True,21.21
SKU-0010466,SUP-000442,True,6.52
SKU-0010467,SUP-000386,True,15.6
SKU-0010468,SUP-000053,True,16.77
SKU-0010469,SUP-000083,True,98.44
SKU-0010469,SUP-000141,False,99.63
SKU-0010470,SUP-000108,True,2.4
SKU-0010470,SUP-000233,False,2.42
SKU-0010471,SUP-000149,True,6.28
SKU-0010472,SUP-000383,True,35.55
SKU-0010473,SUP-000217,True,10.29
SKU-0010474,SUP-000060,True,74.29
SKU-0010474,SUP-000149,False,80.62
SKU-0010475,SUP-000274,True,4.14
SKU-0010476,SUP-000214,True,20.36
SKU-0010476,SUP-000410,False,21.01
SKU-0010477,SUP-000297,True,26.89
SKU-0010478,SUP-000096,True,3.42
SKU-0010478,SUP-000204,False,3.43
SKU-0010479,SUP-000114,True,72.83
SKU-0010480,SUP-000361,True,0.73
SKU-0010480,SUP-000293,False,0.66
SKU-0010481,SUP-000093,True,296.8
SKU-0010482,SUP-000029,True,13.19
SKU-0010482,SUP-000391,False,14.21
SKU-0010483,SUP-000082,True,21.95
SKU-0010484,SUP-000358,True,14.95
SKU-0010485,SUP-000164,True,20.11
SKU-0010486,SUP-000178,True,32.34
SKU-0010486,SUP-000300,False,33.0
SKU-0010487,SUP-000325,True,4.13
SKU-0010487,SUP-000370,False,4.79
SKU-0010487,SUP-000393,False,4.75
SKU-0010488,SUP-000164,True,26.53
SKU-0010489,SUP-000270,True,2.93
SKU-0010490,SUP-000293,True,93.9
SKU-0010491,SUP-000002,True,
SKU-0010492,SUP-000071,True,59.15
SKU-0010493,SUP-000165,True,18.47
SKU-0010494,SUP-000433,True,15.65
SKU-0010494,SUP-000372,False,
SKU-0010495,SUP-000035,True,10.9
SKU-0010495,SUP-000444,False,10.25
SKU-0010496,SUP-000371,True,1.06
SKU-0010497,SUP-000018,True,2.9
SKU-0010497,SUP-000321,False,2.91
SKU-0010498,SUP-000417,True,25.84
SKU-0010499,SUP-000224,True,2.46
SKU-0010500,SUP-000333,True,15.44
SKU-0010501,SUP-000054,True,3.27
SKU-0010502,SUP-000253,True,13.42
SKU-0010503,SUP-000119,True,62.32
SKU-0010504,SUP-000211,True,1.53
SKU-0010505,SUP-000282,True,5.17
SKU-0010505,SUP-000092,False,5.35
SKU-0010506,SUP-000346,True,7.71
SKU-0010507,SUP-000362,True,9.83
SKU-0010507,SUP-000059,False,9.21
SKU-0010508,SUP-000252,True,2.52
SKU-0010509,SUP-000436,True,17.14
SKU-0010510,SUP-000284,True,4.43
SKU-0010511,SUP-000009,True,14.67
SKU-0010511,SUP-000356,False,15.79
SKU-0010512,SUP-000450,True,6.06
SKU-0010513,SUP-000212,True,1.75
SKU-0010514,SUP-000346,True,149.83
SKU-0010514,SUP-000095,False,158.16
SKU-0010514,SUP-000343,False,170.93
SKU-0010515,SUP-000098,True,46.33
SKU-0010515,SUP-000387,False,37.9
SKU-0010516,SUP-000086,True,5.45
SKU-0010517,SUP-000070,True,58.89
SKU-0010517,SUP-000189,False,73.04
SKU-0010518,SUP-000085,True,13.76
SKU-0010519,SUP-000426,True,5.26
SKU-0010520,SUP-000018,True,8.22
SKU-0010521,SUP-000102,True,4.59
SKU-0010522,SUP-000359,True,3.38
SKU-0010523,SUP-000014,True,16.03
SKU-0010524,SUP-000056,True,5.51
SKU-0010524,SUP-000338,False,5.3
SKU-0010525,SUP-000436,True,1.5
SKU-0010525,SUP-000160,False,1.46
SKU-0010526,SUP-000121,True,7.94
SKU-0010527,SUP-000198,True,6.86
SKU-0010528,SUP-000151,True,18.74
SKU-0010529,SUP-000016,True,17.97
SKU-0010530,SUP-000314,True,4.92
SKU-0010531,SUP-000297,True,5.5
SKU-0010532,SUP-000391,True,3.84
SKU-0010533,SUP-000418,True,8.28
SKU-0010534,SUP-000365,True,-11.4
SKU-0010535,SUP-000419,True,4.09
SKU-0010535,SUP-000162,False,4.3
SKU-0010536,SUP-000318,True,1.23
SKU-0010537,SUP-000285,True,25.7
SKU-0010538,SUP-000269,True,
SKU-0010538,SUP-000035,False,25.79
SKU-0010539,SUP-000332,True,142.11
SKU-0010540,SUP-000261,True,58.17
SKU-0010541,SUP-000027,True,20.19
SKU-0010541,SUP-000019,False,18.13
SKU-0010541,SUP-000254,False,19.04
SKU-0010542,SUP-000140,True,27.47
SKU-0010542,SUP-000378,False,25.79
SKU-0010543,SUP-000067,True,6.97
SKU-0010543,SUP-000084,False,6.71
SKU-0010544,SUP-000196,True,35.4
SKU-0010545,SUP-000404,True,11.18
SKU-0010545,SUP-000386,False,11.71
SKU-0010546,SUP-000229,True,20.65
SKU-0010547,SUP-000302,True,74.54
SKU-0010547,SUP-000070,False,78.46
SKU-0010548,SUP-000106,True,0.45
SKU-0010549,SUP-000252,True,12.09
SKU-0010550,SUP-000123,True,13.86
SKU-0010551,SUP-000002,True,
SKU-0010551,SUP-000013,False,18.65
SKU-0010552,SUP-000044,True,
SKU-0010553,SUP-000290,True,3.52
SKU-0010554,SUP-000111,True,47.89
SKU-0010555,SUP-000417,True,65.71
SKU-0010555,SUP-000220,False,71.18
SKU-0010556,SUP-000272,True,16.89
SKU-0010557,SUP-000315,True,23.57
SKU-0010557,SUP-000189,False,27.01
SKU-0010558,SUP-000271,True,3.85
SKU-0010559,SUP-000043,True,4.91
SKU-0010560,SUP-000145,True,33.36
SKU-0010560,SUP-000073,False,26.27
SKU-0010561,SUP-000343,True,74.81
SKU-0010561,SUP-000359,False,
SKU-0010561,SUP-000248,False,77.56
SKU-0010562,SUP-000445,True,2.85
SKU-0010562,SUP-000093,False,3.11
SKU-0010563,SUP-000388,True,9.65
SKU-0010563,SUP-000312,False,7.38
SKU-0010564,SUP-000178,True,3.39
SKU-0010564,SUP-000260,False,3.92
SKU-0010565,SUP-000450,True,3.86
SKU-0010565,SUP-000087,False,4.09
SKU-0010566,SUP-000115,True,15.95
SKU-0010566,SUP-000346,False,12.62
SKU-0010567,SUP-000031,True,15.91
SKU-0010568,SUP-000263,True,9.12
SKU-0010569,SUP-000413,True,13.74
SKU-0010570,SUP-000328,True,
SKU-0010571,SUP-000397,True,35.5
SKU-0010571,SUP-000317,False,40.86
SKU-0010572,SUP-000426,True,5.08
SKU-0010573,SUP-000153,True,30.2
SKU-0010574,SUP-000351,True,6.07
SKU-0010575,SUP-000063,True,4.7
SKU-0010575,SUP-000085,False,4.59
SKU-0010576,SUP-000031,True,314.16
SKU-0010577,SUP-000173,True,7.16
SKU-0010578,SUP-000323,True,
SKU-0010578,SUP-000343,False,13.22
SKU-0010579,SUP-000252,True,2.84
SKU-0010579,SUP-000388,False,3.17
SKU-0010580,SUP-000180,True,7.17
SKU-0010581,SUP-000325,True,15.82
SKU-0010582,SUP-000447,True,24.73
SKU-0010582,SUP-000395,False,25.44
SKU-0010583,SUP-000200,True,0.38
SKU-0010584,SUP-000270,True,22.83
SKU-0010585,SUP-000432,True,14.92
SKU-0010586,SUP-000095,True,6.34
SKU-0010586,SUP-000290,False,5.75
SKU-0010587,SUP-000297,True,15.19
SKU-0010587,SUP-000340,False,18.18
SKU-0010588,SUP-000440,True,100.35
SKU-0010589,SUP-000362,True,76.91
SKU-0010590,SUP-000318,True,0.86
SKU-0010591,SUP-000004,True,17.15
SKU-0010592,SUP-000147,True,3.76
SKU-0010592,SUP-000443,False,3.52
SKU-0010592,SUP-000258,False,3.58
SKU-0010593,SUP-000303,True,66.5
SKU-0010594,SUP-000421,True,7.13
SKU-0010594,SUP-000046,False,
SKU-0010595,SUP-000444,True,11.73
SKU-0010596,SUP-000272,True,510.11
SKU-0010596,SUP-000184,False,452.41
SKU-0010597,SUP-000169,True,4.97
SKU-0010597,SUP-000086,False,5.3
SKU-0010598,SUP-000209,True,132.81
SKU-0010599,SUP-000369,True,4.13
SKU-0010599,SUP-000339,False,3.7
SKU-0010600,SUP-000074,True,42.97
SKU-0010601,SUP-000156,True,0.91
SKU-0010602,SUP-000343,True,22.64
SKU-0010602,SUP-000050,False,26.47
SKU-0010603,SUP-000361,True,
SKU-0010603,SUP-000296,False,2.85
SKU-0010604,SUP-000046,True,7.33
SKU-0010605,SUP-000090,True,5.27
SKU-0010605,SUP-000044,False,5.72
SKU-0010605,SUP-000325,False,6.1
SKU-0010606,SUP-000397,True,25.45
SKU-0010607,SUP-000010,True,2.26
SKU-0010608,SUP-000413,True,8.41
SKU-0010609,SUP-000365,True,5.5
SKU-0010610,SUP-000269,True,12.49
SKU-0010610,SUP-000187,False,14.56
SKU-0010611,SUP-000181,True,-18.2
SKU-0010612,SUP-000405,True,10.99
SKU-0010613,SUP-000431,True,9.36
SKU-0010614,SUP-000345,True,12.94
SKU-0010615,SUP-000191,True,2.15
SKU-0010615,SUP-000141,False,1.72
SKU-0010616,SUP-000334,True,44.9
SKU-0010616,SUP-000305,False,45.44
SKU-0010617,SUP-000414,True,32.53
SKU-0010617,SUP-000309,False,32.13
SKU-0010618,SUP-000074,True,0.47
SKU-0010618,SUP-000018,False,0.36
SKU-0010619,SUP-000194,True,3.96
SKU-0010619,SUP-000225,False,3.92
SKU-0010620,SUP-000227,True,17.64
SKU-0010621,SUP-000143,True,6.99
SKU-0010622,SUP-000260,True,0.38
SKU-0010622,SUP-000091,False,0.49
SKU-0010623,SUP-000027,True,7.89
SKU-0010624,SUP-000151,True,1.43
SKU-0010625,SUP-000127,True,2.72
SKU-0010625,SUP-000417,False,2.73
SKU-0010626,SUP-000076,True,8.2
SKU-0010626,SUP-000024,False,6.54
SKU-0010627,SUP-000319,True,19.44
SKU-0010628,SUP-000019,True,49.75
SKU-0010628,SUP-000069,False,40.2
SKU-0010629,SUP-000368,True,8.04
SKU-0010629,SUP-000010,False,9.73
SKU-0010630,SUP-000167,True,2.37
SKU-0010631,SUP-000397,True,4.21
SKU-0010631,SUP-000330,False,3.49
SKU-0010632,SUP-000222,True,13.71
SKU-0010632,SUP-000115,False,13.57
SKU-0010633,SUP-000245,True,28.54
SKU-0010634,SUP-000271,True,2.21
SKU-0010635,SUP-000205,True,7.76
SKU-0010636,SUP-000026,True,7.56
SKU-0010636,SUP-000037,False,6.74
SKU-0010636,SUP-000218,False,7.03
SKU-0010637,SUP-000316,True,13.59
SKU-0010638,SUP-000353,True,2.69
SKU-0010638,SUP-000146,False,3.2
SKU-0010639,SUP-000229,True,6.66
SKU-0010640,SUP-000057,True,3.72
SKU-0010640,SUP-000293,False,3.78
SKU-0010641,SUP-000190,True,10.76
SKU-0010642,SUP-000220,True,60.42
SKU-0010643,SUP-000133,True,20.31
SKU-0010644,SUP-000068,True,0.44
SKU-0010645,SUP-000186,True,24.33
SKU-0010646,SUP-000362,True,7.34
SKU-0010647,SUP-000002,True,
SKU-0010648,SUP-000148,True,5.26
SKU-0010649,SUP-000161,True,7.05
SKU-0010650,SUP-000355,True,5.23
SKU-0010651,SUP-000090,True,6.96
SKU-0010652,SUP-000239,True,10.12
SKU-0010653,SUP-000030,True,36.76
SKU-0010654,SUP-000071,True,15.61
SKU-0010655,SUP-000028,True,44.64
SKU-0010655,SUP-000346,False,41.81
SKU-0010655,SUP-000241,False,39.27
SKU-0010656,SUP-000231,True,64.35
SKU-0010657,SUP-000024,True,2.23
SKU-0010657,SUP-000052,False,1.83
SKU-0010658,SUP-000168,True,15.29
SKU-0010658,SUP-000443,False,15.25
SKU-0010658,SUP-000264,False,15.96
SKU-0010659,SUP-000057,True,8.91
SKU-0010659,SUP-000115,False,9.83
SKU-0010660,SUP-000195,True,3.44
SKU-0010661,SUP-000124,True,4.45
SKU-0010662,SUP-000234,True,9.79
SKU-0010663,SUP-000124,True,30.31
SKU-0010663,SUP-000181,False,25.36
SKU-0010664,SUP-000237,True,4.25
SKU-0010665,SUP-000078,True,21.21
SKU-0010665,SUP-000032,False,17.96
SKU-0010666,SUP-000266,True,190.93
SKU-0010667,SUP-000214,True,32.6
SKU-0010667,SUP-000134,False,34.54
SKU-0010668,SUP-000169,True,6.24
SKU-0010669,SUP-000302,True,22.15
SKU-0010670,SUP-000110,True,0.71
SKU-0010670,SUP-000137,False,0.74
SKU-0010671,SUP-000448,True,10.68
SKU-0010672,SUP-000216,True,4.83
SKU-0010673,SUP-000359,True,38.52
SKU-0010673,SUP-000416,False,37.94
SKU-0010674,SUP-000351,True,21.77
SKU-0010675,SUP-000256,True,11.62
SKU-0010676,SUP-000287,True,2.71
SKU-0010677,SUP-000429,True,3.98
SKU-0010678,SUP-000313,True,20.73
SKU-0010679,SUP-000194,True,7.54
SKU-0010680,SUP-000386,True,318.16
SKU-0010680,SUP-000020,False,408.61
SKU-0010680,SUP-000118,False,393.04
SKU-0010681,SUP-000358,True,21.33
SKU-0010681,SUP-000204,False,18.2
SKU-0010682,SUP-000189,True,4.56
SKU-0010682,SUP-000362,False,5.9
SKU-0010682,SUP-000141,False,5.44
SKU-0010683,SUP-000252,True,7.83
SKU-0010684,SUP-000049,True,6.32
SKU-0010685,SUP-000324,True,2.96
SKU-0010686,SUP-000009,True,
SKU-0010687,SUP-000428,True,12.43
SKU-0010688,SUP-000198,True,19.51
SKU-0010689,SUP-000279,True,2.03
SKU-0010690,SUP-000025,True,37.49
SKU-0010690,SUP-000340,False,46.28
SKU-0010691,SUP-000250,True,8.4
SKU-0010691,SUP-000069,False,6.3
SKU-0010692,SUP-000115,True,1.79
SKU-0010692,SUP-000173,False,1.98
SKU-0010693,SUP-000053,True,13.16
SKU-0010693,SUP-000403,False,10.68
SKU-0010694,SUP-000402,True,18.7
SKU-0010695,SUP-000323,True,1.08
SKU-0010696,SUP-000414,True,4.01
SKU-0010696,SUP-000164,False,4.24
SKU-0010697,SUP-000294,True,66.31
SKU-0010698,SUP-000030,True,19.23
SKU-0010699,SUP-000447,True,2.91
SKU-0010700,SUP-000311,True,13.33
SKU-0010701,SUP-000100,True,14.97
SKU-0010702,SUP-000369,True,0.63
SKU-0010703,SUP-000334,True,6.32
SKU-0010704,SUP-000071,True,8.59
SKU-0010704,SUP-000250,False,7.72
SKU-0010705,SUP-000091,True,5.79
SKU-0010706,SUP-000201,True,14.62
SKU-0010706,SUP-000071,False,17.99
SKU-0010707,SUP-000352,True,5.53
SKU-0010708,SUP-000349,True,0.46
SKU-0010708,SUP-000394,False,0.43
SKU-0010709,SUP-000376,True,1.9
SKU-0010709,SUP-000162,False,1.77
SKU-0010709,SUP-000295,False,1.87
SKU-0010710,SUP-000240,True,66.23
SKU-0010710,SUP-000301,False,74.71
SKU-0010711,SUP-000356,True,0.39
SKU-0010712,SUP-000327,True,0.98
SKU-0010713,SUP-000224,True,2.78
SKU-0010713,SUP-000155,False,2.49
SKU-0010714,SUP-000210,True,101.72
SKU-0010715,SUP-000156,True,19.57
SKU-0010716,SUP-000430,True,1.04
SKU-0010717,SUP-000026,True,0.37
SKU-0010717,SUP-000098,False,0.37
SKU-0010717,SUP-000436,False,0.38
SKU-0010718,SUP-000281,True,7.18
SKU-0010719,SUP-000188,True,11.65
SKU-0010720,SUP-000161,True,1.24
SKU-0010720,SUP-000047,False,1.12
SKU-0010720,SUP-000373,False,1.16
SKU-0010721,SUP-000039,True,8.72
SKU-0010721,SUP-000181,False,9.23
SKU-0010721,SUP-000229,False,9.08
SKU-0010722,SUP-000427,True,9.72
SKU-0010723,SUP-000103,True,94.87
SKU-0010723,SUP-000075,False,83.33
SKU-0010723,SUP-000034,False,88.9
SKU-0010724,SUP-000220,True,12.07
SKU-0010725,SUP-000080,True,20.91
SKU-0010726,SUP-000202,True,33.88
SKU-0010727,SUP-000411,True,1.37
SKU-0010728,SUP-000041,True,1.52
SKU-0010728,SUP-000062,False,1.67
SKU-0010729,SUP-000271,True,17.48
SKU-0010729,SUP-000345,False,15.03
SKU-0010730,SUP-000445,True,4.14
SKU-0010731,SUP-000229,True,4.6
SKU-0010732,SUP-000242,True,15.56
SKU-0010733,SUP-000320,True,21.79
SKU-0010734,SUP-000135,True,98.73
SKU-0010735,SUP-000113,True,2.68
SKU-0010735,SUP-000237,False,2.23
SKU-0010736,SUP-000422,True,32.25
SKU-0010737,SUP-000284,True,2.22
SKU-0010738,SUP-000413,True,5.2
SKU-0010739,SUP-000385,True,61.92
SKU-0010739,SUP-000260,False,63.04
SKU-0010740,SUP-000196,True,21.36
SKU-0010740,SUP-000322,False,24.12
SKU-0010741,SUP-000445,True,63.69
SKU-0010742,SUP-000272,True,27.67
SKU-0010743,SUP-000125,True,
SKU-0010743,SUP-000166,False,235.2
SKU-0010743,SUP-000223,False,218.22
SKU-0010744,SUP-000046,True,6.34
SKU-0010745,SUP-000434,True,6.5
SKU-0010746,SUP-000053,True,179.12
SKU-0010747,SUP-000066,True,20.72
SKU-0010748,SUP-000217,True,5.04
SKU-0010748,SUP-000069,False,4.96
SKU-0010749,SUP-000421,True,21.93
SKU-0010749,SUP-000195,False,23.43
SKU-0010750,SUP-000013,True,2.11
SKU-0010750,SUP-000231,False,2.09
SKU-0010751,SUP-000069,True,4.79
SKU-0010752,SUP-000337,True,87.8
SKU-0010753,SUP-000343,True,30.67
SKU-0010754,SUP-000295,True,5.27
SKU-0010755,SUP-000002,True,199.44
SKU-0010756,SUP-000235,True,26.74
SKU-0010757,SUP-000383,True,3.97
SKU-0010757,SUP-000292,False,4.07
SKU-0010758,SUP-000157,True,38.17
SKU-0010759,SUP-000117,True,33.6
SKU-0010759,SUP-000136,False,36.02
SKU-0010760,SUP-000420,True,2.21
SKU-0010761,SUP-000390,True,3.69
SKU-0010762,SUP-000299,True,4.31
SKU-0010762,SUP-000283,False,4.74
SKU-0010763,SUP-000024,True,2.03
SKU-0010764,SUP-000406,True,2.36
SKU-0010765,SUP-000114,True,6.32
SKU-0010765,SUP-000271,False,6.46
SKU-0010766,SUP-000243,True,17.27
SKU-0010767,SUP-000193,True,30.26
SKU-0010768,SUP-000322,True,4.14
SKU-0010769,SUP-000367,True,40.52
SKU-0010770,SUP-000319,True,10.52
SKU-0010771,SUP-000341,True,31.53
SKU-0010771,SUP-000442,False,35.38
SKU-0010772,SUP-000009,True,-6.13
SKU-0010772,SUP-000346,False,-5.8
SKU-0010773,SUP-000245,True,2.05
SKU-0010773,SUP-000038,False,1.73
SKU-0010774,SUP-000107,True,56.99
SKU-0010775,SUP-000031,True,5.58
SKU-0010775,SUP-000192,False,
SKU-0010776,SUP-000172,True,8.82
SKU-0010776,SUP-000423,False,9.5
SKU-0010777,SUP-000185,True,8.28
SKU-0010778,SUP-000281,True,1.17
SKU-0010779,SUP-000328,True,67.56
SKU-0010780,SUP-000293,True,18.92
SKU-0010781,SUP-000426,True,0.43
SKU-0010782,SUP-000404,True,37.54
SKU-0010783,SUP-000278,True,44.21
SKU-0010784,SUP-000350,True,10.72
SKU-0010785,SUP-000082,True,70.2
SKU-0010786,SUP-000164,True,12.15
SKU-0010787,SUP-000138,True,6.29
SKU-0010788,SUP-000226,True,6.59
SKU-0010789,SUP-000309,True,361.44
SKU-0010790,SUP-000257,True,12.36
SKU-0010791,SUP-000309,True,17.55
SKU-0010791,SUP-000418,False,16.74
SKU-0010792,SUP-000177,True,3.83
SKU-0010793,SUP-000044,True,22.76
SKU-0010793,SUP-000010,False,22.34
SKU-0010793,SUP-000314,False,18.81
SKU-0010794,SUP-000013,True,3.99
SKU-0010795,SUP-000405,True,65.76
SKU-0010796,SUP-000152,True,22.62
SKU-0010796,SUP-000310,False,20.28
SKU-0010797,SUP-000272,True,6.38
SKU-0010798,SUP-000422,True,2.56
SKU-0010799,SUP-000329,True,18.44
SKU-0010800,SUP-000252,True,51.91
SKU-0010800,SUP-000369,False,52.92
SKU-0010800,SUP-000071,False,45.26
SKU-0010801,SUP-000373,True,5.81
SKU-0010802,SUP-000035,True,18.43
SKU-0010803,SUP-000297,True,124.87
SKU-0010804,SUP-000325,True,8.18
SKU-0010805,SUP-000103,True,4.32
SKU-0010806,SUP-000225,True,11.89
SKU-0010807,SUP-000087,True,3.59
SKU-0010808,SUP-000015,True,5.01
SKU-0010809,SUP-000374,True,0.54
SKU-0010810,SUP-000059,True,85.36
SKU-0010811,SUP-000377,True,6.7
SKU-0010811,SUP-000136,False,6.57
SKU-0010811,SUP-000074,False,5.84
SKU-0010812,SUP-000316,True,3.3
SKU-0010813,SUP-000093,True,9.81
SKU-0010813,SUP-000255,False,11.03
SKU-0010813,SUP-000411,False,12.29
SKU-0010814,SUP-000165,True,5.8
SKU-0010815,SUP-000217,True,0.69
SKU-0010816,SUP-000380,True,1.45
SKU-0010817,SUP-000107,True,3.97
SKU-0010818,SUP-000284,True,8.19
SKU-0010819,SUP-000055,True,5.63
SKU-0010819,SUP-000432,False,7.06
SKU-0010820,SUP-000107,True,33.28
SKU-0010821,SUP-000067,True,2.39
SKU-0010822,SUP-000078,True,14.75
SKU-0010823,SUP-000128,True,10.82
SKU-0010824,SUP-000265,True,3.68
SKU-0010825,SUP-000336,True,13.54
SKU-0010825,SUP-000136,False,10.65
SKU-0010826,SUP-000177,True,16.85
SKU-0010827,SUP-000349,True,8.22
SKU-0010828,SUP-000054,True,1.69
SKU-0010828,SUP-000018,False,1.72
SKU-0010829,SUP-000442,True,5.81
SKU-0010830,SUP-000181,True,16.43
SKU-0010831,SUP-000265,True,3.04
SKU-0010832,SUP-000376,True,18.73
SKU-0010832,SUP-000211,False,15.97
SKU-0010833,SUP-000190,True,30.27
SKU-0010834,SUP-000281,True,20.57
SKU-0010834,SUP-000141,False,17.42
SKU-0010835,SUP-000381,True,5.35
SKU-0010835,SUP-000045,False,5.78
SKU-0010836,SUP-000311,True,8.88
SKU-0010837,SUP-000048,True,4.98
SKU-0010838,SUP-000254,True,30.09
SKU-0010839,SUP-000061,True,2.49
SKU-0010840,SUP-000343,True,27.36
SKU-0010841,SUP-000404,True,85.92
SKU-0010842,SUP-000423,True,9.72
SKU-0010842,SUP-000111,False,10.52
SKU-0010843,SUP-000246,True,72.89
SKU-0010844,SUP-000128,True,5.4
SKU-0010844,SUP-000411,False,5.78
SKU-0010845,SUP-000275,True,2.45
SKU-0010846,SUP-000354,True,19.64
SKU-0010846,SUP-000156,False,25.47
SKU-0010847,SUP-000310,True,70.63
SKU-0010848,SUP-000190,True,6.42
SKU-0010849,SUP-000081,True,14.72
SKU-0010850,SUP-000169,True,2.84
SKU-0010851,SUP-000372,True,20.24
SKU-0010851,SUP-000125,False,22.85
SKU-0010852,SUP-000299,True,-23.11
SKU-0010853,SUP-000119,True,42.81
SKU-0010854,SUP-000136,True,5.4
SKU-0010854,SUP-000250,False,5.89
SKU-0010855,SUP-000118,True,14.75
SKU-0010856,SUP-000299,True,11.09
SKU-0010856,SUP-000239,False,10.45
SKU-0010857,SUP-000273,True,35.16
SKU-0010857,SUP-000297,False,33.52
SKU-0010858,SUP-000128,True,4.49
SKU-0010859,SUP-000003,True,34.9
SKU-0010859,SUP-000315,False,35.02
SKU-0010859,SUP-000095,False,33.2
SKU-0010860,SUP-000172,True,1.59
SKU-0010860,SUP-000037,False,1.76
SKU-0010861,SUP-000413,True,9.95
SKU-0010862,SUP-000421,True,51.79
SKU-0010863,SUP-000170,True,5.07
SKU-0010864,SUP-000139,True,20.05
SKU-0010864,SUP-000093,False,24.92
SKU-0010865,SUP-000111,True,9.7
SKU-0010866,SUP-000145,True,10.43
SKU-0010866,SUP-000093,False,9.81
SKU-0010867,SUP-000209,True,3.14
SKU-0010867,SUP-000121,False,3.64
SKU-0010868,SUP-000131,True,18.4
SKU-0010868,SUP-000206,False,21.31
SKU-0010869,SUP-000374,True,2.26
SKU-0010869,SUP-000322,False,2.51
SKU-0010870,SUP-000302,True,2.83
SKU-0010871,SUP-000280,True,1.4
SKU-0010872,SUP-000115,True,18.19
SKU-0010873,SUP-000308,True,3.76
SKU-0010873,SUP-000230,False,3.58
SKU-0010874,SUP-000074,True,0.71
SKU-0010874,SUP-000288,False,0.63
SKU-0010875,SUP-000072,True,17.86
SKU-0010875,SUP-000030,False,15.86
SKU-0010876,SUP-000183,True,18.93
SKU-0010877,SUP-000134,True,3.47
SKU-0010878,SUP-000332,True,29.08
SKU-0010879,SUP-000284,True,9.43
SKU-0010880,SUP-000059,True,34.13
SKU-0010880,SUP-000331,False,36.67
SKU-0010881,SUP-000392,True,5.5
SKU-0010881,SUP-000102,False,5.05
SKU-0010882,SUP-000077,True,25.68
SKU-0010883,SUP-000259,True,57.35
SKU-0010884,SUP-000013,True,23.6
SKU-0010885,SUP-000205,True,137.29
SKU-0010886,SUP-000398,True,31.53
SKU-0010886,SUP-000416,False,32.82
SKU-0010887,SUP-000117,True,11.51
SKU-0010888,SUP-000281,True,8.97
SKU-0010889,SUP-000025,True,16.87
SKU-0010890,SUP-000204,True,3.65
SKU-0010891,SUP-000073,True,239.31
SKU-0010891,SUP-000239,False,185.89
SKU-0010892,SUP-000428,True,21.4
SKU-0010893,SUP-000008,True,12.91
SKU-0010893,SUP-000128,False,11.47
SKU-0010894,SUP-000392,True,4.46
SKU-0010895,SUP-000378,True,1.09
SKU-0010896,SUP-000160,True,5.28
SKU-0010897,SUP-000348,True,5.51
SKU-0010898,SUP-000103,True,18.6
SKU-0010898,SUP-000032,False,16.73
SKU-0010899,SUP-000073,True,21.63
SKU-0010900,SUP-000114,True,1.03
SKU-0010901,SUP-000315,True,8.86
SKU-0010902,SUP-000399,True,1.37
SKU-0010902,SUP-000092,False,1.25
SKU-0010903,SUP-000314,True,2.67
SKU-0010904,SUP-000145,True,6.99
SKU-0010905,SUP-000166,True,10.07
SKU-0010906,SUP-000051,True,4.13
SKU-0010907,SUP-000053,True,51.22
SKU-0010908,SUP-000218,True,33.17
SKU-0010909,SUP-000394,True,5.6
SKU-0010909,SUP-000449,False,7.25
SKU-0010910,SUP-000267,True,1.3
SKU-0010910,SUP-000184,False,1.3
SKU-0010911,SUP-000293,True,644.89
SKU-0010911,SUP-000078,False,691.44
SKU-0010911,SUP-000232,False,765.76
SKU-0010912,SUP-000226,True,3.31
SKU-0010913,SUP-000107,True,3.14
SKU-0010913,SUP-000101,False,3.12
SKU-0010913,SUP-000094,False,3.08
SKU-0010914,SUP-000388,True,15.71
SKU-0010914,SUP-000281,False,14.86
SKU-0010915,SUP-000424,True,5.47
SKU-0010916,SUP-000416,True,4.7
SKU-0010916,SUP-000436,False,5.67
SKU-0010916,SUP-000051,False,4.7
SKU-0010917,SUP-000186,True,38.55
SKU-0010918,SUP-000334,True,0.9
SKU-0010919,SUP-000027,True,1.98
SKU-0010919,SUP-000081,False,2.01
SKU-0010920,SUP-000126,True,13.57
SKU-0010921,SUP-000355,True,7.87
SKU-0010922,SUP-000282,True,7.36
SKU-0010922,SUP-000281,False,6.14
SKU-0010923,SUP-000289,True,51.56
SKU-0010924,SUP-000138,True,1.78
SKU-0010925,SUP-000148,True,13.1
SKU-0010925,SUP-000272,False,14.0
SKU-0010925,SUP-000325,False,12.15
SKU-0010926,SUP-000139,True,15.35
SKU-0010926,SUP-000394,False,16.73
SKU-0010927,SUP-000278,True,6.62
SKU-0010928,SUP-000114,True,14.23
SKU-0010929,SUP-000446,True,2.62
SKU-0010930,SUP-000147,True,5.95
SKU-0010930,SUP-000254,False,4.71
SKU-0010931,SUP-000073,True,14.46
SKU-0010932,SUP-000011,True,13.39
SKU-0010933,SUP-000307,True,58.85
SKU-0010934,SUP-000398,True,14.97
SKU-0010935,SUP-000153,True,2.15
SKU-0010936,SUP-000127,True,26.37
SKU-0010937,SUP-000239,True,9.38
SKU-0010938,SUP-000171,True,47.24
SKU-0010939,SUP-000094,True,16.27
SKU-0010940,SUP-000224,True,16.06
SKU-0010940,SUP-000025,False,16.76
SKU-0010941,SUP-000037,True,60.61
SKU-0010941,SUP-000168,False,46.97
SKU-0010942,SUP-000200,True,3.11
SKU-0010943,SUP-000097,True,0.77
SKU-0010944,SUP-000333,True,2.53
SKU-0010945,SUP-000226,True,59.2
SKU-0010945,SUP-000428,False,57.2
SKU-0010945,SUP-000303,False,48.91
SKU-0010946,SUP-000001,True,18.54
SKU-0010947,SUP-000420,True,
SKU-0010948,SUP-000021,True,
SKU-0010948,SUP-000154,False,7.1
SKU-0010949,SUP-000047,True,1.8
SKU-0010950,SUP-000106,True,1159.42
SKU-0010950,SUP-000399,False,1091.52
SKU-0010950,SUP-000421,False,1099.98
SKU-0010951,SUP-000204,True,172.28
SKU-0010951,SUP-000047,False,191.14
SKU-0010952,SUP-000145,True,8.11
SKU-0010952,SUP-000160,False,9.57
SKU-0010953,SUP-000269,True,2.22
SKU-0010954,SUP-000007,True,27.15
SKU-0010955,SUP-000399,True,5.27
SKU-0010955,SUP-000126,False,
SKU-0010956,SUP-000255,True,26.12
SKU-0010957,SUP-000201,True,7.17
SKU-0010958,SUP-000320,True,16.1
SKU-0010959,SUP-000347,True,0.71
SKU-0010960,SUP-000213,True,16.9
SKU-0010961,SUP-000304,True,5.15
SKU-0010962,SUP-000101,True,2.47
SKU-0010963,SUP-000284,True,19.81
SKU-0010964,SUP-000411,True,25.89
SKU-0010965,SUP-000356,True,6.78
SKU-0010966,SUP-000046,True,28.1
SKU-0010966,SUP-000196,False,30.58
SKU-0010967,SUP-000100,True,12.55
SKU-0010968,SUP-000155,True,13.03
SKU-0010969,SUP-000086,True,0.96
SKU-0010970,SUP-000111,True,1.54
SKU-0010971,SUP-000132,True,1.87
SKU-0010971,SUP-000423,False,1.46
SKU-0010972,SUP-000337,True,1.97
SKU-0010973,SUP-000428,True,5.87
SKU-0010974,SUP-000128,True,6.68
SKU-0010974,SUP-000176,False,7.04
SKU-0010974,SUP-000292,False,8.53
SKU-0010975,SUP-000120,True,16.1
SKU-0010976,SUP-000364,True,6.81
SKU-0010976,SUP-000445,False,8.05
SKU-0010976,SUP-000281,False,
SKU-0010977,SUP-000272,True,34.48
SKU-0010978,SUP-000143,True,15.17
SKU-0010979,SUP-000184,True,30.31
SKU-0010979,SUP-000296,False,30.41
SKU-0010980,SUP-000061,True,10.54
SKU-0010980,SUP-000348,False,10.47
SKU-0010981,SUP-000072,True,2.35
SKU-0010981,SUP-000440,False,2.31
SKU-0010982,SUP-000367,True,22.32
SKU-0010983,SUP-000272,True,2.81
SKU-0010984,SUP-000213,True,46.79
SKU-0010985,SUP-000421,True,41.14
SKU-0010986,SUP-000252,True,9.15
SKU-0010987,SUP-000404,True,2.12
SKU-0010988,SUP-000405,True,32.52
SKU-0010989,SUP-000129,True,0.98
SKU-0010990,SUP-000348,True,15.3
SKU-0010991,SUP-000329,True,61.01
SKU-0010992,SUP-000366,True,31.03
SKU-0010993,SUP-000176,True,1.72
SKU-0010994,SUP-000183,True,1.72
SKU-0010994,SUP-000192,False,1.76
SKU-0010994,SUP-000065,False,1.88
SKU-0010995,SUP-000138,True,2.42
SKU-0010996,SUP-000359,True,103.16
SKU-0010996,SUP-000417,False,109.93
SKU-0010997,SUP-000096,True,16.49
SKU-0010997,SUP-000007,False,18.11
SKU-0010998,SUP-000217,True,12.07
SKU-0010999,SUP-000279,True,36.59
SKU-0011000,SUP-000231,True,5.36
SKU-0011001,SUP-000050,True,8.9
SKU-0011002,SUP-000196,True,4.04
SKU-0011002,SUP-000118,False,4.11
SKU-0011003,SUP-000171,True,0.67
SKU-0011004,SUP-000446,True,0.92
SKU-0011005,SUP-000090,True,0.54
SKU-0011006,SUP-000034,True,10.09
SKU-0011006,SUP-000214,False,11.23
SKU-0011007,SUP-000239,True,116.1
SKU-0011008,SUP-000239,True,96.71
SKU-0011009,SUP-000061,True,67.88
SKU-0011010,SUP-000135,True,3.61
SKU-0011011,SUP-000056,True,15.0
SKU-0011012,SUP-000003,True,12.09
SKU-0011012,SUP-000005,False,13.0
SKU-0011013,SUP-000233,True,9.68
SKU-0011014,SUP-000449,True,7.14
SKU-0011015,SUP-000295,True,32.02
SKU-0011016,SUP-000085,True,7.84
SKU-0011017,SUP-000427,True,3.17
SKU-0011018,SUP-000263,True,87.67
SKU-0011019,SUP-000154,True,9.34
SKU-0011019,SUP-000047,False,10.95
SKU-0011020,SUP-000117,True,26.79
SKU-0011021,SUP-000210,True,121.54
SKU-0011021,SUP-000133,False,101.7
SKU-0011022,SUP-000328,True,49.78
SKU-0011023,SUP-000051,True,2.21
SKU-0011024,SUP-000376,True,36.06
SKU-0011025,SUP-000378,True,57.73
SKU-0011026,SUP-000166,True,54.61
SKU-0011027,SUP-000099,True,11.28
SKU-0011028,SUP-000210,True,13.33
SKU-0011028,SUP-000217,False,12.49
SKU-0011028,SUP-000350,False,11.49
SKU-0011029,SUP-000405,True,5.44
SKU-0011030,SUP-000435,True,8.12
SKU-0011030,SUP-000071,False,10.21
SKU-0011031,SUP-000384,True,27.96
SKU-0011032,SUP-000406,True,16.14
SKU-0011033,SUP-000205,True,3.01
SKU-0011034,SUP-000151,True,16.92
SKU-0011035,SUP-000367,True,5.52
SKU-0011036,SUP-000048,True,2.2
SKU-0011037,SUP-000155,True,8.86
SKU-0011037,SUP-000119,False,9.67
SKU-0011038,SUP-000214,True,10.59
SKU-0011039,SUP-000173,True,0.37
SKU-0011040,SUP-000201,True,19.01
SKU-0011040,SUP-000089,False,19.83
SKU-0011040,SUP-000322,False,19.53
SKU-0011041,SUP-000090,True,2.99
SKU-0011041,SUP-000191,False,3.17
SKU-0011042,SUP-000319,True,6.18
SKU-0011043,SUP-000342,True,4.37
SKU-0011044,SUP-000055,True,3.11
SKU-0011045,SUP-000147,True,33.75
SKU-0011046,SUP-000077,True,13.09
SKU-0011047,SUP-000382,True,15.44
SKU-0011047,SUP-000172,False,15.43
SKU-0011048,SUP-000163,True,8.78
SKU-0011049,SUP-000107,True,23.22
SKU-0011049,SUP-000288,False,23.79
SKU-0011050,SUP-000359,True,3.44
SKU-0011051,SUP-000012,True,114.82
SKU-0011052,SUP-000138,True,5.9
SKU-0011052,SUP-000366,False,6.84
SKU-0011052,SUP-000038,False,5.33
SKU-0011053,SUP-000448,True,1.5
SKU-0011054,SUP-000290,True,1.72
SKU-0011055,SUP-000206,True,1.57
SKU-0011055,SUP-000096,False,1.72
SKU-0011056,SUP-000137,True,2.85
SKU-0011057,SUP-000252,True,0.72
SKU-0011058,SUP-000324,True,4.5
SKU-0011059,SUP-000074,True,2.89
SKU-0011059,SUP-000283,False,2.99
SKU-0011060,SUP-000018,True,25.06
SKU-0011061,SUP-000441,True,13.81
SKU-0011062,SUP-000437,True,74.81
SKU-0011063,SUP-000293,True,5.42
SKU-0011064,SUP-000399,True,41.66
SKU-0011065,SUP-000250,True,8.91
SKU-0011065,SUP-000194,False,8.17
SKU-0011066,SUP-000358,True,6.82
SKU-0011067,SUP-000295,True,16.28
SKU-0011067,SUP-000168,False,16.65
SKU-0011068,SUP-000216,True,33.52
SKU-0011068,SUP-000401,False,30.07
SKU-0011069,SUP-000091,True,3.96
SKU-0011069,SUP-000333,False,3.93
SKU-0011070,SUP-000313,True,3.34
SKU-0011070,SUP-000421,False,4.02
SKU-0011071,SUP-000241,True,6.73
SKU-0011071,SUP-000370,False,5.8
SKU-0011072,SUP-000423,True,
SKU-0011072,SUP-000194,False,3.48
SKU-0011073,SUP-000172,True,44.91
SKU-0011074,SUP-000270,True,7.4
SKU-0011075,SUP-000057,True,41.23
SKU-0011076,SUP-000200,True,45.09
SKU-0011077,SUP-000364,True,4.74
SKU-0011077,SUP-000235,False,4.74
SKU-0011078,SUP-000045,True,13.61
SKU-0011079,SUP-000047,True,27.84
SKU-0011079,SUP-000196,False,26.6
SKU-0011080,SUP-000312,True,33.28
SKU-0011081,SUP-000234,True,18.34
SKU-0011082,SUP-000220,True,0.51
SKU-0011082,SUP-000420,False,0.56
SKU-0011082,SUP-000267,False,0.6
SKU-0011083,SUP-000042,True,24.36
SKU-0011083,SUP-000314,False,22.93
SKU-0011084,SUP-000370,True,11.09
SKU-0011084,SUP-000135,False,11.81
SKU-0011085,SUP-000403,True,28.59
SKU-0011086,SUP-000372,True,36.03
SKU-0011087,SUP-000284,True,7.86
SKU-0011087,SUP-000211,False,9.54
SKU-0011087,SUP-000282,False,7.76
SKU-0011088,SUP-000169,True,27.92
SKU-0011089,SUP-000405,True,113.25
SKU-0011089,SUP-000198,False,110.19
SKU-0011090,SUP-000113,True,11.7
SKU-0011091,SUP-000233,True,15.19
SKU-0011092,SUP-000181,True,26.23
SKU-0011093,SUP-000401,True,40.16
SKU-0011094,SUP-000134,True,12.65
SKU-0011095,SUP-000428,True,2.53
SKU-0011095,SUP-000207,False,
SKU-0011096,SUP-000064,True,-4.07
SKU-0011097,SUP-000048,True,24.37
SKU-0011098,SUP-000112,True,5.41
SKU-0011099,SUP-000287,True,2.12
SKU-0011100,SUP-000029,True,
SKU-0011100,SUP-000339,False,32.7
SKU-0011101,SUP-000350,True,3.98
SKU-0011102,SUP-000257,True,19.38
SKU-0011103,SUP-000266,True,9.1
SKU-0011104,SUP-000356,True,8.58
SKU-0011105,SUP-000303,True,26.72
SKU-0011105,SUP-000446,False,25.82
SKU-0011106,SUP-000105,True,3.3
SKU-0011107,SUP-000005,True,72.03
SKU-0011107,SUP-000141,False,68.33
SKU-0011108,SUP-000303,True,11.94
SKU-0011108,SUP-000259,False,12.3
SKU-0011109,SUP-000274,True,11.59
SKU-0011110,SUP-000240,True,14.49
SKU-0011111,SUP-000087,True,68.71
SKU-0011112,SUP-000276,True,
SKU-0011113,SUP-000254,True,9.76
SKU-0011114,SUP-000092,True,6.08
SKU-0011114,SUP-000399,False,6.7
SKU-0011115,SUP-000138,True,231.27
SKU-0011115,SUP-000081,False,216.55
SKU-0011115,SUP-000202,False,242.26
SKU-0011116,SUP-000066,True,12.57
SKU-0011117,SUP-000146,True,3.82
SKU-0011118,SUP-000077,True,18.12
SKU-0011118,SUP-000208,False,17.77
SKU-0011119,SUP-000001,True,21.38
SKU-0011120,SUP-000096,True,8.28
SKU-0011120,SUP-000055,False,9.29
SKU-0011121,SUP-000284,True,4.07
SKU-0011121,SUP-000367,False,5.18
SKU-0011121,SUP-000113,False,5.02
SKU-0011122,SUP-000060,True,13.64
SKU-0011123,SUP-000402,True,3.13
SKU-0011123,SUP-000161,False,3.86
SKU-0011124,SUP-000119,True,22.17
SKU-0011125,SUP-000391,True,22.32
SKU-0011126,SUP-000047,True,2.74
SKU-0011127,SUP-000194,True,18.1
SKU-0011128,SUP-000353,True,407.15
SKU-0011129,SUP-000185,True,1.59
SKU-0011130,SUP-000205,True,24.35
SKU-0011131,SUP-000111,True,2.15
SKU-0011131,SUP-000389,False,1.81
SKU-0011132,SUP-000257,True,6.99
SKU-0011132,SUP-000076,False,7.38
SKU-0011133,SUP-000023,True,2.24
SKU-0011133,SUP-000441,False,2.4
SKU-0011134,SUP-000264,True,21.28
SKU-0011135,SUP-000333,True,710.41
SKU-0011136,SUP-000176,True,9.55
SKU-0011137,SUP-000116,True,1.61
SKU-0011138,SUP-000447,True,8.18
SKU-0011139,SUP-000347,True,43.76
SKU-0011139,SUP-000252,False,34.69
SKU-0011140,SUP-000172,True,1.23
SKU-0011141,SUP-000343,True,1.86
SKU-0011142,SUP-000070,True,93.42
SKU-0011143,SUP-000251,True,8.05
SKU-0011144,SUP-000006,True,27.25
SKU-0011144,SUP-000321,False,24.89
SKU-0011145,SUP-000305,True,1.37
SKU-0011146,SUP-000343,True,20.73
SKU-0011147,SUP-000064,True,2.92
SKU-0011148,SUP-000035,True,2.98
SKU-0011148,SUP-000431,False,2.37
SKU-0011149,SUP-000323,True,2.53
SKU-0011150,SUP-000121,True,3.38
SKU-0011151,SUP-000019,True,50.28
SKU-0011151,SUP-000289,False,47.52
SKU-0011152,SUP-000010,True,1.98
SKU-0011153,SUP-000113,True,46.58
SKU-0011154,SUP-000214,True,9.74
SKU-0011155,SUP-000333,True,75.86
SKU-0011156,SUP-000107,True,66.22
SKU-0011157,SUP-000291,True,2.84
SKU-0011158,SUP-000059,True,41.4
SKU-0011159,SUP-000284,True,59.13
SKU-0011159,SUP-000448,False,71.98
SKU-0011159,SUP-000035,False,67.86
SKU-0011160,SUP-000321,True,139.56
SKU-0011161,SUP-000152,True,1.33
SKU-0011161,SUP-000264,False,1.46
SKU-0011161,SUP-000285,False,1.31
SKU-0011162,SUP-000053,True,2.06
SKU-0011163,SUP-000343,True,4.51
SKU-0011164,SUP-000321,True,
SKU-0011165,SUP-000024,True,
SKU-0011166,SUP-000039,True,4.61
SKU-0011166,SUP-000178,False,4.44
SKU-0011167,SUP-000043,True,38.22
SKU-0011168,SUP-000386,True,8.98
SKU-0011169,SUP-000424,True,6.72
SKU-0011169,SUP-000005,False,7.64
SKU-0011170,SUP-000362,True,3.93
SKU-0011171,SUP-000346,True,2.85
SKU-0011172,SUP-000421,True,28.35
SKU-0011173,SUP-000422,True,9.17
SKU-0011174,SUP-000115,True,37.58
SKU-0011174,SUP-000111,False,31.97
SKU-0011175,SUP-000154,True,25.11
SKU-0011175,SUP-000090,False,26.49
SKU-0011176,SUP-000205,True,18.07
SKU-0011177,SUP-000286,True,12.85
SKU-0011178,SUP-000248,True,0.86
SKU-0011179,SUP-000119,True,10.15
SKU-0011180,SUP-000116,True,24.41
SKU-0011181,SUP-000244,True,4.26
SKU-0011182,SUP-000003,True,13.22
SKU-0011183,SUP-000185,True,12.74
SKU-0011184,SUP-000274,True,11.63
SKU-0011184,SUP-000086,False,10.67
SKU-0011185,SUP-000124,True,5.07
SKU-0011186,SUP-000048,True,4.9
SKU-0011187,SUP-000349,True,2.52
SKU-0011188,SUP-000259,True,20.42
SKU-0011189,SUP-000162,True,
SKU-0011189,SUP-000044,False,9.31
SKU-0011190,SUP-000330,True,
SKU-0011191,SUP-000204,True,4.07
SKU-0011191,SUP-000127,False,4.01
SKU-0011191,SUP-000169,False,3.31
SKU-0011192,SUP-000250,True,11.43
SKU-0011193,SUP-000420,True,6.91
SKU-0011193,SUP-000193,False,6.93
SKU-0011194,SUP-000130,True,6.12
SKU-0011194,SUP-000061,False,4.71
SKU-0011195,SUP-000188,True,52.12
SKU-0011195,SUP-000147,False,57.38
SKU-0011196,SUP-000401,True,37.41
SKU-0011197,SUP-000020,True,100.4
SKU-0011197,SUP-000069,False,99.4
SKU-0011198,SUP-000343,True,5.88
SKU-0011198,SUP-000073,False,5.86
SKU-0011199,SUP-000155,True,42.19
SKU-0011200,SUP-000021,True,15.43
SKU-0011200,SUP-000345,False,14.3
SKU-0011201,SUP-000386,True,8.32
SKU-0011202,SUP-000399,True,2.41
SKU-0011203,SUP-000445,True,2.52
SKU-0011204,SUP-000342,True,23.32
SKU-0011205,SUP-000246,True,16.32
SKU-0011206,SUP-000384,True,0.5
SKU-0011206,SUP-000274,False,0.63
SKU-0011207,SUP-000110,True,16.85
SKU-0011207,SUP-000156,False,20.54
SKU-0011208,SUP-000331,True,6.39
SKU-0011208,SUP-000311,False,7.6
SKU-0011209,SUP-000096,True,22.66
SKU-0011210,SUP-000078,True,124.51
SKU-0011211,SUP-000351,True,1.51
SKU-0011212,SUP-000268,True,10.61
SKU-0011213,SUP-000301,True,61.45
SKU-0011213,SUP-000181,False,55.09
SKU-0011214,SUP-000399,True,26.24
SKU-0011215,SUP-000252,True,3.99
SKU-0011215,SUP-000127,False,3.66
SKU-0011216,SUP-000152,True,7.71
SKU-0011217,SUP-000450,True,10.26
SKU-0011217,SUP-000120,False,9.56
SKU-0011218,SUP-000014,True,8.89
SKU-0011219,SUP-000436,True,0.83
SKU-0011220,SUP-000013,True,60.0
SKU-0011220,SUP-000210,False,71.34
SKU-0011221,SUP-000201,True,4.97
SKU-0011222,SUP-000031,True,18.0
SKU-0011223,SUP-000105,True,2.69
SKU-0011224,SUP-000040,True,4.09
SKU-0011225,SUP-000163,True,25.76
SKU-0011225,SUP-000122,False,29.65
SKU-0011226,SUP-000446,True,6.01
SKU-0011227,SUP-000041,True,16.42
SKU-0011228,SUP-000128,True,4.8
SKU-0011229,SUP-000317,True,3.12
SKU-0011229,SUP-000346,False,3.06
SKU-0011230,SUP-000335,True,15.82
SKU-0011230,SUP-000275,False,15.72
SKU-0011231,SUP-000141,True,6.41
SKU-0011232,SUP-000264,True,1.59
SKU-0011232,SUP-000310,False,1.45
SKU-0011232,SUP-000184,False,1.34
SKU-0011233,SUP-000139,True,4.47
SKU-0011233,SUP-000289,False,4.67
SKU-0011234,SUP-000110,True,4.9
SKU-0011234,SUP-000203,False,5.03
SKU-0011234,SUP-000038,False,6.06
SKU-0011235,SUP-000168,True,1.7
SKU-0011236,SUP-000121,True,7.75
SKU-0011236,SUP-000104,False,7.93
SKU-0011237,SUP-000293,True,1.65
SKU-0011238,SUP-000342,True,21.15
SKU-0011239,SUP-000204,True,1.46
SKU-0011240,SUP-000157,True,3.26
SKU-0011241,SUP-000081,True,18.38
SKU-0011241,SUP-000384,False,15.77
SKU-0011242,SUP-000120,True,19.18
SKU-0011242,SUP-000305,False,19.64
SKU-0011243,SUP-000431,True,6.37
SKU-0011244,SUP-000067,True,9.78
SKU-0011244,SUP-000151,False,10.79
SKU-0011245,SUP-000053,True,79.7
SKU-0011246,SUP-000078,True,7.39
SKU-0011247,SUP-000403,True,0.73
SKU-0011248,SUP-000030,True,11.12
SKU-0011248,SUP-000151,False,12.39
SKU-0011249,SUP-000042,True,33.15
SKU-0011249,SUP-000448,False,34.74
SKU-0011250,SUP-000134,True,2.95
SKU-0011251,SUP-000417,True,3.2
SKU-0011251,SUP-000274,False,2.7
SKU-0011252,SUP-000033,True,114.29
SKU-0011253,SUP-000142,True,54.45
SKU-0011254,SUP-000059,True,10.32
SKU-0011254,SUP-000131,False,10.61
SKU-0011255,SUP-000445,True,18.35
SKU-0011255,SUP-000303,False,15.77
SKU-0011256,SUP-000311,True,35.56
SKU-0011257,SUP-000056,True,6.29
SKU-0011258,SUP-000174,True,50.77
SKU-0011258,SUP-000122,False,46.79
SKU-0011259,SUP-000313,True,29.14
SKU-0011260,SUP-000379,True,2.49
SKU-0011261,SUP-000358,True,6.51
SKU-0011261,SUP-000324,False,7.77
SKU-0011262,SUP-000339,True,37.33
SKU-0011262,SUP-000240,False,31.89
SKU-0011263,SUP-000137,True,23.61
SKU-0011264,SUP-000241,True,4.37
SKU-0011264,SUP-000413,False,4.66
SKU-0011265,SUP-000209,True,11.73
SKU-0011266,SUP-000106,True,17.81
SKU-0011266,SUP-000173,False,17.96
SKU-0011267,SUP-000148,True,11.34
SKU-0011267,SUP-000229,False,10.87
SKU-0011267,SUP-000299,False,10.97
SKU-0011268,SUP-000240,True,-21.21
SKU-0011269,SUP-000254,True,115.64
SKU-0011269,SUP-000196,False,93.46
SKU-0011270,SUP-000097,True,3.43
SKU-0011271,SUP-000101,True,1.14
SKU-0011272,SUP-000220,True,24.14
SKU-0011273,SUP-000024,True,1.91
SKU-0011274,SUP-000294,True,5.17
SKU-0011274,SUP-000371,False,5.0
SKU-0011275,SUP-000034,True,3.61
SKU-0011276,SUP-000299,True,40.08
SKU-0011276,SUP-000054,False,40.49
SKU-0011277,SUP-000192,True,5.53
SKU-0011278,SUP-000414,True,2.73
SKU-0011279,SUP-000349,True,1.0
SKU-0011279,SUP-000290,False,1.08
SKU-0011280,SUP-000064,True,9.73
SKU-0011281,SUP-000267,True,145.81
SKU-0011282,SUP-000183,True,3.58
SKU-0011283,SUP-000265,True,14.11
SKU-0011283,SUP-000069,False,17.38
SKU-0011283,SUP-000070,False,14.25
SKU-0011284,SUP-000188,True,126.15
SKU-0011285,SUP-000158,True,9.98
SKU-0011286,SUP-000421,True,17.43
SKU-0011287,SUP-000178,True,11.05
SKU-0011288,SUP-000150,True,41.45
SKU-0011288,SUP-000224,False,30.94
SKU-0011289,SUP-000155,True,15.37
SKU-0011290,SUP-000074,True,5.51
SKU-0011291,SUP-000119,True,4.46
SKU-0011292,SUP-000033,True,46.19
SKU-0011293,SUP-000272,True,1.86
SKU-0011293,SUP-000020,False,2.08
SKU-0011294,SUP-000154,True,15.62
SKU-0011294,SUP-000422,False,12.57
SKU-0011295,SUP-000067,True,12.1
SKU-0011295,SUP-000073,False,11.43
SKU-0011296,SUP-000395,True,26.96
SKU-0011296,SUP-000200,False,29.54
SKU-0011297,SUP-000033,True,11.55
SKU-0011297,SUP-000268,False,10.24
SKU-0011298,SUP-000388,True,1.14
SKU-0011299,SUP-000038,True,2.45
SKU-0011300,SUP-000387,True,11.07
SKU-0011300,SUP-000083,False,14.14
SKU-0011301,SUP-000307,True,11.43
SKU-0011301,SUP-000199,False,10.1
SKU-0011302,SUP-000125,True,25.9
SKU-0011303,SUP-000120,True,10.69
SKU-0011304,SUP-000038,True,19.89
SKU-0011305,SUP-000058,True,23.99
SKU-0011306,SUP-000351,True,1.62
SKU-0011307,SUP-000365,True,20.65
SKU-0011307,SUP-000226,False,21.46
SKU-0011308,SUP-000048,True,12.93
SKU-0011309,SUP-000012,True,43.35
SKU-0011310,SUP-000390,True,2.7
SKU-0011311,SUP-000054,True,22.97
SKU-0011312,SUP-000422,True,7.64
SKU-0011313,SUP-000194,True,4.02
SKU-0011314,SUP-000356,True,7.96
SKU-0011315,SUP-000250,True,11.21
SKU-0011316,SUP-000406,True,17.25
SKU-0011317,SUP-000210,True,5.28
SKU-0011318,SUP-000150,True,12.69
SKU-0011319,SUP-000362,True,17.77
SKU-0011319,SUP-000393,False,16.42
SKU-0011320,SUP-000063,True,3.12
SKU-0011321,SUP-000085,True,12.77
SKU-0011321,SUP-000054,False,12.5
SKU-0011322,SUP-000183,True,7.07
SKU-0011323,SUP-000161,True,17.97
SKU-0011323,SUP-000184,False,16.56
SKU-0011324,SUP-000253,True,6.15
SKU-0011324,SUP-000323,False,5.97
SKU-0011325,SUP-000113,True,31.55
SKU-0011326,SUP-000042,True,3.93
SKU-0011327,SUP-000263,True,0.9
SKU-0011327,SUP-000295,False,1.0
SKU-0011328,SUP-000179,True,3.72
SKU-0011329,SUP-000404,True,4.77
SKU-0011330,SUP-000106,True,3.71
SKU-0011331,SUP-000003,True,3.12
SKU-0011331,SUP-000373,False,3.61
SKU-0011332,SUP-000124,True,34.92
SKU-0011333,SUP-000217,True,2.64
SKU-0011334,SUP-000351,True,17.22
SKU-0011334,SUP-000233,False,20.25
SKU-0011335,SUP-000100,True,4.5
SKU-0011336,SUP-000247,True,4.39
SKU-0011336,SUP-000406,False,4.33
SKU-0011337,SUP-000235,True,16.47
SKU-0011337,SUP-000356,False,13.11
SKU-0011338,SUP-000072,True,27.04
SKU-0011338,SUP-000172,False,22.84
SKU-0011339,SUP-000397,True,15.49
SKU-0011340,SUP-000353,True,3.32
SKU-0011341,SUP-000304,True,5.44
SKU-0011341,SUP-000254,False,5.72
SKU-0011342,SUP-000317,True,4.22
SKU-0011343,SUP-000231,True,5.83
SKU-0011344,SUP-000411,True,11.64
SKU-0011345,SUP-000099,True,12.59
SKU-0011346,SUP-000389,True,1.41
SKU-0011346,SUP-000402,False,1.2
SKU-0011347,SUP-000190,True,68.41
SKU-0011347,SUP-000184,False,88.9
SKU-0011348,SUP-000348,True,1.22
SKU-0011348,SUP-000022,False,1.35
SKU-0011349,SUP-000426,True,68.7
SKU-0011350,SUP-000052,True,21.5
SKU-0011351,SUP-000098,True,111.45
SKU-0011352,SUP-000185,True,4.54
SKU-0011352,SUP-000383,False,4.46
SKU-0011353,SUP-000175,True,0.66
SKU-0011354,SUP-000099,True,16.43
SKU-0011354,SUP-000430,False,15.29
SKU-0011355,SUP-000053,True,12.99
SKU-0011356,SUP-000175,True,95.15
SKU-0011356,SUP-000043,False,117.1
SKU-0011357,SUP-000110,True,16.42
SKU-0011358,SUP-000155,True,47.94
SKU-0011359,SUP-000331,True,6.93
SKU-0011360,SUP-000239,True,2.09
SKU-0011361,SUP-000389,True,0.71
SKU-0011362,SUP-000104,True,100.71
SKU-0011362,SUP-000264,False,130.19
SKU-0011363,SUP-000015,True,27.51
SKU-0011364,SUP-000372,True,1.56
SKU-0011365,SUP-000425,True,46.78
SKU-0011366,SUP-000327,True,41.83
SKU-0011367,SUP-000310,True,1.68
SKU-0011367,SUP-000294,False,2.18
SKU-0011368,SUP-000303,True,9.2
SKU-0011368,SUP-000335,False,7.66
SKU-0011368,SUP-000418,False,8.35
SKU-0011369,SUP-000185,True,0.78
SKU-0011370,SUP-000222,True,13.46
SKU-0011370,SUP-000350,False,11.06
SKU-0011371,SUP-000359,True,34.41
SKU-0011372,SUP-000393,True,2.72
SKU-0011373,SUP-000212,True,27.73
SKU-0011374,SUP-000182,True,35.12
SKU-0011374,SUP-000228,False,41.36
SKU-0011375,SUP-000066,True,135.61
SKU-0011376,SUP-000030,True,5.82
SKU-0011377,SUP-000210,True,13.74
SKU-0011378,SUP-000114,True,17.23
SKU-0011378,SUP-000161,False,14.22
SKU-0011379,SUP-000253,True,4.32
SKU-0011379,SUP-000157,False,5.79
SKU-0011380,SUP-000155,True,7.21
SKU-0011380,SUP-000298,False,6.49
SKU-0011381,SUP-000448,True,28.18
SKU-0011382,SUP-000188,True,18.33
SKU-0011383,SUP-000113,True,13.55
SKU-0011384,SUP-000074,True,35.98
SKU-0011385,SUP-000206,True,7.51
SKU-0011385,SUP-000216,False,
SKU-0011386,SUP-000147,True,1.66
SKU-0011387,SUP-000024,True,3.83
SKU-0011388,SUP-000119,True,4.24
SKU-0011388,SUP-000343,False,3.95
SKU-0011389,SUP-000374,True,8.14
SKU-0011390,SUP-000258,True,2.64
SKU-0011390,SUP-000094,False,2.36
SKU-0011391,SUP-000217,True,49.26
SKU-0011392,SUP-000353,True,3.53
SKU-0011392,SUP-000254,False,4.0
SKU-0011392,SUP-000295,False,3.84
SKU-0011393,SUP-000088,True,4.25
SKU-0011394,SUP-000006,True,25.96
SKU-0011394,SUP-000182,False,26.64
SKU-0011395,SUP-000305,True,34.11
SKU-0011396,SUP-000138,True,2.46
SKU-0011397,SUP-000012,True,48.86
SKU-0011398,SUP-000256,True,11.58
SKU-0011398,SUP-000356,False,11.74
SKU-0011399,SUP-000005,True,3.01
SKU-0011400,SUP-000055,True,121.78
SKU-0011400,SUP-000206,False,121.73
SKU-0011401,SUP-000267,True,36.98
SKU-0011402,SUP-000082,True,56.57
SKU-0011403,SUP-000404,True,27.41
SKU-0011403,SUP-000434,False,25.57
SKU-0011404,SUP-000167,True,20.5
SKU-0011404,SUP-000328,False,18.37
SKU-0011405,SUP-000205,True,66.43
SKU-0011406,SUP-000216,True,20.22
SKU-0011407,SUP-000163,True,29.81
SKU-0011408,SUP-000268,True,32.38
SKU-0011409,SUP-000423,True,4.75
SKU-0011410,SUP-000424,True,18.24
SKU-0011410,SUP-000364,False,22.24
SKU-0011411,SUP-000342,True,54.63
SKU-0011411,SUP-000255,False,
SKU-0011412,SUP-000127,True,85.38
SKU-0011412,SUP-000119,False,102.95
SKU-0011413,SUP-000251,True,4.2
SKU-0011414,SUP-000296,True,14.87
SKU-0011415,SUP-000341,True,44.44
SKU-0011416,SUP-000361,True,7.5
SKU-0011416,SUP-000336,False,6.82
SKU-0011417,SUP-000187,True,23.58
SKU-0011418,SUP-000298,True,5.3
SKU-0011419,SUP-000295,True,6.89
SKU-0011419,SUP-000373,False,7.01
SKU-0011420,SUP-000032,True,20.57
SKU-0011421,SUP-000418,True,2.7
SKU-0011422,SUP-000385,True,9.8
SKU-0011423,SUP-000373,True,19.73
SKU-0011424,SUP-000131,True,3.55
SKU-0011425,SUP-000301,True,7.2
SKU-0011426,SUP-000255,True,25.92
SKU-0011426,SUP-000256,False,28.77
SKU-0011427,SUP-000188,True,35.05
SKU-0011427,SUP-000335,False,31.85
SKU-0011428,SUP-000179,True,18.07
SKU-0011429,SUP-000022,True,1.93
SKU-0011429,SUP-000135,False,1.83
SKU-0011430,SUP-000153,True,1.77
SKU-0011431,SUP-000043,True,11.71
SKU-0011431,SUP-000264,False,12.23
SKU-0011432,SUP-000324,True,5.69
SKU-0011433,SUP-000371,True,1.3
SKU-0011434,SUP-000396,True,25.32
SKU-0011435,SUP-000194,True,
SKU-0011435,SUP-000075,False,1.86
SKU-0011436,SUP-000136,True,14.83
SKU-0011437,SUP-000243,True,63.89
SKU-0011437,SUP-000334,False,58.48
SKU-0011437,SUP-000190,False,74.53
SKU-0011438,SUP-000158,True,22.41
SKU-0011439,SUP-000212,True,3.33
SKU-0011440,SUP-000111,True,1.47
SKU-0011441,SUP-000095,True,6.57
SKU-0011442,SUP-000435,True,3.19
SKU-0011443,SUP-000199,True,46.36
SKU-0011444,SUP-000259,True,95.4
SKU-0011444,SUP-000289,False,107.81
SKU-0011445,SUP-000223,True,33.96
SKU-0011446,SUP-000276,True,7.14
SKU-0011447,SUP-000322,True,6.92
SKU-0011448,SUP-000047,True,160.75
SKU-0011448,SUP-000334,False,176.98
SKU-0011449,SUP-000203,True,5.65
SKU-0011449,SUP-000346,False,5.46
SKU-0011450,SUP-000236,True,28.77
SKU-0011451,SUP-000140,True,1.8
SKU-0011451,SUP-000254,False,2.08
SKU-0011452,SUP-000180,True,0.4
SKU-0011453,SUP-000417,True,3.24
SKU-0011454,SUP-000365,True,2.16
SKU-0011455,SUP-000328,True,42.46
SKU-0011456,SUP-000345,True,106.18
SKU-0011457,SUP-000213,True,11.05
SKU-0011457,SUP-000320,False,12.57
SKU-0011458,SUP-000401,True,75.97
SKU-0011459,SUP-000305,True,0.36
SKU-0011460,SUP-000285,True,1.14
SKU-0011460,SUP-000187,False,1.28
SKU-0011461,SUP-000334,True,5.21
SKU-0011462,SUP-000389,True,48.13
SKU-0011463,SUP-000105,True,0.86
SKU-0011463,SUP-000010,False,0.75
SKU-0011464,SUP-000155,True,4.28
SKU-0011465,SUP-000238,True,2.19
SKU-0011465,SUP-000138,False,2.49
SKU-0011466,SUP-000374,True,8.47
SKU-0011467,SUP-000030,True,12.01
SKU-0011468,SUP-000126,True,91.64
SKU-0011469,SUP-000203,True,3.63
SKU-0011470,SUP-000055,True,17.14
SKU-0011471,SUP-000235,True,18.22
SKU-0011471,SUP-000233,False,19.06
SKU-0011472,SUP-000212,True,1.97
SKU-0011473,SUP-000046,True,110.08
SKU-0011474,SUP-000271,True,7.54
SKU-0011475,SUP-000368,True,14.1
SKU-0011475,SUP-000282,False,14.22
SKU-0011476,SUP-000424,True,5.41
SKU-0011477,SUP-000020,True,4.33
SKU-0011478,SUP-000362,True,0.4
SKU-0011479,SUP-000135,True,2.91
SKU-0011479,SUP-000192,False,3.17
SKU-0011480,SUP-000087,True,1.45
SKU-0011481,SUP-000097,True,1.06
SKU-0011482,SUP-000323,True,233.62
SKU-0011483,SUP-000184,True,3.53
SKU-0011484,SUP-000105,True,58.28
SKU-0011485,SUP-000413,True,1.56
SKU-0011486,SUP-000441,True,9.01
SKU-0011487,SUP-000086,True,5.6
SKU-0011487,SUP-000031,False,5.66
SKU-0011488,SUP-000203,True,6.43
SKU-0011489,SUP-000357,True,
SKU-0011490,SUP-000281,True,28.27
SKU-0011490,SUP-000372,False,28.57
SKU-0011490,SUP-000178,False,24.77
SKU-0011491,SUP-000213,True,1.76
SKU-0011492,SUP-000299,True,10.26
SKU-0011493,SUP-000359,True,9.54
SKU-0011493,SUP-000179,False,9.91
SKU-0011494,SUP-000193,True,
SKU-0011495,SUP-000043,True,27.9
SKU-0011495,SUP-000217,False,36.83
SKU-0011496,SUP-000207,True,21.26
SKU-0011496,SUP-000321,False,22.52
SKU-0011497,SUP-000297,True,218.19
SKU-0011498,SUP-000283,True,12.69
SKU-0011498,SUP-000409,False,12.36
SKU-0011499,SUP-000348,True,3.45
SKU-0011500,SUP-000293,True,14.2
SKU-0011500,SUP-000271,False,15.4
SKU-0011500,SUP-000029,False,16.35
SKU-0011501,SUP-000199,True,0.39
SKU-0011502,SUP-000172,True,11.47
SKU-0011503,SUP-000301,True,6.39
SKU-0011504,SUP-000263,True,137.98
SKU-0011505,SUP-000247,True,30.69
SKU-0011505,SUP-000038,False,24.39
SKU-0011506,SUP-000025,True,74.49
SKU-0011507,SUP-000251,True,48.65
SKU-0011507,SUP-000315,False,54.06
SKU-0011508,SUP-000105,True,524.46
SKU-0011508,SUP-000141,False,461.39
SKU-0011509,SUP-000047,True,129.11
SKU-0011509,SUP-000437,False,128.28
SKU-0011510,SUP-000387,True,9.11
SKU-0011511,SUP-000156,True,35.93
SKU-0011512,SUP-000417,True,2.43
SKU-0011513,SUP-000432,True,49.81
SKU-0011514,SUP-000239,True,46.7
SKU-0011515,SUP-000251,True,95.23
SKU-0011515,SUP-000166,False,72.66
SKU-0011516,SUP-000226,True,35.8
SKU-0011517,SUP-000123,True,
SKU-0011518,SUP-000027,True,0.77
SKU-0011519,SUP-000125,True,30.09
SKU-0011520,SUP-000298,True,44.85
SKU-0011521,SUP-000264,True,
SKU-0011521,SUP-000368,False,6.06
SKU-0011522,SUP-000141,True,5.68
SKU-0011523,SUP-000011,True,21.69
SKU-0011524,SUP-000172,True,6.64
SKU-0011525,SUP-000353,True,3.53
SKU-0011526,SUP-000051,True,
SKU-0011527,SUP-000007,True,6.04
SKU-0011528,SUP-000332,True,25.97
SKU-0011529,SUP-000070,True,7.52
SKU-0011530,SUP-000002,True,10.42
SKU-0011531,SUP-000210,True,1.82
SKU-0011532,SUP-000206,True,14.92
SKU-0011533,SUP-000403,True,4.64
SKU-0011534,SUP-000416,True,13.23
SKU-0011535,SUP-000259,True,56.14
SKU-0011536,SUP-000166,True,1.91
SKU-0011537,SUP-000002,True,8.1
SKU-0011538,SUP-000203,True,5.66
SKU-0011539,SUP-000286,True,75.95
SKU-0011540,SUP-000290,True,3.53
SKU-0011541,SUP-000367,True,4.84
SKU-0011541,SUP-000094,False,
SKU-0011541,SUP-000110,False,4.2
SKU-0011542,SUP-000075,True,7.53
SKU-0011543,SUP-000234,True,3.52
SKU-0011544,SUP-000035,True,6.04
SKU-0011544,SUP-000122,False,5.82
SKU-0011545,SUP-000345,True,22.74
SKU-0011545,SUP-000128,False,19.58
SKU-0011545,SUP-000207,False,24.87
SKU-0011546,SUP-000111,True,28.12
SKU-0011547,SUP-000210,True,1.35
SKU-0011547,SUP-000203,False,1.19
SKU-0011548,SUP-000422,True,4.13
SKU-0011549,SUP-000440,True,7.8
SKU-0011550,SUP-000089,True,1.77
SKU-0011551,SUP-000321,True,0.5
SKU-0011551,SUP-000191,False,0.47
SKU-0011552,SUP-000035,True,11.88
SKU-0011552,SUP-000384,False,10.76
SKU-0011552,SUP-000118,False,11.25
SKU-0011553,SUP-000290,True,6.07
SKU-0011554,SUP-000200,True,3.91
SKU-0011555,SUP-000355,True,2.81
SKU-0011555,SUP-000122,False,
SKU-0011556,SUP-000154,True,24.64
SKU-0011557,SUP-000220,True,27.13
SKU-0011557,SUP-000048,False,27.07
SKU-0011558,SUP-000440,True,23.8
SKU-0011559,SUP-000260,True,9.41
SKU-0011560,SUP-000303,True,4.01
SKU-0011561,SUP-000015,True,44.44
SKU-0011562,SUP-000331,True,11.31
SKU-0011563,SUP-000396,True,12.24
SKU-0011563,SUP-000238,False,12.78
SKU-0011564,SUP-000448,True,5.5
SKU-0011565,SUP-000015,True,6.21
SKU-0011565,SUP-000376,False,7.14
SKU-0011566,SUP-000395,True,1.62
SKU-0011566,SUP-000119,False,1.77
SKU-0011567,SUP-000324,True,1.64
SKU-0011568,SUP-000002,True,0.83
SKU-0011568,SUP-000279,False,0.85
SKU-0011569,SUP-000174,True,0.4
SKU-0011570,SUP-000065,True,6.04
SKU-0011571,SUP-000216,True,2.01
SKU-0011572,SUP-000376,True,20.68
SKU-0011573,SUP-000407,True,3.88
SKU-0011573,SUP-000112,False,3.14
SKU-0011574,SUP-000284,True,4.81
SKU-0011574,SUP-000052,False,5.22
SKU-0011575,SUP-000033,True,2.58
SKU-0011575,SUP-000289,False,2.81
SKU-0011575,SUP-000010,False,2.6
SKU-0011576,SUP-000200,True,21.67
SKU-0011577,SUP-000123,True,17.41
SKU-0011578,SUP-000405,True,1.73
SKU-0011579,SUP-000421,True,10.63
SKU-0011580,SUP-000095,True,14.49
SKU-0011581,SUP-000288,True,6.2
SKU-0011581,SUP-000023,False,5.86
SKU-0011582,SUP-000426,True,62.45
SKU-0011582,SUP-000327,False,56.51
SKU-0011583,SUP-000335,True,2.05
SKU-0011584,SUP-000097,True,17.68
SKU-0011585,SUP-000145,True,29.23
SKU-0011585,SUP-000190,False,29.79
SKU-0011586,SUP-000135,True,4.63
SKU-0011586,SUP-000032,False,4.57
SKU-0011587,SUP-000061,True,26.13
SKU-0011587,SUP-000065,False,25.65
SKU-0011588,SUP-000339,True,21.21
SKU-0011588,SUP-000118,False,18.95
SKU-0011588,SUP-000433,False,24.37
SKU-0011589,SUP-000142,True,7.08
SKU-0011590,SUP-000373,True,86.13
SKU-0011591,SUP-000336,True,14.81
SKU-0011592,SUP-000031,True,20.78
SKU-0011593,SUP-000180,True,5.41
SKU-0011594,SUP-000443,True,2.26
SKU-0011595,SUP-000007,True,29.59
SKU-0011595,SUP-000392,False,24.9
SKU-0011596,SUP-000322,True,31.88
SKU-0011597,SUP-000199,True,28.45
SKU-0011597,SUP-000377,False,30.98
SKU-0011598,SUP-000098,True,95.13
SKU-0011599,SUP-000359,True,1.52
SKU-0011600,SUP-000399,True,5.93
SKU-0011601,SUP-000330,True,2.0
SKU-0011601,SUP-000061,False,2.44
SKU-0011602,SUP-000278,True,1.75
SKU-0011603,SUP-000390,True,0.36
SKU-0011603,SUP-000197,False,0.41
SKU-0011604,SUP-000228,True,4.95
SKU-0011604,SUP-000051,False,4.43
SKU-0011605,SUP-000079,True,1.72
SKU-0011605,SUP-000107,False,1.6
SKU-0011606,SUP-000215,True,17.5
SKU-0011606,SUP-000194,False,17.29
SKU-0011607,SUP-000232,True,8.29
SKU-0011608,SUP-000392,True,23.03
SKU-0011608,SUP-000172,False,23.49
SKU-0011609,SUP-000068,True,1.75
SKU-0011610,SUP-000159,True,19.55
SKU-0011610,SUP-000090,False,18.58
SKU-0011610,SUP-000294,False,20.61
SKU-0011611,SUP-000332,True,8.86
SKU-0011612,SUP-000438,True,13.12
SKU-0011612,SUP-000066,False,12.73
SKU-0011613,SUP-000064,True,0.63
SKU-0011614,SUP-000020,True,13.17
SKU-0011615,SUP-000390,True,11.89
SKU-0011616,SUP-000022,True,104.64
SKU-0011617,SUP-000410,True,2.62
SKU-0011618,SUP-000326,True,12.55
SKU-0011619,SUP-000430,True,34.88
SKU-0011620,SUP-000230,True,13.68
SKU-0011621,SUP-000007,True,
SKU-0011622,SUP-000435,True,54.97
SKU-0011623,SUP-000301,True,2.97
SKU-0011624,SUP-000106,True,4.52
SKU-0011625,SUP-000239,True,4.02
SKU-0011626,SUP-000308,True,6.81
SKU-0011626,SUP-000026,False,8.42
SKU-0011627,SUP-000251,True,14.64
SKU-0011627,SUP-000377,False,15.93
SKU-0011627,SUP-000415,False,15.67
SKU-0011628,SUP-000129,True,17.24
SKU-0011629,SUP-000092,True,4.05
SKU-0011630,SUP-000351,True,1.06
SKU-0011631,SUP-000449,True,39.17
SKU-0011632,SUP-000015,True,8.08
SKU-0011632,SUP-000080,False,6.96
SKU-0011633,SUP-000089,True,11.44
SKU-0011633,SUP-000263,False,10.11
SKU-0011633,SUP-000259,False,12.22
SKU-0011634,SUP-000393,True,4.74
SKU-0011634,SUP-000412,False,4.98
SKU-0011635,SUP-000357,True,28.98
SKU-0011636,SUP-000340,True,84.43
SKU-0011636,SUP-000120,False,86.41
SKU-0011637,SUP-000165,True,158.22
SKU-0011637,SUP-000365,False,
SKU-0011638,SUP-000153,True,6.47
SKU-0011638,SUP-000274,False,7.7
SKU-0011639,SUP-000158,True,35.27
SKU-0011639,SUP-000083,False,36.22
SKU-0011640,SUP-000366,True,62.9
SKU-0011641,SUP-000245,True,48.4
SKU-0011641,SUP-000194,False,62.65
SKU-0011642,SUP-000389,True,
SKU-0011643,SUP-000417,True,7.32
SKU-0011643,SUP-000192,False,8.72
SKU-0011644,SUP-000018,True,194.62
SKU-0011645,SUP-000161,True,16.93
SKU-0011646,SUP-000176,True,63.3
SKU-0011647,SUP-000207,True,73.02
SKU-0011647,SUP-000100,False,86.42
SKU-0011648,SUP-000214,True,1.47
SKU-0011649,SUP-000331,True,4.79
SKU-0011650,SUP-000269,True,16.5
SKU-0011650,SUP-000013,False,14.82
SKU-0011651,SUP-000030,True,2.74
SKU-0011652,SUP-000301,True,54.34
SKU-0011653,SUP-000277,True,15.96
SKU-0011654,SUP-000064,True,80.18
SKU-0011655,SUP-000034,True,3.21
SKU-0011656,SUP-000100,True,4.08
SKU-0011657,SUP-000322,True,2.21
SKU-0011658,SUP-000021,True,56.28
SKU-0011659,SUP-000260,True,6.04
SKU-0011660,SUP-000020,True,57.52
SKU-0011660,SUP-000145,False,54.24
SKU-0011661,SUP-000131,True,25.99
SKU-0011662,SUP-000031,True,3.41
SKU-0011663,SUP-000253,True,1.24
SKU-0011664,SUP-000218,True,35.43
SKU-0011665,SUP-000191,True,32.87
SKU-0011666,SUP-000286,True,11.93
SKU-0011667,SUP-000430,True,31.75
SKU-0011667,SUP-000376,False,27.02
SKU-0011668,SUP-000325,True,44.35
SKU-0011669,SUP-000169,True,12.06
SKU-0011670,SUP-000316,True,7.77
SKU-0011670,SUP-000348,False,7.12
SKU-0011671,SUP-000189,True,65.25
SKU-0011671,SUP-000438,False,59.67
SKU-0011671,SUP-000183,False,71.72
SKU-0011672,SUP-000167,True,23.43
SKU-0011673,SUP-000258,True,6.12
SKU-0011673,SUP-000444,False,6.11
SKU-0011674,SUP-000036,True,9.99
SKU-0011675,SUP-000396,True,26.82
SKU-0011676,SUP-000186,True,9.18
SKU-0011677,SUP-000002,True,4.36
SKU-0011678,SUP-000041,True,3.55
SKU-0011679,SUP-000197,True,2.85
SKU-0011679,SUP-000433,False,3.7
SKU-0011680,SUP-000022,True,405.32
SKU-0011680,SUP-000215,False,
SKU-0011681,SUP-000254,True,45.16
SKU-0011681,SUP-000273,False,34.0
SKU-0011682,SUP-000191,True,8.08
SKU-0011682,SUP-000354,False,6.62
SKU-0011682,SUP-000190,False,6.44
SKU-0011683,SUP-000123,True,157.02
SKU-0011684,SUP-000378,True,10.52
SKU-0011685,SUP-000026,True,4.95
SKU-0011685,SUP-000133,False,4.39
SKU-0011686,SUP-000068,True,2.76
SKU-0011687,SUP-000122,True,2.28
SKU-0011688,SUP-000081,True,1.91
SKU-0011689,SUP-000167,True,42.47
SKU-0011689,SUP-000402,False,57.17
SKU-0011689,SUP-000160,False,54.41
SKU-0011690,SUP-000252,True,6.34
SKU-0011690,SUP-000213,False,6.16
SKU-0011691,SUP-000390,True,22.52
SKU-0011692,SUP-000296,True,1.73
SKU-0011692,SUP-000262,False,1.57
SKU-0011693,SUP-000370,True,3.1
SKU-0011694,SUP-000353,True,16.19
SKU-0011694,SUP-000193,False,19.21
SKU-0011695,SUP-000117,True,1.02
SKU-0011696,SUP-000132,True,21.12
SKU-0011697,SUP-000194,True,4.76
SKU-0011698,SUP-000409,True,17.59
SKU-0011699,SUP-000210,True,51.37
SKU-0011699,SUP-000249,False,38.88
SKU-0011700,SUP-000043,True,128.05
SKU-0011700,SUP-000149,False,109.45
SKU-0011701,SUP-000430,True,6.72
SKU-0011702,SUP-000363,True,14.88
SKU-0011702,SUP-000278,False,14.73
SKU-0011702,SUP-000059,False,18.23
SKU-0011703,SUP-000125,True,
SKU-0011704,SUP-000268,True,23.24
SKU-0011705,SUP-000045,True,48.01
SKU-0011706,SUP-000410,True,3.5
SKU-0011706,SUP-000152,False,
SKU-0011707,SUP-000381,True,28.38
SKU-0011707,SUP-000389,False,24.99
SKU-0011708,SUP-000108,True,3.74
SKU-0011709,SUP-000197,True,4.78
SKU-0011710,SUP-000188,True,1.53
SKU-0011711,SUP-000300,True,1.03
SKU-0011712,SUP-000315,True,33.09
SKU-0011713,SUP-000064,True,34.77
SKU-0011713,SUP-000036,False,29.17
SKU-0011714,SUP-000332,True,31.2
SKU-0011715,SUP-000355,True,1.04
SKU-0011716,SUP-000068,True,5.29
SKU-0011717,SUP-000306,True,24.68
SKU-0011718,SUP-000002,True,8.03
SKU-0011719,SUP-000044,True,0.72
SKU-0011720,SUP-000425,True,12.99
SKU-0011721,SUP-000052,True,19.37
SKU-0011722,SUP-000227,True,7.9
SKU-0011722,SUP-000254,False,8.39
SKU-0011723,SUP-000388,True,2.73
SKU-0011724,SUP-000397,True,12.59
SKU-0011724,SUP-000298,False,14.96
SKU-0011725,SUP-000370,True,0.35
SKU-0011726,SUP-000074,True,14.32
SKU-0011727,SUP-000024,True,22.31
SKU-0011727,SUP-000404,False,22.36
SKU-0011728,SUP-000047,True,5.99
SKU-0011729,SUP-000252,True,24.62
SKU-0011730,SUP-000123,True,3.88
SKU-0011731,SUP-000353,True,14.5
SKU-0011731,SUP-000080,False,12.64
SKU-0011732,SUP-000160,True,18.26
SKU-0011733,SUP-000059,True,151.34
SKU-0011733,SUP-000310,False,123.08
SKU-0011734,SUP-000250,True,37.18
SKU-0011734,SUP-000190,False,37.5
SKU-0011735,SUP-000103,True,25.72
SKU-0011735,SUP-000310,False,23.13
SKU-0011736,SUP-000127,True,4.49
SKU-0011737,SUP-000102,True,37.6
SKU-0011737,SUP-000261,False,35.72
SKU-0011738,SUP-000382,True,7.63
SKU-0011739,SUP-000327,True,21.91
SKU-0011740,SUP-000397,True,11.71
SKU-0011740,SUP-000187,False,11.16
SKU-0011741,SUP-000385,True,19.35
SKU-0011742,SUP-000223,True,15.49
SKU-0011743,SUP-000195,True,3.13
SKU-0011744,SUP-000396,True,13.68
SKU-0011745,SUP-000395,True,9.5
SKU-0011746,SUP-000234,True,61.94
SKU-0011746,SUP-000039,False,66.72
SKU-0011746,SUP-000323,False,66.5
SKU-0011747,SUP-000127,True,26.96
SKU-0011748,SUP-000266,True,158.15
SKU-0011749,SUP-000089,True,4.77
SKU-0011749,SUP-000029,False,5.21
SKU-0011750,SUP-000366,True,8.53
SKU-0011751,SUP-000293,True,16.9
SKU-0011752,SUP-000447,True,28.63
SKU-0011753,SUP-000368,True,46.37
SKU-0011754,SUP-000317,True,7.21
SKU-0011755,SUP-000139,True,2.16
SKU-0011756,SUP-000013,True,21.85
SKU-0011756,SUP-000408,False,19.47
SKU-0011757,SUP-000265,True,47.95
SKU-0011757,SUP-000085,False,39.51
SKU-0011758,SUP-000297,True,3.14
SKU-0011759,SUP-000112,True,237.09
SKU-0011760,SUP-000182,True,94.08
SKU-0011761,SUP-000100,True,8.81
SKU-0011762,SUP-000047,True,9.31
SKU-0011763,SUP-000032,True,36.0
SKU-0011763,SUP-000335,False,32.52
SKU-0011764,SUP-000398,True,11.82
SKU-0011765,SUP-000095,True,30.69
SKU-0011766,SUP-000055,True,4.1
SKU-0011767,SUP-000183,True,5.71
SKU-0011768,SUP-000292,True,4.07
SKU-0011769,SUP-000092,True,27.93
SKU-0011770,SUP-000373,True,65.96
SKU-0011771,SUP-000092,True,99.18
SKU-0011772,SUP-000299,True,25.73
SKU-0011773,SUP-000008,True,11.14
SKU-0011773,SUP-000251,False,11.15
SKU-0011774,SUP-000130,True,24.44
SKU-0011774,SUP-000412,False,21.78
SKU-0011775,SUP-000034,True,2.48
SKU-0011776,SUP-000098,True,5.32
SKU-0011777,SUP-000431,True,33.6
SKU-0011777,SUP-000197,False,29.27
SKU-0011778,SUP-000192,True,17.37
SKU-0011779,SUP-000355,True,7.96
SKU-0011780,SUP-000334,True,60.84
SKU-0011781,SUP-000263,True,48.88
SKU-0011782,SUP-000262,True,18.44
SKU-0011782,SUP-000012,False,18.37
SKU-0011783,SUP-000411,True,8.16
SKU-0011783,SUP-000294,False,9.09
SKU-0011784,SUP-000435,True,0.91
SKU-0011785,SUP-000139,True,5.16
SKU-0011785,SUP-000329,False,5.05
SKU-0011786,SUP-000446,True,34.39
SKU-0011786,SUP-000235,False,32.01
SKU-0011787,SUP-000333,True,
SKU-0011788,SUP-000041,True,29.62
SKU-0011789,SUP-000210,True,3.29
SKU-0011789,SUP-000391,False,4.25
SKU-0011789,SUP-000362,False,3.99
SKU-0011790,SUP-000310,True,24.09
SKU-0011790,SUP-000397,False,25.2
SKU-0011791,SUP-000273,True,0.98
SKU-0011791,SUP-000372,False,0.99
SKU-0011792,SUP-000430,True,32.95
SKU-0011793,SUP-000304,True,9.92
SKU-0011794,SUP-000404,True,6.46
SKU-0011795,SUP-000003,True,4.81
SKU-0011796,SUP-000389,True,15.52
SKU-0011797,SUP-000346,True,
SKU-0011798,SUP-000240,True,28.43
SKU-0011798,SUP-000309,False,25.37
SKU-0011799,SUP-000277,True,5.23
SKU-0011800,SUP-000331,True,5.09
SKU-0011801,SUP-000431,True,8.33
SKU-0011801,SUP-000443,False,8.09
SKU-0011802,SUP-000280,True,
SKU-0011803,SUP-000267,True,67.26
SKU-0011804,SUP-000257,True,16.49
SKU-0011805,SUP-000246,True,47.05
SKU-0011805,SUP-000432,False,45.52
SKU-0011806,SUP-000304,True,12.33
SKU-0011806,SUP-000427,False,11.16
SKU-0011807,SUP-000202,True,19.45
SKU-0011808,SUP-000166,True,5.65
SKU-0011808,SUP-000293,False,4.97
SKU-0011809,SUP-000306,True,-5.21
SKU-0011809,SUP-000095,False,-5.26
SKU-0011810,SUP-000194,True,1.34
SKU-0011811,SUP-000277,True,40.38
SKU-0011812,SUP-000319,True,23.59
SKU-0011813,SUP-000261,True,3.5
SKU-0011814,SUP-000232,True,1.16
SKU-0011815,SUP-000423,True,29.19
SKU-0011816,SUP-000133,True,51.97
SKU-0011816,SUP-000030,False,49.62
SKU-0011817,SUP-000436,True,3.7
SKU-0011818,SUP-000199,True,31.2
SKU-0011819,SUP-000327,True,77.76
SKU-0011819,SUP-000359,False,60.84
SKU-0011820,SUP-000059,True,6.0
SKU-0011821,SUP-000064,True,63.28
SKU-0011822,SUP-000414,True,4.21
SKU-0011823,SUP-000255,True,40.57
SKU-0011823,SUP-000087,False,45.01
SKU-0011824,SUP-000045,True,6.53
SKU-0011825,SUP-000082,True,21.53
SKU-0011826,SUP-000332,True,4.29
SKU-0011827,SUP-000018,True,9.67
SKU-0011828,SUP-000120,True,5.53
SKU-0011828,SUP-000027,False,4.89
SKU-0011829,SUP-000288,True,3.23
SKU-0011830,SUP-000038,True,
SKU-0011831,SUP-000157,True,6.92
SKU-0011832,SUP-000066,True,1.75
SKU-0011832,SUP-000139,False,1.36
SKU-0011833,SUP-000021,True,3.74
SKU-0011833,SUP-000365,False,4.41
SKU-0011833,SUP-000385,False,4.21
SKU-0011834,SUP-000044,True,14.11
SKU-0011834,SUP-000153,False,12.79
SKU-0011835,SUP-000405,True,4.04
SKU-0011836,SUP-000026,True,21.45
SKU-0011837,SUP-000084,True,50.77
SKU-0011838,SUP-000200,True,24.13
SKU-0011839,SUP-000325,True,15.66
SKU-0011840,SUP-000344,True,7.36
SKU-0011841,SUP-000029,True,19.94
SKU-0011842,SUP-000208,True,21.72
SKU-0011843,SUP-000303,True,41.77
SKU-0011844,SUP-000091,True,14.37
SKU-0011845,SUP-000376,True,39.75
SKU-0011846,SUP-000369,True,52.15
SKU-0011846,SUP-000404,False,67.44
SKU-0011847,SUP-000303,True,5.02
SKU-0011848,SUP-000335,True,161.32
SKU-0011848,SUP-000332,False,127.08
SKU-0011848,SUP-000120,False,140.43
SKU-0011849,SUP-000443,True,14.98
SKU-0011850,SUP-000153,True,94.86
SKU-0011851,SUP-000120,True,13.29
SKU-0011852,SUP-000352,True,42.82
SKU-0011852,SUP-000422,False,38.18
SKU-0011853,SUP-000383,True,11.78
SKU-0011854,SUP-000057,True,1.25
SKU-0011855,SUP-000081,True,12.01
SKU-0011856,SUP-000078,True,33.04
SKU-0011857,SUP-000090,True,1.95
SKU-0011857,SUP-000289,False,1.89
SKU-0011858,SUP-000012,True,
SKU-0011859,SUP-000002,True,30.08
SKU-0011860,SUP-000097,True,225.75
SKU-0011861,SUP-000335,True,40.44
SKU-0011861,SUP-000136,False,42.09
SKU-0011862,SUP-000400,True,8.55
SKU-0011862,SUP-000297,False,10.26
SKU-0011863,SUP-000154,True,74.89
SKU-0011864,SUP-000301,True,10.79
SKU-0011865,SUP-000265,True,7.38
SKU-0011866,SUP-000029,True,5.96
SKU-0011867,SUP-000298,True,0.52
SKU-0011868,SUP-000245,True,223.46
SKU-0011869,SUP-000379,True,22.35
SKU-0011869,SUP-000011,False,23.72
SKU-0011870,SUP-000146,True,62.74
SKU-0011870,SUP-000001,False,64.89
SKU-0011871,SUP-000188,True,9.03
SKU-0011872,SUP-000105,True,15.66
SKU-0011873,SUP-000233,True,55.56
SKU-0011873,SUP-000205,False,47.81
SKU-0011874,SUP-000106,True,5.44
SKU-0011874,SUP-000446,False,5.25
SKU-0011875,SUP-000323,True,16.71
SKU-0011876,SUP-000269,True,
SKU-0011877,SUP-000018,True,3.95
SKU-0011878,SUP-000365,True,3.28
SKU-0011879,SUP-000321,True,27.02
SKU-0011880,SUP-000081,True,69.14
SKU-0011881,SUP-000229,True,135.83
SKU-0011881,SUP-000031,False,128.8
SKU-0011881,SUP-000001,False,140.68
SKU-0011882,SUP-000135,True,8.27
SKU-0011883,SUP-000167,True,6.44
SKU-0011883,SUP-000450,False,7.58
SKU-0011884,SUP-000251,True,31.86
SKU-0011885,SUP-000435,True,127.38
SKU-0011886,SUP-000344,True,10.55
SKU-0011887,SUP-000440,True,7.6
SKU-0011887,SUP-000415,False,6.14
SKU-0011888,SUP-000440,True,7.76
SKU-0011888,SUP-000261,False,8.16
SKU-0011888,SUP-000343,False,8.13
SKU-0011889,SUP-000375,True,40.13
SKU-0011890,SUP-000116,True,9.22
SKU-0011890,SUP-000300,False,8.47
SKU-0011890,SUP-000449,False,9.77
SKU-0011891,SUP-000206,True,0.43
SKU-0011891,SUP-000032,False,0.48
SKU-0011892,SUP-000057,True,4.5
SKU-0011893,SUP-000264,True,4.74
SKU-0011894,SUP-000325,True,6.56
SKU-0011895,SUP-000157,True,183.24
SKU-0011895,SUP-000097,False,192.29
SKU-0011896,SUP-000388,True,4.72
SKU-0011897,SUP-000112,True,13.72
SKU-0011897,SUP-000167,False,13.49
SKU-0011898,SUP-000281,True,6.92
SKU-0011898,SUP-000176,False,6.16
SKU-0011899,SUP-000323,True,4.76
SKU-0011900,SUP-000165,True,26.28
SKU-0011900,SUP-000313,False,22.17
SKU-0011901,SUP-000088,True,2.66
SKU-0011902,SUP-000369,True,34.62
SKU-0011903,SUP-000034,True,51.55
SKU-0011904,SUP-000027,True,18.22
SKU-0011904,SUP-000429,False,21.51
SKU-0011905,SUP-000337,True,1.77
SKU-0011906,SUP-000301,True,
SKU-0011907,SUP-000281,True,2.98
SKU-0011908,SUP-000425,True,29.58
SKU-0011908,SUP-000023,False,27.14
SKU-0011909,SUP-000152,True,5.24
SKU-0011910,SUP-000440,True,0.45
SKU-0011910,SUP-000094,False,0.42
SKU-0011911,SUP-000101,True,40.64
SKU-0011912,SUP-000133,True,17.64
SKU-0011913,SUP-000266,True,20.03
SKU-0011913,SUP-000333,False,21.74
SKU-0011914,SUP-000097,True,29.1
SKU-0011914,SUP-000259,False,30.18
SKU-0011915,SUP-000101,True,4.61
SKU-0011916,SUP-000241,True,2.25
SKU-0011917,SUP-000354,True,65.58
SKU-0011918,SUP-000144,True,7.69
SKU-0011918,SUP-000246,False,7.52
SKU-0011919,SUP-000299,True,104.07
SKU-0011920,SUP-000423,True,27.42
SKU-0011921,SUP-000050,True,5.47
SKU-0011922,SUP-000433,True,3.32
SKU-0011923,SUP-000417,True,6.48
SKU-0011924,SUP-000010,True,7.89
SKU-0011925,SUP-000339,True,0.38
SKU-0011926,SUP-000008,True,8.57
SKU-0011927,SUP-000311,True,26.7
SKU-0011928,SUP-000027,True,38.34
SKU-0011928,SUP-000289,False,36.53
SKU-0011929,SUP-000187,True,4.78
SKU-0011930,SUP-000126,True,3.43
SKU-0011931,SUP-000205,True,69.52
SKU-0011932,SUP-000377,True,3.88
SKU-0011933,SUP-000161,True,0.38
SKU-0011934,SUP-000301,True,11.76
SKU-0011934,SUP-000380,False,11.53
SKU-0011935,SUP-000149,True,3.48
SKU-0011936,SUP-000036,True,5.15
SKU-0011936,SUP-000434,False,4.45
SKU-0011937,SUP-000389,True,64.45
SKU-0011938,SUP-000386,True,14.96
SKU-0011939,SUP-000440,True,6.21
SKU-0011940,SUP-000379,True,9.3
SKU-0011941,SUP-000047,True,2.91
SKU-0011942,SUP-000273,True,110.12
SKU-0011943,SUP-000057,True,3.31
SKU-0011944,SUP-000190,True,6.56
SKU-0011944,SUP-000240,False,7.58
SKU-0011945,SUP-000036,True,87.87
SKU-0011946,SUP-000312,True,36.43
SKU-0011947,SUP-000282,True,14.55
SKU-0011948,SUP-000050,True,104.61
SKU-0011948,SUP-000102,False,90.29
SKU-0011949,SUP-000229,True,3.47
SKU-0011950,SUP-000281,True,3.88
SKU-0011950,SUP-000369,False,3.94
SKU-0011950,SUP-000070,False,3.32
SKU-0011951,SUP-000358,True,4.97
SKU-0011952,SUP-000305,True,49.08
SKU-0011953,SUP-000438,True,10.02
SKU-0011954,SUP-000430,True,8.46
SKU-0011955,SUP-000114,True,2.99
SKU-0011956,SUP-000129,True,132.55
SKU-0011956,SUP-000283,False,118.54
SKU-0011957,SUP-000084,True,16.45
SKU-0011958,SUP-000086,True,3.0
SKU-0011958,SUP-000205,False,
SKU-0011959,SUP-000056,True,14.02
SKU-0011959,SUP-000384,False,14.9
SKU-0011960,SUP-000069,True,6.33
SKU-0011961,SUP-000231,True,15.07
SKU-0011961,SUP-000167,False,13.23
SKU-0011962,SUP-000012,True,4.72
SKU-0011963,SUP-000336,True,12.14
SKU-0011964,SUP-000185,True,90.82
SKU-0011965,SUP-000449,True,5.83
SKU-0011965,SUP-000372,False,4.81
SKU-0011966,SUP-000125,True,1.67
SKU-0011966,SUP-000006,False,2.05
SKU-0011966,SUP-000080,False,1.75
SKU-0011967,SUP-000437,True,8.02
SKU-0011967,SUP-000044,False,8.12
SKU-0011967,SUP-000313,False,8.08
SKU-0011968,SUP-000052,True,24.34
SKU-0011969,SUP-000080,True,49.01
SKU-0011970,SUP-000421,True,13.16
SKU-0011971,SUP-000353,True,39.16
SKU-0011972,SUP-000245,True,8.56
SKU-0011973,SUP-000237,True,4.68
SKU-0011973,SUP-000229,False,4.33
SKU-0011974,SUP-000404,True,5.77
SKU-0011975,SUP-000074,True,37.15
SKU-0011976,SUP-000415,True,34.45
SKU-0011977,SUP-000337,True,35.88
SKU-0011978,SUP-000031,True,-52.02
SKU-0011979,SUP-000113,True,105.45
SKU-0011980,SUP-000071,True,
SKU-0011981,SUP-000293,True,39.59
SKU-0011982,SUP-000039,True,57.64
SKU-0011983,SUP-000159,True,99.84
SKU-0011984,SUP-000257,True,78.47
SKU-0011985,SUP-000401,True,4.15
SKU-0011985,SUP-000257,False,3.94
SKU-0011986,SUP-000001,True,1.62
SKU-0011987,SUP-000326,True,15.33
SKU-0011988,SUP-000236,True,9.02
SKU-0011988,SUP-000277,False,11.75
SKU-0011989,SUP-000093,True,3.92
SKU-0011989,SUP-000131,False,3.82
SKU-0011989,SUP-000055,False,3.74
SKU-0011990,SUP-000409,True,30.46
SKU-0011991,SUP-000256,True,7.02
SKU-0011992,SUP-000140,True,4.13
SKU-0011993,SUP-000260,True,8.69
SKU-0011994,SUP-000438,True,70.52
SKU-0011995,SUP-000264,True,22.48
SKU-0011996,SUP-000293,True,6.36
SKU-0011997,SUP-000170,True,9.72
SKU-0011998,SUP-000360,True,22.69
SKU-0011999,SUP-000416,True,5.16
SKU-0011999,SUP-000284,False,5.29
SKU-0011999,SUP-000027,False,4.85
SKU-0012000,SUP-000004,True,1.2
SKU-0012001,SUP-000332,True,21.26
SKU-0012001,SUP-000101,False,22.08
SKU-0012002,SUP-000047,True,8.96
SKU-0012003,SUP-000088,True,2.76
SKU-0012003,SUP-000441,False,2.41
SKU-0012003,SUP-000388,False,3.15
SKU-0012004,SUP-000398,True,94.95
SKU-0012005,SUP-000382,True,113.12
SKU-0012006,SUP-000364,True,0.65
SKU-0012007,SUP-000247,True,12.41
SKU-0012008,SUP-000275,True,2.72
SKU-0012009,SUP-000201,True,53.95
SKU-0012009,SUP-000022,False,55.47
SKU-0012010,SUP-000312,True,8.28
SKU-0012010,SUP-000310,False,8.25
SKU-0012011,SUP-000232,True,103.42
SKU-0012011,SUP-000275,False,130.3
SKU-0012012,SUP-000267,True,26.95
SKU-0012012,SUP-000173,False,30.59
SKU-0012012,SUP-000296,False,28.05
SKU-0012013,SUP-000354,True,11.84
SKU-0012014,SUP-000326,True,19.31
SKU-0012014,SUP-000115,False,21.14
SKU-0012015,SUP-000133,True,9.74
SKU-0012016,SUP-000153,True,12.45
SKU-0012017,SUP-000022,True,18.2
SKU-0012018,SUP-000015,True,2.4
SKU-0012019,SUP-000204,True,11.7
SKU-0012019,SUP-000364,False,13.63
SKU-0012019,SUP-000251,False,14.26
SKU-0012020,SUP-000373,True,8.08
SKU-0012021,SUP-000329,True,11.43
SKU-0012021,SUP-000196,False,8.9
SKU-0012022,SUP-000336,True,
SKU-0012022,SUP-000429,False,84.93
SKU-0012023,SUP-000286,True,15.06
SKU-0012024,SUP-000242,True,19.4
SKU-0012025,SUP-000147,True,10.75
SKU-0012026,SUP-000359,True,8.91
SKU-0012026,SUP-000088,False,9.1
SKU-0012027,SUP-000182,True,8.81
SKU-0012027,SUP-000366,False,8.02
SKU-0012027,SUP-000273,False,8.25
SKU-0012028,SUP-000182,True,14.22
SKU-0012029,SUP-000327,True,2.04
SKU-0012030,SUP-000401,True,2.72
SKU-0012031,SUP-000067,True,17.68
SKU-0012031,SUP-000342,False,15.62
SKU-0012032,SUP-000164,True,
SKU-0012033,SUP-000280,True,35.62
SKU-0012033,SUP-000341,False,33.79
SKU-0012034,SUP-000268,True,14.14
SKU-0012035,SUP-000070,True,6.57
SKU-0012036,SUP-000219,True,
SKU-0012037,SUP-000146,True,43.34
SKU-0012037,SUP-000343,False,48.02
SKU-0012038,SUP-000013,True,12.47
SKU-0012038,SUP-000256,False,14.65
SKU-0012039,SUP-000400,True,32.29
SKU-0012040,SUP-000165,True,60.53
SKU-0012041,SUP-000242,True,57.49
SKU-0012042,SUP-000362,True,6.87
SKU-0012043,SUP-000385,True,19.36
SKU-0012044,SUP-000096,True,23.6
SKU-0012044,SUP-000056,False,20.94
SKU-0012045,SUP-000231,True,21.82
SKU-0012045,SUP-000394,False,21.49
SKU-0012046,SUP-000179,True,7.91
SKU-0012047,SUP-000440,True,21.51
SKU-0012048,SUP-000445,True,11.32
SKU-0012049,SUP-000444,True,19.02
SKU-0012050,SUP-000080,True,12.81
SKU-0012051,SUP-000050,True,7.32
SKU-0012052,SUP-000193,True,9.93
SKU-0012053,SUP-000439,True,10.51
SKU-0012053,SUP-000099,False,9.28
SKU-0012054,SUP-000295,True,19.09
SKU-0012055,SUP-000326,True,2.13
SKU-0012055,SUP-000083,False,2.24
SKU-0012056,SUP-000190,True,15.5
SKU-0012057,SUP-000345,True,73.02
SKU-0012058,SUP-000005,True,19.18
SKU-0012058,SUP-000418,False,21.62
SKU-0012059,SUP-000291,True,3.49
SKU-0012059,SUP-000169,False,3.61
SKU-0012060,SUP-000098,True,1.49
SKU-0012061,SUP-000409,True,
SKU-0012062,SUP-000241,True,21.07
SKU-0012063,SUP-000217,True,1.27
SKU-0012064,SUP-000150,True,9.71
SKU-0012065,SUP-000362,True,9.78
SKU-0012065,SUP-000365,False,10.02
SKU-0012066,SUP-000307,True,5.39
SKU-0012067,SUP-000317,True,2.24
SKU-0012068,SUP-000431,True,49.44
SKU-0012069,SUP-000260,True,1.45
SKU-0012070,SUP-000271,True,77.5
SKU-0012070,SUP-000141,False,71.77
SKU-0012071,SUP-000122,True,26.64
SKU-0012071,SUP-000005,False,27.77
SKU-0012072,SUP-000187,True,85.56
SKU-0012072,SUP-000361,False,101.8
SKU-0012073,SUP-000132,True,28.19
SKU-0012073,SUP-000207,False,25.35
SKU-0012074,SUP-000376,True,8.89
SKU-0012074,SUP-000200,False,10.28
SKU-0012075,SUP-000078,True,134.48
SKU-0012076,SUP-000250,True,98.92
SKU-0012077,SUP-000135,True,83.78
SKU-0012078,SUP-000422,True,13.39
SKU-0012079,SUP-000403,True,22.34
SKU-0012079,SUP-000171,False,24.46
SKU-0012080,SUP-000002,True,1.43
SKU-0012081,SUP-000205,True,14.78
SKU-0012081,SUP-000114,False,14.22
SKU-0012082,SUP-000449,True,137.04
SKU-0012083,SUP-000047,True,58.56
SKU-0012084,SUP-000422,True,6.86
SKU-0012085,SUP-000345,True,6.69
SKU-0012085,SUP-000403,False,5.14
SKU-0012085,SUP-000284,False,5.47
SKU-0012086,SUP-000010,True,15.48
SKU-0012087,SUP-000011,True,8.34
SKU-0012088,SUP-000238,True,1.9
SKU-0012089,SUP-000418,True,31.64
SKU-0012089,SUP-000346,False,34.05
SKU-0012090,SUP-000201,True,4.94
SKU-0012091,SUP-000336,True,1.83
SKU-0012091,SUP-000363,False,1.86
SKU-0012092,SUP-000378,True,130.69
SKU-0012092,SUP-000383,False,139.36
SKU-0012093,SUP-000199,True,2.84
SKU-0012094,SUP-000385,True,0.57
SKU-0012095,SUP-000354,True,31.57
SKU-0012096,SUP-000376,True,65.36
SKU-0012097,SUP-000134,True,7.89
SKU-0012097,SUP-000364,False,8.01
SKU-0012098,SUP-000379,True,1.32
SKU-0012099,SUP-000269,True,20.43
SKU-0012099,SUP-000147,False,20.69
SKU-0012099,SUP-000302,False,21.13
SKU-0012100,SUP-000279,True,12.77
SKU-0012101,SUP-000102,True,14.12
SKU-0012102,SUP-000256,True,72.95
SKU-0012103,SUP-000419,True,40.24
SKU-0012104,SUP-000418,True,11.5
SKU-0012104,SUP-000154,False,9.84
SKU-0012105,SUP-000057,True,106.9
SKU-0012106,SUP-000368,True,27.98
SKU-0012107,SUP-000206,True,26.48
SKU-0012107,SUP-000400,False,24.74
SKU-0012108,SUP-000124,True,4.45
SKU-0012108,SUP-000092,False,5.47
SKU-0012109,SUP-000197,True,0.51
SKU-0012110,SUP-000234,True,18.59
SKU-0012111,SUP-000182,True,21.02
SKU-0012112,SUP-000135,True,38.19
SKU-0012113,SUP-000086,True,5.96
SKU-0012114,SUP-000297,True,62.32
SKU-0012114,SUP-000354,False,51.99
SKU-0012115,SUP-000399,True,15.83
SKU-0012116,SUP-000399,True,16.51
SKU-0012117,SUP-000267,True,2.74
SKU-0012118,SUP-000054,True,18.79
SKU-0012118,SUP-000098,False,16.76
SKU-0012118,SUP-000272,False,
SKU-0012119,SUP-000292,True,0.84
SKU-0012119,SUP-000220,False,0.9
SKU-0012120,SUP-000374,True,2.76
SKU-0012120,SUP-000344,False,2.14
SKU-0012121,SUP-000360,True,6.3
SKU-0012122,SUP-000364,True,0.44
SKU-0012123,SUP-000209,True,39.34
SKU-0012123,SUP-000116,False,44.97
SKU-0012124,SUP-000436,True,12.75
SKU-0012125,SUP-000421,True,6.74
SKU-0012126,SUP-000129,True,24.06
SKU-0012127,SUP-000097,True,11.22
SKU-0012128,SUP-000081,True,1.14
SKU-0012129,SUP-000122,True,11.95
SKU-0012129,SUP-000256,False,12.01
SKU-0012130,SUP-000085,True,5.14
SKU-0012131,SUP-000048,True,92.62
SKU-0012132,SUP-000155,True,8.81
SKU-0012132,SUP-000101,False,9.09
SKU-0012133,SUP-000287,True,92.87
SKU-0012134,SUP-000358,True,202.09
SKU-0012135,SUP-000208,True,65.08
SKU-0012136,SUP-000003,True,13.16
SKU-0012136,SUP-000258,False,14.97
SKU-0012137,SUP-000273,True,12.89
SKU-0012138,SUP-000224,True,4.14
SKU-0012139,SUP-000343,True,8.43
SKU-0012140,SUP-000217,True,37.02
SKU-0012140,SUP-000072,False,34.96
SKU-0012141,SUP-000126,True,20.06
SKU-0012142,SUP-000151,True,1.88
SKU-0012143,SUP-000221,True,12.39
SKU-0012144,SUP-000375,True,23.2
SKU-0012145,SUP-000342,True,48.04
SKU-0012145,SUP-000164,False,44.21
SKU-0012146,SUP-000450,True,4.89
SKU-0012147,SUP-000241,True,5.76
SKU-0012147,SUP-000143,False,5.02
SKU-0012148,SUP-000333,True,2.59
SKU-0012149,SUP-000120,True,8.06
SKU-0012149,SUP-000232,False,7.65
SKU-0012150,SUP-000289,True,69.71
SKU-0012151,SUP-000225,True,65.55
SKU-0012152,SUP-000037,True,7.43
SKU-0012153,SUP-000078,True,39.79
SKU-0012153,SUP-000348,False,33.52
SKU-0012154,SUP-000153,True,383.18
SKU-0012155,SUP-000180,True,14.67
SKU-0012156,SUP-000107,True,37.26
SKU-0012157,SUP-000101,True,6.2
SKU-0012158,SUP-000042,True,25.42
SKU-0012159,SUP-000171,True,28.95
SKU-0012160,SUP-000248,True,45.11
SKU-0012161,SUP-000195,True,115.86
SKU-0012162,SUP-000298,True,114.97
SKU-0012162,SUP-000249,False,132.08
SKU-0012163,SUP-000421,True,29.84
SKU-0012164,SUP-000414,True,3.35
SKU-0012164,SUP-000211,False,3.8
SKU-0012165,SUP-000144,True,6.81
SKU-0012166,SUP-000140,True,1.21
SKU-0012167,SUP-000406,True,1.92
SKU-0012168,SUP-000332,True,27.81
SKU-0012169,SUP-000047,True,7.88
SKU-0012170,SUP-000214,True,0.45
SKU-0012170,SUP-000135,False,0.36
SKU-0012171,SUP-000068,True,48.82
SKU-0012171,SUP-000334,False,49.3
SKU-0012172,SUP-000003,True,42.94
SKU-0012173,SUP-000078,True,2.69
SKU-0012173,SUP-000294,False,3.5
SKU-0012173,SUP-000043,False,3.07
SKU-0012174,SUP-000162,True,0.83
SKU-0012175,SUP-000236,True,69.87
SKU-0012176,SUP-000442,True,17.96
SKU-0012177,SUP-000319,True,4.74
SKU-0012178,SUP-000377,True,7.85
SKU-0012178,SUP-000130,False,7.56
SKU-0012179,SUP-000392,True,-22.52
SKU-0012179,SUP-000363,False,-21.94
SKU-0012180,SUP-000086,True,21.76
SKU-0012181,SUP-000065,True,4.01
SKU-0012182,SUP-000261,True,19.6
SKU-0012183,SUP-000422,True,10.44
SKU-0012183,SUP-000362,False,12.15
SKU-0012184,SUP-000130,True,22.98
SKU-0012185,SUP-000226,True,15.55
SKU-0012186,SUP-000328,True,15.51
SKU-0012186,SUP-000377,False,15.68
SKU-0012187,SUP-000412,True,95.54
SKU-0012188,SUP-000298,True,1.33
SKU-0012189,SUP-000069,True,20.84
SKU-0012190,SUP-000300,True,22.35
SKU-0012191,SUP-000272,True,11.02
SKU-0012192,SUP-000255,True,50.7
SKU-0012193,SUP-000178,True,5.17
SKU-0012194,SUP-000057,True,141.11
SKU-0012195,SUP-000254,True,15.77
SKU-0012196,SUP-000058,True,6.87
SKU-0012197,SUP-000381,True,2.16
SKU-0012198,SUP-000423,True,6.12
SKU-0012199,SUP-000227,True,7.29
SKU-0012200,SUP-000157,True,12.45
SKU-0012200,SUP-000121,False,13.67
SKU-0012201,SUP-000041,True,19.22
SKU-0012202,SUP-000441,True,91.04
SKU-0012203,SUP-000348,True,37.77
SKU-0012203,SUP-000141,False,45.07
SKU-0012204,SUP-000161,True,18.51
SKU-0012204,SUP-000225,False,18.37
SKU-0012205,SUP-000063,True,7.76
SKU-0012205,SUP-000446,False,6.8
SKU-0012206,SUP-000282,True,4.92
SKU-0012206,SUP-000155,False,4.6
SKU-0012207,SUP-000222,True,10.88
SKU-0012208,SUP-000396,True,35.19
SKU-0012209,SUP-000349,True,94.18
SKU-0012210,SUP-000052,True,6.03
SKU-0012211,SUP-000232,True,4.73
SKU-0012212,SUP-000105,True,21.36
SKU-0012213,SUP-000002,True,6.17
SKU-0012214,SUP-000140,True,26.18
SKU-0012215,SUP-000352,True,20.34
SKU-0012215,SUP-000066,False,23.19
SKU-0012216,SUP-000378,True,74.0
SKU-0012217,SUP-000158,True,70.94
SKU-0012218,SUP-000034,True,2.78
SKU-0012219,SUP-000060,True,0.8
SKU-0012220,SUP-000105,True,27.3
SKU-0012220,SUP-000050,False,29.81
SKU-0012221,SUP-000435,True,9.65
SKU-0012221,SUP-000404,False,9.28
SKU-0012222,SUP-000384,True,41.46
SKU-0012223,SUP-000383,True,0.72
SKU-0012223,SUP-000399,False,0.61
SKU-0012224,SUP-000068,True,43.97
SKU-0012225,SUP-000265,True,1.33
SKU-0012226,SUP-000392,True,50.99
SKU-0012226,SUP-000420,False,58.11
SKU-0012227,SUP-000069,True,63.36
SKU-0012228,SUP-000136,True,46.66
SKU-0012228,SUP-000283,False,43.87
SKU-0012229,SUP-000147,True,16.84
SKU-0012229,SUP-000204,False,13.74
SKU-0012230,SUP-000373,True,22.17
SKU-0012231,SUP-000104,True,17.87
SKU-0012232,SUP-000269,True,48.97
SKU-0012233,SUP-000194,True,9.74
SKU-0012234,SUP-000068,True,7.87
SKU-0012235,SUP-000108,True,108.47
SKU-0012236,SUP-000245,True,4.86
SKU-0012237,SUP-000322,True,2.52
SKU-0012238,SUP-000134,True,6.49
SKU-0012239,SUP-000105,True,1.68
SKU-0012239,SUP-000243,False,1.88
SKU-0012240,SUP-000428,True,0.9
SKU-0012241,SUP-000086,True,29.08
SKU-0012242,SUP-000037,True,7.43
SKU-0012243,SUP-000148,True,4.63
SKU-0012243,SUP-000192,False,5.2
SKU-0012244,SUP-000280,True,12.7
SKU-0012245,SUP-000038,True,22.09
SKU-0012245,SUP-000198,False,26.89
SKU-0012246,SUP-000357,True,18.66
SKU-0012246,SUP-000339,False,17.95
SKU-0012247,SUP-000078,True,3.04
SKU-0012247,SUP-000249,False,2.97
SKU-0012248,SUP-000265,True,17.57
SKU-0012249,SUP-000276,True,15.76
SKU-0012250,SUP-000384,True,13.78
SKU-0012250,SUP-000068,False,13.28
SKU-0012251,SUP-000281,True,6.19
SKU-0012252,SUP-000223,True,25.99
SKU-0012253,SUP-000380,True,14.56
SKU-0012253,SUP-000352,False,16.91
SKU-0012254,SUP-000288,True,32.62
SKU-0012255,SUP-000409,True,1.17
SKU-0012256,SUP-000230,True,152.72
SKU-0012256,SUP-000377,False,156.08
SKU-0012257,SUP-000273,True,4.19
SKU-0012258,SUP-000054,True,113.11
SKU-0012259,SUP-000417,True,14.63
SKU-0012260,SUP-000006,True,9.19
SKU-0012261,SUP-000117,True,1.79
SKU-0012262,SUP-000312,True,19.47
SKU-0012263,SUP-000115,True,15.62
SKU-0012263,SUP-000368,False,12.06
SKU-0012264,SUP-000265,True,20.22
SKU-0012264,SUP-000152,False,
SKU-0012265,SUP-000291,True,6.27
SKU-0012266,SUP-000353,True,7.63
SKU-0012267,SUP-000267,True,103.5
SKU-0012268,SUP-000109,True,16.29
SKU-0012269,SUP-000304,True,5.28
SKU-0012269,SUP-000213,False,4.14
SKU-0012270,SUP-000303,True,25.33
SKU-0012271,SUP-000249,True,3.25
SKU-0012272,SUP-000332,True,10.28
SKU-0012272,SUP-000369,False,9.29
SKU-0012272,SUP-000365,False,10.96
SKU-0012273,SUP-000188,True,6.4
SKU-0012274,SUP-000222,True,37.0
SKU-0012275,SUP-000240,True,19.34
SKU-0012275,SUP-000048,False,15.57
SKU-0012276,SUP-000305,True,10.82
SKU-0012277,SUP-000255,True,8.98
SKU-0012278,SUP-000435,True,54.02
SKU-0012279,SUP-000395,True,5.13
SKU-0012279,SUP-000048,False,5.35
SKU-0012280,SUP-000164,True,27.26
SKU-0012280,SUP-000372,False,28.87
SKU-0012281,SUP-000238,True,5.21
SKU-0012282,SUP-000407,True,5.86
SKU-0012283,SUP-000101,True,13.5
SKU-0012284,SUP-000045,True,29.78
SKU-0012284,SUP-000180,False,37.22
SKU-0012285,SUP-000327,True,8.16
SKU-0012285,SUP-000267,False,9.34
SKU-0012286,SUP-000417,True,3.66
SKU-0012287,SUP-000063,True,95.45
SKU-0012288,SUP-000188,True,9.91
SKU-0012288,SUP-000281,False,9.53
SKU-0012289,SUP-000307,True,14.33
SKU-0012290,SUP-000256,True,2.07
SKU-0012291,SUP-000206,True,6.31
SKU-0012292,SUP-000300,True,1.05
SKU-0012292,SUP-000124,False,1.21
SKU-0012293,SUP-000173,True,35.49
SKU-0012294,SUP-000066,True,3.93
SKU-0012295,SUP-000442,True,2.75
SKU-0012296,SUP-000108,True,0.79
SKU-0012297,SUP-000325,True,18.54
SKU-0012297,SUP-000208,False,18.88
SKU-0012298,SUP-000424,True,9.55
SKU-0012298,SUP-000067,False,9.59
SKU-0012298,SUP-000450,False,8.64
SKU-0012299,SUP-000095,True,25.79
SKU-0012299,SUP-000413,False,27.77
SKU-0012300,SUP-000300,True,7.15
SKU-0012300,SUP-000207,False,6.02
SKU-0012301,SUP-000060,True,9.77
SKU-0012301,SUP-000326,False,7.98
SKU-0012302,SUP-000140,True,2.32
SKU-0012303,SUP-000268,True,114.54
SKU-0012304,SUP-000282,True,34.0
SKU-0012305,SUP-000206,True,18.94
SKU-0012306,SUP-000400,True,156.69
SKU-0012307,SUP-000156,True,7.65
SKU-0012308,SUP-000282,True,33.03
SKU-0012309,SUP-000260,True,17.12
SKU-0012309,SUP-000023,False,17.05
SKU-0012310,SUP-000446,True,3.04
SKU-0012311,SUP-000335,True,18.37
SKU-0012311,SUP-000014,False,17.21
SKU-0012312,SUP-000257,True,10.24
SKU-0012313,SUP-000081,True,
SKU-0012313,SUP-000277,False,1.81
SKU-0012314,SUP-000032,True,25.47
SKU-0012315,SUP-000310,True,12.99
SKU-0012315,SUP-000445,False,12.93
SKU-0012316,SUP-000249,True,5.85
SKU-0012317,SUP-000300,True,9.83
SKU-0012318,SUP-000436,True,24.34
SKU-0012318,SUP-000361,False,20.16
SKU-0012319,SUP-000201,True,45.14
SKU-0012319,SUP-000184,False,52.77
SKU-0012319,SUP-000196,False,49.5
SKU-0012320,SUP-000403,True,21.99
SKU-0012321,SUP-000066,True,87.99
SKU-0012322,SUP-000360,True,54.07
SKU-0012323,SUP-000066,True,7.38
SKU-0012324,SUP-000010,True,8.87
SKU-0012325,SUP-000255,True,0.39
SKU-0012326,SUP-000423,True,22.23
SKU-0012326,SUP-000002,False,23.05
SKU-0012327,SUP-000104,True,10.01
SKU-0012328,SUP-000164,True,21.86
SKU-0012329,SUP-000193,True,515.27
SKU-0012330,SUP-000034,True,7.25
SKU-0012331,SUP-000222,True,3.02
SKU-0012331,SUP-000425,False,3.21
SKU-0012332,SUP-000378,True,6.55
SKU-0012332,SUP-000380,False,5.94
SKU-0012333,SUP-000308,True,1.29
SKU-0012334,SUP-000288,True,52.22
SKU-0012335,SUP-000108,True,1.74
SKU-0012336,SUP-000062,True,13.63
SKU-0012336,SUP-000148,False,10.88
SKU-0012337,SUP-000128,True,9.79
SKU-0012338,SUP-000018,True,10.73
SKU-0012339,SUP-000244,True,8.01
SKU-0012340,SUP-000415,True,18.07
SKU-0012341,SUP-000408,True,4.32
SKU-0012342,SUP-000184,True,67.03
SKU-0012342,SUP-000275,False,69.69
SKU-0012343,SUP-000106,True,
SKU-0012344,SUP-000261,True,5.53
SKU-0012345,SUP-000205,True,28.25
SKU-0012345,SUP-000369,False,25.24
SKU-0012346,SUP-000123,True,8.93
SKU-0012347,SUP-000061,True,1.88
SKU-0012348,SUP-000441,True,0.88
SKU-0012349,SUP-000023,True,14.7
SKU-0012349,SUP-000295,False,16.54
SKU-0012350,SUP-000187,True,6.42
SKU-0012351,SUP-000323,True,12.81
SKU-0012352,SUP-000178,True,2.33
SKU-0012353,SUP-000390,True,16.68
SKU-0012353,SUP-000286,False,20.04
SKU-0012353,SUP-000206,False,20.9
SKU-0012354,SUP-000347,True,14.59
SKU-0012354,SUP-000133,False,18.73
SKU-0012355,SUP-000349,True,6.0
SKU-0012356,SUP-000021,True,76.21
SKU-0012357,SUP-000035,True,38.73
SKU-0012358,SUP-000076,True,10.29
SKU-0012359,SUP-000100,True,8.72
SKU-0012360,SUP-000331,True,19.06
SKU-0012360,SUP-000337,False,20.67
SKU-0012361,SUP-000309,True,24.6
SKU-0012362,SUP-000371,True,9.13
SKU-0012363,SUP-000348,True,14.37
SKU-0012364,SUP-000051,True,10.43
SKU-0012365,SUP-000090,True,30.35
SKU-0012366,SUP-000446,True,17.44
SKU-0012367,SUP-000246,True,27.52
SKU-0012367,SUP-000013,False,25.72
SKU-0012368,SUP-000020,True,2.66
SKU-0012369,SUP-000195,True,23.43
SKU-0012370,SUP-000066,True,23.45
SKU-0012371,SUP-000307,True,3.04
SKU-0012371,SUP-000071,False,2.66
SKU-0012372,SUP-000063,True,10.13
SKU-0012373,SUP-000286,True,11.32
SKU-0012374,SUP-000142,True,13.95
SKU-0012375,SUP-000414,True,4.52
SKU-0012376,SUP-000166,True,18.58
SKU-0012377,SUP-000368,True,4.17
SKU-0012378,SUP-000099,True,347.63
SKU-0012379,SUP-000263,True,4.09
SKU-0012380,SUP-000378,True,43.63
SKU-0012380,SUP-000091,False,40.63
SKU-0012381,SUP-000033,True,3.67
SKU-0012381,SUP-000405,False,3.88
SKU-0012381,SUP-000266,False,4.52
SKU-0012382,SUP-000077,True,39.49
SKU-0012383,SUP-000119,True,6.5
SKU-0012383,SUP-000409,False,5.58
SKU-0012384,SUP-000252,True,1.24
SKU-0012385,SUP-000291,True,11.62
SKU-0012385,SUP-000325,False,10.57
SKU-0012386,SUP-000125,True,10.97
SKU-0012386,SUP-000312,False,11.72
SKU-0012387,SUP-000449,True,66.29
SKU-0012388,SUP-000050,True,3.24
SKU-0012389,SUP-000314,True,16.62
SKU-0012390,SUP-000447,True,247.67
SKU-0012390,SUP-000248,False,237.02
SKU-0012391,SUP-000331,True,8.89
SKU-0012391,SUP-000251,False,8.78
SKU-0012392,SUP-000301,True,16.61
SKU-0012392,SUP-000081,False,14.97
SKU-0012393,SUP-000101,True,42.69
SKU-0012394,SUP-000128,True,12.16
SKU-0012395,SUP-000041,True,9.27
SKU-0012396,SUP-000146,True,0.79
SKU-0012397,SUP-000329,True,4.18
SKU-0012397,SUP-000011,False,5.03
SKU-0012398,SUP-000443,True,2.28
SKU-0012399,SUP-000249,True,9.26
SKU-0012400,SUP-000340,True,7.92
SKU-0012401,SUP-000294,True,4.68
SKU-0012402,SUP-000288,True,10.0
SKU-0012402,SUP-000302,False,11.02
SKU-0012403,SUP-000270,True,21.48
SKU-0012403,SUP-000082,False,21.48
SKU-0012404,SUP-000231,True,12.22
SKU-0012405,SUP-000065,True,1.56
SKU-0012405,SUP-000419,False,1.33
SKU-0012406,SUP-000276,True,9.23
SKU-0012407,SUP-000058,True,12.78
SKU-0012408,SUP-000359,True,4.29
SKU-0012408,SUP-000031,False,5.02
SKU-0012409,SUP-000252,True,2.84
SKU-0012409,SUP-000395,False,3.06
SKU-0012410,SUP-000218,True,2.32
SKU-0012411,SUP-000285,True,6.95
SKU-0012412,SUP-000107,True,13.46
SKU-0012413,SUP-000265,True,6.01
SKU-0012414,SUP-000331,True,4.05
SKU-0012414,SUP-000247,False,3.99
SKU-0012414,SUP-000421,False,3.77
SKU-0012415,SUP-000352,True,74.03
SKU-0012415,SUP-000196,False,64.96
SKU-0012416,SUP-000391,True,18.12
SKU-0012416,SUP-000103,False,18.4
SKU-0012417,SUP-000248,True,2.15
SKU-0012418,SUP-000187,True,8.54
SKU-0012419,SUP-000386,True,6.62
SKU-0012420,SUP-000102,True,2.93
SKU-0012420,SUP-000216,False,2.66
SKU-0012421,SUP-000091,True,9.75
SKU-0012422,SUP-000330,True,24.12
SKU-0012423,SUP-000017,True,91.76
SKU-0012424,SUP-000435,True,3.47
SKU-0012425,SUP-000129,True,
SKU-0012426,SUP-000003,True,10.71
SKU-0012427,SUP-000041,True,-55.7
SKU-0012427,SUP-000221,False,-53.4
SKU-0012428,SUP-000046,True,59.93
SKU-0012429,SUP-000384,True,8.87
SKU-0012430,SUP-000374,True,30.77
SKU-0012431,SUP-000437,True,4.51
SKU-0012431,SUP-000186,False,4.9
SKU-0012432,SUP-000074,True,6.3
SKU-0012433,SUP-000393,True,4.6
SKU-0012433,SUP-000296,False,6.09
SKU-0012434,SUP-000108,True,5.29
SKU-0012435,SUP-000144,True,6.08
SKU-0012435,SUP-000031,False,6.11
SKU-0012436,SUP-000171,True,52.38
SKU-0012437,SUP-000335,True,7.08
SKU-0012438,SUP-000028,True,2.14
SKU-0012438,SUP-000142,False,2.24
SKU-0012439,SUP-000118,True,30.4
SKU-0012439,SUP-000193,False,28.98
SKU-0012439,SUP-000269,False,27.39
SKU-0012440,SUP-000021,True,6.04
SKU-0012441,SUP-000084,True,5.11
SKU-0012442,SUP-000095,True,1.8
SKU-0012443,SUP-000074,True,16.97
SKU-0012443,SUP-000426,False,19.06
SKU-0012444,SUP-000023,True,6.0
SKU-0012445,SUP-000206,True,32.96
SKU-0012445,SUP-000330,False,29.11
SKU-0012446,SUP-000250,True,18.92
SKU-0012446,SUP-000396,False,20.13
SKU-0012447,SUP-000194,True,4.91
SKU-0012448,SUP-000054,True,41.79
SKU-0012449,SUP-000370,True,5.96
SKU-0012449,SUP-000097,False,4.83
SKU-0012450,SUP-000424,True,146.2
SKU-0012450,SUP-000211,False,145.54
SKU-0012451,SUP-000055,True,64.86
SKU-0012452,SUP-000413,True,4.3
SKU-0012452,SUP-000243,False,4.79
SKU-0012453,SUP-000058,True,0.58
SKU-0012454,SUP-000273,True,15.15
SKU-0012455,SUP-000304,True,18.96
SKU-0012455,SUP-000335,False,23.54
SKU-0012456,SUP-000311,True,3.97
SKU-0012456,SUP-000159,False,3.53
SKU-0012456,SUP-000278,False,4.26
SKU-0012457,SUP-000370,True,4.34
SKU-0012458,SUP-000150,True,112.23
SKU-0012459,SUP-000022,True,52.74
SKU-0012460,SUP-000051,True,5.86
SKU-0012460,SUP-000185,False,5.85
SKU-0012461,SUP-000164,True,44.64
SKU-0012462,SUP-000245,True,95.37
SKU-0012463,SUP-000201,True,19.72
SKU-0012464,SUP-000205,True,7.18
SKU-0012465,SUP-000196,True,
SKU-0012466,SUP-000095,True,4.93
SKU-0012466,SUP-000122,False,4.77
SKU-0012466,SUP-000109,False,5.13
SKU-0012467,SUP-000395,True,5.99
SKU-0012468,SUP-000222,True,2.58
SKU-0012469,SUP-000440,True,12.93
SKU-0012469,SUP-000294,False,12.02
SKU-0012470,SUP-000319,True,18.03
SKU-0012470,SUP-000349,False,16.41
SKU-0012471,SUP-000324,True,27.7
SKU-0012471,SUP-000377,False,29.3
SKU-0012472,SUP-000254,True,185.47
SKU-0012472,SUP-000202,False,175.67
SKU-0012473,SUP-000022,True,19.04
SKU-0012474,SUP-000421,True,15.38
SKU-0012475,SUP-000402,True,12.04
SKU-0012476,SUP-000052,True,9.19
SKU-0012477,SUP-000106,True,0.39
SKU-0012478,SUP-000234,True,3.93
SKU-0012479,SUP-000211,True,43.42
SKU-0012479,SUP-000303,False,43.34
SKU-0012480,SUP-000124,True,2.72
SKU-0012481,SUP-000117,True,50.08
SKU-0012482,SUP-000044,True,7.68
SKU-0012483,SUP-000221,True,56.49
SKU-0012484,SUP-000061,True,24.67
SKU-0012484,SUP-000340,False,24.38
SKU-0012485,SUP-000431,True,35.8
SKU-0012486,SUP-000275,True,15.15
SKU-0012486,SUP-000132,False,14.23
SKU-0012486,SUP-000350,False,13.06
SKU-0012487,SUP-000350,True,12.63
SKU-0012488,SUP-000033,True,31.35
SKU-0012488,SUP-000123,False,32.76
SKU-0012489,SUP-000011,True,4.89
SKU-0012490,SUP-000267,True,0.65
SKU-0012491,SUP-000326,True,3.34
SKU-0012492,SUP-000343,True,13.59
SKU-0012493,SUP-000202,True,16.19
SKU-0012494,SUP-000277,True,5.34
SKU-0012494,SUP-000419,False,4.76
SKU-0012495,SUP-000278,True,29.31
SKU-0012495,SUP-000106,False,25.47
SKU-0012496,SUP-000113,True,220.19
SKU-0012496,SUP-000405,False,202.88
SKU-0012497,SUP-000333,True,59.02
SKU-0012498,SUP-000044,True,3.12
SKU-0012499,SUP-000215,True,40.06
SKU-0012500,SUP-000257,True,10.15
SKU-0012501,SUP-000025,True,60.85
SKU-0012501,SUP-000132,False,54.79
SKU-0012502,SUP-000151,True,3.23
SKU-0012503,SUP-000168,True,5.39
SKU-0012504,SUP-000091,True,2.43
SKU-0012505,SUP-000188,True,8.47
SKU-0012506,SUP-000192,True,
SKU-0012507,SUP-000137,True,51.69
SKU-0012507,SUP-000239,False,56.42
SKU-0012508,SUP-000089,True,14.84
SKU-0012509,SUP-000022,True,1.24
SKU-0012510,SUP-000047,True,33.76
SKU-0012511,SUP-000270,True,10.31
SKU-0012512,SUP-000057,True,22.36
SKU-0012513,SUP-000143,True,14.44
SKU-0012514,SUP-000351,True,2.05
SKU-0012515,SUP-000313,True,1.41
SKU-0012516,SUP-000236,True,38.61
SKU-0012517,SUP-000041,True,6.32
SKU-0012517,SUP-000232,False,5.89
SKU-0012518,SUP-000343,True,0.41
SKU-0012518,SUP-000262,False,0.36
SKU-0012519,SUP-000114,True,20.44
SKU-0012520,SUP-000420,True,12.55
SKU-0012521,SUP-000385,True,43.34
SKU-0012522,SUP-000303,True,6.21
SKU-0012523,SUP-000331,True,10.74
SKU-0012524,SUP-000056,True,6.5
SKU-0012525,SUP-000118,True,0.52
SKU-0012526,SUP-000409,True,1.93
SKU-0012526,SUP-000177,False,1.71
SKU-0012526,SUP-000335,False,1.61
SKU-0012527,SUP-000169,True,7.09
SKU-0012528,SUP-000416,True,0.93
SKU-0012528,SUP-000188,False,0.75
SKU-0012529,SUP-000252,True,4.99
SKU-0012529,SUP-000291,False,4.49
SKU-0012530,SUP-000022,True,21.89
SKU-0012531,SUP-000259,True,47.78
SKU-0012532,SUP-000407,True,13.76
SKU-0012532,SUP-000159,False,15.84
SKU-0012533,SUP-000326,True,7.84
SKU-0012534,SUP-000021,True,2.33
SKU-0012535,SUP-000083,True,9.49
SKU-0012536,SUP-000414,True,24.76
SKU-0012537,SUP-000154,True,4.32
SKU-0012538,SUP-000313,True,148.28
SKU-0012538,SUP-000450,False,135.85
SKU-0012539,SUP-000172,True,9.79
SKU-0012540,SUP-000445,True,25.59
SKU-0012540,SUP-000359,False,21.62
SKU-0012541,SUP-000295,True,-4.13
SKU-0012541,SUP-000427,False,-4.11
SKU-0012542,SUP-000358,True,49.01
SKU-0012542,SUP-000075,False,51.0
SKU-0012543,SUP-000247,True,3.1
SKU-0012544,SUP-000190,True,32.2
SKU-0012545,SUP-000124,True,14.65
SKU-0012546,SUP-000042,True,31.73
SKU-0012547,SUP-000048,True,3.21
SKU-0012547,SUP-000285,False,2.96
SKU-0012548,SUP-000417,True,1.19
SKU-0012549,SUP-000140,True,120.09
SKU-0012550,SUP-000106,True,72.73
SKU-0012551,SUP-000279,True,1.44
SKU-0012552,SUP-000369,True,69.79
SKU-0012553,SUP-000098,True,0.99
SKU-0012554,SUP-000380,True,3.85
SKU-0012555,SUP-000241,True,65.99
SKU-0012556,SUP-000307,True,0.82
SKU-0012556,SUP-000175,False,0.88
SKU-0012556,SUP-000285,False,1.01
SKU-0012557,SUP-000445,True,6.91
SKU-0012558,SUP-000136,True,17.51
SKU-0012559,SUP-000018,True,5.93
SKU-0012560,SUP-000427,True,8.47
SKU-0012561,SUP-000226,True,29.05
SKU-0012561,SUP-000423,False,29.76
SKU-0012562,SUP-000261,True,8.89
SKU-0012563,SUP-000012,True,4.78
SKU-0012564,SUP-000012,True,2.96
SKU-0012565,SUP-000322,True,37.49
SKU-0012566,SUP-000198,True,74.41
SKU-0012567,SUP-000236,True,2.19
SKU-0012568,SUP-000077,True,14.13
SKU-0012569,SUP-000118,True,5.76
SKU-0012569,SUP-000038,False,6.1
SKU-0012570,SUP-000234,True,3.01
SKU-0012570,SUP-000151,False,2.89
SKU-0012571,SUP-000060,True,4.13
SKU-0012572,SUP-000396,True,7.97
SKU-0012572,SUP-000351,False,7.46
SKU-0012573,SUP-000422,True,7.24
SKU-0012573,SUP-000397,False,7.31
SKU-0012574,SUP-000433,True,7.26
SKU-0012575,SUP-000129,True,3.18
SKU-0012575,SUP-000207,False,3.11
SKU-0012575,SUP-000199,False,3.42
SKU-0012576,SUP-000172,True,10.54
SKU-0012576,SUP-000443,False,13.4
SKU-0012576,SUP-000372,False,11.91
SKU-0012577,SUP-000157,True,66.0
SKU-0012578,SUP-000087,True,6.93
SKU-0012578,SUP-000114,False,5.75
SKU-0012579,SUP-000113,True,6.48
SKU-0012580,SUP-000069,True,4.2
SKU-0012580,SUP-000267,False,4.52
SKU-0012581,SUP-000360,True,25.61
SKU-0012581,SUP-000207,False,22.55
SKU-0012582,SUP-000362,True,31.05
SKU-0012583,SUP-000146,True,13.87
SKU-0012584,SUP-000043,True,6.49
SKU-0012585,SUP-000047,True,17.18
SKU-0012586,SUP-000180,True,138.77
SKU-0012587,SUP-000076,True,2.77
SKU-0012587,SUP-000246,False,2.6
SKU-0012588,SUP-000065,True,27.46
SKU-0012588,SUP-000398,False,32.82
SKU-0012589,SUP-000061,True,9.88
SKU-0012590,SUP-000449,True,91.53
SKU-0012591,SUP-000189,True,30.11
SKU-0012591,SUP-000383,False,27.24
SKU-0012591,SUP-000163,False,29.26
SKU-0012592,SUP-000295,True,2.39
SKU-0012593,SUP-000081,True,2.67
SKU-0012593,SUP-000413,False,2.41
SKU-0012594,SUP-000375,True,80.96
SKU-0012595,SUP-000133,True,9.06
SKU-0012595,SUP-000293,False,9.56
SKU-0012595,SUP-000406,False,9.07
SKU-0012596,SUP-000015,True,9.52
SKU-0012597,SUP-000189,True,2.68
SKU-0012598,SUP-000200,True,37.44
SKU-0012598,SUP-000418,False,39.98
SKU-0012599,SUP-000143,True,15.98
SKU-0012600,SUP-000077,True,7.32
SKU-0012600,SUP-000127,False,8.69
SKU-0012601,SUP-000409,True,3.83
SKU-0012601,SUP-000312,False,4.43
SKU-0012602,SUP-000152,True,6.31
SKU-0012602,SUP-000160,False,6.7
SKU-0012603,SUP-000042,True,0.75
SKU-0012604,SUP-000341,True,3.34
SKU-0012604,SUP-000437,False,2.87
SKU-0012605,SUP-000100,True,3.75
SKU-0012606,SUP-000422,True,7.27
SKU-0012607,SUP-000371,True,32.62
SKU-0012608,SUP-000280,True,11.99
SKU-0012608,SUP-000304,False,10.52
SKU-0012608,SUP-000413,False,13.92
SKU-0012609,SUP-000388,True,10.93
SKU-0012610,SUP-000355,True,6.78
SKU-0012611,SUP-000369,True,6.33
SKU-0012612,SUP-000187,True,9.78
SKU-0012612,SUP-000363,False,10.94
SKU-0012613,SUP-000079,True,6.19
SKU-0012614,SUP-000434,True,16.69
SKU-0012615,SUP-000319,True,4.86
SKU-0012616,SUP-000126,True,15.5
SKU-0012617,SUP-000134,True,35.1
SKU-0012617,SUP-000298,False,42.97
SKU-0012618,SUP-000088,True,6.64
SKU-0012618,SUP-000083,False,5.93
SKU-0012619,SUP-000140,True,20.66
SKU-0012620,SUP-000186,True,3.87
SKU-0012620,SUP-000365,False,4.14
SKU-0012621,SUP-000354,True,39.37
SKU-0012622,SUP-000255,True,5.08
SKU-0012623,SUP-000261,True,24.99
SKU-0012624,SUP-000261,True,10.4
SKU-0012625,SUP-000077,True,20.05
SKU-0012625,SUP-000217,False,24.65
SKU-0012626,SUP-000428,True,9.79
SKU-0012627,SUP-000099,True,1.93
SKU-0012628,SUP-000139,True,32.31
SKU-0012628,SUP-000028,False,29.85
SKU-0012629,SUP-000360,True,1.01
SKU-0012630,SUP-000301,True,8.65
SKU-0012631,SUP-000391,True,40.36
SKU-0012632,SUP-000176,True,1.07
SKU-0012633,SUP-000323,True,5.1
SKU-0012634,SUP-000324,True,184.05
SKU-0012635,SUP-000251,True,0.5
SKU-0012635,SUP-000235,False,0.4
SKU-0012636,SUP-000124,True,25.82
SKU-0012637,SUP-000406,True,15.99
SKU-0012638,SUP-000450,True,5.29
SKU-0012638,SUP-000059,False,4.86
SKU-0012639,SUP-000241,True,6.61
SKU-0012640,SUP-000323,True,4.12
SKU-0012641,SUP-000254,True,5.24
SKU-0012641,SUP-000287,False,4.42
SKU-0012642,SUP-000135,True,8.49
SKU-0012643,SUP-000134,True,1.68
SKU-0012644,SUP-000086,True,6.55
SKU-0012644,SUP-000360,False,6.31
SKU-0012645,SUP-000398,True,47.34
SKU-0012645,SUP-000042,False,40.99
SKU-0012646,SUP-000077,True,16.95
SKU-0012647,SUP-000375,True,40.86
SKU-0012648,SUP-000124,True,14.54
SKU-0012649,SUP-000234,True,1.11
SKU-0012649,SUP-000302,False,1.22
SKU-0012650,SUP-000207,True,4.6
SKU-0012651,SUP-000383,True,15.85
SKU-0012652,SUP-000125,True,7.92
SKU-0012653,SUP-000248,True,16.69
SKU-0012654,SUP-000440,True,57.84
SKU-0012654,SUP-000408,False,57.49
SKU-0012655,SUP-000319,True,15.39
SKU-0012656,SUP-000167,True,18.77
SKU-0012656,SUP-000355,False,17.84
SKU-0012657,SUP-000158,True,196.3
SKU-0012658,SUP-000300,True,14.54
SKU-0012659,SUP-000323,True,2.74
SKU-0012660,SUP-000144,True,0.83
SKU-0012661,SUP-000157,True,66.64
SKU-0012661,SUP-000196,False,67.43
SKU-0012661,SUP-000165,False,79.31
SKU-0012662,SUP-000272,True,1.39
SKU-0012663,SUP-000079,True,7.81
SKU-0012663,SUP-000202,False,9.05
SKU-0012664,SUP-000244,True,30.43
SKU-0012665,SUP-000172,True,18.64
SKU-0012666,SUP-000400,True,2.07
SKU-0012667,SUP-000014,True,8.79
SKU-0012668,SUP-000085,True,6.35
SKU-0012668,SUP-000152,False,6.4
SKU-0012668,SUP-000390,False,6.53
SKU-0012669,SUP-000007,True,55.74
SKU-0012669,SUP-000064,False,60.3
SKU-0012670,SUP-000348,True,16.71
SKU-0012671,SUP-000256,True,77.24
SKU-0012672,SUP-000163,True,10.1
SKU-0012673,SUP-000237,True,14.7
SKU-0012674,SUP-000125,True,0.93
SKU-0012675,SUP-000133,True,47.84
SKU-0012676,SUP-000283,True,16.98
SKU-0012677,SUP-000198,True,1.26
SKU-0012678,SUP-000305,True,14.26
SKU-0012679,SUP-000121,True,44.21
SKU-0012680,SUP-000098,True,15.71
SKU-0012681,SUP-000004,True,73.1
SKU-0012682,SUP-000183,True,3.21
SKU-0012683,SUP-000241,True,6.51
SKU-0012684,SUP-000145,True,0.74
SKU-0012684,SUP-000419,False,0.88
SKU-0012685,SUP-000094,True,61.25
SKU-0012686,SUP-000344,True,31.59
SKU-0012687,SUP-000277,True,1.66
SKU-0012688,SUP-000195,True,9.42
SKU-0012689,SUP-000341,True,9.01
SKU-0012690,SUP-000086,True,8.4
SKU-0012690,SUP-000234,False,7.44
SKU-0012691,SUP-000145,True,6.56
SKU-0012692,SUP-000376,True,4.75
SKU-0012693,SUP-000243,True,7.16
SKU-0012693,SUP-000128,False,6.32
SKU-0012694,SUP-000276,True,17.93
SKU-0012694,SUP-000188,False,
SKU-0012695,SUP-000146,True,4.36
SKU-0012696,SUP-000005,True,10.15
SKU-0012697,SUP-000369,True,5.83
SKU-0012697,SUP-000394,False,5.87
SKU-0012697,SUP-000104,False,4.88
SKU-0012698,SUP-000371,True,13.48
SKU-0012698,SUP-000086,False,14.15
SKU-0012698,SUP-000006,False,14.17
SKU-0012699,SUP-000018,True,18.51
SKU-0012699,SUP-000050,False,16.03
SKU-0012699,SUP-000317,False,15.84
SKU-0012700,SUP-000153,True,6.07
SKU-0012701,SUP-000277,True,4.78
SKU-0012702,SUP-000181,True,16.89
SKU-0012703,SUP-000435,True,92.96
SKU-0012704,SUP-000114,True,68.51
SKU-0012705,SUP-000094,True,10.35
SKU-0012705,SUP-000157,False,10.77
SKU-0012706,SUP-000021,True,1.58
SKU-0012706,SUP-000329,False,1.47
SKU-0012707,SUP-000361,True,0.95
SKU-0012708,SUP-000398,True,9.27
SKU-0012709,SUP-000399,True,6.69
SKU-0012710,SUP-000335,True,108.13
SKU-0012710,SUP-000408,False,108.06
SKU-0012710,SUP-000273,False,134.3
SKU-0012711,SUP-000385,True,0.55
SKU-0012711,SUP-000153,False,0.72
SKU-0012712,SUP-000138,True,0.94
SKU-0012712,SUP-000033,False,0.89
SKU-0012713,SUP-000422,True,1.75
SKU-0012714,SUP-000378,True,14.93
SKU-0012715,SUP-000109,True,26.24
SKU-0012716,SUP-000090,True,138.73
SKU-0012717,SUP-000401,True,11.87
SKU-0012718,SUP-000388,True,30.04
SKU-0012718,SUP-000265,False,31.74
SKU-0012719,SUP-000430,True,280.73
SKU-0012720,SUP-000220,True,7.66
SKU-0012720,SUP-000136,False,7.76
SKU-0012721,SUP-000314,True,101.96
SKU-0012722,SUP-000144,True,13.7
SKU-0012722,SUP-000227,False,16.48
SKU-0012722,SUP-000339,False,15.46
SKU-0012723,SUP-000398,True,9.97
SKU-0012724,SUP-000125,True,2.72
SKU-0012725,SUP-000157,True,31.83
SKU-0012726,SUP-000015,True,2.15
SKU-0012727,SUP-000121,True,60.15
SKU-0012728,SUP-000225,True,5.22
SKU-0012729,SUP-000430,True,11.09
SKU-0012730,SUP-000072,True,2.36
SKU-0012731,SUP-000330,True,9.96
SKU-0012731,SUP-000046,False,10.71
SKU-0012732,SUP-000324,True,34.53
SKU-0012732,SUP-000341,False,32.64
SKU-0012733,SUP-000040,True,8.7
SKU-0012734,SUP-000280,True,30.61
SKU-0012735,SUP-000403,True,
SKU-0012736,SUP-000318,True,3.14
SKU-0012737,SUP-000031,True,8.32
SKU-0012738,SUP-000110,True,4.22
SKU-0012739,SUP-000413,True,6.69
SKU-0012740,SUP-000429,True,4.97
SKU-0012741,SUP-000320,True,82.52
SKU-0012742,SUP-000193,True,10.6
SKU-0012743,SUP-000049,True,9.58
SKU-0012744,SUP-000419,True,14.97
SKU-0012745,SUP-000344,True,40.29
SKU-0012746,SUP-000402,True,5.39
SKU-0012747,SUP-000420,True,
SKU-0012747,SUP-000009,False,443.89
SKU-0012748,SUP-000081,True,5.88
SKU-0012748,SUP-000421,False,4.66
SKU-0012748,SUP-000286,False,5.81
SKU-0012749,SUP-000169,True,3.77
SKU-0012750,SUP-000143,True,1.27
SKU-0012751,SUP-000123,True,4.34
SKU-0012752,SUP-000081,True,4.98
SKU-0012753,SUP-000055,True,12.66
SKU-0012754,SUP-000087,True,2.28
SKU-0012755,SUP-000048,True,3.0
SKU-0012756,SUP-000093,True,10.45
SKU-0012756,SUP-000276,False,11.63
SKU-0012757,SUP-000107,True,14.58
SKU-0012757,SUP-000006,False,15.02
SKU-0012758,SUP-000418,True,3.6
SKU-0012759,SUP-000007,True,2.3
SKU-0012760,SUP-000332,True,3.26
SKU-0012761,SUP-000236,True,2.99
SKU-0012761,SUP-000166,False,2.68
SKU-0012762,SUP-000005,True,34.65
SKU-0012762,SUP-000352,False,27.31
SKU-0012763,SUP-000158,True,12.28
SKU-0012764,SUP-000111,True,25.58
SKU-0012765,SUP-000368,True,36.54
SKU-0012766,SUP-000090,True,12.78
SKU-0012766,SUP-000245,False,13.46
SKU-0012767,SUP-000077,True,7.47
SKU-0012768,SUP-000325,True,5.1
SKU-0012769,SUP-000173,True,44.0
SKU-0012770,SUP-000388,True,6.22
SKU-0012771,SUP-000293,True,6.74
SKU-0012772,SUP-000419,True,7.87
SKU-0012773,SUP-000272,True,
SKU-0012774,SUP-000262,True,31.48
SKU-0012774,SUP-000378,False,35.76
SKU-0012775,SUP-000106,True,3.63
SKU-0012776,SUP-000213,True,41.8
SKU-0012777,SUP-000449,True,7.53
SKU-0012778,SUP-000395,True,3.56
SKU-0012779,SUP-000296,True,2.11
SKU-0012780,SUP-000363,True,11.45
SKU-0012780,SUP-000398,False,13.08
SKU-0012781,SUP-000142,True,10.07
SKU-0012782,SUP-000312,True,6.43
SKU-0012783,SUP-000353,True,54.66
SKU-0012784,SUP-000053,True,39.44
SKU-0012785,SUP-000336,True,8.73
SKU-0012786,SUP-000003,True,1.25
SKU-0012787,SUP-000402,True,20.97
SKU-0012788,SUP-000031,True,1.74
SKU-0012789,SUP-000390,True,1.84
SKU-0012790,SUP-000116,True,17.63
SKU-0012791,SUP-000336,True,13.32
SKU-0012792,SUP-000345,True,13.19
SKU-0012792,SUP-000127,False,13.47
SKU-0012793,SUP-000232,True,4.86
SKU-0012793,SUP-000154,False,4.41
SKU-0012793,SUP-000090,False,4.43
SKU-0012794,SUP-000279,True,30.19
SKU-0012795,SUP-000379,True,19.67
SKU-0012796,SUP-000250,True,37.29
SKU-0012796,SUP-000161,False,28.93
SKU-0012797,SUP-000153,True,24.19
SKU-0012798,SUP-000358,True,10.98
SKU-0012799,SUP-000001,True,3.71
SKU-0012800,SUP-000377,True,81.89
SKU-0012801,SUP-000202,True,8.39
SKU-0012801,SUP-000418,False,8.17
SKU-0012801,SUP-000344,False,8.42
SKU-0012802,SUP-000251,True,4.59
SKU-0012803,SUP-000015,True,3.04
SKU-0012804,SUP-000246,True,
SKU-0012804,SUP-000309,False,2.08
SKU-0012805,SUP-000425,True,5.9
SKU-0012806,SUP-000287,True,11.1
SKU-0012807,SUP-000041,True,123.01
SKU-0012807,SUP-000024,False,158.05
SKU-0012808,SUP-000342,True,0.89
SKU-0012809,SUP-000292,True,9.74
SKU-0012809,SUP-000333,False,11.53
SKU-0012810,SUP-000053,True,2.52
SKU-0012811,SUP-000233,True,5.61
SKU-0012812,SUP-000370,True,15.83
SKU-0012813,SUP-000126,True,10.23
SKU-0012813,SUP-000273,False,9.24
SKU-0012813,SUP-000293,False,11.92
SKU-0012814,SUP-000008,True,3.4
SKU-0012815,SUP-000087,True,2.74
SKU-0012816,SUP-000050,True,24.06
SKU-0012817,SUP-000261,True,9.12
SKU-0012817,SUP-000422,False,9.4
SKU-0012818,SUP-000285,True,5.94
SKU-0012819,SUP-000372,True,9.54
SKU-0012820,SUP-000052,True,144.11
SKU-0012821,SUP-000270,True,7.94
SKU-0012822,SUP-000201,True,141.6
SKU-0012823,SUP-000423,True,16.39
SKU-0012823,SUP-000387,False,17.09
SKU-0012823,SUP-000433,False,13.98
SKU-0012824,SUP-000253,True,47.92
SKU-0012825,SUP-000090,True,8.54
SKU-0012826,SUP-000117,True,1.83
SKU-0012827,SUP-000047,True,58.94
SKU-0012828,SUP-000296,True,4.47
SKU-0012828,SUP-000178,False,5.47
SKU-0012829,SUP-000111,True,5.04
SKU-0012829,SUP-000317,False,4.92
SKU-0012830,SUP-000365,True,3.51
SKU-0012831,SUP-000263,True,45.34
SKU-0012831,SUP-000401,False,43.87
SKU-0012832,SUP-000072,True,12.21
SKU-0012833,SUP-000088,True,106.16
SKU-0012834,SUP-000224,True,3.64
SKU-0012835,SUP-000108,True,23.9
SKU-0012836,SUP-000261,True,1.37
SKU-0012837,SUP-000345,True,8.91
SKU-0012837,SUP-000238,False,9.24
SKU-0012838,SUP-000299,True,49.28
SKU-0012838,SUP-000270,False,46.64
SKU-0012839,SUP-000384,True,2.87
SKU-0012840,SUP-000274,True,28.72
SKU-0012840,SUP-000117,False,34.36
SKU-0012841,SUP-000257,True,23.87
SKU-0012842,SUP-000392,True,9.16
SKU-0012843,SUP-000363,True,287.41
SKU-0012844,SUP-000286,True,8.55
SKU-0012845,SUP-000423,True,22.27
SKU-0012846,SUP-000102,True,6.25
SKU-0012847,SUP-000072,True,31.56
SKU-0012847,SUP-000324,False,23.9
SKU-0012848,SUP-000071,True,1.88
SKU-0012849,SUP-000208,True,98.41
SKU-0012849,SUP-000385,False,93.24
SKU-0012850,SUP-000252,True,18.66
SKU-0012851,SUP-000053,True,1.11
SKU-0012852,SUP-000112,True,34.62
SKU-0012853,SUP-000166,True,243.94
SKU-0012854,SUP-000055,True,104.28
SKU-0012854,SUP-000201,False,116.38
SKU-0012855,SUP-000350,True,1.73
SKU-0012856,SUP-000050,True,28.22
SKU-0012856,SUP-000007,False,25.07
SKU-0012857,SUP-000159,True,29.59
SKU-0012858,SUP-000081,True,3.38
SKU-0012859,SUP-000097,True,11.36
SKU-0012860,SUP-000116,True,0.66
SKU-0012861,SUP-000320,True,19.08
SKU-0012862,SUP-000159,True,11.82
SKU-0012863,SUP-000067,True,11.03
SKU-0012863,SUP-000277,False,10.08
SKU-0012864,SUP-000338,True,2.34
SKU-0012864,SUP-000064,False,2.11
SKU-0012865,SUP-000213,True,44.87
SKU-0012866,SUP-000013,True,11.61
SKU-0012866,SUP-000178,False,10.67
SKU-0012867,SUP-000446,True,2.25
SKU-0012868,SUP-000158,True,4.08
SKU-0012869,SUP-000245,True,7.92
SKU-0012870,SUP-000216,True,2.96
SKU-0012870,SUP-000299,False,2.87
SKU-0012871,SUP-000069,True,2.83
SKU-0012871,SUP-000083,False,3.23
SKU-0012872,SUP-000401,True,29.73
SKU-0012873,SUP-000365,True,16.61
SKU-0012874,SUP-000159,True,15.41
SKU-0012875,SUP-000043,True,4.35
SKU-0012876,SUP-000310,True,17.71
SKU-0012876,SUP-000072,False,18.11
SKU-0012877,SUP-000421,True,54.54
SKU-0012878,SUP-000424,True,103.75
SKU-0012879,SUP-000158,True,0.73
SKU-0012880,SUP-000414,True,37.24
SKU-0012881,SUP-000262,True,1.87
SKU-0012882,SUP-000359,True,12.42
SKU-0012883,SUP-000380,True,24.37
SKU-0012884,SUP-000179,True,35.88
SKU-0012884,SUP-000338,False,36.53
SKU-0012884,SUP-000014,False,42.02
SKU-0012885,SUP-000235,True,1.42
SKU-0012886,SUP-000043,True,6.31
SKU-0012887,SUP-000224,True,6.41
SKU-0012887,SUP-000140,False,5.37
SKU-0012888,SUP-000117,True,3.57
SKU-0012888,SUP-000072,False,4.15
SKU-0012889,SUP-000254,True,4.64
SKU-0012889,SUP-000179,False,5.38
SKU-0012890,SUP-000115,True,7.34
SKU-0012890,SUP-000203,False,8.07
SKU-0012891,SUP-000163,True,34.27
SKU-0012892,SUP-000439,True,5.81
SKU-0012893,SUP-000271,True,39.92
SKU-0012893,SUP-000227,False,48.71
SKU-0012894,SUP-000179,True,25.4
SKU-0012895,SUP-000297,True,
SKU-0012896,SUP-000047,True,9.1
SKU-0012896,SUP-000028,False,10.23
SKU-0012897,SUP-000095,True,2.28
SKU-0012898,SUP-000330,True,26.92
SKU-0012899,SUP-000009,True,6.69
SKU-0012899,SUP-000004,False,5.73
SKU-0012900,SUP-000201,True,8.0
SKU-0012900,SUP-000056,False,8.62
SKU-0012901,SUP-000085,True,3.17
SKU-0012902,SUP-000343,True,14.0
SKU-0012902,SUP-000350,False,12.86
SKU-0012903,SUP-000016,True,0.73
SKU-0012904,SUP-000355,True,14.05
SKU-0012905,SUP-000347,True,25.12
SKU-0012906,SUP-000223,True,1.23
SKU-0012907,SUP-000262,True,18.72
SKU-0012908,SUP-000294,True,14.76
SKU-0012908,SUP-000253,False,16.04
SKU-0012909,SUP-000091,True,19.37
SKU-0012910,SUP-000138,True,14.88
SKU-0012911,SUP-000324,True,2.97
SKU-0012912,SUP-000075,True,37.08
SKU-0012913,SUP-000317,True,49.1
SKU-0012914,SUP-000173,True,9.52
SKU-0012914,SUP-000009,False,8.95
SKU-0012915,SUP-000432,True,20.15
SKU-0012915,SUP-000029,False,18.86
SKU-0012916,SUP-000340,True,15.89
SKU-0012917,SUP-000336,True,
SKU-0012918,SUP-000450,True,18.07
SKU-0012919,SUP-000335,True,24.27
SKU-0012920,SUP-000090,True,19.72
SKU-0012920,SUP-000192,False,20.26
SKU-0012921,SUP-000397,True,49.3
SKU-0012922,SUP-000368,True,15.5
SKU-0012923,SUP-000102,True,
SKU-0012924,SUP-000176,True,40.54
SKU-0012925,SUP-000327,True,4.33
SKU-0012926,SUP-000026,True,0.88
SKU-0012927,SUP-000408,True,
SKU-0012928,SUP-000031,True,1.93
SKU-0012929,SUP-000118,True,93.2
SKU-0012930,SUP-000117,True,17.44
SKU-0012931,SUP-000371,True,49.39
SKU-0012931,SUP-000354,False,50.29
SKU-0012932,SUP-000100,True,11.51
SKU-0012933,SUP-000070,True,1.27
SKU-0012934,SUP-000357,True,67.32
SKU-0012934,SUP-000398,False,67.69
SKU-0012935,SUP-000102,True,
SKU-0012936,SUP-000203,True,18.47
SKU-0012937,SUP-000411,True,39.94
SKU-0012938,SUP-000142,True,0.97
SKU-0012938,SUP-000066,False,1.07
SKU-0012938,SUP-000373,False,1.09
SKU-0012939,SUP-000154,True,14.07
SKU-0012939,SUP-000116,False,16.38
SKU-0012940,SUP-000376,True,6.03
SKU-0012941,SUP-000413,True,8.58
SKU-0012942,SUP-000357,True,23.17
SKU-0012943,SUP-000269,True,34.83
SKU-0012944,SUP-000233,True,81.56
SKU-0012945,SUP-000386,True,102.61
SKU-0012946,SUP-000017,True,2.41
SKU-0012947,SUP-000306,True,19.35
SKU-0012948,SUP-000284,True,59.49
SKU-0012948,SUP-000277,False,50.89
SKU-0012949,SUP-000078,True,65.4
SKU-0012950,SUP-000437,True,45.44
SKU-0012951,SUP-000160,True,3.16
SKU-0012952,SUP-000407,True,19.97
SKU-0012952,SUP-000343,False,22.43
SKU-0012953,SUP-000195,True,36.05
SKU-0012953,SUP-000376,False,41.79
SKU-0012954,SUP-000149,True,13.08
SKU-0012954,SUP-000399,False,11.78
SKU-0012955,SUP-000264,True,14.3
SKU-0012956,SUP-000446,True,2.43
SKU-0012957,SUP-000372,True,28.85
SKU-0012958,SUP-000295,True,62.3
SKU-0012958,SUP-000179,False,47.96
SKU-0012958,SUP-000140,False,54.15
SKU-0012959,SUP-000386,True,7.4
SKU-0012960,SUP-000175,True,38.39
SKU-0012961,SUP-000127,True,4.38
SKU-0012962,SUP-000413,True,5.15
SKU-0012962,SUP-000143,False,6.5
SKU-0012963,SUP-000433,True,26.17
SKU-0012964,SUP-000278,True,17.58
SKU-0012964,SUP-000190,False,14.75
SKU-0012964,SUP-000379,False,15.18
SKU-0012965,SUP-000028,True,33.1
SKU-0012966,SUP-000004,True,3.05
SKU-0012966,SUP-000002,False,4.08
SKU-0012967,SUP-000071,True,21.22
SKU-0012968,SUP-000157,True,
SKU-0012969,SUP-000179,True,94.79
SKU-0012970,SUP-000217,True,8.55
SKU-0012971,SUP-000302,True,12.96
SKU-0012972,SUP-000408,True,75.3
SKU-0012973,SUP-000374,True,25.96
SKU-0012974,SUP-000245,True,54.3
SKU-0012975,SUP-000292,True,97.88
SKU-0012976,SUP-000180,True,3.15
SKU-0012977,SUP-000215,True,23.31
SKU-0012978,SUP-000066,True,14.49
SKU-0012979,SUP-000201,True,6.85
SKU-0012980,SUP-000277,True,33.71
SKU-0012980,SUP-000038,False,34.59
SKU-0012981,SUP-000439,True,22.96
SKU-0012982,SUP-000097,True,2.86
SKU-0012983,SUP-000298,True,1.4
SKU-0012984,SUP-000443,True,17.26
SKU-0012985,SUP-000197,True,17.7
SKU-0012986,SUP-000271,True,3.69
SKU-0012987,SUP-000134,True,26.06
SKU-0012988,SUP-000434,True,3.19
SKU-0012988,SUP-000450,False,2.9
SKU-0012989,SUP-000115,True,79.75
SKU-0012990,SUP-000231,True,26.94
SKU-0012990,SUP-000248,False,28.22
SKU-0012991,SUP-000323,True,57.68
SKU-0012992,SUP-000046,True,0.75
SKU-0012992,SUP-000195,False,0.79
SKU-0012993,SUP-000339,True,4.84
SKU-0012993,SUP-000062,False,5.29
SKU-0012994,SUP-000084,True,209.1
SKU-0012994,SUP-000170,False,206.32
SKU-0012995,SUP-000450,True,16.89
SKU-0012996,SUP-000367,True,9.91
SKU-0012997,SUP-000377,True,-3.57
SKU-0012997,SUP-000043,False,-2.99
SKU-0012998,SUP-000032,True,51.83
SKU-0012998,SUP-000042,False,54.49
SKU-0012999,SUP-000276,True,4.27
SKU-0013000,SUP-000073,True,
SKU-0013001,SUP-000131,True,61.45
SKU-0013002,SUP-000196,True,14.3
SKU-0013003,SUP-000258,True,99.73
SKU-0013004,SUP-000154,True,1.03
SKU-0013005,SUP-000384,True,3.21
SKU-0013006,SUP-000368,True,22.2
SKU-0013007,SUP-000316,True,11.28
SKU-0013008,SUP-000420,True,0.44
SKU-0013009,SUP-000366,True,2.02
SKU-0013010,SUP-000438,True,28.03
SKU-0013010,SUP-000098,False,27.75
SKU-0013011,SUP-000238,True,50.46
SKU-0013011,SUP-000280,False,46.39
SKU-0013012,SUP-000261,True,121.09
SKU-0013013,SUP-000132,True,1.99
SKU-0013013,SUP-000187,False,1.96
SKU-0013014,SUP-000358,True,16.23
SKU-0013015,SUP-000369,True,28.19
SKU-0013016,SUP-000095,True,
SKU-0013017,SUP-000255,True,0.87
SKU-0013018,SUP-000351,True,34.23
SKU-0013019,SUP-000246,True,64.46
SKU-0013020,SUP-000287,True,30.21
SKU-0013020,SUP-000401,False,32.55
SKU-0013021,SUP-000284,True,12.03
SKU-0013021,SUP-000254,False,15.23
SKU-0013022,SUP-000179,True,9.13
SKU-0013023,SUP-000301,True,68.59
SKU-0013024,SUP-000066,True,22.78
SKU-0013024,SUP-000352,False,28.31
SKU-0013025,SUP-000004,True,14.61
SKU-0013025,SUP-000046,False,14.55
SKU-0013026,SUP-000192,True,11.5
SKU-0013026,SUP-000244,False,12.37
SKU-0013027,SUP-000442,True,2.36
SKU-0013028,SUP-000089,True,78.25
SKU-0013029,SUP-000250,True,9.39
SKU-0013029,SUP-000414,False,8.59
SKU-0013030,SUP-000419,True,26.86
SKU-0013031,SUP-000155,True,308.99
SKU-0013032,SUP-000067,True,1.12
SKU-0013033,SUP-000192,True,1.96
SKU-0013033,SUP-000246,False,1.64
SKU-0013034,SUP-000195,True,20.54
SKU-0013034,SUP-000034,False,16.95
SKU-0013035,SUP-000269,True,7.51
SKU-0013036,SUP-000036,True,4.76
SKU-0013037,SUP-000235,True,2.72
SKU-0013038,SUP-000200,True,7.4
SKU-0013039,SUP-000063,True,24.48
SKU-0013039,SUP-000099,False,20.7
SKU-0013040,SUP-000159,True,81.38
SKU-0013041,SUP-000425,True,27.4
SKU-0013042,SUP-000249,True,2.24
SKU-0013042,SUP-000280,False,2.17
SKU-0013043,SUP-000212,True,
SKU-0013044,SUP-000379,True,13.95
SKU-0013044,SUP-000114,False,15.29
SKU-0013045,SUP-000003,True,10.8
SKU-0013046,SUP-000242,True,3.85
SKU-0013047,SUP-000389,True,4.18
SKU-0013048,SUP-000001,True,1.4
SKU-0013048,SUP-000161,False,1.67
SKU-0013048,SUP-000045,False,1.55
SKU-0013049,SUP-000005,True,3.12
SKU-0013050,SUP-000283,True,34.32
SKU-0013051,SUP-000097,True,13.62
SKU-0013052,SUP-000249,True,11.74
SKU-0013053,SUP-000092,True,2.66
SKU-0013054,SUP-000248,True,2.73
SKU-0013055,SUP-000009,True,15.51
SKU-0013056,SUP-000244,True,3.54
SKU-0013057,SUP-000252,True,2.02
SKU-0013058,SUP-000062,True,3.1
SKU-0013059,SUP-000288,True,5.4
SKU-0013059,SUP-000240,False,4.99
SKU-0013059,SUP-000379,False,4.21
SKU-0013060,SUP-000214,True,15.46
SKU-0013061,SUP-000350,True,6.54
SKU-0013062,SUP-000428,True,34.87
SKU-0013063,SUP-000192,True,1.65
SKU-0013064,SUP-000208,True,4.69
SKU-0013064,SUP-000099,False,3.89
SKU-0013065,SUP-000014,True,12.06
SKU-0013066,SUP-000002,True,15.72
SKU-0013067,SUP-000004,True,26.3
SKU-0013068,SUP-000131,True,0.87
SKU-0013069,SUP-000025,True,68.56
SKU-0013070,SUP-000275,True,21.24
SKU-0013071,SUP-000326,True,45.46
SKU-0013072,SUP-000423,True,2.93
SKU-0013073,SUP-000160,True,33.43
SKU-0013074,SUP-000093,True,7.41
SKU-0013075,SUP-000298,True,9.5
SKU-0013076,SUP-000334,True,1.46
SKU-0013077,SUP-000332,True,26.84
SKU-0013077,SUP-000089,False,
SKU-0013077,SUP-000248,False,31.66
SKU-0013078,SUP-000154,True,0.44
SKU-0013079,SUP-000397,True,26.08
SKU-0013080,SUP-000229,True,5.9
SKU-0013080,SUP-000061,False,6.88
SKU-0013080,SUP-000236,False,5.85
SKU-0013081,SUP-000185,True,25.23
SKU-0013082,SUP-000367,True,41.29
SKU-0013083,SUP-000059,True,0.6
SKU-0013084,SUP-000236,True,10.3
SKU-0013085,SUP-000216,True,20.74
SKU-0013086,SUP-000312,True,8.97
SKU-0013087,SUP-000110,True,5.96
SKU-0013088,SUP-000212,True,4.65
SKU-0013089,SUP-000204,True,47.28
SKU-0013089,SUP-000067,False,51.38
SKU-0013090,SUP-000158,True,0.96
SKU-0013091,SUP-000434,True,11.05
SKU-0013092,SUP-000444,True,6.71
SKU-0013093,SUP-000007,True,6.33
SKU-0013093,SUP-000405,False,6.23
SKU-0013094,SUP-000345,True,0.49
SKU-0013094,SUP-000391,False,0.45
SKU-0013095,SUP-000200,True,5.24
SKU-0013095,SUP-000360,False,6.24
SKU-0013096,SUP-000310,True,2.24
SKU-0013097,SUP-000377,True,25.91
SKU-0013098,SUP-000237,True,2.42
SKU-0013099,SUP-000166,True,0.88
SKU-0013100,SUP-000318,True,23.64
SKU-0013101,SUP-000168,True,2.0
SKU-0013102,SUP-000291,True,12.99
SKU-0013102,SUP-000006,False,12.62
SKU-0013103,SUP-000270,True,0.64
SKU-0013104,SUP-000435,True,15.88
SKU-0013105,SUP-000142,True,11.63
SKU-0013106,SUP-000102,True,1.39
SKU-0013107,SUP-000358,True,53.03
SKU-0013107,SUP-000371,False,55.42
SKU-0013107,SUP-000399,False,45.63
SKU-0013108,SUP-000345,True,1.7
SKU-0013108,SUP-000001,False,1.71
SKU-0013109,SUP-000154,True,4.41
SKU-0013110,SUP-000303,True,9.2
SKU-0013110,SUP-000310,False,8.98
SKU-0013110,SUP-000285,False,9.93
SKU-0013111,SUP-000437,True,8.6
SKU-0013112,SUP-000011,True,26.92
SKU-0013113,SUP-000183,True,1.87
SKU-0013114,SUP-000253,True,7.42
SKU-0013115,SUP-000134,True,15.84
SKU-0013116,SUP-000391,True,15.31
SKU-0013117,SUP-000255,True,4.11
SKU-0013118,SUP-000409,True,76.68
SKU-0013119,SUP-000096,True,
SKU-0013120,SUP-000243,True,12.44
SKU-0013120,SUP-000125,False,11.62
SKU-0013121,SUP-000397,True,10.31
SKU-0013122,SUP-000195,True,52.87
SKU-0013123,SUP-000130,True,2.48
SKU-0013124,SUP-000227,True,3.21
SKU-0013125,SUP-000156,True,24.99
SKU-0013126,SUP-000105,True,1.35
SKU-0013126,SUP-000197,False,1.23
SKU-0013127,SUP-000268,True,29.95
SKU-0013128,SUP-000010,True,17.4
SKU-0013129,SUP-000030,True,5.3
SKU-0013130,SUP-000229,True,20.59
SKU-0013131,SUP-000271,True,17.33
SKU-0013132,SUP-000075,True,3.16
SKU-0013132,SUP-000369,False,3.08
SKU-0013133,SUP-000278,True,22.75
SKU-0013134,SUP-000330,True,2.41
SKU-0013135,SUP-000366,True,3.72
SKU-0013136,SUP-000192,True,2.61
SKU-0013137,SUP-000082,True,12.03
SKU-0013138,SUP-000079,True,0.97
SKU-0013139,SUP-000320,True,22.09
SKU-0013140,SUP-000139,True,7.61
SKU-0013141,SUP-000298,True,
SKU-0013142,SUP-000421,True,
SKU-0013143,SUP-000361,True,10.59
SKU-0013144,SUP-000262,True,5.65
SKU-0013145,SUP-000211,True,14.82
SKU-0013145,SUP-000118,False,13.77
SKU-0013145,SUP-000034,False,16.04
SKU-0013146,SUP-000036,True,5.57
SKU-0013147,SUP-000196,True,22.37
SKU-0013147,SUP-000380,False,23.66
SKU-0013148,SUP-000180,True,2.78
SKU-0013149,SUP-000360,True,2.4
SKU-0013150,SUP-000297,True,17.79
SKU-0013151,SUP-000373,True,4.02
SKU-0013151,SUP-000180,False,4.47
SKU-0013152,SUP-000222,True,11.17
SKU-0013153,SUP-000136,True,0.42
SKU-0013154,SUP-000073,True,1.52
SKU-0013155,SUP-000425,True,121.81
SKU-0013156,SUP-000244,True,59.96
SKU-0013157,SUP-000195,True,6.67
SKU-0013157,SUP-000246,False,6.22
SKU-0013158,SUP-000222,True,8.99
SKU-0013159,SUP-000232,True,45.42
SKU-0013160,SUP-000312,True,0.93
SKU-0013161,SUP-000320,True,1.63
SKU-0013161,SUP-000371,False,1.53
SKU-0013162,SUP-000162,True,25.03
SKU-0013163,SUP-000086,True,11.5
SKU-0013163,SUP-000235,False,10.05
SKU-0013164,SUP-000315,True,0.49
SKU-0013165,SUP-000163,True,1.82
SKU-0013165,SUP-000392,False,1.87
SKU-0013166,SUP-000246,True,69.88
SKU-0013167,SUP-000114,True,2.43
SKU-0013168,SUP-000196,True,4.67
SKU-0013168,SUP-000040,False,5.7
SKU-0013169,SUP-000158,True,9.63
SKU-0013169,SUP-000168,False,10.98
SKU-0013170,SUP-000419,True,7.17
SKU-0013170,SUP-000400,False,6.63
SKU-0013170,SUP-000033,False,6.29
SKU-0013171,SUP-000020,True,12.39
SKU-0013171,SUP-000151,False,10.5
SKU-0013171,SUP-000382,False,9.97
SKU-0013172,SUP-000439,True,3.64
SKU-0013173,SUP-000128,True,5.19
SKU-0013174,SUP-000239,True,0.98
SKU-0013175,SUP-000221,True,9.94
SKU-0013176,SUP-000334,True,25.22
SKU-0013177,SUP-000434,True,4.63
SKU-0013178,SUP-000380,True,15.67
SKU-0013179,SUP-000375,True,34.2
SKU-0013179,SUP-000228,False,26.28
SKU-0013180,SUP-000072,True,9.12
SKU-0013181,SUP-000440,True,9.99
SKU-0013181,SUP-000082,False,9.55
SKU-0013182,SUP-000303,True,7.73
SKU-0013183,SUP-000348,True,1.1
SKU-0013183,SUP-000439,False,1.33
SKU-0013184,SUP-000424,True,9.15
SKU-0013185,SUP-000323,True,82.25
SKU-0013185,SUP-000221,False,77.44
SKU-0013186,SUP-000352,True,176.72
SKU-0013187,SUP-000073,True,23.01
SKU-0013188,SUP-000384,True,60.53
SKU-0013188,SUP-000405,False,54.34
SKU-0013189,SUP-000340,True,8.25
SKU-0013190,SUP-000338,True,1.01
SKU-0013191,SUP-000089,True,10.42
SKU-0013191,SUP-000376,False,11.65
SKU-0013191,SUP-000096,False,9.15
SKU-0013192,SUP-000243,True,58.84
SKU-0013192,SUP-000192,False,55.31
SKU-0013192,SUP-000159,False,65.5
SKU-0013193,SUP-000283,True,40.29
SKU-0013193,SUP-000447,False,49.73
SKU-0013194,SUP-000341,True,5.05
SKU-0013195,SUP-000450,True,12.94
SKU-0013195,SUP-000158,False,13.77
SKU-0013196,SUP-000288,True,8.23
SKU-0013196,SUP-000078,False,
SKU-0013197,SUP-000421,True,3.72
SKU-0013198,SUP-000432,True,8.97
SKU-0013199,SUP-000235,True,18.24
SKU-0013200,SUP-000262,True,4.15
SKU-0013200,SUP-000107,False,4.73
SKU-0013201,SUP-000446,True,20.52
SKU-0013202,SUP-000365,True,26.8
SKU-0013203,SUP-000208,True,12.59
SKU-0013204,SUP-000336,True,3.37
SKU-0013205,SUP-000100,True,44.35
SKU-0013205,SUP-000352,False,46.92
SKU-0013206,SUP-000195,True,7.8
SKU-0013206,SUP-000097,False,7.79
SKU-0013207,SUP-000321,True,21.52
SKU-0013208,SUP-000015,True,3.41
SKU-0013208,SUP-000341,False,3.17
SKU-0013209,SUP-000029,True,21.11
SKU-0013210,SUP-000034,True,5.8
SKU-0013211,SUP-000131,True,
SKU-0013211,SUP-000235,False,53.54
SKU-0013212,SUP-000439,True,20.82
SKU-0013212,SUP-000356,False,20.35
SKU-0013213,SUP-000370,True,3.45
SKU-0013214,SUP-000151,True,9.62
SKU-0013215,SUP-000165,True,58.35
SKU-0013216,SUP-000090,True,36.23
SKU-0013217,SUP-000421,True,40.91
SKU-0013218,SUP-000311,True,6.61
SKU-0013219,SUP-000242,True,2.12
SKU-0013220,SUP-000206,True,5.03
SKU-0013220,SUP-000197,False,4.1
SKU-0013221,SUP-000208,True,15.18
SKU-0013221,SUP-000247,False,17.6
SKU-0013222,SUP-000395,True,8.23
SKU-0013223,SUP-000306,True,21.7
SKU-0013223,SUP-000063,False,20.99
SKU-0013224,SUP-000422,True,10.11
SKU-0013224,SUP-000240,False,9.09
SKU-0013224,SUP-000120,False,11.29
SKU-0013225,SUP-000414,True,4.99
SKU-0013226,SUP-000341,True,70.12
SKU-0013227,SUP-000370,True,15.35
SKU-0013228,SUP-000410,True,44.92
SKU-0013228,SUP-000178,False,35.68
SKU-0013229,SUP-000048,True,22.65
SKU-0013229,SUP-000114,False,23.68
SKU-0013230,SUP-000247,True,4.39
SKU-0013230,SUP-000216,False,4.52
SKU-0013231,SUP-000352,True,38.05
SKU-0013231,SUP-000433,False,40.47
SKU-0013232,SUP-000301,True,3.26
SKU-0013233,SUP-000278,True,12.27
SKU-0013233,SUP-000059,False,11.06
SKU-0013234,SUP-000260,True,40.03
SKU-0013235,SUP-000248,True,108.78
SKU-0013236,SUP-000210,True,
SKU-0013237,SUP-000008,True,1.3
SKU-0013238,SUP-000142,True,9.4
SKU-0013239,SUP-000020,True,
SKU-0013240,SUP-000365,True,2.73
SKU-0013241,SUP-000316,True,13.99
SKU-0013242,SUP-000025,True,4.89
SKU-0013243,SUP-000078,True,25.16
SKU-0013243,SUP-000321,False,26.33
SKU-0013244,SUP-000299,True,60.37
SKU-0013245,SUP-000427,True,20.01
SKU-0013245,SUP-000434,False,22.64
SKU-0013246,SUP-000089,True,29.63
SKU-0013247,SUP-000137,True,27.95
SKU-0013248,SUP-000368,True,4.94
SKU-0013249,SUP-000386,True,81.83
SKU-0013250,SUP-000417,True,0.62
SKU-0013251,SUP-000147,True,13.09
SKU-0013251,SUP-000342,False,13.43
SKU-0013252,SUP-000327,True,11.07
SKU-0013252,SUP-000330,False,10.66
SKU-0013253,SUP-000157,True,7.27
SKU-0013254,SUP-000209,True,6.63
SKU-0013255,SUP-000111,True,0.92
SKU-0013256,SUP-000361,True,44.3
SKU-0013256,SUP-000405,False,39.3
SKU-0013257,SUP-000342,True,45.83
SKU-0013258,SUP-000393,True,0.41
SKU-0013259,SUP-000204,True,3.44
SKU-0013260,SUP-000123,True,196.37
SKU-0013261,SUP-000404,True,5.78
SKU-0013261,SUP-000146,False,5.38
SKU-0013262,SUP-000005,True,46.77
SKU-0013263,SUP-000342,True,3.93
SKU-0013264,SUP-000296,True,10.38
SKU-0013265,SUP-000059,True,15.17
SKU-0013265,SUP-000443,False,14.09
SKU-0013265,SUP-000206,False,16.22
SKU-0013266,SUP-000374,True,15.48
SKU-0013267,SUP-000206,True,11.4
SKU-0013268,SUP-000213,True,5.14
SKU-0013268,SUP-000347,False,4.58
SKU-0013269,SUP-000213,True,4.87
SKU-0013270,SUP-000398,True,2.86
SKU-0013271,SUP-000196,True,38.62
SKU-0013271,SUP-000442,False,34.51
SKU-0013272,SUP-000173,True,27.22
SKU-0013272,SUP-000115,False,27.6
SKU-0013273,SUP-000124,True,
SKU-0013274,SUP-000015,True,11.27
SKU-0013275,SUP-000212,True,33.06
SKU-0013276,SUP-000386,True,11.6
SKU-0013277,SUP-000177,True,6.23
SKU-0013278,SUP-000431,True,11.16
SKU-0013279,SUP-000237,True,49.08
SKU-0013280,SUP-000076,True,6.83
SKU-0013281,SUP-000185,True,2.9
SKU-0013282,SUP-000215,True,3.96
SKU-0013283,SUP-000441,True,5.53
SKU-0013284,SUP-000415,True,10.93
SKU-0013285,SUP-000126,True,2.06
SKU-0013285,SUP-000096,False,2.0
SKU-0013285,SUP-000186,False,2.23
SKU-0013286,SUP-000255,True,6.59
SKU-0013287,SUP-000072,True,5.47
SKU-0013288,SUP-000352,True,58.56
SKU-0013289,SUP-000390,True,8.91
SKU-0013290,SUP-000145,True,5.22
SKU-0013291,SUP-000397,True,24.19
SKU-0013292,SUP-000154,True,-52.27
SKU-0013293,SUP-000052,True,6.99
SKU-0013293,SUP-000285,False,6.92
SKU-0013294,SUP-000350,True,9.09
SKU-0013295,SUP-000112,True,1.77
SKU-0013296,SUP-000028,True,9.28
SKU-0013297,SUP-000038,True,2.82
SKU-0013298,SUP-000052,True,8.93
SKU-0013299,SUP-000374,True,37.24
SKU-0013300,SUP-000215,True,0.98
SKU-0013301,SUP-000127,True,7.9
SKU-0013302,SUP-000317,True,7.44
SKU-0013302,SUP-000375,False,6.76
SKU-0013303,SUP-000399,True,2.24
SKU-0013303,SUP-000198,False,2.46
SKU-0013304,SUP-000434,True,114.14
SKU-0013304,SUP-000325,False,114.29
SKU-0013305,SUP-000177,True,27.25
SKU-0013305,SUP-000284,False,28.59
SKU-0013306,SUP-000222,True,18.5
SKU-0013307,SUP-000053,True,21.96
SKU-0013308,SUP-000088,True,42.93
SKU-0013308,SUP-000072,False,
SKU-0013309,SUP-000052,True,40.89
SKU-0013309,SUP-000249,False,45.75
SKU-0013310,SUP-000399,True,12.84
SKU-0013311,SUP-000242,True,21.62
SKU-0013312,SUP-000014,True,11.98
SKU-0013313,SUP-000293,True,65.33
SKU-0013314,SUP-000062,True,30.18
SKU-0013315,SUP-000096,True,5.79
SKU-0013316,SUP-000419,True,24.71
SKU-0013317,SUP-000410,True,10.73
SKU-0013318,SUP-000010,True,91.87
SKU-0013318,SUP-000153,False,91.24
SKU-0013318,SUP-000205,False,78.73
SKU-0013319,SUP-000359,True,2.31
SKU-0013320,SUP-000234,True,2.69
SKU-0013321,SUP-000318,True,6.82
SKU-0013321,SUP-000098,False,5.86
SKU-0013322,SUP-000170,True,51.13
SKU-0013323,SUP-000076,True,39.22
SKU-0013324,SUP-000328,True,21.9
SKU-0013325,SUP-000106,True,2.6
SKU-0013326,SUP-000443,True,6.88
SKU-0013326,SUP-000216,False,6.32
SKU-0013326,SUP-000350,False,7.71
SKU-0013327,SUP-000249,True,56.37
SKU-0013328,SUP-000429,True,1.04
SKU-0013329,SUP-000141,True,11.04
SKU-0013330,SUP-000389,True,14.4
SKU-0013331,SUP-000405,True,1.91
SKU-0013332,SUP-000254,True,10.8
SKU-0013332,SUP-000389,False,12.21
SKU-0013333,SUP-000212,True,13.92
SKU-0013334,SUP-000378,True,25.84
SKU-0013335,SUP-000088,True,4.24
SKU-0013335,SUP-000133,False,
SKU-0013336,SUP-000415,True,69.49
SKU-0013337,SUP-000023,True,9.62
SKU-0013338,SUP-000438,True,40.42
SKU-0013339,SUP-000194,True,6.31
SKU-0013340,SUP-000215,True,14.91
SKU-0013340,SUP-000086,False,13.28
SKU-0013341,SUP-000216,True,9.92
SKU-0013342,SUP-000337,True,8.6
SKU-0013342,SUP-000163,False,10.42
SKU-0013343,SUP-000119,True,6.44
SKU-0013343,SUP-000094,False,5.65
SKU-0013344,SUP-000430,True,9.71
SKU-0013345,SUP-000001,True,15.19
SKU-0013346,SUP-000324,True,1.77
SKU-0013347,SUP-000245,True,43.14
SKU-0013348,SUP-000252,True,31.8
SKU-0013349,SUP-000408,True,13.13
SKU-0013350,SUP-000421,True,25.33
SKU-0013351,SUP-000256,True,1.92
SKU-0013352,SUP-000303,True,18.1
SKU-0013352,SUP-000124,False,22.67
SKU-0013353,SUP-000237,True,29.24
SKU-0013354,SUP-000277,True,59.6
SKU-0013355,SUP-000018,True,2.6
SKU-0013356,SUP-000082,True,13.88
SKU-0013357,SUP-000221,True,31.6
SKU-0013357,SUP-000119,False,33.72
SKU-0013358,SUP-000206,True,28.95
SKU-0013359,SUP-000125,True,1.17
SKU-0013360,SUP-000368,True,18.08
SKU-0013361,SUP-000258,True,17.0
SKU-0013361,SUP-000322,False,21.5
SKU-0013362,SUP-000234,True,12.03
SKU-0013363,SUP-000285,True,65.9
SKU-0013364,SUP-000345,True,6.23
SKU-0013365,SUP-000227,True,3.69
SKU-0013366,SUP-000058,True,21.96
SKU-0013367,SUP-000322,True,43.87
SKU-0013368,SUP-000398,True,231.46
SKU-0013369,SUP-000202,True,26.48
SKU-0013370,SUP-000351,True,35.31
SKU-0013371,SUP-000405,True,35.7
SKU-0013372,SUP-000081,True,4.93
SKU-0013373,SUP-000336,True,18.95
SKU-0013374,SUP-000291,True,2.44
SKU-0013375,SUP-000317,True,32.28
SKU-0013376,SUP-000182,True,18.1
SKU-0013376,SUP-000252,False,16.86
SKU-0013377,SUP-000433,True,31.93
SKU-0013378,SUP-000253,True,7.45
SKU-0013379,SUP-000272,True,11.61
SKU-0013380,SUP-000175,True,2.56
SKU-0013381,SUP-000385,True,4.84
SKU-0013382,SUP-000292,True,15.23
SKU-0013383,SUP-000130,True,7.92
SKU-0013383,SUP-000403,False,9.78
SKU-0013384,SUP-000232,True,89.69
SKU-0013385,SUP-000239,True,2.05
SKU-0013386,SUP-000037,True,19.67
SKU-0013386,SUP-000293,False,20.42
SKU-0013387,SUP-000449,True,4.89
SKU-0013388,SUP-000326,True,40.01
SKU-0013388,SUP-000100,False,36.3
SKU-0013389,SUP-000134,True,33.16
SKU-0013390,SUP-000285,True,39.64
SKU-0013391,SUP-000179,True,1.54
SKU-0013392,SUP-000042,True,1.36
SKU-0013393,SUP-000157,True,30.26
SKU-0013393,SUP-000151,False,28.07
SKU-0013394,SUP-000236,True,2.08
SKU-0013395,SUP-000304,True,17.19
SKU-0013396,SUP-000005,True,44.84
SKU-0013396,SUP-000161,False,50.47
SKU-0013397,SUP-000234,True,2.38
SKU-0013397,SUP-000275,False,2.74
SKU-0013398,SUP-000410,True,9.59
SKU-0013399,SUP-000340,True,8.35
SKU-0013400,SUP-000380,True,51.84
SKU-0013401,SUP-000428,True,6.22
SKU-0013402,SUP-000255,True,7.78
SKU-0013402,SUP-000290,False,8.55
SKU-0013403,SUP-000069,True,32.98
SKU-0013404,SUP-000265,True,39.1
SKU-0013405,SUP-000230,True,58.59
SKU-0013406,SUP-000270,True,12.62
SKU-0013407,SUP-000418,True,23.87
SKU-0013408,SUP-000422,True,5.11
SKU-0013409,SUP-000327,True,3.28
SKU-0013410,SUP-000317,True,9.33
SKU-0013411,SUP-000170,True,3.3
SKU-0013412,SUP-000359,True,0.66
SKU-0013413,SUP-000111,True,0.41
SKU-0013414,SUP-000210,True,4.18
SKU-0013415,SUP-000041,True,
SKU-0013416,SUP-000178,True,48.87
SKU-0013417,SUP-000191,True,17.93
SKU-0013418,SUP-000189,True,0.5
SKU-0013419,SUP-000220,True,34.54
SKU-0013419,SUP-000141,False,38.94
SKU-0013420,SUP-000442,True,8.8
SKU-0013420,SUP-000364,False,10.3
SKU-0013420,SUP-000200,False,9.5
SKU-0013421,SUP-000054,True,22.27
SKU-0013422,SUP-000083,True,2.66
SKU-0013423,SUP-000185,True,59.91
SKU-0013424,SUP-000094,True,6.86
SKU-0013425,SUP-000182,True,8.51
SKU-0013426,SUP-000229,True,88.47
SKU-0013427,SUP-000170,True,25.7
SKU-0013428,SUP-000202,True,1.18
SKU-0013429,SUP-000401,True,7.03
SKU-0013430,SUP-000288,True,23.68
SKU-0013431,SUP-000232,True,45.06
SKU-0013431,SUP-000134,False,39.63
SKU-0013431,SUP-000185,False,38.73
SKU-0013432,SUP-000272,True,5.98
SKU-0013432,SUP-000408,False,6.54
SKU-0013433,SUP-000224,True,1.88
SKU-0013434,SUP-000134,True,111.25
SKU-0013434,SUP-000412,False,106.21
SKU-0013435,SUP-000121,True,18.45
SKU-0013435,SUP-000332,False,18.06
SKU-0013436,SUP-000412,True,4.91
SKU-0013437,SUP-000434,True,1.76
SKU-0013437,SUP-000126,False,1.64
SKU-0013438,SUP-000098,True,11.33
SKU-0013439,SUP-000316,True,0.92
SKU-0013440,SUP-000352,True,110.72
SKU-0013441,SUP-000206,True,19.23
SKU-0013441,SUP-000411,False,17.33
SKU-0013442,SUP-000123,True,4.4
SKU-0013442,SUP-000331,False,5.48
SKU-0013442,SUP-000423,False,4.75
SKU-0013443,SUP-000298,True,12.17
SKU-0013444,SUP-000284,True,64.9
SKU-0013445,SUP-000019,True,1.64
SKU-0013445,SUP-000079,False,1.76
SKU-0013446,SUP-000375,True,
SKU-0013447,SUP-000067,True,4.39
SKU-0013448,SUP-000157,True,18.18
SKU-0013449,SUP-000359,True,7.66
SKU-0013450,SUP-000028,True,3.19
SKU-0013451,SUP-000138,True,8.08
SKU-0013452,SUP-000081,True,5.15
SKU-0013453,SUP-000134,True,4.36
SKU-0013454,SUP-000243,True,12.08
SKU-0013454,SUP-000042,False,10.46
SKU-0013454,SUP-000409,False,13.76
SKU-0013455,SUP-000148,True,
SKU-0013456,SUP-000005,True,8.32
SKU-0013457,SUP-000087,True,100.98
SKU-0013458,SUP-000207,True,2.4
SKU-0013459,SUP-000002,True,5.63
SKU-0013459,SUP-000173,False,5.62
SKU-0013460,SUP-000418,True,3.67
SKU-0013461,SUP-000196,True,9.8
SKU-0013461,SUP-000290,False,10.34
SKU-0013462,SUP-000265,True,11.02
SKU-0013463,SUP-000078,True,6.26
SKU-0013464,SUP-000079,True,6.32
SKU-0013464,SUP-000267,False,6.21
SKU-0013465,SUP-000137,True,51.73
SKU-0013466,SUP-000057,True,1.8
SKU-0013467,SUP-000354,True,6.83
SKU-0013468,SUP-000335,True,11.59
SKU-0013469,SUP-000054,True,15.81
SKU-0013470,SUP-000129,True,0.46
SKU-0013470,SUP-000287,False,0.35
SKU-0013470,SUP-000436,False,0.43
SKU-0013471,SUP-000133,True,2.54
SKU-0013472,SUP-000277,True,6.42
SKU-0013473,SUP-000202,True,8.57
SKU-0013474,SUP-000296,True,9.82
SKU-0013475,SUP-000190,True,10.01
SKU-0013476,SUP-000002,True,30.92
SKU-0013476,SUP-000427,False,32.09
SKU-0013477,SUP-000208,True,27.59
SKU-0013477,SUP-000144,False,33.32
SKU-0013477,SUP-000001,False,28.49
SKU-0013478,SUP-000305,True,6.79
SKU-0013479,SUP-000310,True,34.81
SKU-0013480,SUP-000015,True,98.61
SKU-0013480,SUP-000341,False,118.15
SKU-0013481,SUP-000055,True,9.35
SKU-0013481,SUP-000226,False,10.31
SKU-0013482,SUP-000353,True,27.08
SKU-0013482,SUP-000150,False,22.56
SKU-0013482,SUP-000129,False,25.62
SKU-0013483,SUP-000102,True,54.53
SKU-0013484,SUP-000255,True,8.62
SKU-0013485,SUP-000209,True,3.11
SKU-0013486,SUP-000348,True,5.41
SKU-0013487,SUP-000141,True,76.79
SKU-0013487,SUP-000347,False,95.05
SKU-0013488,SUP-000378,True,7.95
SKU-0013489,SUP-000097,True,15.23
SKU-0013489,SUP-000202,False,15.61
SKU-0013489,SUP-000207,False,17.03
SKU-0013490,SUP-000254,True,50.95
SKU-0013491,SUP-000065,True,10.35
SKU-0013491,SUP-000123,False,9.06
SKU-0013491,SUP-000252,False,10.87
SKU-0013492,SUP-000362,True,2.93
SKU-0013493,SUP-000062,True,7.73
SKU-0013494,SUP-000066,True,20.21
SKU-0013494,SUP-000182,False,19.91
SKU-0013495,SUP-000299,True,3.05
SKU-0013495,SUP-000016,False,2.73
SKU-0013496,SUP-000254,True,3.77
SKU-0013497,SUP-000349,True,3.51
SKU-0013498,SUP-000357,True,5.99
SKU-0013499,SUP-000249,True,6.99
SKU-0013500,SUP-000071,True,13.67
SKU-0013501,SUP-000062,True,38.6
SKU-0013502,SUP-000415,True,24.83
SKU-0013503,SUP-000310,True,63.3
SKU-0013504,SUP-000359,True,5.98
SKU-0013505,SUP-000368,True,3.87
SKU-0013506,SUP-000203,True,78.75
SKU-0013507,SUP-000212,True,0.46
SKU-0013508,SUP-000225,True,4.84
SKU-0013509,SUP-000252,True,0.44
SKU-0013509,SUP-000303,False,0.4
SKU-0013510,SUP-000397,True,-9.42
SKU-0013510,SUP-000194,False,-8.6
SKU-0013511,SUP-000348,True,4.21
SKU-0013512,SUP-000169,True,
SKU-0013513,SUP-000053,True,9.0
SKU-0013514,SUP-000414,True,15.21
SKU-0013515,SUP-000431,True,53.52
SKU-0013516,SUP-000156,True,-10.56
SKU-0013517,SUP-000395,True,12.88
SKU-0013517,SUP-000081,False,11.65
SKU-0013518,SUP-000150,True,
SKU-0013518,SUP-000170,False,1.13
SKU-0013519,SUP-000235,True,29.86
SKU-0013519,SUP-000258,False,31.47
SKU-0013520,SUP-000394,True,3.13
SKU-0013521,SUP-000375,True,21.69
SKU-0013522,SUP-000427,True,1.7
SKU-0013523,SUP-000449,True,32.14
SKU-0013524,SUP-000147,True,4.7
SKU-0013525,SUP-000106,True,4.99
SKU-0013526,SUP-000291,True,10.28
SKU-0013526,SUP-000324,False,9.43
SKU-0013527,SUP-000251,True,9.05
SKU-0013527,SUP-000227,False,8.59
SKU-0013527,SUP-000086,False,11.1
SKU-0013528,SUP-000195,True,38.21
SKU-0013529,SUP-000384,True,29.36
SKU-0013530,SUP-000301,True,5.27
SKU-0013531,SUP-000160,True,6.08
SKU-0013532,SUP-000214,True,6.84
SKU-0013533,SUP-000158,True,202.04
SKU-0013534,SUP-000202,True,0.95
SKU-0013534,SUP-000155,False,0.86
SKU-0013535,SUP-000331,True,34.65
SKU-0013535,SUP-000156,False,43.56
SKU-0013535,SUP-000326,False,34.07
SKU-0013536,SUP-000411,True,26.64
SKU-0013537,SUP-000073,True,117.82
SKU-0013537,SUP-000047,False,100.9
SKU-0013538,SUP-000424,True,46.88
SKU-0013539,SUP-000020,True,2.1
SKU-0013540,SUP-000232,True,35.76
SKU-0013541,SUP-000210,True,2.54
SKU-0013542,SUP-000076,True,5.67
SKU-0013543,SUP-000117,True,52.35
SKU-0013543,SUP-000126,False,44.35
SKU-0013544,SUP-000171,True,187.59
SKU-0013544,SUP-000411,False,180.98
SKU-0013545,SUP-000297,True,17.99
SKU-0013546,SUP-000074,True,8.63
SKU-0013546,SUP-000067,False,7.04
SKU-0013547,SUP-000210,True,5.6
SKU-0013548,SUP-000080,True,49.62
SKU-0013548,SUP-000407,False,59.88
SKU-0013549,SUP-000265,True,52.53
SKU-0013550,SUP-000242,True,1.48
SKU-0013550,SUP-000389,False,1.55
SKU-0013551,SUP-000064,True,4.3
SKU-0013551,SUP-000148,False,5.32
SKU-0013552,SUP-000222,True,14.12
SKU-0013552,SUP-000393,False,18.43
SKU-0013553,SUP-000357,True,18.23
SKU-0013554,SUP-000020,True,-6.92
SKU-0013555,SUP-000152,True,13.94
SKU-0013556,SUP-000312,True,78.77
SKU-0013557,SUP-000258,True,90.59
SKU-0013557,SUP-000154,False,80.42
SKU-0013558,SUP-000193,True,4.11
SKU-0013559,SUP-000407,True,16.15
SKU-0013560,SUP-000301,True,69.85
SKU-0013561,SUP-000162,True,12.92
SKU-0013562,SUP-000096,True,14.29
SKU-0013562,SUP-000208,False,13.12
SKU-0013562,SUP-000062,False,13.15
SKU-0013563,SUP-000305,True,55.17
SKU-0013564,SUP-000404,True,46.18
SKU-0013565,SUP-000011,True,2.31
SKU-0013566,SUP-000001,True,
SKU-0013567,SUP-000144,True,45.87
SKU-0013568,SUP-000131,True,12.49
SKU-0013569,SUP-000052,True,3.71
SKU-0013570,SUP-000308,True,8.28
SKU-0013571,SUP-000444,True,15.65
SKU-0013571,SUP-000317,False,16.21
SKU-0013572,SUP-000068,True,23.56
SKU-0013573,SUP-000343,True,2.83
SKU-0013574,SUP-000091,True,10.83
SKU-0013574,SUP-000175,False,10.64
SKU-0013575,SUP-000204,True,2.21
SKU-0013575,SUP-000186,False,2.64
SKU-0013576,SUP-000017,True,30.56
SKU-0013577,SUP-000040,True,4.51
SKU-0013578,SUP-000046,True,24.08
SKU-0013579,SUP-000124,True,12.76
SKU-0013579,SUP-000279,False,11.36
SKU-0013580,SUP-000054,True,5.79
SKU-0013581,SUP-000011,True,4.2
SKU-0013582,SUP-000120,True,12.98
SKU-0013583,SUP-000367,True,79.55
SKU-0013584,SUP-000390,True,29.47
SKU-0013585,SUP-000004,True,134.46
SKU-0013586,SUP-000178,True,133.66
SKU-0013587,SUP-000048,True,
SKU-0013588,SUP-000179,True,2.46
SKU-0013589,SUP-000043,True,8.89
SKU-0013590,SUP-000125,True,1.29
SKU-0013590,SUP-000189,False,1.13
SKU-0013591,SUP-000247,True,10.87
SKU-0013592,SUP-000072,True,4.05
SKU-0013592,SUP-000097,False,4.43
SKU-0013592,SUP-000405,False,4.63
SKU-0013593,SUP-000261,True,10.17
SKU-0013594,SUP-000048,True,56.5
SKU-0013595,SUP-000316,True,42.52
SKU-0013595,SUP-000131,False,33.19
SKU-0013596,SUP-000376,True,5.88
SKU-0013597,SUP-000147,True,4.05
SKU-0013598,SUP-000239,True,2.16
SKU-0013599,SUP-000424,True,4.03
SKU-0013600,SUP-000267,True,2.87
SKU-0013601,SUP-000121,True,10.88
SKU-0013602,SUP-000020,True,4.25
SKU-0013603,SUP-000032,True,18.42
SKU-0013604,SUP-000241,True,2.32
SKU-0013605,SUP-000113,True,11.94
SKU-0013606,SUP-000225,True,12.29
SKU-0013606,SUP-000209,False,12.95
SKU-0013607,SUP-000048,True,
SKU-0013608,SUP-000280,True,87.67
SKU-0013609,SUP-000056,True,22.81
SKU-0013610,SUP-000105,True,2.61
SKU-0013610,SUP-000393,False,2.81
SKU-0013611,SUP-000071,True,1.26
SKU-0013611,SUP-000398,False,1.32
SKU-0013612,SUP-000374,True,211.7
SKU-0013612,SUP-000362,False,220.18
SKU-0013613,SUP-000187,True,16.62
SKU-0013614,SUP-000385,True,23.09
SKU-0013614,SUP-000059,False,26.06
SKU-0013615,SUP-000278,True,3.29
SKU-0013616,SUP-000264,True,10.15
SKU-0013616,SUP-000438,False,8.3
SKU-0013617,SUP-000353,True,69.63
SKU-0013618,SUP-000265,True,11.17
SKU-0013618,SUP-000379,False,13.83
SKU-0013619,SUP-000400,True,4.39
SKU-0013620,SUP-000363,True,1.78
SKU-0013621,SUP-000252,True,8.16
SKU-0013621,SUP-000221,False,8.48
SKU-0013621,SUP-000004,False,6.5
SKU-0013622,SUP-000342,True,6.94
SKU-0013622,SUP-000257,False,6.78
SKU-0013623,SUP-000113,True,8.4
SKU-0013624,SUP-000437,True,3.29
SKU-0013625,SUP-000033,True,6.9
SKU-0013625,SUP-000164,False,6.4
SKU-0013626,SUP-000235,True,34.37
SKU-0013626,SUP-000333,False,30.1
SKU-0013627,SUP-000433,True,5.46
SKU-0013628,SUP-000244,True,1.78
SKU-0013628,SUP-000056,False,1.63
SKU-0013629,SUP-000063,True,21.34
SKU-0013630,SUP-000081,True,39.71
SKU-0013630,SUP-000097,False,35.92
SKU-0013631,SUP-000384,True,4.73
SKU-0013632,SUP-000060,True,5.78
SKU-0013632,SUP-000368,False,5.69
SKU-0013633,SUP-000157,True,129.45
SKU-0013634,SUP-000265,True,9.05
SKU-0013635,SUP-000383,True,131.46
SKU-0013636,SUP-000187,True,37.01
SKU-0013637,SUP-000212,True,7.81
SKU-0013638,SUP-000175,True,5.73
SKU-0013638,SUP-000441,False,6.31
SKU-0013639,SUP-000403,True,8.87
SKU-0013640,SUP-000389,True,7.11
SKU-0013640,SUP-000433,False,
SKU-0013641,SUP-000067,True,12.54
SKU-0013642,SUP-000200,True,16.04
SKU-0013643,SUP-000379,True,5.51
SKU-0013644,SUP-000445,True,138.69
SKU-0013645,SUP-000002,True,4.32
SKU-0013645,SUP-000215,False,4.03
SKU-0013646,SUP-000378,True,317.52
SKU-0013647,SUP-000290,True,503.57
SKU-0013647,SUP-000028,False,499.64
SKU-0013648,SUP-000305,True,5.49
SKU-0013649,SUP-000181,True,3.63
SKU-0013650,SUP-000046,True,29.45
SKU-0013651,SUP-000156,True,9.43
SKU-0013651,SUP-000289,False,7.6
SKU-0013652,SUP-000267,True,89.99
SKU-0013653,SUP-000268,True,8.98
SKU-0013654,SUP-000360,True,20.93
SKU-0013654,SUP-000264,False,24.92
SKU-0013654,SUP-000042,False,26.01
SKU-0013655,SUP-000005,True,-0.78
SKU-0013656,SUP-000041,True,3.9
SKU-0013657,SUP-000119,True,18.85
SKU-0013658,SUP-000205,True,35.73
SKU-0013659,SUP-000307,True,9.18
SKU-0013659,SUP-000109,False,9.5
SKU-0013660,SUP-000314,True,89.65
SKU-0013661,SUP-000343,True,17.4
SKU-0013662,SUP-000163,True,8.74
SKU-0013663,SUP-000132,True,16.44
SKU-0013664,SUP-000066,True,15.52
SKU-0013665,SUP-000401,True,5.87
SKU-0013666,SUP-000370,True,4.16
SKU-0013666,SUP-000231,False,3.76
SKU-0013667,SUP-000382,True,1.01
SKU-0013668,SUP-000196,True,6.7
SKU-0013669,SUP-000129,True,114.62
SKU-0013669,SUP-000252,False,133.6
SKU-0013670,SUP-000021,True,31.56
SKU-0013671,SUP-000385,True,19.0
SKU-0013671,SUP-000354,False,16.9
SKU-0013671,SUP-000273,False,18.12
SKU-0013672,SUP-000126,True,15.9
SKU-0013672,SUP-000053,False,14.8
SKU-0013673,SUP-000099,True,25.7
SKU-0013674,SUP-000254,True,2.05
SKU-0013675,SUP-000402,True,29.7
SKU-0013676,SUP-000199,True,16.55
SKU-0013677,SUP-000305,True,10.05
SKU-0013678,SUP-000354,True,31.51
SKU-0013679,SUP-000375,True,35.52
SKU-0013679,SUP-000143,False,32.15
SKU-0013680,SUP-000227,True,15.89
SKU-0013681,SUP-000441,True,0.51
SKU-0013681,SUP-000147,False,0.57
SKU-0013682,SUP-000308,True,3.51
SKU-0013682,SUP-000208,False,2.92
SKU-0013683,SUP-000239,True,570.47
SKU-0013684,SUP-000305,True,17.34
SKU-0013685,SUP-000095,True,18.96
SKU-0013686,SUP-000088,True,8.35
SKU-0013687,SUP-000402,True,13.67
SKU-0013688,SUP-000332,True,18.69
SKU-0013689,SUP-000413,True,3.72
SKU-0013690,SUP-000336,True,10.54
SKU-0013690,SUP-000299,False,11.09
SKU-0013691,SUP-000261,True,11.59
SKU-0013692,SUP-000444,True,6.62
SKU-0013692,SUP-000065,False,8.44
SKU-0013693,SUP-000277,True,2.95
SKU-0013694,SUP-000140,True,23.83
SKU-0013695,SUP-000443,True,15.03
SKU-0013696,SUP-000134,True,10.07
SKU-0013697,SUP-000273,True,2.03
SKU-0013698,SUP-000442,True,65.95
SKU-0013699,SUP-000285,True,0.56
SKU-0013699,SUP-000410,False,0.66
SKU-0013700,SUP-000181,True,1.64
SKU-0013701,SUP-000030,True,1.44
SKU-0013702,SUP-000094,True,14.05
SKU-0013703,SUP-000313,True,60.14
SKU-0013704,SUP-000128,True,18.25
SKU-0013705,SUP-000206,True,6.01
SKU-0013706,SUP-000216,True,10.9
SKU-0013707,SUP-000131,True,29.79
SKU-0013708,SUP-000229,True,61.83
SKU-0013709,SUP-000061,True,7.82
SKU-0013709,SUP-000134,False,8.13
SKU-0013710,SUP-000284,True,2.22
SKU-0013710,SUP-000213,False,2.37
SKU-0013711,SUP-000104,True,35.85
SKU-0013712,SUP-000351,True,0.41
SKU-0013712,SUP-000406,False,0.41
SKU-0013713,SUP-000297,True,3.63
SKU-0013713,SUP-000244,False,3.2
SKU-0013714,SUP-000260,True,32.88
SKU-0013714,SUP-000077,False,34.52
SKU-0013715,SUP-000096,True,40.76
SKU-0013716,SUP-000030,True,4.77
SKU-0013717,SUP-000101,True,15.96
SKU-0013718,SUP-000387,True,4.0
SKU-0013719,SUP-000021,True,3.87
SKU-0013720,SUP-000115,True,5.41
SKU-0013720,SUP-000185,False,4.58
SKU-0013721,SUP-000148,True,26.94
SKU-0013722,SUP-000270,True,74.38
SKU-0013722,SUP-000276,False,70.98
SKU-0013723,SUP-000088,True,14.44
SKU-0013723,SUP-000269,False,14.52
SKU-0013724,SUP-000217,True,18.05
SKU-0013725,SUP-000309,True,8.95
SKU-0013726,SUP-000419,True,5.72
SKU-0013727,SUP-000210,True,9.51
SKU-0013728,SUP-000191,True,6.99
SKU-0013729,SUP-000274,True,4.01
SKU-0013729,SUP-000449,False,3.38
SKU-0013729,SUP-000075,False,3.23
SKU-0013730,SUP-000093,True,10.81
SKU-0013731,SUP-000072,True,2.46
SKU-0013732,SUP-000156,True,4.71
SKU-0013733,SUP-000161,True,41.99
SKU-0013734,SUP-000255,True,11.27
SKU-0013735,SUP-000100,True,29.23
SKU-0013735,SUP-000246,False,25.85
SKU-0013736,SUP-000124,True,
SKU-0013737,SUP-000384,True,6.01
SKU-0013738,SUP-000161,True,1.38
SKU-0013739,SUP-000335,True,12.96
SKU-0013739,SUP-000149,False,13.48
SKU-0013740,SUP-000002,True,0.63
SKU-0013741,SUP-000191,True,25.36
SKU-0013742,SUP-000112,True,11.16
SKU-0013743,SUP-000348,True,10.31
SKU-0013744,SUP-000439,True,12.04
SKU-0013744,SUP-000148,False,10.71
SKU-0013745,SUP-000408,True,41.36
SKU-0013745,SUP-000008,False,36.82
SKU-0013745,SUP-000201,False,35.21
SKU-0013746,SUP-000370,True,5.22
SKU-0013747,SUP-000074,True,46.23
SKU-0013748,SUP-000147,True,5.73
SKU-0013749,SUP-000166,True,16.53
SKU-0013750,SUP-000075,True,1.7
SKU-0013750,SUP-000311,False,1.94
SKU-0013751,SUP-000404,True,3.37
SKU-0013751,SUP-000023,False,3.32
SKU-0013752,SUP-000073,True,1.86
SKU-0013753,SUP-000316,True,1.73
SKU-0013754,SUP-000006,True,47.93
SKU-0013755,SUP-000079,True,59.0
SKU-0013755,SUP-000065,False,57.98
SKU-0013756,SUP-000056,True,12.05
SKU-0013757,SUP-000155,True,9.79
SKU-0013757,SUP-000261,False,9.63
SKU-0013758,SUP-000440,True,19.96
SKU-0013759,SUP-000004,True,4.03
SKU-0013760,SUP-000419,True,1.46
SKU-0013761,SUP-000436,True,
SKU-0013761,SUP-000406,False,2.1
SKU-0013762,SUP-000183,True,5.55
SKU-0013762,SUP-000001,False,6.43
SKU-0013763,SUP-000371,True,24.15
SKU-0013764,SUP-000094,True,8.86
SKU-0013765,SUP-000326,True,19.33
SKU-0013766,SUP-000071,True,21.09
SKU-0013767,SUP-000224,True,35.73
SKU-0013768,SUP-000051,True,8.37
SKU-0013769,SUP-000432,True,7.95
SKU-0013769,SUP-000378,False,9.47
SKU-0013770,SUP-000391,True,1.57
SKU-0013771,SUP-000064,True,19.48
SKU-0013771,SUP-000166,False,16.48
SKU-0013772,SUP-000160,True,3.77
SKU-0013773,SUP-000374,True,31.46
SKU-0013774,SUP-000450,True,36.35
SKU-0013775,SUP-000408,True,5.7
SKU-0013775,SUP-000194,False,5.49
SKU-0013776,SUP-000425,True,20.81
SKU-0013777,SUP-000427,True,33.18
SKU-0013778,SUP-000034,True,84.5
SKU-0013778,SUP-000420,False,97.98
SKU-0013778,SUP-000143,False,98.97
SKU-0013779,SUP-000125,True,13.08
SKU-0013780,SUP-000190,True,30.14
SKU-0013780,SUP-000215,False,36.35
SKU-0013781,SUP-000203,True,0.66
SKU-0013782,SUP-000406,True,298.37
SKU-0013783,SUP-000352,True,1.82
SKU-0013784,SUP-000192,True,24.51
SKU-0013784,SUP-000208,False,29.1
SKU-0013785,SUP-000157,True,5.16
SKU-0013785,SUP-000166,False,5.33
SKU-0013786,SUP-000086,True,8.29
SKU-0013786,SUP-000089,False,6.92
SKU-0013787,SUP-000105,True,12.32
SKU-0013788,SUP-000109,True,26.01
SKU-0013788,SUP-000419,False,23.26
SKU-0013789,SUP-000154,True,5.29
SKU-0013790,SUP-000352,True,4.34
SKU-0013791,SUP-000294,True,7.12
SKU-0013792,SUP-000227,True,11.06
SKU-0013793,SUP-000420,True,0.71
SKU-0013794,SUP-000405,True,11.82
SKU-0013795,SUP-000211,True,30.82
SKU-0013796,SUP-000343,True,105.25
SKU-0013797,SUP-000377,True,41.87
SKU-0013797,SUP-000239,False,35.41
SKU-0013797,SUP-000354,False,36.94
SKU-0013798,SUP-000042,True,6.11
SKU-0013798,SUP-000339,False,7.68
SKU-0013799,SUP-000344,True,1.78
SKU-0013800,SUP-000334,True,
SKU-0013800,SUP-000296,False,3.67
SKU-0013800,SUP-000360,False,3.65
SKU-0013801,SUP-000046,True,5.82
SKU-0013802,SUP-000349,True,0.61
SKU-0013802,SUP-000030,False,0.72
SKU-0013803,SUP-000400,True,8.31
SKU-0013804,SUP-000070,True,29.03
SKU-0013805,SUP-000269,True,7.28
SKU-0013806,SUP-000025,True,34.18
SKU-0013807,SUP-000303,True,10.33
SKU-0013807,SUP-000093,False,8.43
SKU-0013808,SUP-000210,True,18.16
SKU-0013808,SUP-000257,False,16.72
SKU-0013809,SUP-000311,True,1.37
SKU-0013810,SUP-000069,True,19.58
SKU-0013811,SUP-000096,True,18.83
SKU-0013811,SUP-000433,False,19.52
SKU-0013812,SUP-000250,True,7.31
SKU-0013812,SUP-000355,False,7.29
SKU-0013812,SUP-000419,False,8.32
SKU-0013813,SUP-000327,True,1.3
SKU-0013814,SUP-000331,True,39.01
SKU-0013815,SUP-000185,True,7.07
SKU-0013815,SUP-000397,False,7.09
SKU-0013816,SUP-000450,True,34.76
SKU-0013817,SUP-000357,True,1.31
SKU-0013817,SUP-000374,False,
SKU-0013817,SUP-000140,False,1.5
SKU-0013818,SUP-000117,True,
SKU-0013819,SUP-000333,True,5.94
SKU-0013819,SUP-000419,False,5.36
SKU-0013820,SUP-000232,True,2.69
SKU-0013821,SUP-000446,True,1.29
SKU-0013822,SUP-000001,True,5.72
SKU-0013823,SUP-000336,True,0.91
SKU-0013824,SUP-000421,True,1.85
SKU-0013825,SUP-000164,True,10.24
SKU-0013826,SUP-000058,True,22.12
SKU-0013827,SUP-000252,True,17.08
SKU-0013827,SUP-000077,False,
SKU-0013828,SUP-000224,True,3.13
SKU-0013829,SUP-000420,True,63.24
SKU-0013830,SUP-000080,True,5.27
SKU-0013830,SUP-000047,False,4.92
SKU-0013831,SUP-000221,True,16.98
SKU-0013832,SUP-000108,True,13.04
SKU-0013832,SUP-000010,False,13.27
SKU-0013833,SUP-000196,True,17.69
SKU-0013834,SUP-000409,True,25.4
SKU-0013834,SUP-000074,False,30.46
SKU-0013835,SUP-000375,True,23.78
SKU-0013836,SUP-000194,True,2.76
SKU-0013837,SUP-000330,True,10.98
SKU-0013838,SUP-000265,True,14.89
SKU-0013839,SUP-000348,True,22.1
SKU-0013840,SUP-000256,True,8.57
SKU-0013840,SUP-000108,False,8.84
SKU-0013841,SUP-000407,True,24.59
SKU-0013842,SUP-000377,True,17.1
SKU-0013843,SUP-000417,True,269.03
SKU-0013844,SUP-000322,True,14.82
SKU-0013845,SUP-000034,True,11.94
SKU-0013845,SUP-000369,False,10.15
SKU-0013846,SUP-000042,True,-59.87
SKU-0013847,SUP-000172,True,6.64
SKU-0013848,SUP-000045,True,2.38
SKU-0013849,SUP-000218,True,156.85
SKU-0013850,SUP-000009,True,63.92
SKU-0013851,SUP-000218,True,10.32
SKU-0013852,SUP-000311,True,
SKU-0013853,SUP-000296,True,29.43
SKU-0013854,SUP-000162,True,7.02
SKU-0013855,SUP-000185,True,1.84
SKU-0013855,SUP-000123,False,2.09
SKU-0013855,SUP-000095,False,1.85
SKU-0013856,SUP-000103,True,16.08
SKU-0013857,SUP-000275,True,26.11
SKU-0013858,SUP-000074,True,11.11
SKU-0013859,SUP-000211,True,0.86
SKU-0013860,SUP-000293,True,2.89
SKU-0013861,SUP-000397,True,3.84
SKU-0013862,SUP-000368,True,4.97
SKU-0013863,SUP-000057,True,23.74
SKU-0013864,SUP-000401,True,12.51
SKU-0013865,SUP-000117,True,-50.71
SKU-0013866,SUP-000164,True,5.05
SKU-0013867,SUP-000038,True,1.5
SKU-0013868,SUP-000193,True,2.33
SKU-0013869,SUP-000207,True,1.94
SKU-0013870,SUP-000320,True,4.64
SKU-0013871,SUP-000120,True,5.66
SKU-0013872,SUP-000065,True,4.06
SKU-0013873,SUP-000399,True,5.79
SKU-0013873,SUP-000282,False,6.11
SKU-0013874,SUP-000096,True,12.07
SKU-0013875,SUP-000198,True,24.2
SKU-0013875,SUP-000279,False,23.8
SKU-0013876,SUP-000331,True,31.31
SKU-0013876,SUP-000039,False,30.8
SKU-0013877,SUP-000320,True,4.45
SKU-0013878,SUP-000139,True,8.14
SKU-0013878,SUP-000240,False,7.81
SKU-0013879,SUP-000005,True,12.42
SKU-0013880,SUP-000049,True,3.79
SKU-0013880,SUP-000192,False,3.28
SKU-0013880,SUP-000142,False,3.35
SKU-0013881,SUP-000136,True,11.96
SKU-0013882,SUP-000122,True,4.73
SKU-0013883,SUP-000439,True,32.16
SKU-0013883,SUP-000419,False,38.84
SKU-0013884,SUP-000286,True,13.01
SKU-0013885,SUP-000039,True,279.91
SKU-0013886,SUP-000443,True,3.15
SKU-0013887,SUP-000111,True,7.65
SKU-0013888,SUP-000147,True,3.88
SKU-0013888,SUP-000325,False,4.21
SKU-0013889,SUP-000260,True,5.99
SKU-0013890,SUP-000056,True,6.66
SKU-0013891,SUP-000219,True,4.43
SKU-0013892,SUP-000182,True,47.67
SKU-0013893,SUP-000421,True,4.82
SKU-0013894,SUP-000112,True,52.02
SKU-0013895,SUP-000308,True,86.57
SKU-0013896,SUP-000164,True,2.58
SKU-0013896,SUP-000077,False,3.31
SKU-0013897,SUP-000076,True,21.77
SKU-0013898,SUP-000317,True,6.61
SKU-0013899,SUP-000286,True,3.76
SKU-0013899,SUP-000260,False,3.74
SKU-0013899,SUP-000021,False,3.55
SKU-0013900,SUP-000047,True,6.89
SKU-0013901,SUP-000118,True,4.05
SKU-0013902,SUP-000215,True,3.92
SKU-0013903,SUP-000383,True,1.85
SKU-0013904,SUP-000122,True,42.18
SKU-0013904,SUP-000169,False,36.38
SKU-0013905,SUP-000139,True,55.74
SKU-0013905,SUP-000154,False,53.98
SKU-0013906,SUP-000319,True,21.89
SKU-0013907,SUP-000329,True,31.43
SKU-0013908,SUP-000044,True,109.49
SKU-0013908,SUP-000051,False,100.02
SKU-0013908,SUP-000058,False,110.83
SKU-0013909,SUP-000146,True,94.31
SKU-0013910,SUP-000079,True,91.23
SKU-0013910,SUP-000211,False,79.02
SKU-0013911,SUP-000434,True,15.17
SKU-0013912,SUP-000444,True,4.38
SKU-0013912,SUP-000400,False,4.06
SKU-0013913,SUP-000262,True,1.83
SKU-0013913,SUP-000076,False,1.72
SKU-0013914,SUP-000219,True,0.4
SKU-0013915,SUP-000238,True,62.14
SKU-0013915,SUP-000223,False,58.08
SKU-0013916,SUP-000117,True,5.01
SKU-0013916,SUP-000337,False,4.18
SKU-0013917,SUP-000062,True,4.19
SKU-0013918,SUP-000024,True,29.9
SKU-0013918,SUP-000139,False,33.49
SKU-0013919,SUP-000306,True,18.57
SKU-0013920,SUP-000111,True,0.38
SKU-0013920,SUP-000013,False,0.37
SKU-0013921,SUP-000410,True,7.36
SKU-0013921,SUP-000334,False,6.7
SKU-0013922,SUP-000358,True,2.31
SKU-0013922,SUP-000248,False,2.36
SKU-0013923,SUP-000155,True,17.92
SKU-0013924,SUP-000126,True,16.3
SKU-0013925,SUP-000447,True,46.11
SKU-0013925,SUP-000152,False,49.89
SKU-0013926,SUP-000036,True,14.96
SKU-0013927,SUP-000296,True,10.96
SKU-0013927,SUP-000095,False,14.12
SKU-0013928,SUP-000054,True,6.7
SKU-0013929,SUP-000347,True,0.82
SKU-0013930,SUP-000333,True,62.33
SKU-0013931,SUP-000072,True,3.51
SKU-0013932,SUP-000391,True,17.24
SKU-0013933,SUP-000229,True,7.13
SKU-0013934,SUP-000172,True,10.86
SKU-0013934,SUP-000367,False,10.4
SKU-0013935,SUP-000142,True,4.22
SKU-0013935,SUP-000171,False,3.41
SKU-0013936,SUP-000118,True,12.84
SKU-0013937,SUP-000405,True,135.03
SKU-0013938,SUP-000222,True,4.13
SKU-0013938,SUP-000418,False,4.09
SKU-0013938,SUP-000426,False,4.29
SKU-0013939,SUP-000167,True,67.33
SKU-0013940,SUP-000240,True,16.97
SKU-0013941,SUP-000196,True,12.51
SKU-0013942,SUP-000134,True,14.3
SKU-0013943,SUP-000169,True,9.66
SKU-0013943,SUP-000034,False,9.97
SKU-0013944,SUP-000296,True,7.94
SKU-0013945,SUP-000203,True,11.26
SKU-0013946,SUP-000313,True,18.65
SKU-0013946,SUP-000029,False,20.75
SKU-0013947,SUP-000433,True,6.55
SKU-0013948,SUP-000134,True,3.81
SKU-0013949,SUP-000157,True,-5.86
SKU-0013949,SUP-000113,False,-5.16
SKU-0013950,SUP-000093,True,9.7
SKU-0013951,SUP-000158,True,22.08
SKU-0013952,SUP-000207,True,31.98
SKU-0013952,SUP-000122,False,28.16
SKU-0013953,SUP-000350,True,10.14
SKU-0013954,SUP-000030,True,3.23
SKU-0013955,SUP-000249,True,23.09
SKU-0013956,SUP-000069,True,26.28
SKU-0013957,SUP-000412,True,6.94
SKU-0013958,SUP-000152,True,11.04
SKU-0013959,SUP-000107,True,44.26
SKU-0013960,SUP-000056,True,59.71
SKU-0013961,SUP-000134,True,4.2
SKU-0013962,SUP-000409,True,14.21
SKU-0013963,SUP-000225,True,1.62
SKU-0013963,SUP-000176,False,1.47
SKU-0013963,SUP-000442,False,1.83
SKU-0013964,SUP-000338,True,
SKU-0013965,SUP-000157,True,1.73
SKU-0013966,SUP-000313,True,17.33
SKU-0013966,SUP-000304,False,17.27
SKU-0013967,SUP-000008,True,16.13
SKU-0013968,SUP-000306,True,
SKU-0013969,SUP-000437,True,5.1
SKU-0013970,SUP-000108,True,12.26
SKU-0013971,SUP-000400,True,3.63
SKU-0013972,SUP-000363,True,2.43
SKU-0013973,SUP-000065,True,8.86
SKU-0013974,SUP-000390,True,30.73
SKU-0013975,SUP-000225,True,2.63
SKU-0013976,SUP-000054,True,2.72
SKU-0013977,SUP-000029,True,17.49
SKU-0013978,SUP-000053,True,13.52
SKU-0013979,SUP-000308,True,83.69
SKU-0013979,SUP-000412,False,82.61
SKU-0013980,SUP-000160,True,24.24
SKU-0013981,SUP-000409,True,23.19
SKU-0013981,SUP-000291,False,22.97
SKU-0013982,SUP-000367,True,13.06
SKU-0013982,SUP-000293,False,11.29
SKU-0013983,SUP-000132,True,120.54
SKU-0013984,SUP-000394,True,27.79
SKU-0013984,SUP-000406,False,31.27
SKU-0013985,SUP-000002,True,37.99
SKU-0013985,SUP-000315,False,34.75
SKU-0013985,SUP-000214,False,36.98
SKU-0013986,SUP-000351,True,5.08
SKU-0013987,SUP-000387,True,7.53
SKU-0013988,SUP-000015,True,
SKU-0013989,SUP-000121,True,25.37
SKU-0013990,SUP-000147,True,53.52
SKU-0013991,SUP-000264,True,2.77
SKU-0013992,SUP-000436,True,0.46
SKU-0013993,SUP-000039,True,26.6
SKU-0013994,SUP-000288,True,8.43
SKU-0013995,SUP-000362,True,38.33
SKU-0013996,SUP-000017,True,36.62
SKU-0013996,SUP-000413,False,29.99
SKU-0013997,SUP-000215,True,21.32
SKU-0013998,SUP-000277,True,6.71
SKU-0013999,SUP-000133,True,5.14
SKU-0013999,SUP-000433,False,5.42
SKU-0014000,SUP-000010,True,1.61
SKU-0014000,SUP-000207,False,1.8
SKU-0014001,SUP-000055,True,43.12
SKU-0014002,SUP-000107,True,40.16
SKU-0014003,SUP-000436,True,20.18
SKU-0014004,SUP-000397,True,7.35
SKU-0014005,SUP-000402,True,
SKU-0014005,SUP-000268,False,26.62
SKU-0014006,SUP-000425,True,6.23
SKU-0014007,SUP-000066,True,31.6
SKU-0014008,SUP-000347,True,5.01
SKU-0014009,SUP-000077,True,2.78
SKU-0014010,SUP-000423,True,20.32
SKU-0014011,SUP-000444,True,174.22
SKU-0014012,SUP-000398,True,1.42
SKU-0014013,SUP-000371,True,
SKU-0014014,SUP-000330,True,0.95
SKU-0014014,SUP-000167,False,1.16
SKU-0014015,SUP-000127,True,13.51
SKU-0014016,SUP-000167,True,27.11
SKU-0014017,SUP-000402,True,48.48
SKU-0014018,SUP-000272,True,4.09
SKU-0014019,SUP-000415,True,12.36
SKU-0014020,SUP-000364,True,23.77
SKU-0014021,SUP-000151,True,11.55
SKU-0014022,SUP-000402,True,5.45
SKU-0014023,SUP-000287,True,6.7
SKU-0014023,SUP-000116,False,8.42
SKU-0014024,SUP-000352,True,2.1
SKU-0014025,SUP-000088,True,6.7
SKU-0014026,SUP-000405,True,14.94
SKU-0014027,SUP-000054,True,11.2
SKU-0014027,SUP-000124,False,14.95
SKU-0014027,SUP-000120,False,11.2
SKU-0014028,SUP-000209,True,6.84
SKU-0014029,SUP-000395,True,11.41
SKU-0014029,SUP-000028,False,9.52
SKU-0014030,SUP-000416,True,7.77
SKU-0014030,SUP-000210,False,6.55
SKU-0014031,SUP-000216,True,20.25
SKU-0014032,SUP-000271,True,17.7
SKU-0014033,SUP-000362,True,72.52
SKU-0014033,SUP-000375,False,74.44
SKU-0014034,SUP-000012,True,5.51
SKU-0014035,SUP-000438,True,21.96
SKU-0014036,SUP-000168,True,2.51
SKU-0014036,SUP-000419,False,2.37
SKU-0014036,SUP-000004,False,2.53
SKU-0014037,SUP-000254,True,3.96
SKU-0014037,SUP-000057,False,3.37
SKU-0014038,SUP-000293,True,49.11
SKU-0014039,SUP-000018,True,13.19
SKU-0014040,SUP-000310,True,32.26
SKU-0014041,SUP-000222,True,68.15
SKU-0014042,SUP-000186,True,26.26
SKU-0014043,SUP-000051,True,14.78
SKU-0014043,SUP-000426,False,14.43
SKU-0014044,SUP-000367,True,5.29
SKU-0014045,SUP-000025,True,12.19
SKU-0014046,SUP-000279,True,8.83
SKU-0014047,SUP-000109,True,9.13
SKU-0014048,SUP-000296,True,8.92
SKU-0014048,SUP-000268,False,9.58
SKU-0014049,SUP-000008,True,22.2
SKU-0014049,SUP-000262,False,23.62
SKU-0014050,SUP-000354,True,1.61
SKU-0014050,SUP-000089,False,1.82
SKU-0014051,SUP-000277,True,7.64
SKU-0014051,SUP-000209,False,8.41
SKU-0014052,SUP-000296,True,9.73
SKU-0014053,SUP-000188,True,4.01
SKU-0014053,SUP-000104,False,4.38
SKU-0014054,SUP-000183,True,3.37
SKU-0014055,SUP-000431,True,10.82
SKU-0014055,SUP-000405,False,10.41
SKU-0014056,SUP-000129,True,16.98
SKU-0014057,SUP-000218,True,4.24
SKU-0014057,SUP-000389,False,4.12
SKU-0014058,SUP-000113,True,1.37
SKU-0014059,SUP-000338,True,1.32
SKU-0014060,SUP-000043,True,8.41
SKU-0014061,SUP-000096,True,9.59
SKU-0014062,SUP-000304,True,66.08
SKU-0014063,SUP-000295,True,28.42
SKU-0014064,SUP-000206,True,4.2
SKU-0014065,SUP-000408,True,35.64
SKU-0014066,SUP-000024,True,45.37
SKU-0014067,SUP-000069,True,20.42
SKU-0014067,SUP-000033,False,19.42
SKU-0014068,SUP-000432,True,3.99
SKU-0014068,SUP-000025,False,3.79
SKU-0014069,SUP-000376,True,4.81
SKU-0014070,SUP-000320,True,7.57
SKU-0014071,SUP-000447,True,4.91
SKU-0014071,SUP-000088,False,5.94
SKU-0014072,SUP-000027,True,70.86
SKU-0014073,SUP-000253,True,
SKU-0014073,SUP-000122,False,116.25
SKU-0014074,SUP-000264,True,7.96
SKU-0014074,SUP-000420,False,6.95
SKU-0014075,SUP-000372,True,2.56
SKU-0014076,SUP-000369,True,7.12
SKU-0014077,SUP-000236,True,26.39
SKU-0014078,SUP-000029,True,27.64
SKU-0014078,SUP-000397,False,26.9
SKU-0014078,SUP-000111,False,29.17
SKU-0014079,SUP-000396,True,31.27
SKU-0014080,SUP-000288,True,58.25
SKU-0014080,SUP-000079,False,57.06
SKU-0014081,SUP-000305,True,9.24
SKU-0014082,SUP-000404,True,27.47
SKU-0014083,SUP-000130,True,6.07
SKU-0014083,SUP-000206,False,6.77
SKU-0014084,SUP-000230,True,7.52
SKU-0014085,SUP-000251,True,16.47
SKU-0014086,SUP-000189,True,3.3
SKU-0014087,SUP-000396,True,11.05
SKU-0014088,SUP-000392,True,5.24
SKU-0014089,SUP-000393,True,281.63
SKU-0014090,SUP-000279,True,1.52
SKU-0014091,SUP-000018,True,71.19
SKU-0014091,SUP-000226,False,72.66
SKU-0014091,SUP-000127,False,77.11
SKU-0014092,SUP-000315,True,9.74
SKU-0014093,SUP-000086,True,9.19
SKU-0014094,SUP-000327,True,48.73
SKU-0014095,SUP-000061,True,74.06
SKU-0014095,SUP-000143,False,85.03
SKU-0014095,SUP-000218,False,86.29
SKU-0014096,SUP-000229,True,19.47
SKU-0014096,SUP-000418,False,20.17
SKU-0014097,SUP-000406,True,8.2
SKU-0014098,SUP-000027,True,13.4
SKU-0014098,SUP-000373,False,14.38
SKU-0014099,SUP-000237,True,13.64
SKU-0014100,SUP-000179,True,3.77
SKU-0014101,SUP-000385,True,12.28
SKU-0014102,SUP-000367,True,9.69
SKU-0014103,SUP-000199,True,15.81
SKU-0014104,SUP-000245,True,1.07
SKU-0014105,SUP-000095,True,
SKU-0014106,SUP-000030,True,12.91
SKU-0014107,SUP-000036,True,74.05
SKU-0014108,SUP-000288,True,2.65
SKU-0014108,SUP-000178,False,3.04
SKU-0014109,SUP-000434,True,29.88
SKU-0014110,SUP-000131,True,0.46
SKU-0014111,SUP-000123,True,
SKU-0014112,SUP-000219,True,1.55
SKU-0014112,SUP-000144,False,1.41
SKU-0014113,SUP-000200,True,2.17
SKU-0014114,SUP-000219,True,1.75
SKU-0014115,SUP-000097,True,12.42
SKU-0014115,SUP-000220,False,14.71
SKU-0014116,SUP-000381,True,106.01
SKU-0014116,SUP-000264,False,116.2
SKU-0014117,SUP-000052,True,5.31
SKU-0014118,SUP-000342,True,1.23
SKU-0014119,SUP-000169,True,2.96
SKU-0014120,SUP-000351,True,4.33
SKU-0014121,SUP-000215,True,4.21
SKU-0014122,SUP-000337,True,21.86
SKU-0014123,SUP-000433,True,158.85
SKU-0014123,SUP-000445,False,154.82
SKU-0014123,SUP-000052,False,
SKU-0014124,SUP-000374,True,9.63
SKU-0014125,SUP-000067,True,23.8
SKU-0014126,SUP-000086,True,12.82
SKU-0014127,SUP-000014,True,22.14
SKU-0014128,SUP-000148,True,3.38
SKU-0014129,SUP-000052,True,30.77
SKU-0014130,SUP-000255,True,2.85
SKU-0014130,SUP-000223,False,2.68
SKU-0014131,SUP-000058,True,5.32
SKU-0014131,SUP-000162,False,4.89
SKU-0014131,SUP-000347,False,4.7
SKU-0014132,SUP-000354,True,6.44
SKU-0014133,SUP-000069,True,1.51
SKU-0014134,SUP-000200,True,45.72
SKU-0014134,SUP-000437,False,42.86
SKU-0014135,SUP-000450,True,2.45
SKU-0014135,SUP-000295,False,
SKU-0014135,SUP-000194,False,2.07
SKU-0014136,SUP-000098,True,2.24
SKU-0014137,SUP-000015,True,5.47
SKU-0014138,SUP-000031,True,26.79
SKU-0014139,SUP-000316,True,27.24
SKU-0014140,SUP-000308,True,4.91
SKU-0014141,SUP-000249,True,6.46
SKU-0014141,SUP-000358,False,6.92
SKU-0014142,SUP-000299,True,10.38
SKU-0014142,SUP-000278,False,9.64
SKU-0014143,SUP-000378,True,4.73
SKU-0014144,SUP-000120,True,398.07
SKU-0014144,SUP-000407,False,405.19
SKU-0014145,SUP-000129,True,16.36
SKU-0014146,SUP-000234,True,8.49
SKU-0014146,SUP-000172,False,8.74
SKU-0014147,SUP-000314,True,2.51
SKU-0014147,SUP-000018,False,2.34
SKU-0014147,SUP-000203,False,2.22
SKU-0014148,SUP-000279,True,10.78
SKU-0014149,SUP-000283,True,44.65
SKU-0014149,SUP-000206,False,44.24
SKU-0014150,SUP-000420,True,19.66
SKU-0014151,SUP-000374,True,0.55
SKU-0014151,SUP-000221,False,0.55
SKU-0014152,SUP-000317,True,40.67
SKU-0014153,SUP-000072,True,31.85
SKU-0014153,SUP-000331,False,42.14
SKU-0014154,SUP-000338,True,83.99
SKU-0014155,SUP-000121,True,10.26
SKU-0014156,SUP-000239,True,6.03
SKU-0014157,SUP-000128,True,32.35
SKU-0014158,SUP-000090,True,24.08
SKU-0014159,SUP-000082,True,17.79
SKU-0014159,SUP-000270,False,17.8
SKU-0014160,SUP-000291,True,20.1
SKU-0014160,SUP-000100,False,17.18
SKU-0014160,SUP-000119,False,17.89
SKU-0014161,SUP-000016,True,1.65
SKU-0014161,SUP-000079,False,1.43
SKU-0014162,SUP-000163,True,42.48
SKU-0014163,SUP-000090,True,2.84
SKU-0014164,SUP-000287,True,11.13
SKU-0014165,SUP-000442,True,25.37
SKU-0014166,SUP-000022,True,2.54
SKU-0014167,SUP-000306,True,7.55
SKU-0014168,SUP-000069,True,7.9
SKU-0014169,SUP-000061,True,5.72
SKU-0014170,SUP-000166,True,0.47
SKU-0014170,SUP-000003,False,0.54
SKU-0014171,SUP-000401,True,9.76
SKU-0014172,SUP-000404,True,5.48
SKU-0014173,SUP-000108,True,23.12
SKU-0014174,SUP-000100,True,9.45
SKU-0014175,SUP-000253,True,
SKU-0014175,SUP-000443,False,10.7
SKU-0014176,SUP-000164,True,12.75
SKU-0014176,SUP-000293,False,13.71
SKU-0014177,SUP-000080,True,17.09
SKU-0014178,SUP-000039,True,6.5
SKU-0014179,SUP-000041,True,0.87
SKU-0014180,SUP-000350,True,7.65
SKU-0014180,SUP-000299,False,6.07
SKU-0014180,SUP-000381,False,7.79
SKU-0014181,SUP-000234,True,18.21
SKU-0014181,SUP-000244,False,19.87
SKU-0014182,SUP-000351,True,5.57
SKU-0014183,SUP-000275,True,17.4
SKU-0014184,SUP-000183,True,13.49
SKU-0014185,SUP-000062,True,2.49
SKU-0014185,SUP-000246,False,2.56
SKU-0014186,SUP-000163,True,17.06
SKU-0014187,SUP-000151,True,10.62
SKU-0014188,SUP-000085,True,34.08
SKU-0014188,SUP-000101,False,35.24
SKU-0014189,SUP-000175,True,110.19
SKU-0014190,SUP-000155,True,0.44
SKU-0014190,SUP-000372,False,0.4
SKU-0014191,SUP-000153,True,5.29
SKU-0014192,SUP-000255,True,181.42
SKU-0014193,SUP-000015,True,0.44
SKU-0014194,SUP-000353,True,5.91
SKU-0014195,SUP-000108,True,32.09
SKU-0014196,SUP-000427,True,11.31
SKU-0014196,SUP-000396,False,12.3
SKU-0014197,SUP-000245,True,4.16
SKU-0014198,SUP-000052,True,69.63
SKU-0014199,SUP-000355,True,1.04
SKU-0014200,SUP-000200,True,53.48
SKU-0014200,SUP-000032,False,41.59
SKU-0014201,SUP-000428,True,14.52
SKU-0014202,SUP-000450,True,0.82
SKU-0014203,SUP-000423,True,35.74
SKU-0014203,SUP-000393,False,32.59
SKU-0014204,SUP-000043,True,11.8
SKU-0014204,SUP-000193,False,14.82
SKU-0014204,SUP-000036,False,14.79
SKU-0014205,SUP-000224,True,3.68
SKU-0014206,SUP-000132,True,18.34
SKU-0014207,SUP-000358,True,18.63
SKU-0014207,SUP-000159,False,22.04
SKU-0014208,SUP-000128,True,5.92
SKU-0014209,SUP-000423,True,30.16
SKU-0014209,SUP-000339,False,25.56
SKU-0014210,SUP-000004,True,15.69
SKU-0014211,SUP-000045,True,46.41
SKU-0014212,SUP-000409,True,16.66
SKU-0014213,SUP-000388,True,33.19
SKU-0014213,SUP-000003,False,31.57
SKU-0014213,SUP-000053,False,34.01
SKU-0014214,SUP-000427,True,22.2
SKU-0014215,SUP-000085,True,8.83
SKU-0014216,SUP-000162,True,12.51
SKU-0014216,SUP-000317,False,13.64
SKU-0014217,SUP-000340,True,6.37
SKU-0014218,SUP-000143,True,6.51
SKU-0014219,SUP-000317,True,1.69
SKU-0014220,SUP-000169,True,11.33
SKU-0014221,SUP-000400,True,34.52
SKU-0014222,SUP-000401,True,22.19
SKU-0014223,SUP-000144,True,98.92
SKU-0014224,SUP-000045,True,51.06
SKU-0014224,SUP-000082,False,42.46
SKU-0014225,SUP-000382,True,48.92
SKU-0014226,SUP-000146,True,7.02
SKU-0014226,SUP-000212,False,6.21
SKU-0014227,SUP-000302,True,0.67
SKU-0014227,SUP-000159,False,0.62
SKU-0014228,SUP-000069,True,66.68
SKU-0014229,SUP-000093,True,16.12
SKU-0014230,SUP-000044,True,115.36
SKU-0014231,SUP-000110,True,12.87
SKU-0014232,SUP-000439,True,36.98
SKU-0014232,SUP-000160,False,31.74
SKU-0014233,SUP-000063,True,2.96
SKU-0014234,SUP-000442,True,10.54
SKU-0014234,SUP-000277,False,10.72
SKU-0014234,SUP-000102,False,10.67
SKU-0014235,SUP-000281,True,1.03
SKU-0014235,SUP-000413,False,
SKU-0014235,SUP-000089,False,1.08
SKU-0014236,SUP-000028,True,3.22
SKU-0014237,SUP-000411,True,7.18
SKU-0014238,SUP-000190,True,8.33
SKU-0014239,SUP-000261,True,16.56
SKU-0014239,SUP-000172,False,15.25
SKU-0014240,SUP-000044,True,65.43
SKU-0014241,SUP-000283,True,1.48
SKU-0014242,SUP-000025,True,1.0
SKU-0014242,SUP-000070,False,0.99
SKU-0014242,SUP-000202,False,0.98
SKU-0014243,SUP-000439,True,23.78
SKU-0014243,SUP-000281,False,21.1
SKU-0014244,SUP-000373,True,55.03
SKU-0014245,SUP-000004,True,0.98
SKU-0014246,SUP-000208,True,9.16
SKU-0014247,SUP-000281,True,1.37
SKU-0014247,SUP-000423,False,1.55
SKU-0014248,SUP-000408,True,8.65
SKU-0014249,SUP-000239,True,31.19
SKU-0014250,SUP-000318,True,36.21
SKU-0014251,SUP-000213,True,
SKU-0014252,SUP-000203,True,
SKU-0014253,SUP-000088,True,2.11
SKU-0014254,SUP-000422,True,1.42
SKU-0014254,SUP-000336,False,1.17
SKU-0014255,SUP-000430,True,53.97
SKU-0014255,SUP-000071,False,50.62
SKU-0014256,SUP-000235,True,0.47
SKU-0014257,SUP-000093,True,49.04
SKU-0014258,SUP-000147,True,16.02
SKU-0014259,SUP-000275,True,8.27
SKU-0014260,SUP-000291,True,54.22
SKU-0014260,SUP-000014,False,48.25
SKU-0014261,SUP-000208,True,14.93
SKU-0014262,SUP-000222,True,16.79
SKU-0014263,SUP-000188,True,6.6
SKU-0014263,SUP-000397,False,6.8
SKU-0014264,SUP-000426,True,2.79
SKU-0014265,SUP-000250,True,94.08
SKU-0014265,SUP-000345,False,84.54
SKU-0014265,SUP-000220,False,98.13
SKU-0014266,SUP-000135,True,19.5
SKU-0014267,SUP-000321,True,8.88
SKU-0014268,SUP-000058,True,12.44
SKU-0014268,SUP-000014,False,12.89
SKU-0014269,SUP-000257,True,11.26
SKU-0014270,SUP-000389,True,4.95
SKU-0014270,SUP-000111,False,3.88
SKU-0014271,SUP-000330,True,2.35
SKU-0014272,SUP-000167,True,606.05
SKU-0014273,SUP-000175,True,2.01
SKU-0014273,SUP-000143,False,2.32
SKU-0014274,SUP-000167,True,10.36
SKU-0014274,SUP-000409,False,10.19
SKU-0014275,SUP-000131,True,40.62
SKU-0014276,SUP-000370,True,1.48
SKU-0014277,SUP-000207,True,4.11
SKU-0014278,SUP-000110,True,14.15
SKU-0014279,SUP-000365,True,38.71
SKU-0014279,SUP-000435,False,35.73
SKU-0014279,SUP-000114,False,38.89
SKU-0014280,SUP-000066,True,3.83
SKU-0014281,SUP-000202,True,28.56
SKU-0014282,SUP-000384,True,2.41
SKU-0014283,SUP-000185,True,14.15
SKU-0014284,SUP-000198,True,1.31
SKU-0014285,SUP-000282,True,7.51
SKU-0014286,SUP-000089,True,171.83
SKU-0014287,SUP-000016,True,0.94
SKU-0014288,SUP-000134,True,21.37
SKU-0014289,SUP-000065,True,22.24
SKU-0014290,SUP-000248,True,16.57
SKU-0014291,SUP-000426,True,1.83
SKU-0014292,SUP-000222,True,19.01
SKU-0014293,SUP-000375,True,
SKU-0014293,SUP-000180,False,27.75
SKU-0014294,SUP-000090,True,33.88
SKU-0014295,SUP-000098,True,10.92
SKU-0014296,SUP-000303,True,2.01
SKU-0014297,SUP-000425,True,109.1
SKU-0014298,SUP-000174,True,67.5
SKU-0014299,SUP-000338,True,4.42
SKU-0014300,SUP-000412,True,0.6
SKU-0014301,SUP-000010,True,5.75
SKU-0014301,SUP-000065,False,5.17
SKU-0014302,SUP-000222,True,25.82
SKU-0014303,SUP-000195,True,1.22
SKU-0014304,SUP-000265,True,4.3
SKU-0014305,SUP-000319,True,633.32
SKU-0014306,SUP-000066,True,15.66
SKU-0014307,SUP-000225,True,11.99
SKU-0014308,SUP-000111,True,3.28
SKU-0014309,SUP-000082,True,22.96
SKU-0014310,SUP-000274,True,31.17
SKU-0014311,SUP-000350,True,96.73
SKU-0014312,SUP-000340,True,2.67
SKU-0014313,SUP-000209,True,16.47
SKU-0014314,SUP-000066,True,5.94
SKU-0014315,SUP-000399,True,27.53
SKU-0014315,SUP-000072,False,26.94
SKU-0014316,SUP-000398,True,6.19
SKU-0014317,SUP-000414,True,2.42
SKU-0014318,SUP-000386,True,5.75
SKU-0014319,SUP-000270,True,11.96
SKU-0014320,SUP-000375,True,22.01
SKU-0014321,SUP-000017,True,4.83
SKU-0014322,SUP-000378,True,2.12
SKU-0014322,SUP-000124,False,2.01
SKU-0014322,SUP-000123,False,2.02
SKU-0014323,SUP-000071,True,17.98
SKU-0014324,SUP-000306,True,39.23
SKU-0014325,SUP-000055,True,19.69
SKU-0014326,SUP-000275,True,22.65
SKU-0014327,SUP-000224,True,2.0
SKU-0014328,SUP-000018,True,0.97
SKU-0014329,SUP-000206,True,1.34
SKU-0014329,SUP-000085,False,1.36
SKU-0014330,SUP-000278,True,2.15
SKU-0014330,SUP-000305,False,1.75
SKU-0014331,SUP-000073,True,22.25
SKU-0014331,SUP-000266,False,16.65
SKU-0014331,SUP-000417,False,17.1
SKU-0014332,SUP-000365,True,13.19
SKU-0014333,SUP-000150,True,60.01
SKU-0014333,SUP-000185,False,63.12
SKU-0014333,SUP-000153,False,66.47
SKU-0014334,SUP-000117,True,41.31
SKU-0014335,SUP-000101,True,2.06
SKU-0014336,SUP-000029,True,29.5
SKU-0014337,SUP-000034,True,4.98
SKU-0014338,SUP-000412,True,16.09
SKU-0014338,SUP-000450,False,13.76
SKU-0014339,SUP-000162,True,4.22
SKU-0014340,SUP-000329,True,4.25
SKU-0014340,SUP-000253,False,4.48
SKU-0014341,SUP-000406,True,0.44
SKU-0014342,SUP-000288,True,0.73
SKU-0014343,SUP-000439,True,4.98
SKU-0014344,SUP-000246,True,10.36
SKU-0014345,SUP-000446,True,7.11
SKU-0014346,SUP-000404,True,12.17
SKU-0014346,SUP-000038,False,13.48
SKU-0014347,SUP-000410,True,2.56
SKU-0014348,SUP-000338,True,21.37
SKU-0014349,SUP-000127,True,2.05
SKU-0014350,SUP-000192,True,23.88
SKU-0014351,SUP-000035,True,9.19
SKU-0014352,SUP-000108,True,8.97
SKU-0014352,SUP-000047,False,8.68
SKU-0014353,SUP-000078,True,7.92
SKU-0014354,SUP-000322,True,49.19
SKU-0014355,SUP-000383,True,27.08
SKU-0014356,SUP-000418,True,56.33
SKU-0014357,SUP-000199,True,63.55
SKU-0014358,SUP-000148,True,237.08
SKU-0014359,SUP-000151,True,93.92
SKU-0014360,SUP-000304,True,9.6
SKU-0014360,SUP-000176,False,8.62
SKU-0014361,SUP-000038,True,2.5
SKU-0014362,SUP-000087,True,125.28
SKU-0014363,SUP-000022,True,19.55
SKU-0014363,SUP-000418,False,19.06
SKU-0014364,SUP-000248,True,2.12
SKU-0014364,SUP-000072,False,2.42
SKU-0014364,SUP-000127,False,2.15
SKU-0014365,SUP-000271,True,12.09
SKU-0014366,SUP-000016,True,3.38
SKU-0014366,SUP-000068,False,3.39
SKU-0014366,SUP-000144,False,2.65
SKU-0014367,SUP-000422,True,16.9
SKU-0014367,SUP-000166,False,18.35
SKU-0014368,SUP-000171,True,5.56
SKU-0014369,SUP-000222,True,3.51
SKU-0014370,SUP-000300,True,10.96
SKU-0014371,SUP-000208,True,11.24
SKU-0014372,SUP-000204,True,0.92
SKU-0014373,SUP-000258,True,10.81
SKU-0014374,SUP-000412,True,3.76
SKU-0014374,SUP-000107,False,3.62
SKU-0014375,SUP-000344,True,204.94
SKU-0014376,SUP-000305,True,224.73
SKU-0014377,SUP-000199,True,20.9
SKU-0014378,SUP-000025,True,56.75
SKU-0014379,SUP-000062,True,3.22
SKU-0014380,SUP-000014,True,0.51
SKU-0014380,SUP-000374,False,0.46
SKU-0014381,SUP-000357,True,20.67
SKU-0014381,SUP-000033,False,17.48
SKU-0014382,SUP-000095,True,35.75
SKU-0014383,SUP-000243,True,57.46
SKU-0014383,SUP-000044,False,67.9
SKU-0014384,SUP-000304,True,13.24
SKU-0014384,SUP-000032,False,13.02
SKU-0014384,SUP-000078,False,13.84
SKU-0014385,SUP-000345,True,5.72
SKU-0014386,SUP-000347,True,4.29
SKU-0014387,SUP-000088,True,127.96
SKU-0014388,SUP-000401,True,8.53
SKU-0014389,SUP-000355,True,18.19
SKU-0014390,SUP-000025,True,35.67
SKU-0014391,SUP-000013,True,8.17
SKU-0014391,SUP-000402,False,6.75
SKU-0014392,SUP-000293,True,10.11
SKU-0014393,SUP-000096,True,25.79
SKU-0014394,SUP-000027,True,6.19
SKU-0014395,SUP-000145,True,14.2
SKU-0014396,SUP-000054,True,0.62
SKU-0014397,SUP-000064,True,
SKU-0014398,SUP-000029,True,7.61
SKU-0014399,SUP-000289,True,7.88
SKU-0014399,SUP-000253,False,8.01
SKU-0014400,SUP-000138,True,2.02
SKU-0014400,SUP-000349,False,2.26
SKU-0014401,SUP-000084,True,2.19
SKU-0014402,SUP-000426,True,21.98
SKU-0014403,SUP-000419,True,10.0
SKU-0014404,SUP-000105,True,23.6
SKU-0014404,SUP-000275,False,30.72
SKU-0014404,SUP-000432,False,23.38
SKU-0014405,SUP-000144,True,111.31
SKU-0014406,SUP-000348,True,17.03
SKU-0014407,SUP-000442,True,2.05
SKU-0014408,SUP-000023,True,14.39
SKU-0014409,SUP-000351,True,12.77
SKU-0014409,SUP-000262,False,10.23
SKU-0014410,SUP-000115,True,4.91
SKU-0014410,SUP-000336,False,4.76
SKU-0014411,SUP-000028,True,3.7
SKU-0014411,SUP-000390,False,3.03
SKU-0014412,SUP-000280,True,3.79
SKU-0014413,SUP-000285,True,49.5
SKU-0014414,SUP-000256,True,18.46
SKU-0014415,SUP-000345,True,4.56
SKU-0014416,SUP-000275,True,8.02
SKU-0014416,SUP-000334,False,7.0
SKU-0014417,SUP-000327,True,26.29
SKU-0014418,SUP-000312,True,2.27
SKU-0014419,SUP-000002,True,3.38
SKU-0014419,SUP-000229,False,2.98
SKU-0014420,SUP-000299,True,10.87
SKU-0014421,SUP-000440,True,160.76
SKU-0014422,SUP-000235,True,3.51
SKU-0014423,SUP-000055,True,2.44
SKU-0014423,SUP-000289,False,2.31
SKU-0014424,SUP-000329,True,12.37
SKU-0014425,SUP-000351,True,10.58
SKU-0014425,SUP-000178,False,14.07
SKU-0014426,SUP-000305,True,100.72
SKU-0014427,SUP-000109,True,2.4
SKU-0014428,SUP-000180,True,29.85
SKU-0014428,SUP-000383,False,22.27
SKU-0014429,SUP-000242,True,5.72
SKU-0014430,SUP-000191,True,7.66
SKU-0014430,SUP-000307,False,6.94
SKU-0014431,SUP-000223,True,2.27
SKU-0014432,SUP-000082,True,7.7
SKU-0014432,SUP-000196,False,9.6
SKU-0014433,SUP-000281,True,1.75
SKU-0014434,SUP-000168,True,27.21
SKU-0014435,SUP-000159,True,1.13
SKU-0014435,SUP-000364,False,1.06
SKU-0014436,SUP-000373,True,14.04
SKU-0014437,SUP-000011,True,4.54
SKU-0014437,SUP-000409,False,
SKU-0014438,SUP-000419,True,22.6
SKU-0014439,SUP-000265,True,3.99
SKU-0014439,SUP-000368,False,4.7
SKU-0014440,SUP-000037,True,58.4
SKU-0014440,SUP-000269,False,59.89
SKU-0014440,SUP-000144,False,61.91
SKU-0014441,SUP-000369,True,49.78
SKU-0014442,SUP-000343,True,5.64
SKU-0014443,SUP-000052,True,98.05
SKU-0014444,SUP-000344,True,16.39
SKU-0014444,SUP-000241,False,18.06
SKU-0014445,SUP-000154,True,78.83
SKU-0014446,SUP-000083,True,11.68
SKU-0014447,SUP-000147,True,1.01
SKU-0014447,SUP-000427,False,1.31
SKU-0014448,SUP-000272,True,80.77
SKU-0014449,SUP-000222,True,18.0
SKU-0014450,SUP-000040,True,37.29
SKU-0014450,SUP-000044,False,44.52
SKU-0014450,SUP-000374,False,41.57
SKU-0014451,SUP-000276,True,3.48
SKU-0014452,SUP-000156,True,38.41
SKU-0014453,SUP-000184,True,69.13
SKU-0014453,SUP-000109,False,68.09
SKU-0014454,SUP-000438,True,4.7
SKU-0014455,SUP-000216,True,1.18
SKU-0014456,SUP-000066,True,1.46
SKU-0014457,SUP-000183,True,7.85
SKU-0014457,SUP-000314,False,6.61
SKU-0014458,SUP-000039,True,4.68
SKU-0014458,SUP-000421,False,5.44
SKU-0014459,SUP-000079,True,6.51
SKU-0014460,SUP-000348,True,17.29
SKU-0014461,SUP-000448,True,20.04
SKU-0014461,SUP-000049,False,16.03
SKU-0014462,SUP-000412,True,7.35
SKU-0014462,SUP-000372,False,9.13
SKU-0014463,SUP-000380,True,6.21
SKU-0014464,SUP-000421,True,8.25
SKU-0014465,SUP-000175,True,19.75
SKU-0014466,SUP-000078,True,25.61
SKU-0014467,SUP-000130,True,11.39
SKU-0014467,SUP-000011,False,11.6
SKU-0014467,SUP-000108,False,11.16
SKU-0014468,SUP-000263,True,8.91
SKU-0014469,SUP-000354,True,18.05
SKU-0014469,SUP-000028,False,19.87
SKU-0014469,SUP-000123,False,18.75
SKU-0014470,SUP-000415,True,2.99
SKU-0014470,SUP-000427,False,2.75
SKU-0014470,SUP-000112,False,2.67
SKU-0014471,SUP-000140,True,117.02
SKU-0014472,SUP-000099,True,22.26
SKU-0014472,SUP-000389,False,20.79
SKU-0014472,SUP-000396,False,25.72
SKU-0014473,SUP-000200,True,2.32
SKU-0014473,SUP-000047,False,2.39
SKU-0014474,SUP-000239,True,5.19
SKU-0014475,SUP-000417,True,50.66
SKU-0014476,SUP-000422,True,33.52
SKU-0014476,SUP-000090,False,32.07
SKU-0014477,SUP-000387,True,71.42
SKU-0014478,SUP-000427,True,1.31
SKU-0014478,SUP-000445,False,1.14
SKU-0014479,SUP-000105,True,33.47
SKU-0014479,SUP-000193,False,31.64
SKU-0014479,SUP-000245,False,39.34
SKU-0014480,SUP-000031,True,7.95
SKU-0014481,SUP-000139,True,22.81
SKU-0014482,SUP-000060,True,24.79
SKU-0014483,SUP-000109,True,0.95
SKU-0014484,SUP-000150,True,6.68
SKU-0014485,SUP-000146,True,2.54
SKU-0014485,SUP-000010,False,2.39
SKU-0014486,SUP-000164,True,3.72
SKU-0014487,SUP-000261,True,7.62
SKU-0014487,SUP-000280,False,6.43
SKU-0014488,SUP-000142,True,4.56
SKU-0014489,SUP-000250,True,21.12
SKU-0014490,SUP-000045,True,11.91
SKU-0014490,SUP-000070,False,13.48
SKU-0014491,SUP-000306,True,49.87
SKU-0014492,SUP-000008,True,1.5
SKU-0014493,SUP-000393,True,4.7
SKU-0014494,SUP-000028,True,1.75
SKU-0014495,SUP-000408,True,11.55
SKU-0014495,SUP-000370,False,14.38
SKU-0014496,SUP-000067,True,5.23
SKU-0014497,SUP-000259,True,13.51
SKU-0014498,SUP-000404,True,11.36
SKU-0014499,SUP-000269,True,26.47
SKU-0014500,SUP-000263,True,7.12
SKU-0014501,SUP-000325,True,8.45
SKU-0014502,SUP-000370,True,7.05
SKU-0014503,SUP-000375,True,27.03
SKU-0014503,SUP-000001,False,27.63
SKU-0014504,SUP-000237,True,3.9
SKU-0014505,SUP-000279,True,14.89
SKU-0014506,SUP-000027,True,33.24
SKU-0014507,SUP-000001,True,1.38
SKU-0014508,SUP-000052,True,4.41
SKU-0014509,SUP-000153,True,1.57
SKU-0014510,SUP-000421,True,11.69
SKU-0014511,SUP-000249,True,1.18
SKU-0014512,SUP-000049,True,2.02
SKU-0014513,SUP-000370,True,39.98
SKU-0014513,SUP-000193,False,41.64
SKU-0014514,SUP-000183,True,
SKU-0014515,SUP-000143,True,2.93
SKU-0014516,SUP-000324,True,13.96
SKU-0014517,SUP-000047,True,15.85
SKU-0014517,SUP-000437,False,14.29
SKU-0014518,SUP-000161,True,10.57
SKU-0014519,SUP-000082,True,29.77
SKU-0014519,SUP-000187,False,25.62
SKU-0014520,SUP-000170,True,37.44
SKU-0014520,SUP-000048,False,35.46
SKU-0014521,SUP-000194,True,13.74
SKU-0014522,SUP-000290,True,38.99
SKU-0014523,SUP-000181,True,17.92
SKU-0014524,SUP-000011,True,3.27
SKU-0014525,SUP-000417,True,5.45
SKU-0014525,SUP-000188,False,5.8
SKU-0014526,SUP-000432,True,5.94
SKU-0014527,SUP-000099,True,2.03
SKU-0014528,SUP-000368,True,40.8
SKU-0014529,SUP-000317,True,5.11
SKU-0014529,SUP-000273,False,4.65
SKU-0014530,SUP-000072,True,7.62
SKU-0014531,SUP-000057,True,34.89
SKU-0014532,SUP-000256,True,17.21
SKU-0014532,SUP-000304,False,17.03
SKU-0014533,SUP-000387,True,10.2
SKU-0014534,SUP-000052,True,1.24
SKU-0014535,SUP-000051,True,48.89
SKU-0014535,SUP-000212,False,54.19
SKU-0014536,SUP-000093,True,97.56
SKU-0014537,SUP-000415,True,4.94
SKU-0014538,SUP-000401,True,12.27
SKU-0014539,SUP-000419,True,45.53
SKU-0014540,SUP-000405,True,3.29
SKU-0014541,SUP-000405,True,1.89
SKU-0014542,SUP-000325,True,9.92
SKU-0014543,SUP-000237,True,10.26
SKU-0014544,SUP-000184,True,7.43
SKU-0014545,SUP-000348,True,45.71
SKU-0014546,SUP-000165,True,92.04
SKU-0014546,SUP-000163,False,89.76
SKU-0014546,SUP-000131,False,89.15
SKU-0014547,SUP-000189,True,159.16
SKU-0014548,SUP-000437,True,41.18
SKU-0014549,SUP-000343,True,14.46
SKU-0014549,SUP-000136,False,15.95
SKU-0014550,SUP-000090,True,10.34
SKU-0014550,SUP-000308,False,11.8
SKU-0014551,SUP-000392,True,5.94
SKU-0014552,SUP-000253,True,16.07
SKU-0014552,SUP-000405,False,18.47
SKU-0014553,SUP-000032,True,5.69
SKU-0014553,SUP-000035,False,6.32
SKU-0014554,SUP-000159,True,6.62
SKU-0014555,SUP-000355,True,2.8
SKU-0014555,SUP-000247,False,2.8
SKU-0014556,SUP-000166,True,31.05
SKU-0014557,SUP-000364,True,0.4
SKU-0014557,SUP-000154,False,0.42
SKU-0014558,SUP-000231,True,19.26
SKU-0014559,SUP-000280,True,89.92
SKU-0014560,SUP-000266,True,14.9
SKU-0014561,SUP-000187,True,70.86
SKU-0014561,SUP-000115,False,82.02
SKU-0014561,SUP-000173,False,67.24
SKU-0014562,SUP-000409,True,6.65
SKU-0014563,SUP-000210,True,14.56
SKU-0014564,SUP-000376,True,15.41
SKU-0014565,SUP-000235,True,
SKU-0014566,SUP-000129,True,
SKU-0014566,SUP-000024,False,-4.36
SKU-0014567,SUP-000326,True,41.11
SKU-0014567,SUP-000190,False,35.84
SKU-0014568,SUP-000378,True,16.14
SKU-0014569,SUP-000089,True,26.68
SKU-0014570,SUP-000403,True,3.0
SKU-0014571,SUP-000176,True,13.08
SKU-0014572,SUP-000338,True,11.99
SKU-0014573,SUP-000165,True,4.1
SKU-0014574,SUP-000050,True,79.24
SKU-0014575,SUP-000415,True,0.98
SKU-0014576,SUP-000130,True,18.08
SKU-0014577,SUP-000088,True,5.39
SKU-0014577,SUP-000029,False,6.66
SKU-0014578,SUP-000233,True,5.56
SKU-0014578,SUP-000400,False,5.77
SKU-0014579,SUP-000303,True,18.18
SKU-0014580,SUP-000184,True,10.58
SKU-0014581,SUP-000013,True,1.49
SKU-0014581,SUP-000140,False,1.37
SKU-0014582,SUP-000300,True,49.0
SKU-0014583,SUP-000068,True,12.15
SKU-0014584,SUP-000018,True,1.26
SKU-0014585,SUP-000328,True,6.71
SKU-0014586,SUP-000309,True,14.52
SKU-0014587,SUP-000354,True,80.34
SKU-0014588,SUP-000232,True,3.11
SKU-0014588,SUP-000441,False,2.61
SKU-0014589,SUP-000210,True,1.27
SKU-0014590,SUP-000339,True,35.0
SKU-0014590,SUP-000218,False,30.58
SKU-0014591,SUP-000298,True,1.2
SKU-0014591,SUP-000315,False,1.4
SKU-0014591,SUP-000222,False,1.26
SKU-0014592,SUP-000438,True,50.63
SKU-0014593,SUP-000024,True,4.33
SKU-0014594,SUP-000146,True,18.69
SKU-0014594,SUP-000260,False,17.95
SKU-0014595,SUP-000295,True,18.53
SKU-0014596,SUP-000215,True,19.65
SKU-0014596,SUP-000137,False,16.69
SKU-0014597,SUP-000258,True,8.6
SKU-0014598,SUP-000200,True,1.2
SKU-0014598,SUP-000188,False,1.42
SKU-0014599,SUP-000201,True,3.98
SKU-0014600,SUP-000355,True,39.89
SKU-0014600,SUP-000386,False,38.38
SKU-0014601,SUP-000121,True,11.84
SKU-0014602,SUP-000146,True,14.97
SKU-0014603,SUP-000381,True,3.22
SKU-0014604,SUP-000128,True,303.2
SKU-0014605,SUP-000238,True,242.08
SKU-0014606,SUP-000290,True,57.63
SKU-0014606,SUP-000245,False,54.58
SKU-0014607,SUP-000255,True,1.17
SKU-0014607,SUP-000336,False,1.33
SKU-0014608,SUP-000130,True,27.76
SKU-0014609,SUP-000001,True,14.77
SKU-0014609,SUP-000304,False,13.53
SKU-0014610,SUP-000265,True,7.21
SKU-0014611,SUP-000386,True,1.67
SKU-0014612,SUP-000001,True,7.25
SKU-0014612,SUP-000037,False,7.35
SKU-0014613,SUP-000268,True,7.81
SKU-0014613,SUP-000051,False,7.52
SKU-0014613,SUP-000445,False,9.01
SKU-0014614,SUP-000271,True,15.57
SKU-0014615,SUP-000429,True,24.21
SKU-0014616,SUP-000185,True,29.21
SKU-0014616,SUP-000267,False,38.98
SKU-0014616,SUP-000118,False,32.51
SKU-0014617,SUP-000224,True,58.95
SKU-0014618,SUP-000380,True,6.1
SKU-0014618,SUP-000069,False,6.55
SKU-0014619,SUP-000371,True,11.6
SKU-0014620,SUP-000206,True,31.09
SKU-0014620,SUP-000374,False,41.18
SKU-0014621,SUP-000045,True,26.41
SKU-0014621,SUP-000211,False,20.42
SKU-0014622,SUP-000409,True,2.22
SKU-0014623,SUP-000378,True,1.36
SKU-0014623,SUP-000114,False,1.12
SKU-0014624,SUP-000013,True,6.99
SKU-0014625,SUP-000332,True,20.88
SKU-0014626,SUP-000429,True,4.7
SKU-0014626,SUP-000270,False,4.48
SKU-0014627,SUP-000393,True,44.92
SKU-0014628,SUP-000025,True,47.59
SKU-0014628,SUP-000226,False,40.93
SKU-0014629,SUP-000234,True,10.21
SKU-0014629,SUP-000187,False,11.86
SKU-0014629,SUP-000240,False,9.96
SKU-0014630,SUP-000248,True,3.24
SKU-0014631,SUP-000255,True,7.61
SKU-0014632,SUP-000325,True,142.28
SKU-0014632,SUP-000245,False,122.36
SKU-0014633,SUP-000414,True,8.22
SKU-0014634,SUP-000270,True,14.52
SKU-0014634,SUP-000396,False,14.51
SKU-0014635,SUP-000400,True,12.27
SKU-0014636,SUP-000063,True,40.03
SKU-0014636,SUP-000392,False,40.42
SKU-0014637,SUP-000328,True,179.33
SKU-0014637,SUP-000415,False,161.53
SKU-0014637,SUP-000082,False,150.88
SKU-0014638,SUP-000162,True,41.58
SKU-0014638,SUP-000005,False,36.57
SKU-0014639,SUP-000438,True,53.76
SKU-0014640,SUP-000064,True,14.13
SKU-0014641,SUP-000025,True,2.12
SKU-0014641,SUP-000438,False,2.11
SKU-0014642,SUP-000353,True,5.31
SKU-0014643,SUP-000161,True,37.79
SKU-0014643,SUP-000171,False,
SKU-0014643,SUP-000002,False,33.8
SKU-0014644,SUP-000201,True,3.8
SKU-0014645,SUP-000414,True,31.35
SKU-0014646,SUP-000264,True,22.75
SKU-0014647,SUP-000025,True,48.56
SKU-0014648,SUP-000171,True,1.16
SKU-0014649,SUP-000068,True,111.04
SKU-0014649,SUP-000281,False,117.66
SKU-0014650,SUP-000183,True,2.8
SKU-0014651,SUP-000077,True,18.88
SKU-0014652,SUP-000450,True,10.77
SKU-0014652,SUP-000330,False,11.29
SKU-0014653,SUP-000363,True,12.98
SKU-0014654,SUP-000203,True,37.34
SKU-0014655,SUP-000350,True,4.92
SKU-0014656,SUP-000098,True,1.27
SKU-0014656,SUP-000341,False,1.58
SKU-0014657,SUP-000121,True,27.47
SKU-0014657,SUP-000149,False,25.9
SKU-0014658,SUP-000016,True,17.92
SKU-0014659,SUP-000102,True,170.19
SKU-0014660,SUP-000241,True,70.64
SKU-0014660,SUP-000389,False,58.16
SKU-0014661,SUP-000148,True,
SKU-0014661,SUP-000262,False,26.03
SKU-0014662,SUP-000119,True,3.97
SKU-0014663,SUP-000185,True,10.6
SKU-0014664,SUP-000113,True,3.47
SKU-0014665,SUP-000397,True,20.76
SKU-0014665,SUP-000109,False,21.77
SKU-0014666,SUP-000055,True,8.5
SKU-0014666,SUP-000314,False,9.7
SKU-0014667,SUP-000177,True,3.58
SKU-0014668,SUP-000190,True,7.09
SKU-0014668,SUP-000076,False,8.22
SKU-0014669,SUP-000413,True,3.07
SKU-0014670,SUP-000166,True,33.96
SKU-0014671,SUP-000169,True,2.65
SKU-0014672,SUP-000415,True,6.57
SKU-0014673,SUP-000353,True,46.03
SKU-0014674,SUP-000007,True,2.82
SKU-0014674,SUP-000300,False,2.87
SKU-0014675,SUP-000284,True,1.21
SKU-0014675,SUP-000079,False,1.28
SKU-0014676,SUP-000026,True,9.68
SKU-0014676,SUP-000073,False,12.33
SKU-0014677,SUP-000432,True,9.48
SKU-0014678,SUP-000148,True,0.79
SKU-0014679,SUP-000339,True,21.09
SKU-0014680,SUP-000258,True,132.49
SKU-0014681,SUP-000143,True,51.57
SKU-0014681,SUP-000246,False,65.83
SKU-0014682,SUP-000171,True,
SKU-0014683,SUP-000449,True,12.72
SKU-0014683,SUP-000043,False,13.87
SKU-0014684,SUP-000231,True,7.64
SKU-0014685,SUP-000261,True,5.13
SKU-0014686,SUP-000254,True,25.08
SKU-0014687,SUP-000405,True,56.79
SKU-0014688,SUP-000228,True,
SKU-0014689,SUP-000037,True,0.4
SKU-0014689,SUP-000091,False,0.41
SKU-0014690,SUP-000185,True,16.72
SKU-0014691,SUP-000046,True,278.47
SKU-0014692,SUP-000082,True,4.46
SKU-0014693,SUP-000389,True,3.24
SKU-0014694,SUP-000003,True,8.34
SKU-0014695,SUP-000332,True,24.03
SKU-0014696,SUP-000172,True,11.95
SKU-0014697,SUP-000310,True,23.46
SKU-0014698,SUP-000081,True,7.97
SKU-0014698,SUP-000046,False,8.26
SKU-0014699,SUP-000288,True,12.52
SKU-0014700,SUP-000351,True,8.65
SKU-0014700,SUP-000127,False,7.72
SKU-0014701,SUP-000167,True,19.88
SKU-0014702,SUP-000015,True,8.23
SKU-0014703,SUP-000131,True,2.8
SKU-0014703,SUP-000284,False,2.48
SKU-0014704,SUP-000028,True,4.71
SKU-0014705,SUP-000100,True,7.96
SKU-0014706,SUP-000435,True,42.06
SKU-0014707,SUP-000032,True,16.46
SKU-0014708,SUP-000392,True,8.97
SKU-0014708,SUP-000413,False,9.45
SKU-0014709,SUP-000124,True,2.59
SKU-0014710,SUP-000340,True,15.18
SKU-0014710,SUP-000049,False,13.36
SKU-0014711,SUP-000074,True,5.53
SKU-0014712,SUP-000305,True,22.32
SKU-0014712,SUP-000201,False,17.91
SKU-0014713,SUP-000205,True,29.92
SKU-0014714,SUP-000268,True,83.2
SKU-0014715,SUP-000023,True,8.24
SKU-0014716,SUP-000003,True,1.72
SKU-0014716,SUP-000404,False,1.49
SKU-0014717,SUP-000116,True,6.26
SKU-0014718,SUP-000140,True,20.04
SKU-0014718,SUP-000067,False,20.48
SKU-0014718,SUP-000124,False,25.97
SKU-0014719,SUP-000036,True,24.42
SKU-0014719,SUP-000396,False,27.3
SKU-0014719,SUP-000447,False,22.49
SKU-0014720,SUP-000338,True,40.33
SKU-0014721,SUP-000428,True,29.39
SKU-0014721,SUP-000347,False,29.21
SKU-0014722,SUP-000441,True,3.02
SKU-0014723,SUP-000087,True,7.61
SKU-0014723,SUP-000325,False,6.25
SKU-0014724,SUP-000103,True,14.13
SKU-0014725,SUP-000034,True,63.97
SKU-0014726,SUP-000263,True,53.88
SKU-0014726,SUP-000076,False,53.96
SKU-0014727,SUP-000049,True,33.22
SKU-0014728,SUP-000420,True,15.33
SKU-0014729,SUP-000055,True,6.29
SKU-0014730,SUP-000080,True,329.66
SKU-0014731,SUP-000216,True,18.25
SKU-0014732,SUP-000040,True,35.53
SKU-0014733,SUP-000202,True,4.05
SKU-0014734,SUP-000293,True,10.58
SKU-0014735,SUP-000182,True,0.87
SKU-0014736,SUP-000219,True,21.12
SKU-0014736,SUP-000130,False,23.14
SKU-0014737,SUP-000310,True,14.25
SKU-0014737,SUP-000208,False,16.55
SKU-0014737,SUP-000268,False,16.09
SKU-0014738,SUP-000169,True,8.41
SKU-0014739,SUP-000186,True,1.83
SKU-0014740,SUP-000023,True,15.73
SKU-0014740,SUP-000265,False,14.81
SKU-0014740,SUP-000021,False,18.24
SKU-0014741,SUP-000011,True,8.12
SKU-0014742,SUP-000034,True,11.83
SKU-0014743,SUP-000326,True,23.02
SKU-0014743,SUP-000125,False,24.43
SKU-0014744,SUP-000337,True,20.64
SKU-0014745,SUP-000397,True,15.01
SKU-0014746,SUP-000285,True,9.83
SKU-0014747,SUP-000302,True,1.13
SKU-0014748,SUP-000055,True,8.96
SKU-0014748,SUP-000025,False,9.73
SKU-0014749,SUP-000077,True,6.04
SKU-0014750,SUP-000166,True,14.29
SKU-0014750,SUP-000153,False,17.25
SKU-0014751,SUP-000186,True,22.81
SKU-0014752,SUP-000011,True,0.66
SKU-0014753,SUP-000321,True,10.07
SKU-0014754,SUP-000100,True,5.91
SKU-0014755,SUP-000418,True,18.14
SKU-0014756,SUP-000126,True,8.52
SKU-0014756,SUP-000246,False,7.69
SKU-0014757,SUP-000437,True,32.44
SKU-0014758,SUP-000353,True,3.13
SKU-0014759,SUP-000091,True,10.09
SKU-0014760,SUP-000105,True,6.85
SKU-0014760,SUP-000192,False,5.3
SKU-0014761,SUP-000385,True,36.53
SKU-0014762,SUP-000384,True,0.59
SKU-0014763,SUP-000430,True,1.55
SKU-0014763,SUP-000418,False,2.04
SKU-0014764,SUP-000385,True,66.72
SKU-0014765,SUP-000283,True,4.42
SKU-0014766,SUP-000170,True,7.29
SKU-0014767,SUP-000388,True,3.75
SKU-0014767,SUP-000339,False,4.26
SKU-0014768,SUP-000138,True,3.13
SKU-0014768,SUP-000180,False,3.79
SKU-0014769,SUP-000157,True,5.98
SKU-0014770,SUP-000105,True,12.92
SKU-0014770,SUP-000437,False,13.37
SKU-0014771,SUP-000388,True,22.5
SKU-0014772,SUP-000153,True,12.02
SKU-0014772,SUP-000386,False,12.81
SKU-0014773,SUP-000339,True,21.25
SKU-0014774,SUP-000138,True,39.32
SKU-0014774,SUP-000001,False,37.02
SKU-0014775,SUP-000351,True,0.52
SKU-0014776,SUP-000280,True,11.21
SKU-0014776,SUP-000128,False,9.51
SKU-0014777,SUP-000443,True,50.49
SKU-0014777,SUP-000205,False,44.85
SKU-0014778,SUP-000137,True,81.29
SKU-0014779,SUP-000094,True,90.8
SKU-0014780,SUP-000125,True,45.64
SKU-0014781,SUP-000024,True,0.9
SKU-0014782,SUP-000059,True,4.47
SKU-0014783,SUP-000444,True,7.66
SKU-0014784,SUP-000337,True,4.38
SKU-0014784,SUP-000142,False,3.81
SKU-0014784,SUP-000359,False,4.01
SKU-0014785,SUP-000183,True,1.45
SKU-0014786,SUP-000354,True,22.91
SKU-0014786,SUP-000276,False,26.16
SKU-0014786,SUP-000049,False,26.0
SKU-0014787,SUP-000279,True,1.55
SKU-0014787,SUP-000258,False,1.7
SKU-0014788,SUP-000181,True,13.64
SKU-0014788,SUP-000243,False,13.5
SKU-0014789,SUP-000292,True,4.29
SKU-0014789,SUP-000050,False,3.94
SKU-0014790,SUP-000306,True,31.54
SKU-0014791,SUP-000406,True,5.03
SKU-0014792,SUP-000021,True,78.57
SKU-0014792,SUP-000327,False,76.37
SKU-0014793,SUP-000326,True,2.74
SKU-0014793,SUP-000246,False,2.31
SKU-0014793,SUP-000314,False,2.35
SKU-0014794,SUP-000059,True,37.41
SKU-0014795,SUP-000415,True,2.41
SKU-0014796,SUP-000107,True,26.31
SKU-0014797,SUP-000408,True,9.09
SKU-0014798,SUP-000260,True,83.56
SKU-0014799,SUP-000359,True,23.94
SKU-0014799,SUP-000343,False,
SKU-0014800,SUP-000254,True,5.08
SKU-0014801,SUP-000072,True,5.21
SKU-0014801,SUP-000205,False,5.81
SKU-0014802,SUP-000092,True,7.74
SKU-0014803,SUP-000282,True,2.64
SKU-0014804,SUP-000096,True,4.44
SKU-0014805,SUP-000013,True,0.67
SKU-0014806,SUP-000122,True,9.5
SKU-0014806,SUP-000269,False,9.36
SKU-0014807,SUP-000060,True,72.66
SKU-0014807,SUP-000357,False,74.85
SKU-0014808,SUP-000207,True,18.0
SKU-0014808,SUP-000247,False,18.27
SKU-0014809,SUP-000360,True,8.75
SKU-0014810,SUP-000289,True,85.48
SKU-0014811,SUP-000080,True,
SKU-0014812,SUP-000147,True,38.33
SKU-0014813,SUP-000223,True,18.76
SKU-0014814,SUP-000002,True,1.95
SKU-0014815,SUP-000283,True,2.41
SKU-0014816,SUP-000144,True,9.2
SKU-0014817,SUP-000158,True,2.36
SKU-0014817,SUP-000248,False,2.03
SKU-0014818,SUP-000377,True,13.36
SKU-0014818,SUP-000037,False,14.32
SKU-0014819,SUP-000387,True,11.23
SKU-0014820,SUP-000029,True,3.26
SKU-0014821,SUP-000425,True,112.17
SKU-0014822,SUP-000257,True,15.99
SKU-0014823,SUP-000374,True,9.31
SKU-0014824,SUP-000190,True,27.14
SKU-0014825,SUP-000139,True,6.38
SKU-0014826,SUP-000243,True,1.82
SKU-0014826,SUP-000040,False,1.88
SKU-0014826,SUP-000145,False,1.5
SKU-0014827,SUP-000417,True,39.85
SKU-0014828,SUP-000199,True,15.31
SKU-0014829,SUP-000190,True,
SKU-0014830,SUP-000035,True,10.29
SKU-0014831,SUP-000063,True,4.07
SKU-0014832,SUP-000149,True,10.88
SKU-0014833,SUP-000420,True,0.8
SKU-0014834,SUP-000125,True,5.95
SKU-0014835,SUP-000407,True,7.53
SKU-0014836,SUP-000110,True,13.95
SKU-0014837,SUP-000232,True,1.46
SKU-0014837,SUP-000231,False,1.41
SKU-0014838,SUP-000208,True,20.16
SKU-0014839,SUP-000419,True,2.09
SKU-0014840,SUP-000023,True,10.07
SKU-0014841,SUP-000180,True,22.89
SKU-0014841,SUP-000074,False,29.57
SKU-0014842,SUP-000229,True,16.98
SKU-0014843,SUP-000067,True,28.9
SKU-0014844,SUP-000319,True,8.07
SKU-0014845,SUP-000133,True,42.19
SKU-0014846,SUP-000272,True,2.33
SKU-0014846,SUP-000072,False,1.83
SKU-0014847,SUP-000319,True,56.17
SKU-0014847,SUP-000398,False,62.86
SKU-0014848,SUP-000271,True,0.88
SKU-0014849,SUP-000237,True,2.49
SKU-0014849,SUP-000016,False,2.56
SKU-0014849,SUP-000394,False,2.34
SKU-0014850,SUP-000162,True,27.59
SKU-0014851,SUP-000061,True,3.44
SKU-0014852,SUP-000044,True,67.23
SKU-0014853,SUP-000103,True,138.71
SKU-0014854,SUP-000425,True,40.05
SKU-0014854,SUP-000071,False,43.06
SKU-0014855,SUP-000092,True,54.82
SKU-0014856,SUP-000294,True,1.91
SKU-0014857,SUP-000131,True,13.82
SKU-0014858,SUP-000359,True,1.56
SKU-0014859,SUP-000243,True,4.42
SKU-0014859,SUP-000313,False,3.78
SKU-0014860,SUP-000241,True,15.82
SKU-0014860,SUP-000245,False,16.38
SKU-0014861,SUP-000159,True,14.47
SKU-0014862,SUP-000006,True,27.64
SKU-0014862,SUP-000280,False,22.62
SKU-0014863,SUP-000409,True,30.43
SKU-0014864,SUP-000069,True,69.09
SKU-0014865,SUP-000407,True,5.49
SKU-0014866,SUP-000073,True,14.03
SKU-0014867,SUP-000163,True,12.24
SKU-0014868,SUP-000246,True,2.85
SKU-0014869,SUP-000124,True,58.8
SKU-0014870,SUP-000007,True,17.53
SKU-0014871,SUP-000355,True,18.22
SKU-0014871,SUP-000243,False,16.42
SKU-0014872,SUP-000335,True,2.94
SKU-0014873,SUP-000448,True,14.16
SKU-0014874,SUP-000183,True,9.99
SKU-0014875,SUP-000199,True,3.8
SKU-0014876,SUP-000106,True,4.28
SKU-0014877,SUP-000325,True,14.16
SKU-0014878,SUP-000192,True,5.0
SKU-0014879,SUP-000179,True,112.83
SKU-0014879,SUP-000403,False,107.43
SKU-0014880,SUP-000210,True,45.11
SKU-0014881,SUP-000287,True,5.36
SKU-0014881,SUP-000385,False,4.79
SKU-0014881,SUP-000313,False,5.37
SKU-0014882,SUP-000151,True,6.48
SKU-0014882,SUP-000177,False,5.91
SKU-0014882,SUP-000131,False,6.71
SKU-0014883,SUP-000327,True,8.94
SKU-0014883,SUP-000129,False,8.44
SKU-0014884,SUP-000447,True,15.2
SKU-0014884,SUP-000282,False,11.95
SKU-0014885,SUP-000183,True,66.94
SKU-0014886,SUP-000245,True,16.3
SKU-0014887,SUP-000169,True,2.09
SKU-0014888,SUP-000267,True,
SKU-0014888,SUP-000067,False,0.65
SKU-0014889,SUP-000210,True,8.28
SKU-0014890,SUP-000071,True,52.11
SKU-0014891,SUP-000005,True,2.07
SKU-0014891,SUP-000078,False,2.45
SKU-0014892,SUP-000164,True,10.07
SKU-0014893,SUP-000293,True,
SKU-0014893,SUP-000198,False,1.83
SKU-0014894,SUP-000113,True,10.01
SKU-0014895,SUP-000384,True,13.95
SKU-0014896,SUP-000020,True,1.7
SKU-0014896,SUP-000080,False,
SKU-0014897,SUP-000140,True,10.05
SKU-0014897,SUP-000119,False,
SKU-0014897,SUP-000143,False,9.85
SKU-0014898,SUP-000218,True,13.04
SKU-0014899,SUP-000408,True,5.09
SKU-0014900,SUP-000286,True,72.43
SKU-0014901,SUP-000121,True,9.61
SKU-0014902,SUP-000199,True,4.14
SKU-0014902,SUP-000350,False,3.99
SKU-0014903,SUP-000136,True,10.88
SKU-0014904,SUP-000229,True,5.42
SKU-0014904,SUP-000259,False,4.72
SKU-0014905,SUP-000205,True,164.92
SKU-0014906,SUP-000388,True,7.42
SKU-0014907,SUP-000231,True,56.5
SKU-0014908,SUP-000379,True,5.31
SKU-0014908,SUP-000204,False,5.5
SKU-0014909,SUP-000397,True,10.0
SKU-0014909,SUP-000086,False,11.59
SKU-0014910,SUP-000079,True,5.78
SKU-0014911,SUP-000444,True,2.08
SKU-0014912,SUP-000076,True,34.5
SKU-0014912,SUP-000248,False,43.02
SKU-0014913,SUP-000225,True,98.58
SKU-0014913,SUP-000277,False,90.62
SKU-0014914,SUP-000145,True,28.2
SKU-0014914,SUP-000352,False,31.0
SKU-0014914,SUP-000387,False,32.45
SKU-0014915,SUP-000265,True,9.5
SKU-0014916,SUP-000087,True,1.34
SKU-0014917,SUP-000239,True,13.2
SKU-0014917,SUP-000202,False,13.11
SKU-0014917,SUP-000221,False,14.35
SKU-0014918,SUP-000444,True,14.66
SKU-0014919,SUP-000286,True,9.99
SKU-0014920,SUP-000298,True,0.42
SKU-0014920,SUP-000026,False,0.38
SKU-0014920,SUP-000058,False,0.4
SKU-0014921,SUP-000441,True,
SKU-0014922,SUP-000309,True,19.2
SKU-0014922,SUP-000220,False,17.34
SKU-0014923,SUP-000372,True,6.1
SKU-0014923,SUP-000224,False,6.36
SKU-0014924,SUP-000015,True,0.91
SKU-0014925,SUP-000230,True,7.72
SKU-0014926,SUP-000068,True,4.74
SKU-0014927,SUP-000142,True,43.84
SKU-0014928,SUP-000371,True,1.78
SKU-0014929,SUP-000072,True,35.17
SKU-0014929,SUP-000278,False,32.15
SKU-0014930,SUP-000166,True,11.53
SKU-0014930,SUP-000263,False,14.24
SKU-0014930,SUP-000327,False,13.01
SKU-0014931,SUP-000269,True,10.88
SKU-0014932,SUP-000236,True,2.06
SKU-0014933,SUP-000211,True,0.99
SKU-0014934,SUP-000263,True,4.66
SKU-0014934,SUP-000022,False,4.88
SKU-0014935,SUP-000186,True,13.06
SKU-0014936,SUP-000119,True,7.44
SKU-0014936,SUP-000415,False,6.33
SKU-0014936,SUP-000264,False,7.0
SKU-0014937,SUP-000332,True,18.47
SKU-0014938,SUP-000341,True,89.55
SKU-0014939,SUP-000096,True,5.66
SKU-0014939,SUP-000199,False,5.7
SKU-0014940,SUP-000444,True,3.32
SKU-0014941,SUP-000450,True,13.92
SKU-0014942,SUP-000369,True,4.15
SKU-0014943,SUP-000226,True,9.78
SKU-0014943,SUP-000268,False,10.07
SKU-0014943,SUP-000317,False,10.25
SKU-0014944,SUP-000203,True,17.73
SKU-0014944,SUP-000365,False,14.2
SKU-0014944,SUP-000434,False,16.59
SKU-0014945,SUP-000313,True,3.04
SKU-0014946,SUP-000029,True,35.58
SKU-0014947,SUP-000376,True,14.57
SKU-0014948,SUP-000232,True,6.74
SKU-0014949,SUP-000425,True,1.23
SKU-0014950,SUP-000260,True,6.93
SKU-0014950,SUP-000321,False,6.76
SKU-0014951,SUP-000316,True,5.16
SKU-0014952,SUP-000421,True,6.91
SKU-0014953,SUP-000450,True,23.38
SKU-0014954,SUP-000001,True,34.03
SKU-0014955,SUP-000179,True,-1.59
SKU-0014956,SUP-000410,True,8.41
SKU-0014957,SUP-000131,True,5.05
SKU-0014957,SUP-000083,False,3.84
SKU-0014958,SUP-000016,True,2.85
SKU-0014959,SUP-000062,True,57.44
SKU-0014960,SUP-000261,True,5.87
SKU-0014961,SUP-000379,True,2.69
SKU-0014962,SUP-000354,True,148.73
SKU-0014963,SUP-000150,True,3.64
SKU-0014964,SUP-000293,True,6.55
SKU-0014965,SUP-000296,True,131.91
SKU-0014966,SUP-000065,True,8.05
SKU-0014967,SUP-000278,True,12.1
SKU-0014968,SUP-000126,True,123.54
SKU-0014969,SUP-000067,True,1.18
SKU-0014970,SUP-000142,True,1.41
SKU-0014971,SUP-000197,True,0.98
SKU-0014972,SUP-000270,True,49.46
SKU-0014973,SUP-000413,True,15.66
SKU-0014974,SUP-000315,True,76.07
SKU-0014975,SUP-000171,True,22.4
SKU-0014975,SUP-000248,False,25.68
SKU-0014975,SUP-000388,False,27.81
SKU-0014976,SUP-000168,True,14.55
SKU-0014976,SUP-000068,False,13.84
SKU-0014977,SUP-000108,True,1.66
SKU-0014977,SUP-000183,False,2.02
SKU-0014978,SUP-000172,True,4.91
SKU-0014979,SUP-000129,True,3.66
SKU-0014980,SUP-000095,True,150.09
SKU-0014981,SUP-000193,True,13.56
SKU-0014982,SUP-000133,True,27.16
SKU-0014983,SUP-000431,True,7.19
SKU-0014984,SUP-000167,True,7.79
SKU-0014985,SUP-000442,True,14.76
SKU-0014985,SUP-000370,False,12.32
SKU-0014986,SUP-000299,True,8.57
SKU-0014987,SUP-000428,True,11.65
SKU-0014988,SUP-000394,True,666.49
SKU-0014989,SUP-000306,True,2.07
SKU-0014990,SUP-000440,True,66.64
SKU-0014991,SUP-000217,True,8.19
SKU-0014992,SUP-000108,True,19.72
SKU-0014993,SUP-000075,True,44.05
SKU-0014994,SUP-000127,True,1.66
SKU-0014995,SUP-000247,True,8.92
SKU-0014996,SUP-000295,True,3.03
SKU-0014997,SUP-000116,True,3.08
SKU-0014997,SUP-000217,False,2.84
SKU-0014998,SUP-000306,True,14.13
SKU-0014999,SUP-000126,True,74.0
SKU-0015000,SUP-000225,True,3.2
SKU-0015001,SUP-000268,True,5.27
SKU-0015002,SUP-000313,True,0.68
SKU-0015003,SUP-000122,True,32.41
SKU-0015004,SUP-000376,True,-15.0
SKU-0015004,SUP-000113,False,-17.01
SKU-0015005,SUP-000276,True,4.59
SKU-0015006,SUP-000027,True,3.44
SKU-0015007,SUP-000346,True,3.27
SKU-0015008,SUP-000203,True,3.38
SKU-0015009,SUP-000084,True,56.47
SKU-0015010,SUP-000336,True,5.02
SKU-0015010,SUP-000253,False,4.45
SKU-0015011,SUP-000437,True,2.74
SKU-0015011,SUP-000057,False,3.14
SKU-0015011,SUP-000173,False,2.39
SKU-0015012,SUP-000123,True,22.35
SKU-0015012,SUP-000001,False,23.36
SKU-0015012,SUP-000050,False,21.9
SKU-0015013,SUP-000368,True,2.02
SKU-0015013,SUP-000225,False,1.91
SKU-0015013,SUP-000393,False,1.91
SKU-0015014,SUP-000283,True,10.54
SKU-0015014,SUP-000172,False,11.99
SKU-0015015,SUP-000337,True,10.17
SKU-0015015,SUP-000309,False,11.52
SKU-0015016,SUP-000437,True,4.26
SKU-0015017,SUP-000060,True,51.05
SKU-0015018,SUP-000215,True,3.41
SKU-0015019,SUP-000317,True,59.15
SKU-0015020,SUP-000113,True,199.05
SKU-0015021,SUP-000363,True,2.58
SKU-0015022,SUP-000217,True,0.41
SKU-0015023,SUP-000261,True,21.05
SKU-0015024,SUP-000450,True,1.74
SKU-0015025,SUP-000162,True,7.78
SKU-0015025,SUP-000196,False,7.08
SKU-0015026,SUP-000289,True,3.96
SKU-0015027,SUP-000253,True,33.27
SKU-0015028,SUP-000228,True,38.33
SKU-0015029,SUP-000143,True,13.89
SKU-0015029,SUP-000314,False,10.7
SKU-0015030,SUP-000008,True,23.59
SKU-0015030,SUP-000349,False,24.49
SKU-0015031,SUP-000218,True,2.49
SKU-0015032,SUP-000115,True,20.46
SKU-0015033,SUP-000061,True,9.88
SKU-0015034,SUP-000305,True,1.46
SKU-0015035,SUP-000260,True,4.92
SKU-0015036,SUP-000096,True,6.06
SKU-0015036,SUP-000181,False,5.78
SKU-0015037,SUP-000249,True,3.82
SKU-0015038,SUP-000393,True,9.21
SKU-0015038,SUP-000169,False,10.12
SKU-0015039,SUP-000186,True,
SKU-0015040,SUP-000180,True,18.04
SKU-0015041,SUP-000428,True,1.19
SKU-0015042,SUP-000433,True,79.02
SKU-0015043,SUP-000248,True,9.96
SKU-0015044,SUP-000311,True,67.93
SKU-0015045,SUP-000045,True,1.19
SKU-0015046,SUP-000046,True,31.36
SKU-0015047,SUP-000396,True,17.22
SKU-0015048,SUP-000208,True,5.83
SKU-0015048,SUP-000251,False,7.79
SKU-0015048,SUP-000438,False,5.81
SKU-0015049,SUP-000408,True,18.36
SKU-0015050,SUP-000052,True,2.36
SKU-0015050,SUP-000343,False,2.35
SKU-0015051,SUP-000054,True,33.83
SKU-0015052,SUP-000415,True,6.83
SKU-0015053,SUP-000141,True,3.73
SKU-0015054,SUP-000124,True,12.85
SKU-0015054,SUP-000021,False,17.07
SKU-0015055,SUP-000444,True,2.22
SKU-0015056,SUP-000308,True,5.29
SKU-0015057,SUP-000269,True,35.33
SKU-0015058,SUP-000214,True,14.35
SKU-0015059,SUP-000172,True,7.42
SKU-0015060,SUP-000359,True,2.4
SKU-0015060,SUP-000074,False,2.18
SKU-0015061,SUP-000329,True,11.23
SKU-0015062,SUP-000334,True,72.17
SKU-0015062,SUP-000230,False,61.08
SKU-0015063,SUP-000277,True,6.12
SKU-0015063,SUP-000228,False,5.54
SKU-0015064,SUP-000159,True,0.72
SKU-0015065,SUP-000292,True,1.54
SKU-0015066,SUP-000006,True,10.61
SKU-0015067,SUP-000195,True,9.45
SKU-0015068,SUP-000009,True,0.53
SKU-0015068,SUP-000018,False,0.58
SKU-0015069,SUP-000125,True,1.46
SKU-0015070,SUP-000316,True,23.6
SKU-0015071,SUP-000423,True,2.86
SKU-0015071,SUP-000410,False,2.49
SKU-0015071,SUP-000431,False,
SKU-0015072,SUP-000415,True,14.35
SKU-0015072,SUP-000232,False,12.75
SKU-0015073,SUP-000092,True,11.8
SKU-0015074,SUP-000363,True,0.54
SKU-0015074,SUP-000234,False,0.52
SKU-0015075,SUP-000181,True,0.57
SKU-0015075,SUP-000180,False,0.56
SKU-0015076,SUP-000205,True,21.5
SKU-0015077,SUP-000254,True,4.4
SKU-0015078,SUP-000386,True,5.34
SKU-0015079,SUP-000007,True,5.62
SKU-0015080,SUP-000026,True,4.83
SKU-0015080,SUP-000033,False,4.44
SKU-0015081,SUP-000285,True,12.61
SKU-0015082,SUP-000164,True,6.73
SKU-0015083,SUP-000074,True,4.63
SKU-0015084,SUP-000374,True,1.11
SKU-0015085,SUP-000060,True,84.66
SKU-0015086,SUP-000026,True,6.22
SKU-0015087,SUP-000181,True,3.47
SKU-0015088,SUP-000117,True,45.84
SKU-0015089,SUP-000449,True,5.69
SKU-0015090,SUP-000249,True,3.59
SKU-0015091,SUP-000180,True,11.2
SKU-0015092,SUP-000437,True,1.2
SKU-0015093,SUP-000002,True,10.33
SKU-0015093,SUP-000130,False,8.52
SKU-0015094,SUP-000065,True,23.18
SKU-0015095,SUP-000166,True,16.43
SKU-0015096,SUP-000444,True,3.35
SKU-0015097,SUP-000015,True,62.74
SKU-0015098,SUP-000267,True,5.59
SKU-0015098,SUP-000253,False,5.73
SKU-0015098,SUP-000093,False,5.9
SKU-0015099,SUP-000131,True,108.4
SKU-0015100,SUP-000063,True,121.77
SKU-0015101,SUP-000223,True,34.77
SKU-0015102,SUP-000248,True,2.43
SKU-0015103,SUP-000164,True,47.92
SKU-0015104,SUP-000363,True,33.49
SKU-0015105,SUP-000353,True,4.11
SKU-0015106,SUP-000295,True,21.71
SKU-0015107,SUP-000397,True,27.06
SKU-0015107,SUP-000382,False,29.02
SKU-0015108,SUP-000042,True,3.55
SKU-0015108,SUP-000305,False,2.95
SKU-0015108,SUP-000397,False,3.02
SKU-0015109,SUP-000192,True,95.25
SKU-0015109,SUP-000049,False,100.46
SKU-0015110,SUP-000155,True,38.0
SKU-0015110,SUP-000317,False,33.34
SKU-0015111,SUP-000395,True,2.29
SKU-0015111,SUP-000408,False,2.09
SKU-0015112,SUP-000004,True,1.46
SKU-0015113,SUP-000177,True,6.41
SKU-0015114,SUP-000412,True,34.94
SKU-0015115,SUP-000389,True,11.11
SKU-0015115,SUP-000429,False,11.11
SKU-0015116,SUP-000026,True,27.03
SKU-0015117,SUP-000405,True,17.43
SKU-0015117,SUP-000266,False,15.81
SKU-0015118,SUP-000112,True,40.22
SKU-0015119,SUP-000104,True,22.39
SKU-0015120,SUP-000445,True,1.53
SKU-0015121,SUP-000116,True,26.97
SKU-0015122,SUP-000288,True,64.0
SKU-0015122,SUP-000117,False,66.01
SKU-0015123,SUP-000223,True,13.15
SKU-0015124,SUP-000345,True,94.17
SKU-0015124,SUP-000202,False,92.12
SKU-0015125,SUP-000292,True,52.9
SKU-0015126,SUP-000167,True,4.4
SKU-0015127,SUP-000219,True,25.71
SKU-0015128,SUP-000056,True,0.44
SKU-0015129,SUP-000107,True,22.73
SKU-0015129,SUP-000222,False,23.02
SKU-0015130,SUP-000151,True,34.35
SKU-0015131,SUP-000157,True,31.5
SKU-0015131,SUP-000144,False,32.0
SKU-0015131,SUP-000203,False,26.04
SKU-0015132,SUP-000342,True,12.69
SKU-0015133,SUP-000206,True,10.87
SKU-0015133,SUP-000094,False,11.1
SKU-0015134,SUP-000399,True,4.2
SKU-0015134,SUP-000393,False,3.28
SKU-0015135,SUP-000161,True,67.18
SKU-0015135,SUP-000236,False,68.5
SKU-0015136,SUP-000406,True,13.65
SKU-0015137,SUP-000197,True,
SKU-0015138,SUP-000002,True,1.42
SKU-0015139,SUP-000251,True,7.1
SKU-0015140,SUP-000133,True,32.83
SKU-0015140,SUP-000190,False,34.93
SKU-0015140,SUP-000106,False,26.85
SKU-0015141,SUP-000139,True,69.35
SKU-0015141,SUP-000450,False,82.43
SKU-0015142,SUP-000230,True,16.16
SKU-0015143,SUP-000406,True,19.17
SKU-0015143,SUP-000051,False,18.49
SKU-0015144,SUP-000391,True,3.75
SKU-0015145,SUP-000056,True,11.47
SKU-0015145,SUP-000215,False,14.12
SKU-0015146,SUP-000126,True,69.58
SKU-0015147,SUP-000246,True,26.14
SKU-0015148,SUP-000425,True,53.25
SKU-0015149,SUP-000442,True,3.1
SKU-0015150,SUP-000333,True,28.79
SKU-0015151,SUP-000020,True,25.39
SKU-0015152,SUP-000001,True,140.88
SKU-0015153,SUP-000380,True,189.45
SKU-0015153,SUP-000131,False,206.91
SKU-0015154,SUP-000241,True,0.83
SKU-0015155,SUP-000220,True,15.7
SKU-0015156,SUP-000433,True,7.76
SKU-0015156,SUP-000007,False,8.61
SKU-0015157,SUP-000449,True,
SKU-0015158,SUP-000024,True,65.63
SKU-0015159,SUP-000265,True,7.54
SKU-0015160,SUP-000126,True,13.85
SKU-0015160,SUP-000436,False,13.72
SKU-0015161,SUP-000279,True,33.97
SKU-0015162,SUP-000312,True,18.76
SKU-0015163,SUP-000367,True,23.35
SKU-0015164,SUP-000375,True,0.48
SKU-0015165,SUP-000305,True,10.61
SKU-0015166,SUP-000367,True,12.52
SKU-0015167,SUP-000329,True,23.21
SKU-0015168,SUP-000251,True,22.4
SKU-0015169,SUP-000359,True,25.92
SKU-0015170,SUP-000449,True,34.03
SKU-0015171,SUP-000178,True,54.32
SKU-0015172,SUP-000270,True,2.49
SKU-0015173,SUP-000292,True,1.23
SKU-0015173,SUP-000199,False,0.98
SKU-0015174,SUP-000219,True,2.29
SKU-0015174,SUP-000315,False,2.23
SKU-0015175,SUP-000445,True,16.05
SKU-0015176,SUP-000128,True,14.04
SKU-0015177,SUP-000419,True,12.68
SKU-0015178,SUP-000159,True,5.6
SKU-0015179,SUP-000244,True,52.77
SKU-0015180,SUP-000004,True,1.47
SKU-0015180,SUP-000076,False,1.48
SKU-0015181,SUP-000167,True,25.41
SKU-0015182,SUP-000120,True,8.77
SKU-0015183,SUP-000384,True,6.0
SKU-0015184,SUP-000225,True,15.68
SKU-0015185,SUP-000045,True,53.62
SKU-0015186,SUP-000133,True,41.69
SKU-0015187,SUP-000026,True,1.97
SKU-0015188,SUP-000392,True,25.56
SKU-0015189,SUP-000300,True,75.03
SKU-0015189,SUP-000071,False,75.29
SKU-0015190,SUP-000280,True,10.79
SKU-0015191,SUP-000200,True,5.29
SKU-0015192,SUP-000379,True,1.02
SKU-0015193,SUP-000320,True,2.32
SKU-0015194,SUP-000050,True,14.9
SKU-0015195,SUP-000317,True,50.06
SKU-0015196,SUP-000158,True,5.58
SKU-0015197,SUP-000090,True,34.15
SKU-0015198,SUP-000315,True,33.83
SKU-0015199,SUP-000278,True,4.98
SKU-0015200,SUP-000154,True,231.01
SKU-0015201,SUP-000397,True,101.27
SKU-0015201,SUP-000326,False,109.4
SKU-0015202,SUP-000161,True,4.97
SKU-0015203,SUP-000017,True,23.12
SKU-0015203,SUP-000403,False,26.01
SKU-0015204,SUP-000052,True,55.97
SKU-0015205,SUP-000065,True,32.43
SKU-0015206,SUP-000377,True,17.89
SKU-0015207,SUP-000209,True,6.2
SKU-0015207,SUP-000424,False,5.76
SKU-0015208,SUP-000277,True,6.7
SKU-0015209,SUP-000293,True,11.76
SKU-0015209,SUP-000440,False,
SKU-0015210,SUP-000051,True,25.92
SKU-0015210,SUP-000100,False,28.06
SKU-0015211,SUP-000266,True,2.56
SKU-0015212,SUP-000157,True,25.64
SKU-0015213,SUP-000239,True,21.7
SKU-0015214,SUP-000018,True,5.03
SKU-0015214,SUP-000138,False,5.38
SKU-0015215,SUP-000166,True,9.64
SKU-0015216,SUP-000183,True,2.68
SKU-0015217,SUP-000166,True,7.68
SKU-0015218,SUP-000099,True,4.82
SKU-0015219,SUP-000295,True,17.81
SKU-0015220,SUP-000311,True,13.46
SKU-0015221,SUP-000119,True,9.17
SKU-0015222,SUP-000250,True,2.37
SKU-0015222,SUP-000180,False,2.37
SKU-0015223,SUP-000150,True,15.76
SKU-0015224,SUP-000289,True,34.04
SKU-0015225,SUP-000319,True,11.58
SKU-0015226,SUP-000290,True,1.0
SKU-0015227,SUP-000378,True,20.94
SKU-0015228,SUP-000388,True,6.34
SKU-0015228,SUP-000001,False,5.55
SKU-0015229,SUP-000362,True,9.6
SKU-0015230,SUP-000139,True,11.94
SKU-0015231,SUP-000104,True,15.69
SKU-0015232,SUP-000444,True,21.62
SKU-0015233,SUP-000017,True,3.8
SKU-0015234,SUP-000320,True,320.92
SKU-0015235,SUP-000038,True,4.76
SKU-0015236,SUP-000279,True,14.89
SKU-0015237,SUP-000229,True,1.94
SKU-0015238,SUP-000298,True,2.41
SKU-0015238,SUP-000395,False,2.41
SKU-0015238,SUP-000408,False,2.35
SKU-0015239,SUP-000238,True,1.24
SKU-0015239,SUP-000378,False,1.43
SKU-0015240,SUP-000320,True,
SKU-0015241,SUP-000439,True,0.47
SKU-0015241,SUP-000251,False,0.43
SKU-0015242,SUP-000297,True,1.55
SKU-0015242,SUP-000174,False,1.8
SKU-0015243,SUP-000409,True,14.34
SKU-0015243,SUP-000386,False,15.7
SKU-0015244,SUP-000229,True,8.82
SKU-0015245,SUP-000090,True,8.85
SKU-0015246,SUP-000221,True,11.27
SKU-0015246,SUP-000450,False,12.42
SKU-0015246,SUP-000216,False,11.1
SKU-0015247,SUP-000247,True,65.82
SKU-0015247,SUP-000316,False,61.78
SKU-0015248,SUP-000270,True,22.31
SKU-0015249,SUP-000254,True,9.72
SKU-0015250,SUP-000146,True,3.79
SKU-0015250,SUP-000050,False,3.11
SKU-0015251,SUP-000092,True,131.25
SKU-0015252,SUP-000346,True,3.86
SKU-0015252,SUP-000251,False,3.55
SKU-0015253,SUP-000405,True,37.57
SKU-0015254,SUP-000445,True,56.58
SKU-0015255,SUP-000297,True,13.46
SKU-0015255,SUP-000171,False,14.07
SKU-0015256,SUP-000323,True,10.84
SKU-0015257,SUP-000217,True,4.68
SKU-0015258,SUP-000358,True,7.3
SKU-0015259,SUP-000035,True,7.49
SKU-0015260,SUP-000225,True,145.58
SKU-0015260,SUP-000108,False,
SKU-0015261,SUP-000027,True,28.23
SKU-0015262,SUP-000064,True,36.78
SKU-0015263,SUP-000024,True,19.63
SKU-0015264,SUP-000307,True,7.28
SKU-0015265,SUP-000327,True,15.14
SKU-0015266,SUP-000063,True,21.85
SKU-0015267,SUP-000091,True,108.1
SKU-0015267,SUP-000193,False,114.34
SKU-0015267,SUP-000397,False,131.39
SKU-0015268,SUP-000278,True,1.97
SKU-0015268,SUP-000047,False,1.95
SKU-0015269,SUP-000195,True,14.64
SKU-0015270,SUP-000205,True,1.8
SKU-0015271,SUP-000112,True,41.08
SKU-0015272,SUP-000171,True,27.65
SKU-0015273,SUP-000174,True,5.32
SKU-0015273,SUP-000191,False,6.33
SKU-0015274,SUP-000141,True,1.29
SKU-0015275,SUP-000441,True,5.12
SKU-0015275,SUP-000263,False,4.86
SKU-0015276,SUP-000074,True,0.35
SKU-0015276,SUP-000243,False,0.36
SKU-0015277,SUP-000224,True,5.45
SKU-0015277,SUP-000354,False,6.07
SKU-0015277,SUP-000074,False,5.95
SKU-0015278,SUP-000030,True,46.65
SKU-0015279,SUP-000350,True,8.58
SKU-0015279,SUP-000399,False,8.75
SKU-0015280,SUP-000318,True,43.14
SKU-0015281,SUP-000069,True,3.83
SKU-0015282,SUP-000076,True,1.02
SKU-0015283,SUP-000201,True,3.54
SKU-0015284,SUP-000183,True,
SKU-0015284,SUP-000060,False,7.81
SKU-0015285,SUP-000154,True,69.91
SKU-0015286,SUP-000264,True,63.37
SKU-0015287,SUP-000081,True,6.12
SKU-0015288,SUP-000310,True,19.8
SKU-0015289,SUP-000098,True,2.67
SKU-0015290,SUP-000194,True,8.66
SKU-0015290,SUP-000143,False,9.62
SKU-0015290,SUP-000223,False,10.43
SKU-0015291,SUP-000133,True,5.85
SKU-0015291,SUP-000433,False,5.38
SKU-0015291,SUP-000422,False,5.21
SKU-0015292,SUP-000109,True,4.19
SKU-0015293,SUP-000397,True,3.75
SKU-0015294,SUP-000295,True,2.62
SKU-0015294,SUP-000035,False,2.29
SKU-0015295,SUP-000203,True,2.25
SKU-0015296,SUP-000191,True,46.92
SKU-0015296,SUP-000219,False,48.59
SKU-0015297,SUP-000018,True,20.12
SKU-0015297,SUP-000211,False,17.51
SKU-0015298,SUP-000099,True,23.73
SKU-0015299,SUP-000273,True,24.83
SKU-0015299,SUP-000211,False,26.26
SKU-0015300,SUP-000299,True,31.8
SKU-0015301,SUP-000167,True,74.47
SKU-0015302,SUP-000071,True,10.33
SKU-0015303,SUP-000102,True,4.72
SKU-0015304,SUP-000188,True,16.2
SKU-0015304,SUP-000229,False,18.63
SKU-0015305,SUP-000060,True,54.69
SKU-0015305,SUP-000173,False,59.45
SKU-0015306,SUP-000446,True,63.22
SKU-0015307,SUP-000369,True,4.71
SKU-0015308,SUP-000125,True,57.6
SKU-0015308,SUP-000209,False,62.54
SKU-0015309,SUP-000207,True,9.99
SKU-0015310,SUP-000182,True,102.08
SKU-0015311,SUP-000108,True,2.53
SKU-0015312,SUP-000191,True,3.15
SKU-0015312,SUP-000256,False,3.46
SKU-0015313,SUP-000176,True,20.54
SKU-0015314,SUP-000219,True,177.1
SKU-0015314,SUP-000248,False,177.55
SKU-0015315,SUP-000415,True,18.76
SKU-0015316,SUP-000309,True,7.4
SKU-0015317,SUP-000137,True,13.18
SKU-0015318,SUP-000429,True,6.1
SKU-0015318,SUP-000142,False,6.15
SKU-0015318,SUP-000274,False,5.94
SKU-0015319,SUP-000029,True,12.69
SKU-0015320,SUP-000111,True,
SKU-0015321,SUP-000177,True,4.3
SKU-0015322,SUP-000103,True,29.52
SKU-0015322,SUP-000355,False,32.39
SKU-0015323,SUP-000105,True,2.13
SKU-0015323,SUP-000345,False,2.15
SKU-0015323,SUP-000260,False,1.87
SKU-0015324,SUP-000240,True,38.71
SKU-0015325,SUP-000238,True,2.04
SKU-0015326,SUP-000031,True,158.86
SKU-0015326,SUP-000408,False,164.36
SKU-0015327,SUP-000148,True,1.64
SKU-0015328,SUP-000247,True,15.07
SKU-0015328,SUP-000434,False,13.9
SKU-0015329,SUP-000078,True,190.62
SKU-0015330,SUP-000035,True,42.39
SKU-0015331,SUP-000168,True,6.66
SKU-0015331,SUP-000332,False,6.79
SKU-0015332,SUP-000300,True,12.93
SKU-0015333,SUP-000099,True,3.37
SKU-0015334,SUP-000082,True,7.97
SKU-0015335,SUP-000405,True,50.54
SKU-0015336,SUP-000228,True,3.28
SKU-0015336,SUP-000130,False,3.05
SKU-0015337,SUP-000273,True,18.25
SKU-0015338,SUP-000265,True,17.56
SKU-0015339,SUP-000015,True,4.52
SKU-0015340,SUP-000313,True,5.37
SKU-0015341,SUP-000077,True,27.12
SKU-0015341,SUP-000030,False,22.14
SKU-0015342,SUP-000431,True,16.38
SKU-0015342,SUP-000094,False,16.43
SKU-0015343,SUP-000389,True,8.36
SKU-0015344,SUP-000083,True,1.21
SKU-0015345,SUP-000091,True,12.7
SKU-0015345,SUP-000341,False,12.39
SKU-0015346,SUP-000153,True,9.17
SKU-0015346,SUP-000143,False,8.85
SKU-0015347,SUP-000339,True,1.3
SKU-0015348,SUP-000426,True,2.09
SKU-0015349,SUP-000392,True,9.26
SKU-0015350,SUP-000064,True,7.06
SKU-0015351,SUP-000135,True,37.76
SKU-0015351,SUP-000035,False,35.03
SKU-0015352,SUP-000305,True,2.47
SKU-0015353,SUP-000289,True,
SKU-0015354,SUP-000339,True,62.96
SKU-0015355,SUP-000394,True,1.23
SKU-0015355,SUP-000265,False,1.27
SKU-0015356,SUP-000412,True,17.87
SKU-0015356,SUP-000178,False,18.47
SKU-0015357,SUP-000111,True,1.45
SKU-0015358,SUP-000246,True,9.76
SKU-0015359,SUP-000273,True,4.9
SKU-0015359,SUP-000137,False,4.73
SKU-0015360,SUP-000222,True,33.56
SKU-0015361,SUP-000195,True,2.87
SKU-0015361,SUP-000171,False,2.9
SKU-0015362,SUP-000431,True,13.53
SKU-0015363,SUP-000159,True,1.79
SKU-0015364,SUP-000286,True,27.06
SKU-0015364,SUP-000255,False,22.22
SKU-0015365,SUP-000064,True,10.73
SKU-0015365,SUP-000186,False,12.73
SKU-0015365,SUP-000248,False,13.47
SKU-0015366,SUP-000289,True,3.44
SKU-0015367,SUP-000288,True,
SKU-0015367,SUP-000397,False,8.02
SKU-0015368,SUP-000425,True,10.82
SKU-0015369,SUP-000346,True,25.0
SKU-0015370,SUP-000367,True,4.93
SKU-0015371,SUP-000034,True,11.97
SKU-0015372,SUP-000294,True,34.22
SKU-0015373,SUP-000393,True,23.14
SKU-0015373,SUP-000136,False,25.18
SKU-0015374,SUP-000349,True,5.18
SKU-0015375,SUP-000372,True,14.35
SKU-0015376,SUP-000025,True,8.52
SKU-0015377,SUP-000316,True,13.87
SKU-0015377,SUP-000268,False,14.9
SKU-0015378,SUP-000162,True,3.02
SKU-0015379,SUP-000265,True,64.7
SKU-0015380,SUP-000325,True,7.76
SKU-0015381,SUP-000243,True,8.21
SKU-0015382,SUP-000106,True,124.16
SKU-0015383,SUP-000409,True,1.57
SKU-0015384,SUP-000407,True,1.59
SKU-0015384,SUP-000231,False,1.52
SKU-0015385,SUP-000147,True,6.8
SKU-0015386,SUP-000306,True,92.21
SKU-0015387,SUP-000398,True,16.2
SKU-0015387,SUP-000235,False,20.99
SKU-0015388,SUP-000311,True,3.03
SKU-0015389,SUP-000400,True,14.31
SKU-0015389,SUP-000220,False,16.16
SKU-0015390,SUP-000098,True,14.53
SKU-0015390,SUP-000374,False,14.99
SKU-0015391,SUP-000210,True,58.12
SKU-0015392,SUP-000127,True,41.62
SKU-0015393,SUP-000372,True,2.12
SKU-0015394,SUP-000294,True,54.96
SKU-0015394,SUP-000031,False,57.01
SKU-0015395,SUP-000349,True,96.24
SKU-0015396,SUP-000160,True,17.86
SKU-0015397,SUP-000057,True,51.77
SKU-0015398,SUP-000077,True,6.6
SKU-0015399,SUP-000158,True,20.85
SKU-0015400,SUP-000348,True,6.07
SKU-0015401,SUP-000142,True,6.53
SKU-0015401,SUP-000006,False,6.23
SKU-0015402,SUP-000268,True,29.91
SKU-0015402,SUP-000400,False,29.48
SKU-0015403,SUP-000135,True,70.01
SKU-0015404,SUP-000057,True,22.53
SKU-0015405,SUP-000048,True,2.93
SKU-0015406,SUP-000087,True,9.06
SKU-0015407,SUP-000062,True,69.39
SKU-0015408,SUP-000111,True,13.04
SKU-0015408,SUP-000157,False,15.89
SKU-0015409,SUP-000342,True,51.19
SKU-0015410,SUP-000161,True,12.82
SKU-0015411,SUP-000228,True,
SKU-0015411,SUP-000078,False,65.09
SKU-0015412,SUP-000197,True,6.36
SKU-0015413,SUP-000318,True,17.96
SKU-0015414,SUP-000033,True,4.41
SKU-0015415,SUP-000173,True,13.82
SKU-0015416,SUP-000361,True,2.77
SKU-0015416,SUP-000160,False,2.94
SKU-0015417,SUP-000324,True,25.88
SKU-0015418,SUP-000280,True,5.97
SKU-0015419,SUP-000187,True,1.71
SKU-0015420,SUP-000259,True,23.31
SKU-0015421,SUP-000189,True,27.06
SKU-0015421,SUP-000381,False,23.0
SKU-0015422,SUP-000403,True,9.97
SKU-0015422,SUP-000235,False,
SKU-0015423,SUP-000300,True,7.68
SKU-0015424,SUP-000156,True,10.68
SKU-0015425,SUP-000386,True,27.73
SKU-0015426,SUP-000085,True,81.75
SKU-0015426,SUP-000048,False,94.2
SKU-0015427,SUP-000353,True,1.59
SKU-0015428,SUP-000219,True,9.63
SKU-0015428,SUP-000055,False,7.96
SKU-0015429,SUP-000090,True,1.86
SKU-0015429,SUP-000362,False,1.97
SKU-0015430,SUP-000332,True,4.95
SKU-0015430,SUP-000177,False,5.97
SKU-0015431,SUP-000126,True,2.89
SKU-0015432,SUP-000131,True,20.14
SKU-0015433,SUP-000306,True,12.39
SKU-0015434,SUP-000141,True,6.8
SKU-0015434,SUP-000040,False,5.98
SKU-0015435,SUP-000029,True,5.25
SKU-0015436,SUP-000063,True,11.66
SKU-0015436,SUP-000164,False,11.56
SKU-0015437,SUP-000441,True,3.9
SKU-0015438,SUP-000440,True,10.85
SKU-0015438,SUP-000257,False,
SKU-0015438,SUP-000052,False,12.01
SKU-0015439,SUP-000200,True,25.51
SKU-0015439,SUP-000366,False,33.97
SKU-0015439,SUP-000284,False,31.98
SKU-0015440,SUP-000127,True,6.8
SKU-0015441,SUP-000206,True,173.66
SKU-0015442,SUP-000411,True,7.38
SKU-0015442,SUP-000018,False,7.08
SKU-0015443,SUP-000116,True,6.69
SKU-0015443,SUP-000021,False,7.18
SKU-0015444,SUP-000247,True,11.71
SKU-0015444,SUP-000052,False,11.76
SKU-0015444,SUP-000413,False,13.25
SKU-0015445,SUP-000084,True,6.82
SKU-0015446,SUP-000269,True,6.55
SKU-0015446,SUP-000232,False,6.85
SKU-0015447,SUP-000268,True,24.92
SKU-0015448,SUP-000200,True,44.67
SKU-0015449,SUP-000251,True,0.72
SKU-0015449,SUP-000338,False,0.8
SKU-0015450,SUP-000167,True,2.43
SKU-0015451,SUP-000420,True,
SKU-0015451,SUP-000220,False,2.56
SKU-0015452,SUP-000296,True,3.53
SKU-0015453,SUP-000368,True,7.09
SKU-0015454,SUP-000086,True,10.11
SKU-0015454,SUP-000288,False,11.51
SKU-0015455,SUP-000127,True,29.14
SKU-0015455,SUP-000354,False,28.83
SKU-0015456,SUP-000322,True,11.66
SKU-0015457,SUP-000383,True,8.31
SKU-0015458,SUP-000416,True,0.88
SKU-0015459,SUP-000032,True,1.19
SKU-0015460,SUP-000189,True,22.62
SKU-0015460,SUP-000107,False,23.6
SKU-0015461,SUP-000203,True,122.37
SKU-0015462,SUP-000252,True,6.93
SKU-0015463,SUP-000147,True,49.38
SKU-0015463,SUP-000059,False,52.1
SKU-0015464,SUP-000121,True,19.45
SKU-0015464,SUP-000281,False,14.85
SKU-0015465,SUP-000209,True,0.8
SKU-0015466,SUP-000304,True,3.37
SKU-0015467,SUP-000316,True,14.41
SKU-0015468,SUP-000053,True,14.87
SKU-0015468,SUP-000343,False,13.99
SKU-0015469,SUP-000449,True,6.89
SKU-0015469,SUP-000075,False,6.69
SKU-0015470,SUP-000147,True,3.91
SKU-0015470,SUP-000234,False,4.69
SKU-0015471,SUP-000037,True,0.72
SKU-0015471,SUP-000071,False,0.75
SKU-0015472,SUP-000410,True,54.37
SKU-0015473,SUP-000414,True,26.0
SKU-0015474,SUP-000327,True,15.88
SKU-0015475,SUP-000066,True,38.05
SKU-0015476,SUP-000306,True,8.02
SKU-0015477,SUP-000347,True,29.63
SKU-0015478,SUP-000118,True,18.11
SKU-0015479,SUP-000447,True,22.81
SKU-0015480,SUP-000095,True,1.4
SKU-0015481,SUP-000117,True,142.37
SKU-0015482,SUP-000399,True,2.51
SKU-0015482,SUP-000209,False,2.28
SKU-0015483,SUP-000220,True,3.03
SKU-0015483,SUP-000397,False,3.33
SKU-0015484,SUP-000215,True,36.56
SKU-0015485,SUP-000001,True,165.35
SKU-0015485,SUP-000096,False,173.19
SKU-0015486,SUP-000426,True,20.95
SKU-0015487,SUP-000076,True,6.82
SKU-0015488,SUP-000244,True,4.11
SKU-0015489,SUP-000362,True,7.46
SKU-0015490,SUP-000036,True,
SKU-0015491,SUP-000226,True,45.16
SKU-0015492,SUP-000224,True,16.85
SKU-0015493,SUP-000131,True,112.35
SKU-0015494,SUP-000086,True,2.4
SKU-0015495,SUP-000400,True,5.43
SKU-0015496,SUP-000387,True,7.43
SKU-0015496,SUP-000338,False,8.89
SKU-0015497,SUP-000413,True,19.39
SKU-0015498,SUP-000007,True,40.78
SKU-0015498,SUP-000134,False,52.39
SKU-0015499,SUP-000214,True,9.18
SKU-0015499,SUP-000012,False,8.36
SKU-0015500,SUP-000210,True,57.63
SKU-0015501,SUP-000200,True,3.27
SKU-0015501,SUP-000047,False,3.06
SKU-0015502,SUP-000221,True,5.58
SKU-0015502,SUP-000382,False,4.18
SKU-0015503,SUP-000397,True,11.62
SKU-0015504,SUP-000429,True,37.33
SKU-0015504,SUP-000441,False,35.67
SKU-0015505,SUP-000206,True,21.8
SKU-0015506,SUP-000248,True,26.44
SKU-0015506,SUP-000333,False,30.65
SKU-0015507,SUP-000414,True,1.25
SKU-0015508,SUP-000324,True,24.25
SKU-0015509,SUP-000296,True,27.58
SKU-0015510,SUP-000372,True,23.08
SKU-0015510,SUP-000339,False,28.84
SKU-0015511,SUP-000128,True,4.81
SKU-0015511,SUP-000387,False,4.83
SKU-0015512,SUP-000213,True,6.24
SKU-0015513,SUP-000266,True,12.38
SKU-0015514,SUP-000073,True,1.13
SKU-0015514,SUP-000036,False,1.09
SKU-0015515,SUP-000115,True,0.37
SKU-0015516,SUP-000290,True,-17.75
SKU-0015516,SUP-000026,False,-18.65
SKU-0015517,SUP-000049,True,1.56
SKU-0015518,SUP-000073,True,10.38
SKU-0015518,SUP-000259,False,13.43
SKU-0015519,SUP-000168,True,23.65
SKU-0015519,SUP-000261,False,21.13
SKU-0015520,SUP-000436,True,17.57
SKU-0015521,SUP-000349,True,25.11
SKU-0015522,SUP-000404,True,16.91
SKU-0015523,SUP-000434,True,39.13
SKU-0015524,SUP-000155,True,19.23
SKU-0015524,SUP-000031,False,20.23
SKU-0015525,SUP-000046,True,7.51
SKU-0015526,SUP-000181,True,13.3
SKU-0015527,SUP-000375,True,34.5
SKU-0015527,SUP-000120,False,31.79
SKU-0015528,SUP-000227,True,3.25
SKU-0015529,SUP-000035,True,29.09
SKU-0015530,SUP-000302,True,11.74
SKU-0015531,SUP-000153,True,1.59
SKU-0015532,SUP-000166,True,2.35
SKU-0015532,SUP-000299,False,2.44
SKU-0015533,SUP-000316,True,15.22
SKU-0015534,SUP-000306,True,22.62
SKU-0015534,SUP-000296,False,28.02
SKU-0015535,SUP-000337,True,53.29
SKU-0015535,SUP-000059,False,58.03
SKU-0015536,SUP-000368,True,5.58
SKU-0015536,SUP-000085,False,5.2
SKU-0015537,SUP-000438,True,30.9
SKU-0015537,SUP-000430,False,32.26
SKU-0015538,SUP-000206,True,9.04
SKU-0015539,SUP-000066,True,6.69
SKU-0015539,SUP-000153,False,7.1
SKU-0015540,SUP-000333,True,10.27
SKU-0015541,SUP-000100,True,6.48
SKU-0015542,SUP-000355,True,5.86
SKU-0015543,SUP-000289,True,4.77
SKU-0015544,SUP-000272,True,
SKU-0015545,SUP-000159,True,21.2
SKU-0015546,SUP-000215,True,1.26
SKU-0015547,SUP-000210,True,7.77
SKU-0015547,SUP-000408,False,7.03
SKU-0015548,SUP-000331,True,23.61
SKU-0015549,SUP-000218,True,22.29
SKU-0015549,SUP-000197,False,23.65
SKU-0015549,SUP-000187,False,18.0
SKU-0015550,SUP-000053,True,12.35
SKU-0015551,SUP-000254,True,9.98
SKU-0015551,SUP-000070,False,8.15
SKU-0015552,SUP-000136,True,29.56
SKU-0015552,SUP-000295,False,24.84
SKU-0015553,SUP-000332,True,93.92
SKU-0015554,SUP-000119,True,4.98
SKU-0015554,SUP-000317,False,4.07
SKU-0015555,SUP-000429,True,1.55
SKU-0015556,SUP-000265,True,140.34
SKU-0015557,SUP-000187,True,1.07
SKU-0015558,SUP-000008,True,6.96
SKU-0015559,SUP-000244,True,13.12
SKU-0015559,SUP-000196,False,14.69
SKU-0015560,SUP-000120,True,3.0
SKU-0015561,SUP-000220,True,8.7
SKU-0015561,SUP-000273,False,8.04
SKU-0015562,SUP-000138,True,101.38
SKU-0015563,SUP-000322,True,8.51
SKU-0015563,SUP-000099,False,10.49
SKU-0015564,SUP-000314,True,31.53
SKU-0015564,SUP-000261,False,34.54
SKU-0015565,SUP-000047,True,40.05
SKU-0015565,SUP-000352,False,41.57
SKU-0015566,SUP-000166,True,10.92
SKU-0015567,SUP-000443,True,99.79
SKU-0015568,SUP-000378,True,2.24
SKU-0015569,SUP-000137,True,17.28
SKU-0015570,SUP-000153,True,6.23
SKU-0015571,SUP-000136,True,55.72
SKU-0015572,SUP-000289,True,
SKU-0015573,SUP-000113,True,29.54
SKU-0015574,SUP-000059,True,219.65
SKU-0015575,SUP-000376,True,27.75
SKU-0015575,SUP-000284,False,23.8
SKU-0015575,SUP-000317,False,24.01
SKU-0015576,SUP-000121,True,14.62
SKU-0015577,SUP-000050,True,9.82
SKU-0015577,SUP-000169,False,12.27
SKU-0015578,SUP-000061,True,1.38
SKU-0015579,SUP-000151,True,41.35
SKU-0015579,SUP-000161,False,43.59
SKU-0015580,SUP-000048,True,15.98
SKU-0015581,SUP-000269,True,4.3
SKU-0015581,SUP-000027,False,4.69
SKU-0015582,SUP-000190,True,68.23
SKU-0015583,SUP-000393,True,11.87
SKU-0015584,SUP-000140,True,3.22
SKU-0015584,SUP-000426,False,4.25
SKU-0015585,SUP-000083,True,69.36
SKU-0015586,SUP-000170,True,4.77
SKU-0015587,SUP-000012,True,3.69
SKU-0015587,SUP-000225,False,3.87
SKU-0015588,SUP-000319,True,18.75
SKU-0015589,SUP-000061,True,112.96
SKU-0015590,SUP-000395,True,1.98
SKU-0015590,SUP-000091,False,1.8
SKU-0015591,SUP-000136,True,2.4
SKU-0015592,SUP-000296,True,0.84
SKU-0015593,SUP-000095,True,206.37
SKU-0015594,SUP-000211,True,2.69
SKU-0015595,SUP-000307,True,3.57
SKU-0015596,SUP-000399,True,67.13
SKU-0015597,SUP-000385,True,51.61
SKU-0015598,SUP-000380,True,17.67
SKU-0015598,SUP-000448,False,22.38
SKU-0015599,SUP-000373,True,2.27
SKU-0015600,SUP-000007,True,0.74
SKU-0015600,SUP-000051,False,0.78
SKU-0015601,SUP-000078,True,20.96
SKU-0015602,SUP-000091,True,8.05
SKU-0015603,SUP-000315,True,18.45
SKU-0015603,SUP-000164,False,16.67
SKU-0015603,SUP-000178,False,17.01
SKU-0015604,SUP-000348,True,5.29
SKU-0015605,SUP-000373,True,39.8
SKU-0015605,SUP-000433,False,47.71
SKU-0015606,SUP-000025,True,3.37
SKU-0015606,SUP-000214,False,3.52
SKU-0015607,SUP-000274,True,160.84
SKU-0015608,SUP-000222,True,13.96
SKU-0015609,SUP-000121,True,27.16
SKU-0015610,SUP-000266,True,3.83
SKU-0015611,SUP-000345,True,1.36
SKU-0015611,SUP-000445,False,1.18
SKU-0015612,SUP-000147,True,27.79
SKU-0015612,SUP-000384,False,30.25
SKU-0015613,SUP-000162,True,2.0
SKU-0015614,SUP-000437,True,136.87
SKU-0015615,SUP-000200,True,7.2
SKU-0015616,SUP-000303,True,
SKU-0015617,SUP-000247,True,7.13
SKU-0015618,SUP-000008,True,1.99
SKU-0015619,SUP-000153,True,4.11
SKU-0015620,SUP-000223,True,
SKU-0015621,SUP-000109,True,12.36
SKU-0015622,SUP-000331,True,1.24
SKU-0015623,SUP-000187,True,8.17
SKU-0015624,SUP-000383,True,46.64
SKU-0015625,SUP-000370,True,32.05
SKU-0015626,SUP-000029,True,2.69
SKU-0015626,SUP-000306,False,2.54
SKU-0015627,SUP-000292,True,91.65
SKU-0015627,SUP-000433,False,92.37
SKU-0015628,SUP-000321,True,6.59
SKU-0015629,SUP-000336,True,25.38
SKU-0015630,SUP-000310,True,10.51
SKU-0015631,SUP-000393,True,10.26
SKU-0015631,SUP-000372,False,9.29
SKU-0015631,SUP-000406,False,9.83
SKU-0015632,SUP-000167,True,13.09
SKU-0015633,SUP-000447,True,6.44
SKU-0015633,SUP-000182,False,7.05
SKU-0015634,SUP-000186,True,3.03
SKU-0015635,SUP-000304,True,0.64
SKU-0015635,SUP-000405,False,0.82
SKU-0015636,SUP-000180,True,32.03
SKU-0015636,SUP-000298,False,31.59
SKU-0015636,SUP-000388,False,24.55
SKU-0015637,SUP-000305,True,80.4
SKU-0015638,SUP-000169,True,31.65
SKU-0015639,SUP-000152,True,11.98
SKU-0015640,SUP-000146,True,118.04
SKU-0015641,SUP-000104,True,5.34
SKU-0015642,SUP-000277,True,2.14
SKU-0015643,SUP-000209,True,1.91
SKU-0015644,SUP-000340,True,15.14
SKU-0015645,SUP-000150,True,2.74
SKU-0015646,SUP-000244,True,204.19
SKU-0015647,SUP-000200,True,1.86
SKU-0015648,SUP-000145,True,190.38
SKU-0015649,SUP-000131,True,32.78
SKU-0015650,SUP-000202,True,56.59
SKU-0015651,SUP-000025,True,8.6
SKU-0015652,SUP-000327,True,
SKU-0015653,SUP-000097,True,15.24
SKU-0015653,SUP-000050,False,15.76
SKU-0015653,SUP-000337,False,14.26
SKU-0015654,SUP-000011,True,14.25
SKU-0015654,SUP-000258,False,16.78
SKU-0015655,SUP-000061,True,8.93
SKU-0015656,SUP-000276,True,80.95
SKU-0015656,SUP-000014,False,77.87
SKU-0015657,SUP-000247,True,82.39
SKU-0015657,SUP-000269,False,72.75
SKU-0015658,SUP-000251,True,84.96
SKU-0015659,SUP-000042,True,4.72
SKU-0015660,SUP-000024,True,32.93
SKU-0015661,SUP-000135,True,4.61
SKU-0015661,SUP-000136,False,4.62
SKU-0015662,SUP-000319,True,63.43
SKU-0015663,SUP-000361,True,9.16
SKU-0015664,SUP-000071,True,7.63
SKU-0015665,SUP-000120,True,27.39
SKU-0015666,SUP-000119,True,1.75
SKU-0015667,SUP-000211,True,0.65
SKU-0015668,SUP-000426,True,10.11
SKU-0015668,SUP-000271,False,11.44
SKU-0015669,SUP-000149,True,9.52
SKU-0015670,SUP-000382,True,12.79
SKU-0015671,SUP-000305,True,18.02
SKU-0015671,SUP-000337,False,14.49
SKU-0015672,SUP-000091,True,2.06
SKU-0015672,SUP-000325,False,1.94
SKU-0015673,SUP-000243,True,12.82
SKU-0015674,SUP-000089,True,11.26
SKU-0015675,SUP-000441,True,3.07
SKU-0015676,SUP-000137,True,2.86
SKU-0015677,SUP-000445,True,116.14
SKU-0015678,SUP-000283,True,11.41
SKU-0015678,SUP-000435,False,11.65
SKU-0015679,SUP-000266,True,2.42
SKU-0015679,SUP-000012,False,2.67
SKU-0015680,SUP-000325,True,109.5
SKU-0015681,SUP-000088,True,80.07
SKU-0015682,SUP-000097,True,6.59
SKU-0015683,SUP-000437,True,48.39
SKU-0015684,SUP-000028,True,203.08
SKU-0015684,SUP-000210,False,220.5
SKU-0015685,SUP-000226,True,13.05
SKU-0015686,SUP-000415,True,9.74
SKU-0015686,SUP-000083,False,11.19
SKU-0015687,SUP-000449,True,16.7
SKU-0015688,SUP-000061,True,10.4
SKU-0015689,SUP-000271,True,106.07
SKU-0015690,SUP-000394,True,7.29
SKU-0015690,SUP-000109,False,7.8
SKU-0015691,SUP-000012,True,139.49
SKU-0015692,SUP-000041,True,2.88
SKU-0015693,SUP-000369,True,5.84
SKU-0015693,SUP-000288,False,5.05
SKU-0015694,SUP-000340,True,1.34
SKU-0015695,SUP-000161,True,65.86
SKU-0015695,SUP-000266,False,68.58
SKU-0015696,SUP-000351,True,3.12
SKU-0015697,SUP-000381,True,17.07
SKU-0015698,SUP-000101,True,14.91
SKU-0015698,SUP-000108,False,16.13
SKU-0015699,SUP-000137,True,21.02
SKU-0015700,SUP-000105,True,29.86
SKU-0015701,SUP-000308,True,15.79
SKU-0015702,SUP-000327,True,5.95
SKU-0015702,SUP-000150,False,6.21
SKU-0015703,SUP-000184,True,102.05
SKU-0015704,SUP-000241,True,2.84
SKU-0015705,SUP-000146,True,5.67
SKU-0015706,SUP-000196,True,31.8
SKU-0015706,SUP-000274,False,27.35
SKU-0015707,SUP-000181,True,2.76
SKU-0015708,SUP-000056,True,93.01
SKU-0015709,SUP-000033,True,36.78
SKU-0015710,SUP-000131,True,30.9
SKU-0015711,SUP-000163,True,21.11
SKU-0015712,SUP-000121,True,2.66
SKU-0015713,SUP-000332,True,
SKU-0015713,SUP-000002,False,26.67
SKU-0015714,SUP-000153,True,4.47
SKU-0015715,SUP-000144,True,24.35
SKU-0015716,SUP-000053,True,7.8
SKU-0015717,SUP-000170,True,0.67
SKU-0015717,SUP-000255,False,0.8
SKU-0015718,SUP-000435,True,0.85
SKU-0015719,SUP-000290,True,0.4
SKU-0015720,SUP-000090,True,18.35
SKU-0015721,SUP-000070,True,25.56
SKU-0015721,SUP-000266,False,29.35
SKU-0015722,SUP-000202,True,114.74
SKU-0015722,SUP-000415,False,87.77
SKU-0015723,SUP-000330,True,11.56
SKU-0015723,SUP-000360,False,10.14
SKU-0015723,SUP-000196,False,10.28
SKU-0015724,SUP-000086,True,8.55
SKU-0015724,SUP-000080,False,7.12
SKU-0015724,SUP-000338,False,8.39
SKU-0015725,SUP-000142,True,0.61
SKU-0015726,SUP-000334,True,171.21
SKU-0015726,SUP-000030,False,169.7
SKU-0015727,SUP-000029,True,20.97
SKU-0015728,SUP-000381,True,1.28
SKU-0015729,SUP-000357,True,21.3
SKU-0015729,SUP-000286,False,18.22
SKU-0015730,SUP-000345,True,47.39
SKU-0015730,SUP-000244,False,42.68
SKU-0015731,SUP-000249,True,4.38
SKU-0015732,SUP-000184,True,18.01
SKU-0015732,SUP-000221,False,18.74
SKU-0015733,SUP-000089,True,27.52
SKU-0015734,SUP-000179,True,2.15
SKU-0015734,SUP-000449,False,1.71
SKU-0015735,SUP-000163,True,19.04
SKU-0015736,SUP-000239,True,15.18
SKU-0015737,SUP-000335,True,1.72
SKU-0015738,SUP-000082,True,9.79
SKU-0015738,SUP-000127,False,9.17
SKU-0015739,SUP-000382,True,36.78
SKU-0015740,SUP-000379,True,62.68
SKU-0015741,SUP-000210,True,2.6
SKU-0015742,SUP-000446,True,6.6
SKU-0015742,SUP-000003,False,6.3
SKU-0015743,SUP-000284,True,5.36
SKU-0015744,SUP-000127,True,11.5
SKU-0015745,SUP-000408,True,63.11
SKU-0015746,SUP-000020,True,14.81
SKU-0015747,SUP-000332,True,63.31
SKU-0015748,SUP-000091,True,15.37
SKU-0015749,SUP-000283,True,11.3
SKU-0015750,SUP-000192,True,52.83
SKU-0015750,SUP-000040,False,47.96
SKU-0015751,SUP-000171,True,0.91
SKU-0015752,SUP-000037,True,0.47
SKU-0015752,SUP-000393,False,0.43
SKU-0015752,SUP-000379,False,0.42
SKU-0015753,SUP-000444,True,35.46
SKU-0015754,SUP-000314,True,15.27
SKU-0015755,SUP-000154,True,24.81
SKU-0015756,SUP-000430,True,4.64
SKU-0015757,SUP-000158,True,22.96
SKU-0015757,SUP-000034,False,22.23
SKU-0015758,SUP-000022,True,16.06
SKU-0015759,SUP-000043,True,50.68
SKU-0015760,SUP-000404,True,0.41
SKU-0015761,SUP-000401,True,1.09
SKU-0015762,SUP-000130,True,17.81
SKU-0015763,SUP-000211,True,36.77
SKU-0015764,SUP-000235,True,2.08
SKU-0015765,SUP-000258,True,5.92
SKU-0015766,SUP-000179,True,12.47
SKU-0015767,SUP-000217,True,11.23
SKU-0015768,SUP-000058,True,4.88
SKU-0015769,SUP-000397,True,3.41
SKU-0015770,SUP-000383,True,54.7
SKU-0015770,SUP-000350,False,62.08
SKU-0015771,SUP-000401,True,18.27
SKU-0015772,SUP-000197,True,14.59
SKU-0015772,SUP-000199,False,13.98
SKU-0015773,SUP-000134,True,120.45
SKU-0015774,SUP-000322,True,5.4
SKU-0015775,SUP-000159,True,51.6
SKU-0015776,SUP-000203,True,2.83
SKU-0015776,SUP-000132,False,2.96
SKU-0015777,SUP-000407,True,2.45
SKU-0015777,SUP-000148,False,2.26
SKU-0015778,SUP-000203,True,5.83
SKU-0015779,SUP-000041,True,25.29
SKU-0015780,SUP-000286,True,23.55
SKU-0015781,SUP-000115,True,9.99
SKU-0015782,SUP-000004,True,2.06
SKU-0015783,SUP-000190,True,26.23
SKU-0015784,SUP-000132,True,5.76
SKU-0015785,SUP-000110,True,62.4
SKU-0015786,SUP-000347,True,28.52
SKU-0015786,SUP-000130,False,29.53
SKU-0015787,SUP-000042,True,47.73
SKU-0015788,SUP-000105,True,2.19
SKU-0015789,SUP-000378,True,7.03
SKU-0015790,SUP-000421,True,
SKU-0015791,SUP-000112,True,-3.25
SKU-0015792,SUP-000131,True,9.39
SKU-0015793,SUP-000182,True,3.7
SKU-0015794,SUP-000345,True,2.43
SKU-0015795,SUP-000088,True,
SKU-0015796,SUP-000062,True,35.79
SKU-0015797,SUP-000255,True,21.85
SKU-0015797,SUP-000150,False,23.71
SKU-0015798,SUP-000185,True,20.5
SKU-0015798,SUP-000309,False,22.97
SKU-0015799,SUP-000231,True,6.15
SKU-0015800,SUP-000165,True,23.02
SKU-0015801,SUP-000001,True,1.28
SKU-0015801,SUP-000149,False,1.47
SKU-0015802,SUP-000410,True,2.5
SKU-0015803,SUP-000415,True,3.26
SKU-0015803,SUP-000087,False,3.3
SKU-0015803,SUP-000245,False,3.81
SKU-0015804,SUP-000191,True,21.58
SKU-0015805,SUP-000295,True,6.99
SKU-0015806,SUP-000247,True,5.98
SKU-0015807,SUP-000020,True,8.81
SKU-0015808,SUP-000234,True,19.35
SKU-0015808,SUP-000317,False,17.27
SKU-0015808,SUP-000439,False,20.38
SKU-0015809,SUP-000316,True,11.08
SKU-0015810,SUP-000192,True,3.62
SKU-0015810,SUP-000312,False,3.01
SKU-0015811,SUP-000246,True,4.54
SKU-0015812,SUP-000246,True,55.04
SKU-0015813,SUP-000133,True,21.95
SKU-0015814,SUP-000401,True,22.76
SKU-0015815,SUP-000280,True,9.07
SKU-0015816,SUP-000036,True,3.93
SKU-0015817,SUP-000224,True,3.92
SKU-0015818,SUP-000332,True,17.91
SKU-0015818,SUP-000352,False,17.54
SKU-0015819,SUP-000086,True,-17.87
SKU-0015820,SUP-000430,True,1.97
SKU-0015820,SUP-000059,False,2.28
SKU-0015821,SUP-000129,True,14.99
SKU-0015821,SUP-000108,False,11.28
SKU-0015821,SUP-000417,False,13.49
SKU-0015822,SUP-000337,True,4.29
SKU-0015823,SUP-000449,True,11.71
SKU-0015824,SUP-000355,True,0.62
SKU-0015825,SUP-000047,True,2.82
SKU-0015826,SUP-000447,True,2.97
SKU-0015827,SUP-000272,True,541.9
SKU-0015827,SUP-000342,False,575.14
SKU-0015828,SUP-000260,True,1.22
SKU-0015829,SUP-000449,True,2.1
SKU-0015829,SUP-000273,False,2.12
SKU-0015830,SUP-000132,True,13.45
SKU-0015831,SUP-000187,True,28.87
SKU-0015832,SUP-000010,True,13.32
SKU-0015833,SUP-000074,True,6.61
SKU-0015833,SUP-000180,False,6.06
SKU-0015834,SUP-000271,True,69.58
SKU-0015835,SUP-000357,True,6.21
SKU-0015836,SUP-000241,True,1.25
SKU-0015836,SUP-000083,False,1.31
SKU-0015837,SUP-000240,True,1.74
SKU-0015838,SUP-000168,True,3.13
SKU-0015838,SUP-000026,False,4.01
SKU-0015838,SUP-000010,False,3.42
SKU-0015839,SUP-000388,True,48.29
SKU-0015839,SUP-000227,False,40.31
SKU-0015840,SUP-000212,True,223.07
SKU-0015841,SUP-000260,True,31.48
SKU-0015842,SUP-000104,True,1.63
SKU-0015843,SUP-000333,True,3.96
SKU-0015843,SUP-000045,False,4.59
SKU-0015844,SUP-000436,True,30.61
SKU-0015845,SUP-000102,True,5.07
SKU-0015846,SUP-000099,True,12.83
SKU-0015847,SUP-000427,True,13.32
SKU-0015848,SUP-000362,True,17.89
SKU-0015849,SUP-000188,True,12.01
SKU-0015850,SUP-000037,True,17.59
SKU-0015850,SUP-000226,False,15.21
SKU-0015851,SUP-000277,True,2.63
SKU-0015852,SUP-000271,True,8.95
SKU-0015852,SUP-000283,False,8.91
SKU-0015853,SUP-000409,True,12.46
SKU-0015854,SUP-000109,True,806.23
SKU-0015855,SUP-000327,True,28.96
SKU-0015855,SUP-000324,False,35.02
SKU-0015856,SUP-000181,True,14.82
SKU-0015857,SUP-000313,True,9.31
SKU-0015858,SUP-000374,True,14.96
SKU-0015859,SUP-000171,True,6.39
SKU-0015859,SUP-000406,False,5.91
SKU-0015859,SUP-000100,False,5.54
SKU-0015860,SUP-000291,True,22.03
SKU-0015861,SUP-000190,True,152.75
SKU-0015862,SUP-000101,True,9.17
SKU-0015863,SUP-000168,True,70.37
SKU-0015863,SUP-000043,False,67.59
SKU-0015863,SUP-000170,False,69.25
SKU-0015864,SUP-000383,True,45.6
SKU-0015864,SUP-000290,False,51.06
SKU-0015865,SUP-000286,True,4.27
SKU-0015866,SUP-000296,True,5.4
SKU-0015867,SUP-000347,True,14.37
SKU-0015868,SUP-000219,True,11.8
SKU-0015869,SUP-000189,True,21.68
SKU-0015870,SUP-000098,True,6.46
SKU-0015870,SUP-000240,False,8.3
SKU-0015870,SUP-000305,False,6.94
SKU-0015871,SUP-000022,True,1.84
SKU-0015872,SUP-000267,True,14.44
SKU-0015873,SUP-000065,True,9.25
SKU-0015874,SUP-000184,True,23.29
SKU-0015874,SUP-000047,False,29.15
SKU-0015875,SUP-000193,True,4.96
SKU-0015876,SUP-000401,True,17.08
SKU-0015877,SUP-000179,True,46.24
SKU-0015878,SUP-000352,True,24.96
SKU-0015879,SUP-000347,True,15.55
SKU-0015880,SUP-000278,True,
SKU-0015881,SUP-000305,True,18.06
SKU-0015882,SUP-000170,True,16.97
SKU-0015883,SUP-000408,True,7.51
SKU-0015884,SUP-000207,True,3.22
SKU-0015884,SUP-000414,False,3.07
SKU-0015885,SUP-000382,True,18.62
SKU-0015886,SUP-000388,True,16.83
SKU-0015887,SUP-000425,True,6.79
SKU-0015888,SUP-000123,True,102.47
SKU-0015889,SUP-000434,True,
SKU-0015889,SUP-000283,False,19.25
SKU-0015890,SUP-000150,True,12.57
SKU-0015891,SUP-000023,True,169.95
SKU-0015892,SUP-000289,True,521.85
SKU-0015893,SUP-000127,True,23.43
SKU-0015894,SUP-000205,True,4.25
SKU-0015895,SUP-000136,True,14.98
SKU-0015896,SUP-000227,True,21.63
SKU-0015897,SUP-000147,True,1.38
SKU-0015897,SUP-000165,False,1.38
SKU-0015898,SUP-000320,True,18.99
SKU-0015898,SUP-000285,False,17.48
SKU-0015899,SUP-000041,True,67.68
SKU-0015900,SUP-000007,True,17.43
SKU-0015901,SUP-000092,True,71.36
SKU-0015902,SUP-000357,True,2.37
SKU-0015902,SUP-000356,False,3.02
SKU-0015902,SUP-000124,False,2.99
SKU-0015903,SUP-000448,True,4.91
SKU-0015903,SUP-000417,False,5.2
SKU-0015903,SUP-000249,False,4.29
SKU-0015904,SUP-000347,True,19.84
SKU-0015904,SUP-000247,False,20.61
SKU-0015905,SUP-000335,True,7.35
SKU-0015906,SUP-000240,True,1.25
SKU-0015906,SUP-000096,False,1.21
SKU-0015907,SUP-000071,True,5.46
SKU-0015907,SUP-000426,False,5.43
SKU-0015907,SUP-000093,False,5.06
SKU-0015908,SUP-000413,True,2.23
SKU-0015908,SUP-000173,False,2.13
SKU-0015909,SUP-000333,True,48.33
SKU-0015910,SUP-000254,True,0.43
SKU-0015911,SUP-000111,True,13.56
SKU-0015912,SUP-000120,True,55.03
SKU-0015913,SUP-000446,True,0.81
SKU-0015914,SUP-000431,True,10.76
SKU-0015915,SUP-000410,True,4.17
SKU-0015916,SUP-000259,True,11.57
SKU-0015917,SUP-000110,True,6.57
SKU-0015918,SUP-000282,True,0.98
SKU-0015919,SUP-000082,True,11.64
SKU-0015920,SUP-000417,True,25.85
SKU-0015921,SUP-000056,True,19.08
SKU-0015922,SUP-000396,True,48.28
SKU-0015923,SUP-000307,True,4.82
SKU-0015924,SUP-000391,True,8.67
SKU-0015925,SUP-000036,True,9.84
SKU-0015926,SUP-000354,True,20.22
SKU-0015927,SUP-000433,True,33.94
SKU-0015928,SUP-000277,True,6.34
SKU-0015929,SUP-000414,True,4.91
SKU-0015930,SUP-000389,True,5.56
SKU-0015930,SUP-000338,False,4.5
SKU-0015930,SUP-000330,False,5.77
SKU-0015931,SUP-000194,True,52.89
SKU-0015931,SUP-000052,False,49.53
SKU-0015932,SUP-000425,True,30.48
SKU-0015933,SUP-000319,True,22.45
SKU-0015934,SUP-000231,True,4.46
SKU-0015934,SUP-000287,False,4.64
SKU-0015935,SUP-000399,True,6.74
SKU-0015936,SUP-000108,True,73.43
SKU-0015936,SUP-000284,False,72.7
SKU-0015937,SUP-000062,True,6.44
SKU-0015937,SUP-000069,False,5.54
SKU-0015938,SUP-000144,True,10.93
SKU-0015938,SUP-000341,False,8.44
SKU-0015939,SUP-000279,True,6.97
SKU-0015940,SUP-000197,True,9.77
SKU-0015941,SUP-000272,True,44.02
SKU-0015942,SUP-000100,True,60.38
SKU-0015942,SUP-000089,False,77.38
SKU-0015943,SUP-000375,True,37.44
SKU-0015944,SUP-000388,True,33.56
SKU-0015945,SUP-000310,True,17.95
SKU-0015946,SUP-000262,True,174.31
SKU-0015947,SUP-000013,True,16.23
SKU-0015947,SUP-000225,False,15.27
SKU-0015948,SUP-000321,True,4.19
SKU-0015948,SUP-000061,False,4.22
SKU-0015949,SUP-000268,True,8.43
SKU-0015949,SUP-000223,False,9.97
SKU-0015950,SUP-000314,True,24.06
SKU-0015951,SUP-000056,True,2.62
SKU-0015952,SUP-000354,True,0.99
SKU-0015953,SUP-000410,True,9.42
SKU-0015954,SUP-000015,True,2.99
SKU-0015954,SUP-000290,False,2.38
SKU-0015955,SUP-000190,True,13.17
SKU-0015956,SUP-000207,True,317.47
SKU-0015956,SUP-000272,False,308.55
SKU-0015956,SUP-000223,False,318.98
SKU-0015957,SUP-000445,True,1.01
SKU-0015958,SUP-000170,True,4.18
SKU-0015958,SUP-000078,False,4.33
SKU-0015959,SUP-000307,True,7.79
SKU-0015959,SUP-000294,False,6.66
SKU-0015960,SUP-000167,True,4.92
SKU-0015961,SUP-000293,True,1.81
SKU-0015961,SUP-000062,False,1.85
SKU-0015961,SUP-000034,False,1.59
SKU-0015962,SUP-000397,True,59.42
SKU-0015963,SUP-000431,True,13.98
SKU-0015963,SUP-000400,False,10.86
SKU-0015964,SUP-000165,True,8.63
SKU-0015964,SUP-000020,False,10.35
SKU-0015965,SUP-000274,True,8.6
SKU-0015966,SUP-000097,True,4.37
SKU-0015967,SUP-000189,True,1.75
SKU-0015968,SUP-000097,True,277.0
SKU-0015969,SUP-000230,True,43.36
SKU-0015970,SUP-000274,True,12.83
SKU-0015971,SUP-000348,True,4.18
SKU-0015972,SUP-000241,True,16.11
SKU-0015973,SUP-000103,True,13.02
SKU-0015974,SUP-000320,True,28.97
SKU-0015974,SUP-000224,False,29.68
SKU-0015975,SUP-000256,True,106.6
SKU-0015976,SUP-000188,True,21.86
SKU-0015977,SUP-000051,True,16.28
SKU-0015978,SUP-000206,True,10.04
SKU-0015979,SUP-000364,True,31.22
SKU-0015980,SUP-000340,True,8.35
SKU-0015980,SUP-000147,False,7.41
SKU-0015981,SUP-000059,True,7.19
SKU-0015982,SUP-000218,True,27.67
SKU-0015983,SUP-000110,True,20.6
SKU-0015984,SUP-000061,True,1.8
SKU-0015985,SUP-000158,True,34.0
SKU-0015986,SUP-000051,True,170.0
SKU-0015987,SUP-000433,True,32.82
SKU-0015988,SUP-000220,True,49.2
SKU-0015988,SUP-000124,False,42.5
SKU-0015989,SUP-000177,True,71.01
SKU-0015990,SUP-000217,True,3.89
SKU-0015990,SUP-000024,False,3.44
SKU-0015991,SUP-000269,True,22.53
SKU-0015992,SUP-000047,True,13.29
SKU-0015992,SUP-000436,False,13.37
SKU-0015993,SUP-000358,True,3.2
SKU-0015994,SUP-000425,True,179.3
SKU-0015995,SUP-000255,True,41.01
SKU-0015996,SUP-000244,True,15.39
SKU-0015997,SUP-000148,True,11.62
SKU-0015997,SUP-000294,False,11.71
SKU-0015998,SUP-000389,True,13.82
SKU-0015999,SUP-000197,True,13.74
SKU-0016000,SUP-000345,True,0.7
SKU-0016000,SUP-000085,False,0.66
SKU-0016000,SUP-000266,False,0.65
SKU-0016001,SUP-000302,True,6.67
SKU-0016002,SUP-000343,True,8.6
SKU-0016002,SUP-000309,False,9.61
SKU-0016003,SUP-000291,True,6.56
SKU-0016003,SUP-000372,False,5.24
SKU-0016004,SUP-000393,True,12.14
SKU-0016004,SUP-000432,False,
SKU-0016005,SUP-000069,True,1.64
SKU-0016005,SUP-000181,False,1.35
SKU-0016006,SUP-000207,True,57.29
SKU-0016007,SUP-000001,True,3.06
SKU-0016007,SUP-000033,False,3.0
SKU-0016008,SUP-000301,True,
SKU-0016009,SUP-000306,True,18.68
SKU-0016010,SUP-000448,True,3.89
SKU-0016011,SUP-000387,True,15.14
SKU-0016012,SUP-000100,True,8.02
SKU-0016013,SUP-000007,True,7.6
SKU-0016014,SUP-000410,True,0.47
SKU-0016015,SUP-000101,True,21.14
SKU-0016015,SUP-000176,False,24.03
SKU-0016016,SUP-000143,True,75.41
SKU-0016017,SUP-000394,True,16.84
SKU-0016018,SUP-000387,True,35.43
SKU-0016019,SUP-000436,True,16.33
SKU-0016019,SUP-000385,False,16.43
SKU-0016020,SUP-000365,True,24.66
SKU-0016020,SUP-000180,False,24.2
SKU-0016021,SUP-000223,True,26.03
SKU-0016021,SUP-000059,False,22.16
SKU-0016022,SUP-000065,True,7.49
SKU-0016023,SUP-000204,True,3.13
SKU-0016024,SUP-000348,True,1.05
SKU-0016024,SUP-000054,False,1.11
SKU-0016025,SUP-000203,True,
SKU-0016026,SUP-000391,True,19.24
SKU-0016027,SUP-000334,True,18.13
SKU-0016028,SUP-000237,True,28.82
SKU-0016029,SUP-000380,True,3.49
SKU-0016030,SUP-000223,True,24.58
SKU-0016031,SUP-000292,True,21.09
SKU-0016032,SUP-000428,True,1.06
SKU-0016033,SUP-000227,True,11.2
SKU-0016034,SUP-000163,True,1.75
SKU-0016035,SUP-000187,True,74.72
SKU-0016036,SUP-000220,True,14.27
SKU-0016037,SUP-000283,True,67.72
SKU-0016038,SUP-000208,True,13.79
SKU-0016038,SUP-000240,False,15.72
SKU-0016039,SUP-000348,True,5.5
SKU-0016039,SUP-000061,False,4.75
SKU-0016040,SUP-000085,True,21.09
SKU-0016040,SUP-000267,False,26.0
SKU-0016041,SUP-000305,True,5.82
SKU-0016042,SUP-000074,True,11.62
SKU-0016043,SUP-000042,True,22.7
SKU-0016044,SUP-000173,True,36.43
SKU-0016045,SUP-000164,True,3.91
SKU-0016046,SUP-000386,True,3.03
SKU-0016046,SUP-000406,False,3.13
SKU-0016047,SUP-000199,True,17.64
SKU-0016048,SUP-000254,True,7.94
SKU-0016049,SUP-000182,True,3.17
SKU-0016050,SUP-000364,True,98.54
SKU-0016051,SUP-000392,True,4.43
SKU-0016052,SUP-000361,True,3.33
SKU-0016052,SUP-000320,False,3.61
SKU-0016053,SUP-000146,True,9.74
SKU-0016053,SUP-000172,False,10.7
SKU-0016054,SUP-000323,True,1.6
SKU-0016055,SUP-000439,True,2.03
SKU-0016055,SUP-000026,False,1.75
SKU-0016056,SUP-000436,True,21.54
SKU-0016057,SUP-000034,True,83.84
SKU-0016058,SUP-000391,True,10.17
SKU-0016059,SUP-000350,True,15.92
SKU-0016060,SUP-000160,True,2.18
SKU-0016061,SUP-000075,True,11.63
SKU-0016062,SUP-000230,True,17.91
SKU-0016063,SUP-000387,True,1.55
SKU-0016064,SUP-000085,True,3.18
SKU-0016065,SUP-000218,True,42.32
SKU-0016066,SUP-000141,True,
SKU-0016066,SUP-000089,False,13.21
SKU-0016067,SUP-000337,True,1.59
SKU-0016067,SUP-000297,False,1.71
SKU-0016068,SUP-000184,True,21.0
SKU-0016068,SUP-000422,False,18.3
SKU-0016068,SUP-000151,False,22.72
SKU-0016069,SUP-000138,True,6.68
SKU-0016069,SUP-000009,False,7.82
SKU-0016069,SUP-000136,False,6.06
SKU-0016070,SUP-000207,True,176.8
SKU-0016071,SUP-000413,True,9.21
SKU-0016072,SUP-000319,True,28.91
SKU-0016073,SUP-000425,True,92.08
SKU-0016074,SUP-000067,True,3.72
SKU-0016074,SUP-000262,False,3.78
SKU-0016075,SUP-000126,True,4.82
SKU-0016076,SUP-000399,True,76.86
SKU-0016076,SUP-000309,False,68.88
SKU-0016077,SUP-000229,True,8.45
SKU-0016078,SUP-000041,True,2.43
SKU-0016079,SUP-000415,True,15.65
SKU-0016079,SUP-000198,False,14.94
SKU-0016080,SUP-000221,True,8.79
SKU-0016081,SUP-000381,True,14.1
SKU-0016081,SUP-000178,False,15.51
SKU-0016082,SUP-000256,True,9.76
SKU-0016083,SUP-000229,True,2.15
SKU-0016084,SUP-000418,True,39.73
SKU-0016084,SUP-000445,False,32.79
SKU-0016085,SUP-000378,True,100.1
SKU-0016086,SUP-000217,True,53.68
SKU-0016087,SUP-000081,True,43.33
SKU-0016087,SUP-000099,False,45.12
SKU-0016088,SUP-000124,True,19.17
SKU-0016089,SUP-000257,True,38.7
SKU-0016090,SUP-000290,True,0.92
SKU-0016090,SUP-000125,False,0.88
SKU-0016091,SUP-000303,True,16.73
SKU-0016091,SUP-000115,False,17.74
SKU-0016092,SUP-000386,True,62.79
SKU-0016093,SUP-000310,True,9.25
SKU-0016093,SUP-000441,False,9.29
SKU-0016094,SUP-000333,True,14.81
SKU-0016094,SUP-000229,False,12.15
SKU-0016095,SUP-000255,True,30.2
SKU-0016096,SUP-000116,True,2.33
SKU-0016097,SUP-000287,True,34.03
SKU-0016098,SUP-000252,True,7.1
SKU-0016098,SUP-000274,False,6.45
SKU-0016099,SUP-000321,True,
SKU-0016099,SUP-000017,False,27.22
SKU-0016099,SUP-000286,False,32.0
SKU-0016100,SUP-000310,True,0.37
SKU-0016101,SUP-000015,True,3.66
SKU-0016101,SUP-000177,False,3.45
SKU-0016101,SUP-000038,False,3.28
SKU-0016102,SUP-000154,True,0.6
SKU-0016103,SUP-000206,True,16.56
SKU-0016103,SUP-000102,False,17.24
SKU-0016104,SUP-000030,True,6.66
SKU-0016104,SUP-000348,False,6.7
SKU-0016105,SUP-000226,True,1.2
SKU-0016105,SUP-000176,False,1.16
SKU-0016105,SUP-000035,False,1.22
SKU-0016106,SUP-000438,True,9.01
SKU-0016107,SUP-000275,True,10.66
SKU-0016107,SUP-000371,False,11.05
SKU-0016107,SUP-000103,False,11.99
SKU-0016108,SUP-000056,True,11.98
SKU-0016108,SUP-000076,False,10.31
SKU-0016109,SUP-000381,True,6.82
SKU-0016110,SUP-000292,True,38.25
SKU-0016111,SUP-000187,True,26.7
SKU-0016112,SUP-000124,True,24.68
SKU-0016113,SUP-000002,True,2.11
SKU-0016113,SUP-000120,False,2.13
SKU-0016114,SUP-000384,True,0.56
SKU-0016115,SUP-000061,True,86.39
SKU-0016116,SUP-000046,True,37.75
SKU-0016117,SUP-000257,True,13.17
SKU-0016117,SUP-000248,False,14.07
SKU-0016118,SUP-000060,True,6.21
SKU-0016119,SUP-000294,True,2.29
SKU-0016120,SUP-000212,True,36.04
SKU-0016121,SUP-000007,True,17.08
SKU-0016122,SUP-000289,True,9.77
SKU-0016123,SUP-000296,True,15.88
SKU-0016124,SUP-000450,True,9.8
SKU-0016124,SUP-000232,False,11.27
SKU-0016125,SUP-000444,True,20.33
SKU-0016126,SUP-000418,True,22.15
SKU-0016127,SUP-000065,True,8.0
SKU-0016128,SUP-000140,True,20.15
SKU-0016128,SUP-000018,False,21.61
SKU-0016129,SUP-000034,True,18.35
SKU-0016130,SUP-000046,True,36.48
SKU-0016131,SUP-000117,True,21.99
SKU-0016131,SUP-000029,False,26.94
SKU-0016132,SUP-000424,True,87.59
SKU-0016132,SUP-000064,False,71.52
SKU-0016133,SUP-000054,True,208.61
SKU-0016133,SUP-000352,False,208.16
SKU-0016134,SUP-000314,True,51.49
SKU-0016134,SUP-000260,False,41.1
SKU-0016135,SUP-000306,True,1.55
SKU-0016136,SUP-000356,True,18.29
SKU-0016137,SUP-000115,True,16.48
SKU-0016138,SUP-000216,True,0.82
SKU-0016139,SUP-000348,True,24.71
SKU-0016140,SUP-000292,True,7.1
SKU-0016140,SUP-000178,False,5.86
SKU-0016140,SUP-000369,False,5.72
SKU-0016141,SUP-000116,True,14.68
SKU-0016142,SUP-000192,True,13.06
SKU-0016143,SUP-000361,True,105.18
SKU-0016144,SUP-000079,True,12.85
SKU-0016144,SUP-000385,False,10.26
SKU-0016145,SUP-000251,True,18.42
SKU-0016145,SUP-000205,False,21.13
SKU-0016146,SUP-000263,True,43.05
SKU-0016146,SUP-000123,False,50.89
SKU-0016147,SUP-000158,True,4.49
SKU-0016147,SUP-000185,False,4.66
SKU-0016148,SUP-000050,True,6.77
SKU-0016148,SUP-000413,False,7.2
SKU-0016149,SUP-000393,True,30.83
SKU-0016150,SUP-000441,True,5.09
SKU-0016151,SUP-000037,True,18.31
SKU-0016152,SUP-000132,True,21.49
SKU-0016153,SUP-000420,True,27.34
SKU-0016154,SUP-000257,True,64.04
SKU-0016154,SUP-000283,False,58.88
SKU-0016155,SUP-000361,True,2.73
SKU-0016155,SUP-000415,False,2.58
SKU-0016156,SUP-000238,True,48.59
SKU-0016157,SUP-000332,True,43.03
SKU-0016158,SUP-000276,True,9.98
SKU-0016159,SUP-000014,True,1.95
SKU-0016159,SUP-000326,False,1.98
SKU-0016159,SUP-000383,False,1.77
SKU-0016160,SUP-000043,True,11.6
SKU-0016161,SUP-000351,True,44.13
SKU-0016162,SUP-000181,True,28.95
SKU-0016163,SUP-000371,True,10.62
SKU-0016164,SUP-000083,True,20.68
SKU-0016165,SUP-000015,True,222.51
SKU-0016166,SUP-000296,True,32.93
SKU-0016167,SUP-000324,True,3.07
SKU-0016168,SUP-000127,True,17.54
SKU-0016168,SUP-000093,False,21.14
SKU-0016168,SUP-000114,False,20.15
SKU-0016169,SUP-000439,True,5.27
SKU-0016170,SUP-000338,True,50.6
SKU-0016170,SUP-000071,False,58.37
SKU-0016171,SUP-000020,True,34.81
SKU-0016172,SUP-000226,True,22.5
SKU-0016173,SUP-000105,True,17.59
SKU-0016173,SUP-000209,False,17.36
SKU-0016174,SUP-000295,True,4.16
SKU-0016175,SUP-000065,True,35.67
SKU-0016175,SUP-000264,False,41.06
SKU-0016176,SUP-000194,True,37.98
SKU-0016177,SUP-000011,True,59.77
SKU-0016177,SUP-000263,False,60.6
SKU-0016178,SUP-000288,True,18.63
SKU-0016178,SUP-000426,False,18.54
SKU-0016179,SUP-000184,True,5.28
SKU-0016179,SUP-000161,False,6.31
SKU-0016180,SUP-000032,True,3.51
SKU-0016180,SUP-000279,False,3.88
SKU-0016181,SUP-000214,True,17.47
SKU-0016182,SUP-000238,True,3.06
SKU-0016183,SUP-000438,True,29.48
SKU-0016184,SUP-000222,True,3.61
SKU-0016184,SUP-000225,False,
SKU-0016185,SUP-000394,True,14.78
SKU-0016186,SUP-000056,True,10.93
SKU-0016187,SUP-000243,True,12.93
SKU-0016187,SUP-000280,False,12.05
SKU-0016188,SUP-000149,True,0.65
SKU-0016189,SUP-000342,True,1.8
SKU-0016190,SUP-000002,True,47.99
SKU-0016191,SUP-000304,True,129.35
SKU-0016192,SUP-000448,True,29.85
SKU-0016192,SUP-000099,False,30.1
SKU-0016193,SUP-000436,True,29.31
SKU-0016194,SUP-000258,True,0.9
SKU-0016195,SUP-000111,True,49.13
SKU-0016196,SUP-000168,True,17.15
SKU-0016197,SUP-000003,True,6.96
SKU-0016198,SUP-000165,True,47.36
SKU-0016199,SUP-000127,True,5.19
SKU-0016199,SUP-000435,False,6.13
SKU-0016200,SUP-000312,True,6.34
SKU-0016201,SUP-000165,True,4.93
SKU-0016202,SUP-000151,True,0.67
SKU-0016203,SUP-000332,True,3.7
SKU-0016203,SUP-000158,False,3.79
SKU-0016204,SUP-000176,True,204.55
SKU-0016205,SUP-000287,True,18.65
SKU-0016206,SUP-000353,True,14.36
SKU-0016206,SUP-000200,False,15.22
SKU-0016207,SUP-000369,True,7.75
SKU-0016207,SUP-000339,False,7.46
SKU-0016208,SUP-000231,True,3.62
SKU-0016209,SUP-000245,True,62.99
SKU-0016210,SUP-000203,True,11.23
SKU-0016211,SUP-000091,True,
SKU-0016211,SUP-000334,False,89.58
SKU-0016212,SUP-000444,True,0.98
SKU-0016212,SUP-000192,False,0.91
SKU-0016213,SUP-000039,True,12.91
SKU-0016213,SUP-000013,False,13.29
SKU-0016214,SUP-000090,True,22.95
SKU-0016215,SUP-000120,True,25.97
SKU-0016216,SUP-000216,True,6.12
SKU-0016217,SUP-000438,True,1.34
SKU-0016218,SUP-000041,True,4.64
SKU-0016218,SUP-000259,False,4.61
SKU-0016219,SUP-000348,True,23.37
SKU-0016220,SUP-000414,True,8.02
SKU-0016221,SUP-000254,True,1.45
SKU-0016222,SUP-000323,True,16.84
SKU-0016222,SUP-000166,False,19.83
SKU-0016222,SUP-000193,False,20.19
SKU-0016223,SUP-000227,True,150.01
SKU-0016224,SUP-000276,True,225.0
SKU-0016224,SUP-000264,False,229.48
SKU-0016225,SUP-000245,True,0.91
SKU-0016226,SUP-000092,True,15.14
SKU-0016227,SUP-000326,True,172.2
SKU-0016228,SUP-000113,True,46.44
SKU-0016229,SUP-000297,True,
SKU-0016230,SUP-000240,True,31.62
SKU-0016230,SUP-000015,False,30.65
SKU-0016231,SUP-000212,True,44.51
SKU-0016231,SUP-000433,False,45.87
SKU-0016231,SUP-000163,False,43.49
SKU-0016232,SUP-000238,True,29.35
SKU-0016233,SUP-000151,True,7.15
SKU-0016234,SUP-000242,True,1.05
SKU-0016235,SUP-000361,True,8.64
SKU-0016236,SUP-000309,True,4.13
SKU-0016236,SUP-000277,False,4.42
SKU-0016237,SUP-000078,True,1.05
SKU-0016238,SUP-000153,True,20.35
SKU-0016238,SUP-000091,False,18.66
SKU-0016239,SUP-000344,True,37.32
SKU-0016240,SUP-000177,True,4.7
SKU-0016241,SUP-000401,True,18.36
SKU-0016242,SUP-000166,True,58.95
SKU-0016243,SUP-000261,True,1.82
SKU-0016243,SUP-000006,False,2.11
SKU-0016244,SUP-000343,True,9.96
SKU-0016244,SUP-000092,False,8.53
SKU-0016245,SUP-000378,True,53.35
SKU-0016246,SUP-000350,True,7.73
SKU-0016247,SUP-000208,True,1.99
SKU-0016248,SUP-000425,True,178.67
SKU-0016249,SUP-000408,True,1.69
SKU-0016250,SUP-000243,True,20.75
SKU-0016250,SUP-000213,False,23.37
SKU-0016251,SUP-000306,True,8.45
SKU-0016252,SUP-000076,True,77.76
SKU-0016253,SUP-000114,True,38.61
SKU-0016254,SUP-000267,True,3.65
SKU-0016255,SUP-000363,True,240.04
SKU-0016256,SUP-000173,True,15.05
SKU-0016257,SUP-000382,True,29.94
SKU-0016258,SUP-000270,True,6.06
SKU-0016258,SUP-000354,False,5.11
SKU-0016259,SUP-000027,True,1.25
SKU-0016260,SUP-000354,True,12.34
SKU-0016261,SUP-000421,True,3.61
SKU-0016262,SUP-000225,True,4.18
SKU-0016263,SUP-000406,True,0.61
SKU-0016264,SUP-000033,True,18.77
SKU-0016265,SUP-000001,True,17.58
SKU-0016265,SUP-000220,False,18.38
SKU-0016266,SUP-000112,True,13.43
SKU-0016267,SUP-000308,True,12.08
SKU-0016268,SUP-000074,True,6.46
SKU-0016269,SUP-000160,True,0.48
SKU-0016270,SUP-000114,True,17.46
SKU-0016271,SUP-000030,True,1.23
SKU-0016272,SUP-000117,True,10.87
SKU-0016273,SUP-000388,True,2.85
SKU-0016273,SUP-000041,False,3.32
SKU-0016274,SUP-000042,True,3.01
SKU-0016274,SUP-000051,False,3.77
SKU-0016275,SUP-000119,True,4.71
SKU-0016275,SUP-000253,False,4.35
SKU-0016276,SUP-000351,True,9.22
SKU-0016277,SUP-000019,True,2.94
SKU-0016278,SUP-000155,True,70.89
SKU-0016279,SUP-000258,True,6.31
SKU-0016279,SUP-000232,False,5.82
SKU-0016280,SUP-000267,True,13.16
SKU-0016281,SUP-000037,True,2.98
SKU-0016282,SUP-000184,True,266.73
SKU-0016282,SUP-000084,False,
SKU-0016283,SUP-000288,True,1.87
SKU-0016284,SUP-000193,True,0.37
SKU-0016285,SUP-000371,True,2.63
SKU-0016286,SUP-000145,True,76.79
SKU-0016287,SUP-000272,True,15.1
SKU-0016287,SUP-000213,False,15.26
SKU-0016288,SUP-000306,True,13.58
SKU-0016289,SUP-000436,True,20.5
SKU-0016290,SUP-000329,True,0.77
SKU-0016291,SUP-000037,True,5.58
SKU-0016291,SUP-000204,False,5.34
SKU-0016292,SUP-000193,True,7.53
SKU-0016293,SUP-000205,True,6.4
SKU-0016294,SUP-000314,True,2.81
SKU-0016295,SUP-000103,True,-15.92
SKU-0016296,SUP-000194,True,76.92
SKU-0016296,SUP-000396,False,95.98
SKU-0016297,SUP-000170,True,3.07
SKU-0016298,SUP-000326,True,
SKU-0016299,SUP-000238,True,34.05
SKU-0016300,SUP-000346,True,9.28
SKU-0016301,SUP-000071,True,8.97
SKU-0016302,SUP-000112,True,11.16
SKU-0016303,SUP-000125,True,34.3
SKU-0016304,SUP-000072,True,12.23
SKU-0016304,SUP-000224,False,9.21
SKU-0016305,SUP-000281,True,2.28
SKU-0016305,SUP-000378,False,2.45
SKU-0016306,SUP-000248,True,9.64
SKU-0016307,SUP-000112,True,4.96
SKU-0016308,SUP-000113,True,20.02
SKU-0016309,SUP-000152,True,1.96
SKU-0016310,SUP-000087,True,12.61
SKU-0016311,SUP-000092,True,10.74
SKU-0016312,SUP-000324,True,1.96
SKU-0016313,SUP-000060,True,2.32
SKU-0016314,SUP-000299,True,8.11
SKU-0016315,SUP-000219,True,4.27
SKU-0016316,SUP-000285,True,2.72
SKU-0016317,SUP-000289,True,13.25
SKU-0016318,SUP-000130,True,9.96
SKU-0016318,SUP-000076,False,10.44
SKU-0016319,SUP-000291,True,10.52
SKU-0016320,SUP-000290,True,7.14
SKU-0016320,SUP-000053,False,7.12
SKU-0016321,SUP-000044,True,0.83
SKU-0016322,SUP-000359,True,11.34
SKU-0016323,SUP-000267,True,37.11
SKU-0016323,SUP-000116,False,36.54
SKU-0016323,SUP-000266,False,
SKU-0016324,SUP-000297,True,4.02
SKU-0016324,SUP-000280,False,5.2
SKU-0016325,SUP-000205,True,64.59
SKU-0016326,SUP-000446,True,12.76
SKU-0016326,SUP-000335,False,12.61
SKU-0016327,SUP-000210,True,8.32
SKU-0016328,SUP-000297,True,4.73
SKU-0016329,SUP-000353,True,48.41
SKU-0016330,SUP-000024,True,5.05
SKU-0016331,SUP-000216,True,14.72
SKU-0016332,SUP-000137,True,112.78
SKU-0016333,SUP-000105,True,2.8
SKU-0016334,SUP-000399,True,26.26
SKU-0016335,SUP-000132,True,18.09
SKU-0016336,SUP-000014,True,4.45
SKU-0016337,SUP-000349,True,5.18
SKU-0016337,SUP-000080,False,5.52
SKU-0016338,SUP-000144,True,139.52
SKU-0016339,SUP-000257,True,16.94
SKU-0016339,SUP-000326,False,13.94
SKU-0016340,SUP-000359,True,13.04
SKU-0016341,SUP-000236,True,8.39
SKU-0016341,SUP-000416,False,8.56
SKU-0016342,SUP-000041,True,55.16
SKU-0016343,SUP-000423,True,21.39
SKU-0016343,SUP-000330,False,19.09
SKU-0016344,SUP-000048,True,7.32
SKU-0016344,SUP-000138,False,6.55
SKU-0016344,SUP-000148,False,7.51
SKU-0016345,SUP-000400,True,30.76
SKU-0016346,SUP-000023,True,29.21
SKU-0016347,SUP-000305,True,0.74
SKU-0016348,SUP-000254,True,2.55
SKU-0016349,SUP-000160,True,371.52
SKU-0016350,SUP-000100,True,3.91
SKU-0016351,SUP-000037,True,128.57
SKU-0016352,SUP-000089,True,4.06
SKU-0016353,SUP-000253,True,1.15
SKU-0016353,SUP-000374,False,1.26
SKU-0016354,SUP-000269,True,6.67
SKU-0016355,SUP-000445,True,13.19
SKU-0016355,SUP-000308,False,12.61
SKU-0016355,SUP-000238,False,13.75
SKU-0016356,SUP-000257,True,37.97
SKU-0016357,SUP-000039,True,
SKU-0016358,SUP-000193,True,20.6
SKU-0016359,SUP-000165,True,55.49
SKU-0016360,SUP-000309,True,21.61
SKU-0016361,SUP-000322,True,99.27
SKU-0016362,SUP-000241,True,8.36
SKU-0016362,SUP-000390,False,7.24
SKU-0016363,SUP-000371,True,2.42
SKU-0016364,SUP-000330,True,69.74
SKU-0016364,SUP-000422,False,58.55
SKU-0016365,SUP-000147,True,1.41
SKU-0016365,SUP-000372,False,
SKU-0016366,SUP-000332,True,68.42
SKU-0016367,SUP-000363,True,7.23
SKU-0016368,SUP-000275,True,79.3
SKU-0016369,SUP-000321,True,45.27
SKU-0016370,SUP-000116,True,45.13
SKU-0016371,SUP-000253,True,17.86
SKU-0016372,SUP-000074,True,35.75
SKU-0016372,SUP-000009,False,36.2
SKU-0016373,SUP-000363,True,3.55
SKU-0016373,SUP-000099,False,4.61
SKU-0016374,SUP-000167,True,29.22
SKU-0016374,SUP-000173,False,30.21
SKU-0016375,SUP-000033,True,3.1
SKU-0016375,SUP-000039,False,2.99
SKU-0016376,SUP-000261,True,13.61
SKU-0016376,SUP-000060,False,11.85
SKU-0016376,SUP-000355,False,13.79
SKU-0016377,SUP-000437,True,107.85
SKU-0016377,SUP-000024,False,119.55
SKU-0016378,SUP-000360,True,1.56
SKU-0016379,SUP-000071,True,27.41
SKU-0016380,SUP-000272,True,23.23
SKU-0016381,SUP-000229,True,0.59
SKU-0016381,SUP-000020,False,0.56
SKU-0016381,SUP-000298,False,0.65
SKU-0016382,SUP-000435,True,28.3
SKU-0016383,SUP-000273,True,172.56
SKU-0016384,SUP-000393,True,30.43
SKU-0016384,SUP-000395,False,37.59
SKU-0016385,SUP-000326,True,4.97
SKU-0016386,SUP-000369,True,0.55
SKU-0016386,SUP-000260,False,0.52
SKU-0016387,SUP-000073,True,0.39
SKU-0016388,SUP-000099,True,2.1
SKU-0016389,SUP-000273,True,60.08
SKU-0016390,SUP-000301,True,9.31
SKU-0016390,SUP-000220,False,10.22
SKU-0016391,SUP-000165,True,109.94
SKU-0016392,SUP-000300,True,4.35
SKU-0016393,SUP-000172,True,3.73
SKU-0016394,SUP-000259,True,6.14
SKU-0016395,SUP-000198,True,9.32
SKU-0016396,SUP-000204,True,7.18
SKU-0016397,SUP-000298,True,3.53
SKU-0016398,SUP-000341,True,0.37
SKU-0016399,SUP-000338,True,16.68
SKU-0016400,SUP-000351,True,4.97
SKU-0016401,SUP-000175,True,8.25
SKU-0016402,SUP-000198,True,17.72
SKU-0016403,SUP-000036,True,27.12
SKU-0016404,SUP-000430,True,2.41
SKU-0016405,SUP-000079,True,1.19
SKU-0016405,SUP-000394,False,1.58
SKU-0016406,SUP-000052,True,0.46
SKU-0016407,SUP-000154,True,10.65
SKU-0016408,SUP-000086,True,12.88
SKU-0016409,SUP-000427,True,4.53
SKU-0016410,SUP-000142,True,8.47
SKU-0016411,SUP-000077,True,5.05
SKU-0016411,SUP-000133,False,6.39
SKU-0016411,SUP-000186,False,4.9
SKU-0016412,SUP-000258,True,15.47
SKU-0016413,SUP-000224,True,4.71
SKU-0016413,SUP-000196,False,5.92
SKU-0016414,SUP-000419,True,0.4
SKU-0016414,SUP-000277,False,0.4
SKU-0016415,SUP-000149,True,4.57
SKU-0016416,SUP-000296,True,0.76
SKU-0016417,SUP-000196,True,6.12
SKU-0016418,SUP-000431,True,18.99
SKU-0016419,SUP-000314,True,4.02
SKU-0016420,SUP-000173,True,8.26
SKU-0016421,SUP-000092,True,8.9
SKU-0016422,SUP-000176,True,35.4
SKU-0016423,SUP-000281,True,28.18
SKU-0016423,SUP-000354,False,28.4
SKU-0016423,SUP-000355,False,23.51
SKU-0016424,SUP-000321,True,13.93
SKU-0016425,SUP-000414,True,34.27
SKU-0016425,SUP-000243,False,30.63
SKU-0016426,SUP-000157,True,40.15
SKU-0016426,SUP-000309,False,49.75
SKU-0016426,SUP-000283,False,39.07
SKU-0016427,SUP-000304,True,28.68
SKU-0016428,SUP-000106,True,22.08
SKU-0016428,SUP-000242,False,18.03
SKU-0016428,SUP-000312,False,20.87
SKU-0016429,SUP-000154,True,3.9
SKU-0016430,SUP-000183,True,3.11
SKU-0016431,SUP-000267,True,64.67
SKU-0016432,SUP-000144,True,15.93
SKU-0016433,SUP-000099,True,4.91
SKU-0016434,SUP-000093,True,19.38
SKU-0016434,SUP-000014,False,18.65
SKU-0016435,SUP-000070,True,16.57
SKU-0016436,SUP-000255,True,87.11
SKU-0016437,SUP-000035,True,9.95
SKU-0016437,SUP-000038,False,11.85
SKU-0016438,SUP-000405,True,4.22
SKU-0016439,SUP-000215,True,18.67
SKU-0016439,SUP-000016,False,16.65
SKU-0016440,SUP-000142,True,3.94
SKU-0016440,SUP-000378,False,3.55
SKU-0016441,SUP-000430,True,1.57
SKU-0016442,SUP-000371,True,5.45
SKU-0016443,SUP-000388,True,8.39
SKU-0016443,SUP-000446,False,10.25
SKU-0016444,SUP-000144,True,19.31
SKU-0016444,SUP-000141,False,19.32
SKU-0016445,SUP-000375,True,28.02
SKU-0016446,SUP-000077,True,11.88
SKU-0016447,SUP-000198,True,7.26
SKU-0016448,SUP-000215,True,7.67
SKU-0016448,SUP-000306,False,7.32
SKU-0016449,SUP-000193,True,3.43
SKU-0016450,SUP-000134,True,31.91
SKU-0016451,SUP-000326,True,2.87
SKU-0016452,SUP-000044,True,9.82
SKU-0016453,SUP-000240,True,3.96
SKU-0016454,SUP-000073,True,25.88
SKU-0016455,SUP-000249,True,6.06
SKU-0016456,SUP-000409,True,3.95
SKU-0016456,SUP-000128,False,3.44
SKU-0016457,SUP-000029,True,8.09
SKU-0016458,SUP-000002,True,25.83
SKU-0016459,SUP-000154,True,39.92
SKU-0016460,SUP-000116,True,7.06
SKU-0016461,SUP-000148,True,35.0
SKU-0016461,SUP-000378,False,33.34
SKU-0016462,SUP-000173,True,40.58
SKU-0016463,SUP-000300,True,15.22
SKU-0016464,SUP-000263,True,27.22
SKU-0016465,SUP-000364,True,46.21
SKU-0016466,SUP-000417,True,15.54
SKU-0016467,SUP-000327,True,5.68
SKU-0016467,SUP-000123,False,5.24
SKU-0016468,SUP-000446,True,1.28
SKU-0016469,SUP-000425,True,29.32
SKU-0016469,SUP-000287,False,28.1
SKU-0016470,SUP-000294,True,36.62
SKU-0016471,SUP-000004,True,16.4
SKU-0016472,SUP-000069,True,51.54
SKU-0016472,SUP-000016,False,49.51
SKU-0016473,SUP-000134,True,21.1
SKU-0016474,SUP-000444,True,49.13
SKU-0016475,SUP-000201,True,35.36
SKU-0016476,SUP-000136,True,51.59
SKU-0016477,SUP-000015,True,7.0
SKU-0016478,SUP-000220,True,3.02
SKU-0016479,SUP-000236,True,12.33
SKU-0016480,SUP-000449,True,3.04
SKU-0016480,SUP-000263,False,2.74
SKU-0016481,SUP-000393,True,32.83
SKU-0016481,SUP-000306,False,39.08
SKU-0016482,SUP-000148,True,9.37
SKU-0016483,SUP-000147,True,31.04
SKU-0016484,SUP-000389,True,50.13
SKU-0016485,SUP-000323,True,2.06
SKU-0016486,SUP-000148,True,15.32
SKU-0016486,SUP-000133,False,13.88
SKU-0016487,SUP-000289,True,17.39
SKU-0016488,SUP-000363,True,22.42
SKU-0016489,SUP-000192,True,18.25
SKU-0016490,SUP-000434,True,7.8
SKU-0016491,SUP-000433,True,20.94
SKU-0016492,SUP-000388,True,4.43
SKU-0016493,SUP-000018,True,30.18
SKU-0016493,SUP-000007,False,31.16
SKU-0016494,SUP-000169,True,10.96
SKU-0016494,SUP-000276,False,10.17
SKU-0016495,SUP-000256,True,67.26
SKU-0016496,SUP-000222,True,12.64
SKU-0016496,SUP-000049,False,13.11
SKU-0016497,SUP-000081,True,2.05
SKU-0016497,SUP-000134,False,1.7
SKU-0016498,SUP-000207,True,3.36
SKU-0016499,SUP-000442,True,16.96
SKU-0016499,SUP-000134,False,14.6
SKU-0016500,SUP-000044,True,26.17
SKU-0016501,SUP-000009,True,13.5
SKU-0016502,SUP-000253,True,38.45
SKU-0016502,SUP-000314,False,37.36
SKU-0016503,SUP-000282,True,144.97
SKU-0016504,SUP-000147,True,3.03
SKU-0016504,SUP-000289,False,2.82
SKU-0016505,SUP-000123,True,8.26
SKU-0016505,SUP-000057,False,7.67
SKU-0016506,SUP-000274,True,8.6
SKU-0016507,SUP-000098,True,7.33
SKU-0016508,SUP-000292,True,8.62
SKU-0016508,SUP-000319,False,8.26
SKU-0016509,SUP-000249,True,32.89
SKU-0016509,SUP-000030,False,28.15
SKU-0016510,SUP-000421,True,71.1
SKU-0016511,SUP-000071,True,63.49
SKU-0016512,SUP-000101,True,12.49
SKU-0016513,SUP-000146,True,2.27
SKU-0016514,SUP-000071,True,3.43
SKU-0016515,SUP-000209,True,8.41
SKU-0016516,SUP-000128,True,
SKU-0016517,SUP-000409,True,2.66
SKU-0016518,SUP-000211,True,3.03
SKU-0016519,SUP-000429,True,186.05
SKU-0016520,SUP-000436,True,2.82
SKU-0016520,SUP-000289,False,2.45
SKU-0016521,SUP-000440,True,0.73
SKU-0016522,SUP-000086,True,7.77
SKU-0016523,SUP-000229,True,29.06
SKU-0016523,SUP-000433,False,26.79
SKU-0016524,SUP-000109,True,205.49
SKU-0016524,SUP-000253,False,186.33
SKU-0016525,SUP-000004,True,73.5
SKU-0016525,SUP-000429,False,95.24
SKU-0016526,SUP-000377,True,11.14
SKU-0016526,SUP-000166,False,10.14
SKU-0016527,SUP-000047,True,26.1
SKU-0016528,SUP-000399,True,1.27
SKU-0016529,SUP-000019,True,3.14
SKU-0016529,SUP-000178,False,3.39
SKU-0016530,SUP-000114,True,40.91
SKU-0016531,SUP-000238,True,1.21
SKU-0016531,SUP-000224,False,1.06
SKU-0016532,SUP-000381,True,7.32
SKU-0016533,SUP-000437,True,20.2
SKU-0016534,SUP-000416,True,19.74
SKU-0016535,SUP-000155,True,35.65
SKU-0016536,SUP-000365,True,1.73
SKU-0016537,SUP-000267,True,10.03
SKU-0016537,SUP-000004,False,9.34
SKU-0016538,SUP-000430,True,
SKU-0016538,SUP-000251,False,16.52
SKU-0016539,SUP-000264,True,57.05
SKU-0016540,SUP-000362,True,5.02
SKU-0016541,SUP-000304,True,3.11
SKU-0016541,SUP-000327,False,3.24
SKU-0016542,SUP-000319,True,5.25
SKU-0016543,SUP-000233,True,2.32
SKU-0016544,SUP-000183,True,14.62
SKU-0016544,SUP-000445,False,13.91
SKU-0016545,SUP-000152,True,4.88
SKU-0016545,SUP-000090,False,5.29
SKU-0016545,SUP-000426,False,4.52
SKU-0016546,SUP-000324,True,18.93
SKU-0016547,SUP-000203,True,3.26
SKU-0016547,SUP-000064,False,2.67
SKU-0016548,SUP-000341,True,34.88
SKU-0016548,SUP-000013,False,31.09
SKU-0016549,SUP-000425,True,21.89
SKU-0016550,SUP-000008,True,52.72
SKU-0016551,SUP-000350,True,5.22
SKU-0016552,SUP-000438,True,18.81
SKU-0016552,SUP-000115,False,18.89
SKU-0016553,SUP-000089,True,1.05
SKU-0016553,SUP-000102,False,1.25
SKU-0016554,SUP-000033,True,1.01
SKU-0016554,SUP-000081,False,1.04
SKU-0016555,SUP-000119,True,49.37
SKU-0016556,SUP-000363,True,20.84
SKU-0016557,SUP-000247,True,15.61
SKU-0016558,SUP-000317,True,7.47
SKU-0016559,SUP-000198,True,15.14
SKU-0016560,SUP-000411,True,29.62
SKU-0016561,SUP-000446,True,9.3
SKU-0016561,SUP-000336,False,7.5
SKU-0016561,SUP-000324,False,8.62
SKU-0016562,SUP-000076,True,0.86
SKU-0016563,SUP-000053,True,52.91
SKU-0016564,SUP-000208,True,11.06
SKU-0016565,SUP-000351,True,252.45
SKU-0016566,SUP-000118,True,24.1
SKU-0016566,SUP-000178,False,28.82
SKU-0016567,SUP-000021,True,4.58
SKU-0016567,SUP-000407,False,4.56
SKU-0016568,SUP-000106,True,16.23
SKU-0016569,SUP-000311,True,33.36
SKU-0016570,SUP-000341,True,28.9
SKU-0016571,SUP-000374,True,4.8
SKU-0016572,SUP-000169,True,37.36
SKU-0016572,SUP-000317,False,39.12
SKU-0016573,SUP-000053,True,10.96
SKU-0016574,SUP-000024,True,140.31
SKU-0016575,SUP-000091,True,12.13
SKU-0016576,SUP-000036,True,14.01
SKU-0016577,SUP-000171,True,64.16
SKU-0016578,SUP-000374,True,104.48
SKU-0016578,SUP-000015,False,103.66
SKU-0016579,SUP-000180,True,74.01
SKU-0016580,SUP-000239,True,38.72
SKU-0016580,SUP-000303,False,31.39
SKU-0016581,SUP-000402,True,9.21
SKU-0016582,SUP-000198,True,17.31
SKU-0016583,SUP-000233,True,5.52
SKU-0016584,SUP-000297,True,3.6
SKU-0016585,SUP-000146,True,27.4
SKU-0016586,SUP-000065,True,14.89
SKU-0016587,SUP-000179,True,25.07
SKU-0016587,SUP-000435,False,28.21
SKU-0016588,SUP-000218,True,148.54
SKU-0016588,SUP-000339,False,117.85
SKU-0016589,SUP-000122,True,2.94
SKU-0016590,SUP-000088,True,2.42
SKU-0016591,SUP-000202,True,36.45
SKU-0016591,SUP-000388,False,44.03
SKU-0016592,SUP-000125,True,25.0
SKU-0016593,SUP-000423,True,86.72
SKU-0016594,SUP-000115,True,24.24
SKU-0016595,SUP-000128,True,25.09
SKU-0016595,SUP-000204,False,28.46
SKU-0016596,SUP-000130,True,49.8
SKU-0016596,SUP-000161,False,43.22
SKU-0016597,SUP-000228,True,8.5
SKU-0016597,SUP-000382,False,7.87
SKU-0016597,SUP-000360,False,7.09
SKU-0016598,SUP-000427,True,7.14
SKU-0016599,SUP-000043,True,14.03
SKU-0016600,SUP-000106,True,31.13
SKU-0016601,SUP-000174,True,1.4
SKU-0016602,SUP-000064,True,19.64
SKU-0016603,SUP-000272,True,20.75
SKU-0016603,SUP-000212,False,26.44
SKU-0016604,SUP-000418,True,5.25
SKU-0016604,SUP-000382,False,5.26
SKU-0016605,SUP-000342,True,2.61
SKU-0016606,SUP-000129,True,14.39
SKU-0016607,SUP-000164,True,3.11
SKU-0016607,SUP-000191,False,2.48
SKU-0016607,SUP-000217,False,2.44
SKU-0016608,SUP-000069,True,7.59
SKU-0016609,SUP-000065,True,95.74
SKU-0016609,SUP-000351,False,101.72
SKU-0016610,SUP-000254,True,18.65
SKU-0016611,SUP-000394,True,12.12
SKU-0016612,SUP-000041,True,14.61
SKU-0016613,SUP-000236,True,4.19
SKU-0016614,SUP-000366,True,7.22
SKU-0016615,SUP-000051,True,28.25
SKU-0016616,SUP-000104,True,2.8
SKU-0016616,SUP-000329,False,2.82
SKU-0016616,SUP-000363,False,2.34
SKU-0016617,SUP-000325,True,116.45
SKU-0016618,SUP-000151,True,13.92
SKU-0016619,SUP-000231,True,4.84
SKU-0016620,SUP-000268,True,54.64
SKU-0016621,SUP-000102,True,1.14
SKU-0016621,SUP-000008,False,1.39
SKU-0016622,SUP-000061,True,13.92
SKU-0016622,SUP-000030,False,15.4
SKU-0016622,SUP-000079,False,17.44
SKU-0016623,SUP-000278,True,96.19
SKU-0016624,SUP-000221,True,18.84
SKU-0016624,SUP-000201,False,22.78
SKU-0016625,SUP-000447,True,149.39
SKU-0016626,SUP-000359,True,5.0
SKU-0016626,SUP-000300,False,5.68
SKU-0016626,SUP-000378,False,4.75
SKU-0016627,SUP-000021,True,15.37
SKU-0016628,SUP-000403,True,11.12
SKU-0016629,SUP-000270,True,2.3
SKU-0016630,SUP-000335,True,3.18
SKU-0016631,SUP-000233,True,8.27
SKU-0016631,SUP-000270,False,8.49
SKU-0016632,SUP-000093,True,13.63
SKU-0016633,SUP-000381,True,2.35
SKU-0016634,SUP-000212,True,44.76
SKU-0016635,SUP-000294,True,8.24
SKU-0016636,SUP-000202,True,7.42
SKU-0016637,SUP-000111,True,53.48
SKU-0016637,SUP-000022,False,60.19
SKU-0016638,SUP-000017,True,21.85
SKU-0016638,SUP-000400,False,17.63
SKU-0016639,SUP-000201,True,66.39
SKU-0016640,SUP-000292,True,12.0
SKU-0016641,SUP-000362,True,5.76
SKU-0016641,SUP-000018,False,6.06
SKU-0016642,SUP-000065,True,16.87
SKU-0016643,SUP-000209,True,0.69
SKU-0016644,SUP-000123,True,5.17
SKU-0016645,SUP-000229,True,13.01
SKU-0016646,SUP-000271,True,10.54
SKU-0016647,SUP-000078,True,80.31
SKU-0016648,SUP-000385,True,1.09
SKU-0016649,SUP-000101,True,25.7
SKU-0016650,SUP-000188,True,3.58
SKU-0016651,SUP-000331,True,17.92
SKU-0016652,SUP-000090,True,13.29
SKU-0016653,SUP-000430,True,76.71
SKU-0016653,SUP-000413,False,98.1
SKU-0016653,SUP-000240,False,88.16
SKU-0016654,SUP-000409,True,13.42
SKU-0016655,SUP-000308,True,1.95
SKU-0016655,SUP-000163,False,1.66
SKU-0016655,SUP-000120,False,1.73
SKU-0016656,SUP-000398,True,0.4
SKU-0016657,SUP-000222,True,76.09
SKU-0016657,SUP-000424,False,72.06
SKU-0016658,SUP-000112,True,3.64
SKU-0016659,SUP-000306,True,4.89
SKU-0016660,SUP-000382,True,86.04
SKU-0016661,SUP-000404,True,4.59
SKU-0016662,SUP-000381,True,16.97
SKU-0016663,SUP-000393,True,3.78
SKU-0016663,SUP-000155,False,3.78
SKU-0016664,SUP-000422,True,11.8
SKU-0016665,SUP-000445,True,92.68
SKU-0016666,SUP-000448,True,28.52
SKU-0016667,SUP-000317,True,21.45
SKU-0016667,SUP-000232,False,27.25
SKU-0016668,SUP-000196,True,50.83
SKU-0016669,SUP-000297,True,14.94
SKU-0016669,SUP-000242,False,12.62
SKU-0016669,SUP-000033,False,13.52
SKU-0016670,SUP-000286,True,48.44
SKU-0016671,SUP-000266,True,45.7
SKU-0016672,SUP-000443,True,18.16
SKU-0016673,SUP-000192,True,45.22
SKU-0016674,SUP-000314,True,6.15
SKU-0016674,SUP-000366,False,6.39
SKU-0016675,SUP-000170,True,6.12
SKU-0016676,SUP-000060,True,5.62
SKU-0016676,SUP-000145,False,6.35
SKU-0016677,SUP-000438,True,3.41
SKU-0016678,SUP-000436,True,9.58
SKU-0016679,SUP-000038,True,2.39
SKU-0016680,SUP-000168,True,3.91
SKU-0016680,SUP-000396,False,3.22
SKU-0016681,SUP-000253,True,37.57
SKU-0016682,SUP-000206,True,13.86
SKU-0016683,SUP-000362,True,0.69
SKU-0016684,SUP-000232,True,12.65
SKU-0016684,SUP-000273,False,13.93
SKU-0016685,SUP-000214,True,46.56
SKU-0016685,SUP-000417,False,40.3
SKU-0016686,SUP-000199,True,9.0
SKU-0016687,SUP-000059,True,6.04
SKU-0016688,SUP-000245,True,4.87
SKU-0016689,SUP-000280,True,14.18
SKU-0016689,SUP-000031,False,13.21
SKU-0016690,SUP-000103,True,170.86
SKU-0016691,SUP-000080,True,85.64
SKU-0016692,SUP-000227,True,5.35
SKU-0016693,SUP-000342,True,1.79
SKU-0016694,SUP-000321,True,23.48
SKU-0016695,SUP-000028,True,0.46
SKU-0016695,SUP-000370,False,0.37
SKU-0016695,SUP-000075,False,0.37
SKU-0016696,SUP-000018,True,6.86
SKU-0016696,SUP-000267,False,6.47
SKU-0016697,SUP-000066,True,12.12
SKU-0016698,SUP-000423,True,3.98
SKU-0016699,SUP-000192,True,29.56
SKU-0016699,SUP-000289,False,29.06
SKU-0016700,SUP-000152,True,97.64
SKU-0016701,SUP-000371,True,6.89
SKU-0016702,SUP-000348,True,1.1
SKU-0016703,SUP-000252,True,8.1
SKU-0016704,SUP-000368,True,89.11
SKU-0016705,SUP-000360,True,6.45
SKU-0016706,SUP-000079,True,3.43
SKU-0016707,SUP-000172,True,13.17
SKU-0016708,SUP-000117,True,0.36
SKU-0016709,SUP-000394,True,16.98
SKU-0016709,SUP-000176,False,18.48
SKU-0016710,SUP-000290,True,12.9
SKU-0016710,SUP-000139,False,11.96
SKU-0016711,SUP-000092,True,12.02
SKU-0016712,SUP-000415,True,45.84
SKU-0016713,SUP-000301,True,34.58
SKU-0016714,SUP-000162,True,1.02
SKU-0016714,SUP-000392,False,1.23
SKU-0016715,SUP-000085,True,32.09
SKU-0016716,SUP-000446,True,15.43
SKU-0016716,SUP-000410,False,14.14
SKU-0016717,SUP-000304,True,2.26
SKU-0016718,SUP-000446,True,62.72
SKU-0016719,SUP-000362,True,3.64
SKU-0016720,SUP-000338,True,15.83
SKU-0016721,SUP-000306,True,2.51
SKU-0016722,SUP-000419,True,17.45
SKU-0016723,SUP-000171,True,78.55
SKU-0016723,SUP-000373,False,85.58
SKU-0016724,SUP-000143,True,6.91
SKU-0016725,SUP-000150,True,6.68
SKU-0016726,SUP-000373,True,5.89
SKU-0016727,SUP-000441,True,28.53
SKU-0016727,SUP-000220,False,35.85
SKU-0016728,SUP-000436,True,17.94
SKU-0016729,SUP-000221,True,20.45
SKU-0016730,SUP-000109,True,3.47
SKU-0016731,SUP-000175,True,27.77
SKU-0016731,SUP-000102,False,30.82
SKU-0016732,SUP-000030,True,4.46
SKU-0016732,SUP-000446,False,4.74
SKU-0016733,SUP-000042,True,62.09
SKU-0016734,SUP-000120,True,1.45
SKU-0016735,SUP-000124,True,7.62
SKU-0016736,SUP-000190,True,109.76
SKU-0016737,SUP-000030,True,2.04
SKU-0016738,SUP-000448,True,1.61
SKU-0016739,SUP-000336,True,14.09
SKU-0016740,SUP-000103,True,50.73
SKU-0016740,SUP-000226,False,55.16
SKU-0016741,SUP-000267,True,39.63
SKU-0016741,SUP-000407,False,44.02
SKU-0016742,SUP-000359,True,6.03
SKU-0016743,SUP-000245,True,0.87
SKU-0016744,SUP-000216,True,10.38
SKU-0016745,SUP-000133,True,3.66
SKU-0016746,SUP-000048,True,11.79
SKU-0016747,SUP-000151,True,199.98
SKU-0016748,SUP-000257,True,16.08
SKU-0016748,SUP-000334,False,16.97
SKU-0016749,SUP-000016,True,2.34
SKU-0016750,SUP-000323,True,47.81
SKU-0016751,SUP-000204,True,6.01
SKU-0016752,SUP-000238,True,124.17
SKU-0016753,SUP-000072,True,42.6
SKU-0016754,SUP-000435,True,2.48
SKU-0016755,SUP-000131,True,4.53
SKU-0016756,SUP-000114,True,1.41
SKU-0016756,SUP-000010,False,1.72
SKU-0016757,SUP-000412,True,6.02
SKU-0016757,SUP-000272,False,6.62
SKU-0016757,SUP-000101,False,6.31
SKU-0016758,SUP-000032,True,2.75
SKU-0016759,SUP-000089,True,0.57
SKU-0016760,SUP-000348,True,4.41
SKU-0016760,SUP-000108,False,3.58
SKU-0016760,SUP-000299,False,3.7
SKU-0016761,SUP-000064,True,33.25
SKU-0016762,SUP-000303,True,7.01
SKU-0016763,SUP-000091,True,4.17
SKU-0016764,SUP-000052,True,15.9
SKU-0016764,SUP-000082,False,14.29
SKU-0016764,SUP-000051,False,13.87
SKU-0016765,SUP-000164,True,26.59
SKU-0016766,SUP-000039,True,68.17
SKU-0016767,SUP-000248,True,2.47
SKU-0016768,SUP-000010,True,124.72
SKU-0016769,SUP-000345,True,3.33
SKU-0016770,SUP-000400,True,4.17
SKU-0016770,SUP-000149,False,4.57
SKU-0016771,SUP-000045,True,3.68
SKU-0016771,SUP-000382,False,3.24
SKU-0016772,SUP-000357,True,1.87
SKU-0016773,SUP-000167,True,5.6
SKU-0016774,SUP-000276,True,14.78
SKU-0016775,SUP-000295,True,3.8
SKU-0016776,SUP-000196,True,11.28
SKU-0016777,SUP-000188,True,6.23
SKU-0016778,SUP-000406,True,3.82
SKU-0016779,SUP-000134,True,6.31
SKU-0016779,SUP-000046,False,5.88
SKU-0016780,SUP-000003,True,6.48
SKU-0016781,SUP-000242,True,18.5
SKU-0016782,SUP-000093,True,1.48
SKU-0016783,SUP-000385,True,13.19
SKU-0016784,SUP-000030,True,0.93
SKU-0016784,SUP-000432,False,1.01
SKU-0016784,SUP-000203,False,1.0
SKU-0016785,SUP-000188,True,28.1
SKU-0016786,SUP-000360,True,89.17
SKU-0016787,SUP-000245,True,3.6
SKU-0016787,SUP-000423,False,4.13
SKU-0016787,SUP-000093,False,3.79
SKU-0016788,SUP-000296,True,12.98
SKU-0016789,SUP-000345,True,5.86
SKU-0016790,SUP-000300,True,16.79
SKU-0016791,SUP-000309,True,16.03
SKU-0016791,SUP-000399,False,15.79
SKU-0016792,SUP-000014,True,6.05
SKU-0016793,SUP-000321,True,15.38
SKU-0016794,SUP-000301,True,10.96
SKU-0016795,SUP-000164,True,20.41
SKU-0016795,SUP-000369,False,18.73
SKU-0016796,SUP-000131,True,7.09
SKU-0016797,SUP-000111,True,3.51
SKU-0016798,SUP-000179,True,10.69
SKU-0016799,SUP-000055,True,12.96
SKU-0016800,SUP-000108,True,7.09
SKU-0016801,SUP-000086,True,3.52
SKU-0016802,SUP-000447,True,3.17
SKU-0016803,SUP-000355,True,1.27
SKU-0016803,SUP-000111,False,1.29
SKU-0016803,SUP-000059,False,1.32
SKU-0016804,SUP-000363,True,3.26
SKU-0016805,SUP-000247,True,30.62
SKU-0016806,SUP-000034,True,41.76
SKU-0016807,SUP-000117,True,72.56
SKU-0016807,SUP-000195,False,63.94
SKU-0016808,SUP-000050,True,2.79
SKU-0016808,SUP-000206,False,3.07
SKU-0016809,SUP-000066,True,90.13
SKU-0016810,SUP-000045,True,12.63
SKU-0016811,SUP-000299,True,5.42
SKU-0016812,SUP-000066,True,6.41
SKU-0016812,SUP-000421,False,6.36
SKU-0016813,SUP-000120,True,9.32
SKU-0016814,SUP-000385,True,4.92
SKU-0016814,SUP-000279,False,5.42
SKU-0016815,SUP-000112,True,1.98
SKU-0016816,SUP-000122,True,1.21
SKU-0016817,SUP-000424,True,1.91
SKU-0016818,SUP-000058,True,43.61
SKU-0016818,SUP-000089,False,42.48
SKU-0016819,SUP-000022,True,9.09
SKU-0016820,SUP-000037,True,25.35
SKU-0016820,SUP-000056,False,28.43
SKU-0016821,SUP-000332,True,13.64
SKU-0016822,SUP-000430,True,6.24
SKU-0016823,SUP-000215,True,134.25
SKU-0016824,SUP-000376,True,268.37
SKU-0016824,SUP-000142,False,218.64
SKU-0016825,SUP-000273,True,153.22
SKU-0016826,SUP-000063,True,13.91
SKU-0016827,SUP-000240,True,43.26
SKU-0016828,SUP-000348,True,6.07
SKU-0016828,SUP-000336,False,5.87
SKU-0016829,SUP-000204,True,265.56
SKU-0016830,SUP-000263,True,4.67
SKU-0016831,SUP-000191,True,1.41
SKU-0016832,SUP-000101,True,21.66
SKU-0016833,SUP-000241,True,11.66
SKU-0016834,SUP-000119,True,71.05
SKU-0016835,SUP-000338,True,1.4
SKU-0016836,SUP-000078,True,13.02
SKU-0016837,SUP-000317,True,36.47
SKU-0016838,SUP-000217,True,12.65
SKU-0016839,SUP-000208,True,34.55
SKU-0016840,SUP-000417,True,84.8
SKU-0016841,SUP-000066,True,5.13
SKU-0016841,SUP-000403,False,4.78
SKU-0016841,SUP-000264,False,4.18
SKU-0016842,SUP-000367,True,3.34
SKU-0016842,SUP-000264,False,3.65
SKU-0016843,SUP-000108,True,9.76
SKU-0016844,SUP-000412,True,6.72
SKU-0016845,SUP-000080,True,3.58
SKU-0016846,SUP-000253,True,21.89
SKU-0016847,SUP-000349,True,71.29
SKU-0016848,SUP-000386,True,80.67
SKU-0016849,SUP-000011,True,12.86
SKU-0016849,SUP-000404,False,13.01
SKU-0016849,SUP-000167,False,13.86
SKU-0016850,SUP-000367,True,267.11
SKU-0016851,SUP-000199,True,19.66
SKU-0016851,SUP-000353,False,17.34
SKU-0016852,SUP-000079,True,6.69
SKU-0016853,SUP-000092,True,9.8
SKU-0016853,SUP-000094,False,11.78
SKU-0016854,SUP-000120,True,27.86
SKU-0016854,SUP-000343,False,25.97
SKU-0016855,SUP-000353,True,6.12
SKU-0016856,SUP-000021,True,3.97
SKU-0016856,SUP-000272,False,3.7
SKU-0016857,SUP-000227,True,0.6
SKU-0016858,SUP-000176,True,61.03
SKU-0016859,SUP-000414,True,28.88
SKU-0016859,SUP-000208,False,33.3
SKU-0016860,SUP-000293,True,14.92
SKU-0016861,SUP-000438,True,1.28
SKU-0016862,SUP-000244,True,22.65
SKU-0016863,SUP-000298,True,69.28
SKU-0016864,SUP-000081,True,8.4
SKU-0016865,SUP-000319,True,42.44
SKU-0016866,SUP-000327,True,7.42
SKU-0016867,SUP-000391,True,5.4
SKU-0016867,SUP-000326,False,4.99
SKU-0016868,SUP-000201,True,10.11
SKU-0016869,SUP-000198,True,32.22
SKU-0016870,SUP-000099,True,6.52
SKU-0016870,SUP-000350,False,6.21
SKU-0016871,SUP-000006,True,90.88
SKU-0016872,SUP-000363,True,11.05
SKU-0016872,SUP-000019,False,9.0
SKU-0016872,SUP-000402,False,10.56
SKU-0016873,SUP-000403,True,16.71
SKU-0016874,SUP-000132,True,
SKU-0016875,SUP-000366,True,7.79
SKU-0016876,SUP-000372,True,0.88
SKU-0016877,SUP-000229,True,33.01
SKU-0016878,SUP-000036,True,4.89
SKU-0016879,SUP-000252,True,8.82
SKU-0016880,SUP-000384,True,7.33
SKU-0016881,SUP-000143,True,104.34
SKU-0016882,SUP-000211,True,9.56
SKU-0016882,SUP-000441,False,10.82
SKU-0016883,SUP-000075,True,12.79
SKU-0016884,SUP-000146,True,24.07
SKU-0016885,SUP-000167,True,2.61
SKU-0016886,SUP-000028,True,17.14
SKU-0016887,SUP-000061,True,2.85
SKU-0016888,SUP-000341,True,99.14
SKU-0016889,SUP-000192,True,27.31
SKU-0016889,SUP-000271,False,22.13
SKU-0016890,SUP-000169,True,0.6
SKU-0016891,SUP-000263,True,14.74
SKU-0016892,SUP-000174,True,19.3
SKU-0016892,SUP-000367,False,19.35
SKU-0016893,SUP-000344,True,12.43
SKU-0016894,SUP-000041,True,8.76
SKU-0016895,SUP-000256,True,78.64
SKU-0016895,SUP-000092,False,85.24
SKU-0016895,SUP-000350,False,88.98
SKU-0016896,SUP-000181,True,17.69
SKU-0016897,SUP-000064,True,2.36
SKU-0016898,SUP-000382,True,0.36
SKU-0016898,SUP-000420,False,0.38
SKU-0016899,SUP-000166,True,7.98
SKU-0016900,SUP-000081,True,4.18
SKU-0016901,SUP-000026,True,55.66
SKU-0016902,SUP-000263,True,47.51
SKU-0016902,SUP-000173,False,36.45
SKU-0016903,SUP-000403,True,37.31
SKU-0016904,SUP-000312,True,30.91
SKU-0016905,SUP-000136,True,1.48
SKU-0016906,SUP-000305,True,19.95
SKU-0016907,SUP-000249,True,23.44
SKU-0016908,SUP-000065,True,202.81
SKU-0016909,SUP-000155,True,17.38
SKU-0016910,SUP-000420,True,4.64
SKU-0016911,SUP-000344,True,3.35
SKU-0016911,SUP-000185,False,3.76
SKU-0016912,SUP-000165,True,0.46
SKU-0016912,SUP-000382,False,0.54
SKU-0016913,SUP-000242,True,1.86
SKU-0016914,SUP-000317,True,14.97
SKU-0016915,SUP-000121,True,6.52
SKU-0016916,SUP-000026,True,15.79
SKU-0016917,SUP-000195,True,51.62
SKU-0016918,SUP-000050,True,64.8
SKU-0016918,SUP-000130,False,70.83
SKU-0016919,SUP-000331,True,29.09
SKU-0016920,SUP-000239,True,2.2
SKU-0016921,SUP-000116,True,10.78
SKU-0016922,SUP-000288,True,12.63
SKU-0016923,SUP-000182,True,2.26
SKU-0016923,SUP-000086,False,2.12
SKU-0016924,SUP-000082,True,35.53
SKU-0016924,SUP-000115,False,38.93
SKU-0016925,SUP-000312,True,3.66
SKU-0016926,SUP-000304,True,22.55
SKU-0016927,SUP-000041,True,0.67
SKU-0016927,SUP-000409,False,0.86
SKU-0016928,SUP-000064,True,26.96
SKU-0016929,SUP-000301,True,8.19
SKU-0016930,SUP-000078,True,19.37
SKU-0016931,SUP-000250,True,64.53
SKU-0016931,SUP-000113,False,63.65
SKU-0016932,SUP-000034,True,15.55
SKU-0016933,SUP-000291,True,1.87
SKU-0016934,SUP-000348,True,7.81
SKU-0016934,SUP-000128,False,8.17
SKU-0016935,SUP-000157,True,31.69
SKU-0016936,SUP-000082,True,12.43
SKU-0016937,SUP-000328,True,4.14
SKU-0016937,SUP-000117,False,4.33
SKU-0016938,SUP-000023,True,14.81
SKU-0016939,SUP-000056,True,68.42
SKU-0016939,SUP-000226,False,77.84
SKU-0016940,SUP-000098,True,4.12
SKU-0016941,SUP-000416,True,11.57
SKU-0016942,SUP-000004,True,11.59
SKU-0016943,SUP-000233,True,87.59
SKU-0016944,SUP-000013,True,18.31
SKU-0016945,SUP-000091,True,5.23
SKU-0016946,SUP-000337,True,4.53
SKU-0016947,SUP-000352,True,17.08
SKU-0016948,SUP-000257,True,13.13
SKU-0016949,SUP-000193,True,339.57
SKU-0016950,SUP-000220,True,17.61
SKU-0016950,SUP-000215,False,18.03
SKU-0016951,SUP-000060,True,8.65
SKU-0016952,SUP-000350,True,6.97
SKU-0016953,SUP-000263,True,14.93
SKU-0016953,SUP-000290,False,13.71
SKU-0016954,SUP-000182,True,3.1
SKU-0016955,SUP-000441,True,7.61
SKU-0016955,SUP-000197,False,8.58
SKU-0016956,SUP-000047,True,13.24
SKU-0016957,SUP-000053,True,10.78
SKU-0016958,SUP-000156,True,1.73
SKU-0016958,SUP-000244,False,1.57
SKU-0016958,SUP-000213,False,1.43
SKU-0016959,SUP-000285,True,16.66
SKU-0016960,SUP-000311,True,30.36
SKU-0016960,SUP-000413,False,30.16
SKU-0016961,SUP-000077,True,62.8
SKU-0016962,SUP-000126,True,19.16
SKU-0016962,SUP-000441,False,19.96
SKU-0016963,SUP-000278,True,14.1
SKU-0016964,SUP-000089,True,2.12
SKU-0016964,SUP-000211,False,1.85
SKU-0016965,SUP-000032,True,50.94
SKU-0016965,SUP-000421,False,48.61
SKU-0016966,SUP-000300,True,13.3
SKU-0016966,SUP-000130,False,16.21
SKU-0016967,SUP-000402,True,15.9
SKU-0016968,SUP-000340,True,1.85
SKU-0016968,SUP-000271,False,2.12
SKU-0016969,SUP-000157,True,14.25
SKU-0016970,SUP-000440,True,11.89
SKU-0016971,SUP-000418,True,107.56
SKU-0016972,SUP-000079,True,103.62
SKU-0016973,SUP-000260,True,5.84
SKU-0016974,SUP-000170,True,11.18
SKU-0016975,SUP-000280,True,45.22
SKU-0016976,SUP-000399,True,62.79
SKU-0016977,SUP-000429,True,12.7
SKU-0016978,SUP-000445,True,8.74
SKU-0016979,SUP-000393,True,7.38
SKU-0016979,SUP-000335,False,8.03
SKU-0016980,SUP-000219,True,41.24
SKU-0016981,SUP-000167,True,75.19
SKU-0016981,SUP-000265,False,64.37
SKU-0016981,SUP-000214,False,66.63
SKU-0016982,SUP-000404,True,6.06
SKU-0016982,SUP-000119,False,6.48
SKU-0016983,SUP-000072,True,6.41
SKU-0016984,SUP-000034,True,2.11
SKU-0016985,SUP-000062,True,13.34
SKU-0016986,SUP-000400,True,169.3
SKU-0016986,SUP-000404,False,142.21
SKU-0016987,SUP-000066,True,34.44
SKU-0016988,SUP-000016,True,2.03
SKU-0016989,SUP-000188,True,4.6
SKU-0016990,SUP-000116,True,51.84
SKU-0016990,SUP-000035,False,55.12
SKU-0016990,SUP-000022,False,57.63
SKU-0016991,SUP-000372,True,44.81
SKU-0016992,SUP-000377,True,9.71
SKU-0016993,SUP-000016,True,27.5
SKU-0016994,SUP-000339,True,8.91
SKU-0016995,SUP-000429,True,108.22
SKU-0016996,SUP-000406,True,55.01
SKU-0016997,SUP-000039,True,2.77
SKU-0016997,SUP-000294,False,3.41
SKU-0016998,SUP-000129,True,11.89
SKU-0016998,SUP-000213,False,11.55
SKU-0016999,SUP-000050,True,155.2
SKU-0016999,SUP-000254,False,145.3
SKU-0017000,SUP-000433,True,3.81
SKU-0017001,SUP-000017,True,58.21
SKU-0017002,SUP-000420,True,29.82
SKU-0017002,SUP-000059,False,28.99
SKU-0017002,SUP-000125,False,30.35
SKU-0017003,SUP-000257,True,10.67
SKU-0017004,SUP-000292,True,18.89
SKU-0017005,SUP-000409,True,57.01
SKU-0017006,SUP-000432,True,2.72
SKU-0017007,SUP-000384,True,18.28
SKU-0017007,SUP-000187,False,17.95
SKU-0017008,SUP-000289,True,96.71
SKU-0017009,SUP-000018,True,41.43
SKU-0017010,SUP-000219,True,4.24
SKU-0017011,SUP-000182,True,28.47
SKU-0017012,SUP-000157,True,102.69
SKU-0017013,SUP-000253,True,14.82
SKU-0017014,SUP-000332,True,13.06
SKU-0017015,SUP-000018,True,33.3
SKU-0017016,SUP-000320,True,47.18
SKU-0017017,SUP-000165,True,3.62
SKU-0017017,SUP-000072,False,3.95
SKU-0017018,SUP-000242,True,95.1
SKU-0017019,SUP-000421,True,2.22
SKU-0017019,SUP-000298,False,1.96
SKU-0017020,SUP-000237,True,21.44
SKU-0017021,SUP-000135,True,4.12
SKU-0017022,SUP-000345,True,2.51
SKU-0017022,SUP-000368,False,2.38
SKU-0017023,SUP-000200,True,30.27
SKU-0017024,SUP-000140,True,1.19
SKU-0017025,SUP-000188,True,184.58
SKU-0017026,SUP-000140,True,7.31
SKU-0017027,SUP-000102,True,6.68
SKU-0017028,SUP-000136,True,14.44
SKU-0017029,SUP-000216,True,19.76
SKU-0017029,SUP-000442,False,17.41
SKU-0017030,SUP-000128,True,45.81
SKU-0017031,SUP-000419,True,6.22
SKU-0017031,SUP-000111,False,6.44
SKU-0017031,SUP-000337,False,6.07
SKU-0017032,SUP-000227,True,14.46
SKU-0017032,SUP-000439,False,14.79
SKU-0017032,SUP-000207,False,18.21
SKU-0017033,SUP-000387,True,4.4
SKU-0017034,SUP-000056,True,30.3
SKU-0017034,SUP-000289,False,29.31
SKU-0017035,SUP-000226,True,8.42
SKU-0017035,SUP-000427,False,8.84
SKU-0017035,SUP-000123,False,8.75
SKU-0017036,SUP-000271,True,2.02
SKU-0017036,SUP-000335,False,1.63
SKU-0017037,SUP-000363,True,77.01
SKU-0017038,SUP-000051,True,83.38
SKU-0017038,SUP-000440,False,85.29
SKU-0017038,SUP-000230,False,78.81
SKU-0017039,SUP-000246,True,8.4
SKU-0017040,SUP-000246,True,3.4
SKU-0017041,SUP-000396,True,5.39
SKU-0017042,SUP-000160,True,2.32
SKU-0017042,SUP-000008,False,2.31
SKU-0017043,SUP-000032,True,8.16
SKU-0017044,SUP-000433,True,
SKU-0017045,SUP-000353,True,53.12
SKU-0017046,SUP-000438,True,5.36
SKU-0017046,SUP-000338,False,5.11
SKU-0017047,SUP-000262,True,202.85
SKU-0017047,SUP-000435,False,165.39
SKU-0017048,SUP-000261,True,15.29
SKU-0017049,SUP-000294,True,4.35
SKU-0017050,SUP-000234,True,49.51
SKU-0017051,SUP-000234,True,11.73
SKU-0017052,SUP-000185,True,1.18
SKU-0017053,SUP-000286,True,10.68
SKU-0017054,SUP-000430,True,115.57
SKU-0017055,SUP-000148,True,20.22
SKU-0017056,SUP-000003,True,30.25
SKU-0017056,SUP-000087,False,30.47
SKU-0017056,SUP-000118,False,29.74
SKU-0017057,SUP-000059,True,44.14
SKU-0017058,SUP-000034,True,23.26
SKU-0017058,SUP-000445,False,24.6
SKU-0017058,SUP-000373,False,26.95
SKU-0017059,SUP-000308,True,29.24
SKU-0017060,SUP-000213,True,4.76
SKU-0017061,SUP-000210,True,1.77
SKU-0017062,SUP-000224,True,16.3
SKU-0017063,SUP-000062,True,20.98
SKU-0017063,SUP-000073,False,24.64
SKU-0017064,SUP-000280,True,0.41
SKU-0017064,SUP-000188,False,0.36
SKU-0017064,SUP-000126,False,0.38
SKU-0017065,SUP-000030,True,4.63
SKU-0017066,SUP-000420,True,32.24
SKU-0017067,SUP-000184,True,4.23
SKU-0017068,SUP-000202,True,48.06
SKU-0017069,SUP-000303,True,5.79
SKU-0017070,SUP-000155,True,10.93
SKU-0017071,SUP-000410,True,26.8
SKU-0017072,SUP-000320,True,1.22
SKU-0017072,SUP-000073,False,1.22
SKU-0017072,SUP-000370,False,1.39
SKU-0017073,SUP-000277,True,10.89
SKU-0017073,SUP-000430,False,9.52
SKU-0017073,SUP-000318,False,11.22
SKU-0017074,SUP-000402,True,6.83
SKU-0017075,SUP-000311,True,40.66
SKU-0017075,SUP-000227,False,36.21
SKU-0017076,SUP-000211,True,7.07
SKU-0017077,SUP-000037,True,15.74
SKU-0017078,SUP-000106,True,0.91
SKU-0017078,SUP-000159,False,0.9
SKU-0017079,SUP-000263,True,0.83
SKU-0017079,SUP-000090,False,0.78
SKU-0017080,SUP-000128,True,7.38
SKU-0017080,SUP-000021,False,8.56
SKU-0017081,SUP-000432,True,63.76
SKU-0017082,SUP-000090,True,21.21
SKU-0017082,SUP-000373,False,19.85
SKU-0017083,SUP-000212,True,6.99
SKU-0017084,SUP-000431,True,64.51
SKU-0017084,SUP-000334,False,76.15
SKU-0017085,SUP-000047,True,30.67
SKU-0017085,SUP-000067,False,29.16
SKU-0017086,SUP-000359,True,3.05
SKU-0017087,SUP-000046,True,15.22
SKU-0017088,SUP-000135,True,0.86
SKU-0017088,SUP-000290,False,0.71
SKU-0017089,SUP-000406,True,
SKU-0017090,SUP-000309,True,1.86
SKU-0017091,SUP-000139,True,11.66
SKU-0017091,SUP-000019,False,14.1
SKU-0017092,SUP-000226,True,15.91
SKU-0017093,SUP-000262,True,30.83
SKU-0017093,SUP-000221,False,28.07
SKU-0017094,SUP-000136,True,16.59
SKU-0017095,SUP-000128,True,24.81
SKU-0017096,SUP-000159,True,13.55
SKU-0017097,SUP-000057,True,171.14
SKU-0017097,SUP-000399,False,154.72
SKU-0017098,SUP-000251,True,12.18
SKU-0017099,SUP-000204,True,18.83
SKU-0017100,SUP-000258,True,3.22
SKU-0017101,SUP-000013,True,63.18
SKU-0017102,SUP-000330,True,13.88
SKU-0017102,SUP-000311,False,13.04
SKU-0017103,SUP-000334,True,31.18
SKU-0017104,SUP-000025,True,5.71
SKU-0017105,SUP-000218,True,51.09
SKU-0017106,SUP-000280,True,19.29
SKU-0017107,SUP-000268,True,0.39
SKU-0017107,SUP-000261,False,0.46
SKU-0017108,SUP-000002,True,73.06
SKU-0017109,SUP-000151,True,66.59
SKU-0017110,SUP-000013,True,7.68
SKU-0017111,SUP-000275,True,5.81
SKU-0017111,SUP-000241,False,5.27
SKU-0017112,SUP-000061,True,66.85
SKU-0017112,SUP-000369,False,71.09
SKU-0017113,SUP-000353,True,5.19
SKU-0017114,SUP-000074,True,3.07
SKU-0017115,SUP-000162,True,177.52
SKU-0017116,SUP-000319,True,2.61
SKU-0017117,SUP-000392,True,9.13
SKU-0017117,SUP-000260,False,8.09
SKU-0017118,SUP-000066,True,21.63
SKU-0017118,SUP-000387,False,22.36
SKU-0017119,SUP-000228,True,9.99
SKU-0017120,SUP-000170,True,0.54
SKU-0017121,SUP-000098,True,1.25
SKU-0017122,SUP-000054,True,27.42
SKU-0017122,SUP-000268,False,26.76
SKU-0017123,SUP-000211,True,18.58
SKU-0017124,SUP-000147,True,47.51
SKU-0017125,SUP-000052,True,1.2
SKU-0017126,SUP-000208,True,4.29
SKU-0017126,SUP-000318,False,4.49
SKU-0017127,SUP-000023,True,127.64
SKU-0017127,SUP-000363,False,118.42
SKU-0017127,SUP-000319,False,101.47
SKU-0017128,SUP-000239,True,3.65
SKU-0017129,SUP-000212,True,2.06
SKU-0017130,SUP-000085,True,59.74
SKU-0017130,SUP-000121,False,57.53
SKU-0017131,SUP-000298,True,139.83
SKU-0017132,SUP-000075,True,2.67
SKU-0017133,SUP-000002,True,23.52
SKU-0017133,SUP-000443,False,24.94
SKU-0017134,SUP-000159,True,16.66
SKU-0017134,SUP-000138,False,18.78
SKU-0017135,SUP-000234,True,53.93
SKU-0017135,SUP-000081,False,50.06
SKU-0017136,SUP-000011,True,81.13
SKU-0017137,SUP-000326,True,3.68
SKU-0017138,SUP-000048,True,1.0
SKU-0017139,SUP-000349,True,11.6
SKU-0017140,SUP-000394,True,17.95
SKU-0017141,SUP-000189,True,
SKU-0017142,SUP-000088,True,6.22
SKU-0017143,SUP-000250,True,7.66
SKU-0017144,SUP-000370,True,-0.44
SKU-0017145,SUP-000236,True,0.56
SKU-0017146,SUP-000371,True,96.64
SKU-0017147,SUP-000139,True,2.1
SKU-0017148,SUP-000245,True,8.96
SKU-0017149,SUP-000299,True,6.79
SKU-0017150,SUP-000323,True,2.49
SKU-0017151,SUP-000199,True,35.99
SKU-0017152,SUP-000039,True,0.43
SKU-0017153,SUP-000276,True,48.18
SKU-0017153,SUP-000255,False,58.71
SKU-0017154,SUP-000027,True,30.78
SKU-0017155,SUP-000218,True,68.0
SKU-0017156,SUP-000059,True,237.76
SKU-0017157,SUP-000202,True,17.67
SKU-0017157,SUP-000067,False,19.97
SKU-0017158,SUP-000327,True,18.42
SKU-0017158,SUP-000150,False,20.57
SKU-0017159,SUP-000120,True,8.35
SKU-0017160,SUP-000132,True,63.72
SKU-0017161,SUP-000241,True,30.08
SKU-0017161,SUP-000119,False,33.78
SKU-0017162,SUP-000383,True,29.8
SKU-0017162,SUP-000206,False,31.35
SKU-0017163,SUP-000150,True,19.77
SKU-0017163,SUP-000197,False,20.61
SKU-0017164,SUP-000175,True,66.65
SKU-0017165,SUP-000378,True,56.42
SKU-0017166,SUP-000086,True,27.65
SKU-0017166,SUP-000148,False,26.31
SKU-0017167,SUP-000001,True,2.18
SKU-0017168,SUP-000177,True,19.79
SKU-0017168,SUP-000280,False,16.36
SKU-0017169,SUP-000001,True,22.84
SKU-0017170,SUP-000373,True,3.19
SKU-0017170,SUP-000443,False,3.26
SKU-0017170,SUP-000057,False,2.75
SKU-0017171,SUP-000110,True,3.6
SKU-0017171,SUP-000359,False,3.32
SKU-0017172,SUP-000195,True,111.45
SKU-0017172,SUP-000248,False,96.44
SKU-0017173,SUP-000059,True,13.2
SKU-0017174,SUP-000043,True,51.04
SKU-0017175,SUP-000340,True,34.12
SKU-0017176,SUP-000228,True,1.26
SKU-0017177,SUP-000400,True,4.34
SKU-0017178,SUP-000194,True,2.99
SKU-0017179,SUP-000088,True,11.52
SKU-0017179,SUP-000094,False,10.57
SKU-0017180,SUP-000376,True,75.95
SKU-0017181,SUP-000318,True,57.3
SKU-0017182,SUP-000332,True,26.88
SKU-0017183,SUP-000243,True,1.57
SKU-0017184,SUP-000024,True,2.1
SKU-0017185,SUP-000012,True,0.68
SKU-0017185,SUP-000090,False,0.7
SKU-0017186,SUP-000395,True,5.17
SKU-0017187,SUP-000086,True,5.24
SKU-0017188,SUP-000420,True,0.52
SKU-0017189,SUP-000440,True,22.74
SKU-0017190,SUP-000276,True,1.11
SKU-0017190,SUP-000234,False,1.36
SKU-0017191,SUP-000405,True,5.79
SKU-0017192,SUP-000057,True,11.02
SKU-0017193,SUP-000098,True,33.53
SKU-0017194,SUP-000090,True,7.23
SKU-0017195,SUP-000053,True,57.49
SKU-0017196,SUP-000012,True,5.82
SKU-0017197,SUP-000062,True,38.81
SKU-0017198,SUP-000302,True,2.15
SKU-0017199,SUP-000102,True,2.08
SKU-0017200,SUP-000414,True,4.82
SKU-0017201,SUP-000376,True,220.78
SKU-0017202,SUP-000064,True,70.92
SKU-0017203,SUP-000146,True,5.25
SKU-0017204,SUP-000375,True,14.46
SKU-0017205,SUP-000247,True,0.87
SKU-0017205,SUP-000078,False,0.71
SKU-0017206,SUP-000283,True,0.68
SKU-0017207,SUP-000425,True,18.41
SKU-0017208,SUP-000261,True,10.44
SKU-0017209,SUP-000352,True,5.64
SKU-0017210,SUP-000333,True,1.42
SKU-0017211,SUP-000166,True,2.76
SKU-0017212,SUP-000411,True,2.55
SKU-0017212,SUP-000032,False,2.11
SKU-0017213,SUP-000018,True,7.0
SKU-0017213,SUP-000258,False,5.97
SKU-0017214,SUP-000313,True,90.04
SKU-0017214,SUP-000010,False,117.3
SKU-0017215,SUP-000068,True,3.72
SKU-0017216,SUP-000397,True,10.17
SKU-0017217,SUP-000008,True,4.91
SKU-0017218,SUP-000221,True,49.84
SKU-0017219,SUP-000304,True,12.68
SKU-0017220,SUP-000376,True,5.55
SKU-0017221,SUP-000126,True,64.7
SKU-0017222,SUP-000363,True,11.94
SKU-0017223,SUP-000244,True,8.86
SKU-0017224,SUP-000385,True,196.47
SKU-0017224,SUP-000120,False,171.09
SKU-0017225,SUP-000440,True,10.66
SKU-0017226,SUP-000226,True,37.69
SKU-0017227,SUP-000190,True,2.35
SKU-0017228,SUP-000282,True,326.72
SKU-0017229,SUP-000215,True,25.82
SKU-0017230,SUP-000389,True,4.32
SKU-0017231,SUP-000368,True,8.1
SKU-0017232,SUP-000392,True,31.04
SKU-0017232,SUP-000241,False,30.04
SKU-0017232,SUP-000333,False,30.48
SKU-0017233,SUP-000428,True,6.9
SKU-0017233,SUP-000098,False,7.04
SKU-0017234,SUP-000349,True,20.61
SKU-0017234,SUP-000392,False,16.42
SKU-0017235,SUP-000289,True,29.3
SKU-0017236,SUP-000260,True,5.99
SKU-0017237,SUP-000349,True,11.44
SKU-0017237,SUP-000413,False,11.69
SKU-0017238,SUP-000333,True,2.14
SKU-0017239,SUP-000372,True,49.38
SKU-0017239,SUP-000310,False,46.38
SKU-0017240,SUP-000065,True,13.81
SKU-0017241,SUP-000240,True,7.63
SKU-0017242,SUP-000101,True,27.45
SKU-0017243,SUP-000317,True,19.87
SKU-0017244,SUP-000043,True,13.48
SKU-0017244,SUP-000006,False,14.76
SKU-0017245,SUP-000214,True,8.92
SKU-0017246,SUP-000225,True,4.71
SKU-0017247,SUP-000137,True,45.12
SKU-0017248,SUP-000125,True,11.88
SKU-0017249,SUP-000251,True,1.32
SKU-0017249,SUP-000331,False,1.54
SKU-0017250,SUP-000102,True,8.59
SKU-0017250,SUP-000227,False,10.06
SKU-0017251,SUP-000388,True,16.3
SKU-0017252,SUP-000339,True,158.8
SKU-0017253,SUP-000369,True,10.32
SKU-0017253,SUP-000338,False,12.03
SKU-0017254,SUP-000323,True,10.02
SKU-0017254,SUP-000225,False,7.88
SKU-0017254,SUP-000144,False,9.75
SKU-0017255,SUP-000268,True,55.01
SKU-0017255,SUP-000086,False,54.13
SKU-0017256,SUP-000055,True,20.32
SKU-0017257,SUP-000278,True,9.07
SKU-0017258,SUP-000169,True,3.35
SKU-0017259,SUP-000375,True,34.8
SKU-0017260,SUP-000257,True,17.06
SKU-0017260,SUP-000360,False,17.24
SKU-0017261,SUP-000299,True,0.61
SKU-0017261,SUP-000310,False,
SKU-0017262,SUP-000195,True,17.72
SKU-0017262,SUP-000282,False,17.76
SKU-0017263,SUP-000251,True,2.88
SKU-0017264,SUP-000202,True,46.84
SKU-0017265,SUP-000050,True,17.58
SKU-0017266,SUP-000330,True,29.52
SKU-0017267,SUP-000327,True,8.79
SKU-0017268,SUP-000392,True,34.31
SKU-0017269,SUP-000260,True,67.68
SKU-0017270,SUP-000110,True,130.53
SKU-0017270,SUP-000401,False,114.81
SKU-0017271,SUP-000250,True,8.32
SKU-0017272,SUP-000225,True,10.31
SKU-0017273,SUP-000316,True,28.01
SKU-0017274,SUP-000100,True,10.4
SKU-0017274,SUP-000408,False,10.48
SKU-0017275,SUP-000302,True,15.07
SKU-0017276,SUP-000191,True,4.97
SKU-0017277,SUP-000385,True,7.95
SKU-0017278,SUP-000416,True,12.5
SKU-0017279,SUP-000363,True,4.34
SKU-0017280,SUP-000311,True,9.14
SKU-0017280,SUP-000422,False,7.97
SKU-0017281,SUP-000027,True,0.75
SKU-0017281,SUP-000229,False,0.86
SKU-0017282,SUP-000434,True,17.76
SKU-0017282,SUP-000243,False,14.66
SKU-0017283,SUP-000081,True,9.78
SKU-0017283,SUP-000303,False,10.83
SKU-0017283,SUP-000212,False,10.4
SKU-0017284,SUP-000043,True,1.34
SKU-0017285,SUP-000247,True,1.18
SKU-0017286,SUP-000042,True,27.97
SKU-0017287,SUP-000228,True,3.04
SKU-0017287,SUP-000110,False,2.9
SKU-0017288,SUP-000144,True,13.43
SKU-0017289,SUP-000124,True,5.24
SKU-0017289,SUP-000032,False,5.42
SKU-0017290,SUP-000087,True,17.45
SKU-0017291,SUP-000250,True,10.86
SKU-0017292,SUP-000361,True,42.16
SKU-0017293,SUP-000312,True,3.71
SKU-0017293,SUP-000154,False,3.41
SKU-0017294,SUP-000007,True,23.54
SKU-0017295,SUP-000201,True,9.15
SKU-0017296,SUP-000150,True,1.24
SKU-0017297,SUP-000026,True,7.98
SKU-0017298,SUP-000447,True,11.45
SKU-0017299,SUP-000259,True,130.32
SKU-0017299,SUP-000222,False,103.82
SKU-0017300,SUP-000395,True,20.8
SKU-0017301,SUP-000282,True,12.06
SKU-0017302,SUP-000375,True,1.15
SKU-0017303,SUP-000410,True,14.8
SKU-0017304,SUP-000203,True,38.39
SKU-0017305,SUP-000297,True,6.31
SKU-0017306,SUP-000308,True,38.67
SKU-0017307,SUP-000446,True,6.77
SKU-0017308,SUP-000297,True,67.2
SKU-0017308,SUP-000036,False,68.87
SKU-0017309,SUP-000409,True,58.73
SKU-0017310,SUP-000282,True,36.98
SKU-0017311,SUP-000124,True,3.22
SKU-0017312,SUP-000318,True,77.53
SKU-0017312,SUP-000009,False,73.05
SKU-0017313,SUP-000430,True,137.89
SKU-0017314,SUP-000259,True,23.37
SKU-0017315,SUP-000336,True,13.1
SKU-0017316,SUP-000116,True,21.9
SKU-0017317,SUP-000317,True,26.34
SKU-0017318,SUP-000062,True,84.54
SKU-0017319,SUP-000296,True,26.6
SKU-0017320,SUP-000437,True,11.19
SKU-0017320,SUP-000225,False,11.84
SKU-0017320,SUP-000028,False,10.95
SKU-0017321,SUP-000360,True,10.51
SKU-0017322,SUP-000192,True,9.26
SKU-0017322,SUP-000194,False,7.57
SKU-0017322,SUP-000383,False,7.94
SKU-0017323,SUP-000361,True,108.57
SKU-0017324,SUP-000417,True,14.49
SKU-0017324,SUP-000195,False,15.0
SKU-0017325,SUP-000044,True,90.69
SKU-0017325,SUP-000151,False,93.72
SKU-0017326,SUP-000154,True,22.92
SKU-0017326,SUP-000007,False,20.85
SKU-0017327,SUP-000358,True,4.45
SKU-0017328,SUP-000174,True,99.83
SKU-0017328,SUP-000290,False,115.29
SKU-0017329,SUP-000120,True,52.77
SKU-0017330,SUP-000275,True,3.7
SKU-0017330,SUP-000378,False,3.61
SKU-0017331,SUP-000129,True,5.13
SKU-0017332,SUP-000433,True,5.35
SKU-0017333,SUP-000240,True,42.17
SKU-0017334,SUP-000343,True,22.89
SKU-0017335,SUP-000318,True,2.64
SKU-0017335,SUP-000430,False,2.75
SKU-0017336,SUP-000155,True,27.32
SKU-0017337,SUP-000356,True,3.03
SKU-0017338,SUP-000423,True,4.05
SKU-0017338,SUP-000338,False,4.94
SKU-0017339,SUP-000227,True,59.82
SKU-0017339,SUP-000046,False,77.48
SKU-0017339,SUP-000364,False,73.36
SKU-0017340,SUP-000354,True,5.98
SKU-0017340,SUP-000295,False,5.29
SKU-0017341,SUP-000228,True,3.2
SKU-0017341,SUP-000063,False,3.34
SKU-0017342,SUP-000312,True,3.59
SKU-0017343,SUP-000371,True,0.93
SKU-0017343,SUP-000416,False,0.84
SKU-0017344,SUP-000240,True,86.44
SKU-0017345,SUP-000266,True,15.7
SKU-0017346,SUP-000098,True,23.06
SKU-0017347,SUP-000158,True,12.07
SKU-0017348,SUP-000245,True,3.97
SKU-0017349,SUP-000343,True,16.74
SKU-0017350,SUP-000097,True,20.73
SKU-0017351,SUP-000134,True,19.43
SKU-0017352,SUP-000374,True,26.7
SKU-0017353,SUP-000137,True,70.92
SKU-0017354,SUP-000297,True,19.26
SKU-0017355,SUP-000272,True,185.18
SKU-0017355,SUP-000415,False,207.46
SKU-0017356,SUP-000125,True,11.93
SKU-0017356,SUP-000179,False,11.18
SKU-0017357,SUP-000298,True,1.43
SKU-0017358,SUP-000391,True,44.99
SKU-0017359,SUP-000422,True,32.3
SKU-0017359,SUP-000150,False,26.91
SKU-0017360,SUP-000093,True,0.9
SKU-0017360,SUP-000346,False,1.04
SKU-0017361,SUP-000113,True,80.9
SKU-0017362,SUP-000120,True,33.53
SKU-0017362,SUP-000125,False,28.27
SKU-0017363,SUP-000310,True,43.34
SKU-0017363,SUP-000137,False,42.32
SKU-0017364,SUP-000393,True,4.09
SKU-0017364,SUP-000105,False,3.81
SKU-0017365,SUP-000105,True,13.57
SKU-0017366,SUP-000124,True,2.82
SKU-0017366,SUP-000098,False,3.31
SKU-0017367,SUP-000249,True,35.58
SKU-0017367,SUP-000248,False,41.86
SKU-0017368,SUP-000394,True,0.56
SKU-0017369,SUP-000039,True,32.0
SKU-0017369,SUP-000154,False,36.3
SKU-0017369,SUP-000296,False,32.85
SKU-0017370,SUP-000122,True,5.28
SKU-0017371,SUP-000216,True,5.09
SKU-0017371,SUP-000061,False,4.48
SKU-0017372,SUP-000299,True,103.09
SKU-0017373,SUP-000079,True,34.14
SKU-0017374,SUP-000178,True,11.24
SKU-0017375,SUP-000160,True,20.45
SKU-0017375,SUP-000438,False,22.29
SKU-0017376,SUP-000046,True,45.71
SKU-0017376,SUP-000404,False,51.18
SKU-0017376,SUP-000316,False,44.34
SKU-0017377,SUP-000140,True,12.39
SKU-0017378,SUP-000065,True,14.33
SKU-0017379,SUP-000241,True,6.35
SKU-0017380,SUP-000185,True,3.8
SKU-0017381,SUP-000031,True,12.63
SKU-0017382,SUP-000298,True,12.78
SKU-0017383,SUP-000245,True,1.55
SKU-0017384,SUP-000045,True,2.03
SKU-0017384,SUP-000438,False,2.03
SKU-0017385,SUP-000316,True,22.88
SKU-0017386,SUP-000407,True,15.07
SKU-0017386,SUP-000327,False,15.76
SKU-0017387,SUP-000211,True,66.01
SKU-0017387,SUP-000285,False,59.82
SKU-0017387,SUP-000399,False,72.94
SKU-0017388,SUP-000090,True,3.19
SKU-0017388,SUP-000376,False,3.86
SKU-0017389,SUP-000119,True,12.67
SKU-0017389,SUP-000264,False,12.63
SKU-0017389,SUP-000326,False,12.72
SKU-0017390,SUP-000028,True,23.03
SKU-0017391,SUP-000325,True,13.12
SKU-0017392,SUP-000258,True,22.89
SKU-0017393,SUP-000004,True,24.73
SKU-0017394,SUP-000378,True,130.18
SKU-0017395,SUP-000436,True,4.6
SKU-0017396,SUP-000130,True,5.13
SKU-0017397,SUP-000250,True,5.63
SKU-0017398,SUP-000082,True,91.55
SKU-0017399,SUP-000173,True,1.1
SKU-0017400,SUP-000399,True,12.27
SKU-0017401,SUP-000157,True,3.14
SKU-0017402,SUP-000067,True,34.36
SKU-0017403,SUP-000129,True,10.58
SKU-0017403,SUP-000294,False,11.88
SKU-0017404,SUP-000252,True,21.99
SKU-0017405,SUP-000382,True,6.8
SKU-0017406,SUP-000379,True,0.83
SKU-0017407,SUP-000328,True,39.45
SKU-0017407,SUP-000035,False,30.53
SKU-0017408,SUP-000025,True,2.99
SKU-0017409,SUP-000392,True,7.74
SKU-0017410,SUP-000166,True,17.03
SKU-0017410,SUP-000177,False,19.1
SKU-0017411,SUP-000276,True,12.39
SKU-0017411,SUP-000416,False,10.94
SKU-0017412,SUP-000007,True,106.89
SKU-0017413,SUP-000403,True,5.42
SKU-0017414,SUP-000443,True,0.43
SKU-0017414,SUP-000150,False,0.41
SKU-0017415,SUP-000278,True,13.62
SKU-0017416,SUP-000130,True,3.25
SKU-0017416,SUP-000247,False,4.25
SKU-0017416,SUP-000401,False,3.76
SKU-0017417,SUP-000014,True,59.61
SKU-0017418,SUP-000091,True,22.32
SKU-0017418,SUP-000082,False,26.51
SKU-0017419,SUP-000072,True,5.41
SKU-0017420,SUP-000024,True,39.75
SKU-0017420,SUP-000386,False,35.56
SKU-0017421,SUP-000336,True,3.07
SKU-0017422,SUP-000429,True,15.24
SKU-0017423,SUP-000004,True,2.45
SKU-0017423,SUP-000346,False,2.94
SKU-0017424,SUP-000449,True,4.98
SKU-0017425,SUP-000317,True,82.37
SKU-0017425,SUP-000025,False,81.02
SKU-0017426,SUP-000400,True,50.34
SKU-0017427,SUP-000379,True,2.96
SKU-0017428,SUP-000035,True,35.55
SKU-0017429,SUP-000022,True,5.14
SKU-0017430,SUP-000065,True,1.31
SKU-0017431,SUP-000180,True,6.46
SKU-0017431,SUP-000156,False,7.4
SKU-0017432,SUP-000147,True,8.53
SKU-0017432,SUP-000205,False,9.18
SKU-0017433,SUP-000230,True,22.8
SKU-0017434,SUP-000023,True,9.92
SKU-0017434,SUP-000408,False,8.76
SKU-0017434,SUP-000103,False,9.54
SKU-0017435,SUP-000378,True,2.87
SKU-0017436,SUP-000101,True,7.95
SKU-0017437,SUP-000149,True,15.95
SKU-0017437,SUP-000199,False,12.82
SKU-0017438,SUP-000335,True,10.77
SKU-0017439,SUP-000442,True,19.69
SKU-0017439,SUP-000188,False,14.56
SKU-0017440,SUP-000321,True,31.38
SKU-0017440,SUP-000357,False,28.72
SKU-0017441,SUP-000362,True,9.01
SKU-0017442,SUP-000243,True,23.94
SKU-0017443,SUP-000242,True,21.75
SKU-0017444,SUP-000099,True,15.35
SKU-0017444,SUP-000035,False,15.44
SKU-0017445,SUP-000329,True,5.7
SKU-0017446,SUP-000407,True,4.59
SKU-0017447,SUP-000257,True,27.12
SKU-0017448,SUP-000426,True,66.81
SKU-0017449,SUP-000269,True,3.59
SKU-0017449,SUP-000304,False,3.47
SKU-0017450,SUP-000324,True,13.71
SKU-0017451,SUP-000325,True,65.18
SKU-0017451,SUP-000117,False,
SKU-0017452,SUP-000097,True,84.76
SKU-0017452,SUP-000406,False,89.57
SKU-0017453,SUP-000264,True,11.51
SKU-0017454,SUP-000181,True,14.81
SKU-0017455,SUP-000374,True,8.72
SKU-0017456,SUP-000390,True,1.19
SKU-0017457,SUP-000298,True,46.22
SKU-0017458,SUP-000042,True,1.64
SKU-0017459,SUP-000425,True,10.66
SKU-0017460,SUP-000362,True,24.49
SKU-0017460,SUP-000388,False,29.43
SKU-0017460,SUP-000189,False,24.94
SKU-0017461,SUP-000129,True,5.28
SKU-0017462,SUP-000206,True,15.73
SKU-0017463,SUP-000160,True,6.02
SKU-0017463,SUP-000143,False,6.22
SKU-0017464,SUP-000061,True,2.38
SKU-0017465,SUP-000061,True,15.57
SKU-0017465,SUP-000179,False,
SKU-0017466,SUP-000197,True,57.77
SKU-0017466,SUP-000070,False,65.86
SKU-0017467,SUP-000253,True,2.84
SKU-0017468,SUP-000147,True,26.8
SKU-0017469,SUP-000045,True,26.54
SKU-0017470,SUP-000208,True,104.45
SKU-0017471,SUP-000445,True,26.75
SKU-0017472,SUP-000214,True,7.67
SKU-0017473,SUP-000338,True,38.54
SKU-0017474,SUP-000146,True,9.99
SKU-0017475,SUP-000053,True,6.26
SKU-0017475,SUP-000119,False,6.15
SKU-0017475,SUP-000326,False,6.48
SKU-0017476,SUP-000280,True,7.47
SKU-0017476,SUP-000393,False,8.67
SKU-0017477,SUP-000427,True,91.67
SKU-0017478,SUP-000251,True,8.46
SKU-0017479,SUP-000115,True,4.65
SKU-0017479,SUP-000342,False,5.79
SKU-0017480,SUP-000422,True,81.46
SKU-0017481,SUP-000245,True,29.68
SKU-0017481,SUP-000104,False,25.78
SKU-0017482,SUP-000245,True,16.51
SKU-0017483,SUP-000450,True,9.73
SKU-0017484,SUP-000371,True,3.14
SKU-0017485,SUP-000032,True,23.65
SKU-0017486,SUP-000021,True,11.2
SKU-0017486,SUP-000306,False,11.91
SKU-0017487,SUP-000244,True,3.52
SKU-0017488,SUP-000159,True,13.16
SKU-0017488,SUP-000012,False,13.55
SKU-0017489,SUP-000050,True,18.18
SKU-0017489,SUP-000437,False,16.01
SKU-0017490,SUP-000364,True,6.77
SKU-0017491,SUP-000054,True,10.62
SKU-0017492,SUP-000151,True,21.55
SKU-0017493,SUP-000081,True,10.34
SKU-0017493,SUP-000078,False,9.61
SKU-0017494,SUP-000407,True,26.35
SKU-0017494,SUP-000358,False,23.56
SKU-0017495,SUP-000319,True,1.74
SKU-0017496,SUP-000301,True,8.18
SKU-0017497,SUP-000293,True,0.81
SKU-0017498,SUP-000169,True,7.97
SKU-0017499,SUP-000172,True,15.69
SKU-0017500,SUP-000038,True,82.69
SKU-0017501,SUP-000315,True,6.12
SKU-0017501,SUP-000079,False,5.8
SKU-0017501,SUP-000112,False,5.7
SKU-0017502,SUP-000123,True,
SKU-0017503,SUP-000106,True,10.66
SKU-0017504,SUP-000201,True,23.05
SKU-0017505,SUP-000079,True,29.86
SKU-0017506,SUP-000309,True,2.96
SKU-0017507,SUP-000282,True,
SKU-0017508,SUP-000401,True,3.35
SKU-0017509,SUP-000229,True,101.54
SKU-0017509,SUP-000001,False,113.26
SKU-0017509,SUP-000399,False,106.16
SKU-0017510,SUP-000141,True,10.11
SKU-0017511,SUP-000235,True,10.74
SKU-0017512,SUP-000092,True,26.45
SKU-0017512,SUP-000310,False,32.33
SKU-0017513,SUP-000110,True,7.25
SKU-0017514,SUP-000115,True,41.83
SKU-0017515,SUP-000199,True,28.96
SKU-0017516,SUP-000318,True,10.43
SKU-0017517,SUP-000338,True,1.08
SKU-0017518,SUP-000280,True,20.91
SKU-0017519,SUP-000237,True,19.22
SKU-0017519,SUP-000443,False,22.41
SKU-0017520,SUP-000442,True,1.16
SKU-0017521,SUP-000352,True,52.37
SKU-0017521,SUP-000175,False,57.56
SKU-0017522,SUP-000019,True,12.72
SKU-0017522,SUP-000096,False,15.9
SKU-0017523,SUP-000147,True,14.96
SKU-0017523,SUP-000118,False,16.01
SKU-0017523,SUP-000146,False,14.51
SKU-0017524,SUP-000227,True,2.16
SKU-0017525,SUP-000406,True,172.19
SKU-0017526,SUP-000320,True,1.62
SKU-0017526,SUP-000230,False,1.56
SKU-0017526,SUP-000141,False,1.45
SKU-0017527,SUP-000425,True,2.83
SKU-0017527,SUP-000135,False,2.57
SKU-0017528,SUP-000265,True,0.95
SKU-0017529,SUP-000089,True,25.79
SKU-0017530,SUP-000313,True,27.29
SKU-0017531,SUP-000045,True,20.1
SKU-0017532,SUP-000378,True,20.34
SKU-0017532,SUP-000402,False,20.01
SKU-0017533,SUP-000381,True,4.29
SKU-0017534,SUP-000118,True,60.83
SKU-0017534,SUP-000073,False,48.37
SKU-0017534,SUP-000350,False,52.97
SKU-0017535,SUP-000349,True,4.16
SKU-0017535,SUP-000088,False,3.3
SKU-0017536,SUP-000022,True,6.26
SKU-0017536,SUP-000401,False,5.71
SKU-0017537,SUP-000264,True,50.92
SKU-0017538,SUP-000152,True,18.82
SKU-0017538,SUP-000068,False,17.77
SKU-0017539,SUP-000029,True,8.17
SKU-0017540,SUP-000039,True,18.28
SKU-0017541,SUP-000299,True,3.79
SKU-0017541,SUP-000402,False,3.89
SKU-0017542,SUP-000409,True,9.8
SKU-0017543,SUP-000229,True,3.22
SKU-0017544,SUP-000130,True,-10.91
SKU-0017545,SUP-000290,True,1.88
SKU-0017546,SUP-000236,True,64.53
SKU-0017547,SUP-000112,True,8.18
SKU-0017548,SUP-000405,True,97.85
SKU-0017549,SUP-000038,True,65.94
SKU-0017550,SUP-000023,True,8.9
SKU-0017550,SUP-000057,False,10.08
SKU-0017551,SUP-000151,True,10.54
SKU-0017552,SUP-000410,True,6.09
SKU-0017552,SUP-000142,False,6.72
SKU-0017553,SUP-000240,True,9.87
SKU-0017553,SUP-000347,False,7.91
SKU-0017554,SUP-000387,True,6.8
SKU-0017555,SUP-000297,True,34.64
SKU-0017556,SUP-000095,True,28.76
SKU-0017556,SUP-000121,False,28.33
SKU-0017556,SUP-000044,False,23.73
SKU-0017557,SUP-000132,True,79.47
SKU-0017558,SUP-000007,True,24.53
SKU-0017558,SUP-000376,False,22.71
SKU-0017559,SUP-000335,True,11.67
SKU-0017560,SUP-000378,True,176.33
SKU-0017561,SUP-000030,True,12.28
SKU-0017561,SUP-000279,False,14.86
SKU-0017562,SUP-000216,True,21.96
SKU-0017563,SUP-000205,True,8.19
SKU-0017564,SUP-000307,True,15.09
SKU-0017565,SUP-000303,True,52.7
SKU-0017566,SUP-000402,True,1.95
SKU-0017567,SUP-000059,True,10.09
SKU-0017568,SUP-000257,True,41.8
SKU-0017569,SUP-000162,True,26.67
SKU-0017570,SUP-000229,True,3.5
SKU-0017571,SUP-000295,True,14.88
SKU-0017572,SUP-000114,True,6.33
SKU-0017572,SUP-000362,False,7.84
SKU-0017573,SUP-000024,True,130.19
SKU-0017574,SUP-000298,True,336.98
SKU-0017574,SUP-000391,False,300.13
SKU-0017575,SUP-000415,True,3.69
SKU-0017576,SUP-000406,True,20.27
SKU-0017577,SUP-000059,True,13.24
SKU-0017577,SUP-000371,False,11.72
SKU-0017578,SUP-000040,True,1.51
SKU-0017578,SUP-000358,False,1.68
SKU-0017579,SUP-000034,True,32.17
SKU-0017579,SUP-000267,False,32.61
SKU-0017580,SUP-000328,True,6.36
SKU-0017581,SUP-000123,True,8.22
SKU-0017581,SUP-000312,False,7.93
SKU-0017581,SUP-000041,False,7.19
SKU-0017582,SUP-000072,True,3.75
SKU-0017583,SUP-000190,True,3.04
SKU-0017584,SUP-000027,True,1.65
SKU-0017584,SUP-000079,False,
SKU-0017585,SUP-000336,True,9.51
SKU-0017586,SUP-000345,True,1.95
SKU-0017587,SUP-000152,True,13.36
SKU-0017588,SUP-000287,True,2.49
SKU-0017589,SUP-000445,True,16.99
SKU-0017590,SUP-000337,True,282.57
SKU-0017591,SUP-000365,True,10.45
SKU-0017592,SUP-000085,True,39.65
SKU-0017593,SUP-000082,True,0.76
SKU-0017594,SUP-000093,True,3.12
SKU-0017595,SUP-000352,True,3.5
SKU-0017596,SUP-000077,True,
SKU-0017597,SUP-000013,True,7.21
SKU-0017597,SUP-000253,False,6.43
SKU-0017597,SUP-000127,False,6.67
SKU-0017598,SUP-000247,True,5.81
SKU-0017599,SUP-000411,True,27.79
SKU-0017600,SUP-000010,True,193.42
SKU-0017601,SUP-000121,True,111.82
SKU-0017602,SUP-000306,True,5.65
SKU-0017602,SUP-000099,False,4.98
SKU-0017603,SUP-000419,True,15.57
SKU-0017604,SUP-000154,True,8.07
SKU-0017605,SUP-000050,True,47.55
SKU-0017605,SUP-000447,False,43.52
SKU-0017606,SUP-000130,True,5.29
SKU-0017607,SUP-000126,True,3.35
SKU-0017608,SUP-000083,True,15.29
SKU-0017608,SUP-000001,False,16.04
SKU-0017609,SUP-000168,True,3.09
SKU-0017610,SUP-000252,True,61.13
SKU-0017611,SUP-000127,True,7.67
SKU-0017612,SUP-000372,True,10.53
SKU-0017613,SUP-000142,True,7.73
SKU-0017614,SUP-000376,True,449.25
SKU-0017614,SUP-000056,False,455.05
SKU-0017614,SUP-000029,False,415.61
SKU-0017615,SUP-000027,True,20.52
SKU-0017616,SUP-000270,True,7.9
SKU-0017617,SUP-000173,True,11.86
SKU-0017618,SUP-000416,True,3.62
SKU-0017618,SUP-000412,False,4.37
SKU-0017619,SUP-000324,True,2.55
SKU-0017619,SUP-000092,False,2.49
SKU-0017620,SUP-000149,True,20.55
SKU-0017621,SUP-000259,True,61.5
SKU-0017622,SUP-000429,True,2.39
SKU-0017622,SUP-000076,False,2.11
SKU-0017623,SUP-000449,True,31.9
SKU-0017624,SUP-000221,True,150.69
SKU-0017625,SUP-000332,True,10.83
SKU-0017625,SUP-000122,False,10.6
SKU-0017626,SUP-000079,True,
SKU-0017627,SUP-000079,True,30.32
SKU-0017627,SUP-000186,False,29.26
SKU-0017628,SUP-000034,True,10.05
SKU-0017629,SUP-000372,True,3.57
SKU-0017630,SUP-000072,True,101.68
SKU-0017631,SUP-000448,True,0.96
SKU-0017632,SUP-000352,True,86.11
SKU-0017633,SUP-000360,True,5.67
SKU-0017633,SUP-000359,False,4.41
SKU-0017634,SUP-000227,True,22.34
SKU-0017635,SUP-000037,True,0.41
SKU-0017636,SUP-000204,True,1.75
SKU-0017637,SUP-000325,True,15.27
SKU-0017638,SUP-000172,True,7.85
SKU-0017639,SUP-000062,True,8.64
SKU-0017640,SUP-000176,True,5.83
SKU-0017641,SUP-000382,True,56.77
SKU-0017642,SUP-000032,True,5.09
SKU-0017643,SUP-000412,True,1.12
SKU-0017644,SUP-000381,True,62.36
SKU-0017645,SUP-000180,True,6.3
SKU-0017645,SUP-000090,False,6.67
SKU-0017646,SUP-000166,True,25.76
SKU-0017647,SUP-000160,True,3.07
SKU-0017647,SUP-000078,False,2.95
SKU-0017648,SUP-000427,True,14.95
SKU-0017648,SUP-000235,False,18.1
SKU-0017649,SUP-000421,True,402.24
SKU-0017649,SUP-000326,False,323.46
SKU-0017650,SUP-000028,True,14.8
SKU-0017651,SUP-000235,True,30.0
SKU-0017651,SUP-000184,False,26.77
SKU-0017652,SUP-000269,True,13.09
SKU-0017652,SUP-000441,False,11.07
SKU-0017653,SUP-000371,True,9.59
SKU-0017654,SUP-000302,True,19.49
SKU-0017655,SUP-000219,True,0.78
SKU-0017655,SUP-000040,False,0.78
SKU-0017656,SUP-000175,True,6.26
SKU-0017656,SUP-000074,False,6.64
SKU-0017657,SUP-000360,True,1.14
SKU-0017657,SUP-000438,False,1.4
SKU-0017658,SUP-000039,True,5.48
SKU-0017659,SUP-000163,True,21.23
SKU-0017659,SUP-000351,False,21.08
SKU-0017660,SUP-000139,True,3.35
SKU-0017661,SUP-000048,True,14.42
SKU-0017662,SUP-000219,True,114.0
SKU-0017663,SUP-000272,True,21.05
SKU-0017663,SUP-000018,False,26.04
SKU-0017664,SUP-000232,True,28.28
SKU-0017665,SUP-000081,True,1.98
SKU-0017666,SUP-000127,True,6.13
SKU-0017667,SUP-000401,True,7.96
SKU-0017668,SUP-000219,True,7.76
SKU-0017669,SUP-000043,True,42.2
SKU-0017670,SUP-000419,True,3.83
SKU-0017671,SUP-000164,True,18.05
SKU-0017671,SUP-000383,False,15.71
SKU-0017672,SUP-000281,True,14.85
SKU-0017673,SUP-000424,True,0.43
SKU-0017673,SUP-000273,False,0.44
SKU-0017674,SUP-000358,True,54.13
SKU-0017675,SUP-000027,True,22.93
SKU-0017675,SUP-000317,False,22.99
SKU-0017676,SUP-000107,True,36.0
SKU-0017677,SUP-000301,True,3.23
SKU-0017677,SUP-000062,False,3.62
SKU-0017678,SUP-000176,True,19.97
SKU-0017679,SUP-000347,True,50.81
SKU-0017679,SUP-000041,False,58.87
SKU-0017680,SUP-000224,True,25.12
SKU-0017681,SUP-000114,True,1.92
SKU-0017682,SUP-000123,True,9.91
SKU-0017682,SUP-000278,False,9.14
SKU-0017683,SUP-000334,True,49.69
SKU-0017684,SUP-000150,True,8.85
SKU-0017685,SUP-000373,True,12.53
SKU-0017686,SUP-000021,True,1.09
SKU-0017687,SUP-000225,True,1.85
SKU-0017688,SUP-000313,True,8.8
SKU-0017689,SUP-000340,True,106.65
SKU-0017690,SUP-000139,True,41.93
SKU-0017691,SUP-000064,True,60.96
SKU-0017692,SUP-000035,True,13.23
SKU-0017693,SUP-000046,True,11.1
SKU-0017694,SUP-000273,True,59.38
SKU-0017694,SUP-000060,False,59.36
SKU-0017695,SUP-000316,True,46.46
SKU-0017696,SUP-000403,True,1.6
SKU-0017697,SUP-000379,True,124.7
SKU-0017697,SUP-000225,False,136.98
SKU-0017698,SUP-000346,True,12.02
SKU-0017699,SUP-000190,True,2.31
SKU-0017700,SUP-000293,True,14.41
SKU-0017701,SUP-000396,True,8.7
SKU-0017702,SUP-000409,True,142.5
SKU-0017703,SUP-000422,True,21.08
SKU-0017704,SUP-000133,True,3.28
SKU-0017705,SUP-000214,True,13.2
SKU-0017706,SUP-000131,True,3.26
SKU-0017707,SUP-000371,True,17.16
SKU-0017708,SUP-000273,True,12.75
SKU-0017708,SUP-000152,False,10.75
SKU-0017709,SUP-000138,True,44.98
SKU-0017709,SUP-000268,False,43.44
SKU-0017710,SUP-000352,True,9.65
SKU-0017711,SUP-000045,True,11.62
SKU-0017711,SUP-000171,False,11.22
SKU-0017712,SUP-000446,True,14.05
SKU-0017712,SUP-000123,False,15.98
SKU-0017712,SUP-000306,False,14.88
SKU-0017713,SUP-000401,True,20.01
SKU-0017714,SUP-000356,True,29.14
SKU-0017715,SUP-000177,True,4.09
SKU-0017716,SUP-000085,True,5.91
SKU-0017716,SUP-000445,False,6.08
SKU-0017716,SUP-000288,False,5.59
SKU-0017717,SUP-000297,True,102.16
SKU-0017718,SUP-000202,True,11.19
SKU-0017718,SUP-000370,False,10.32
SKU-0017719,SUP-000326,True,11.69
SKU-0017720,SUP-000227,True,1.18
SKU-0017721,SUP-000199,True,2.59
SKU-0017722,SUP-000229,True,3.93
SKU-0017723,SUP-000308,True,14.76
SKU-0017724,SUP-000437,True,24.73
SKU-0017724,SUP-000217,False,21.84
SKU-0017725,SUP-000296,True,7.58
SKU-0017725,SUP-000124,False,5.88
SKU-0017726,SUP-000382,True,2.22
SKU-0017727,SUP-000239,True,10.19
SKU-0017727,SUP-000361,False,10.7
SKU-0017728,SUP-000121,True,11.33
SKU-0017728,SUP-000033,False,10.55
SKU-0017729,SUP-000147,True,43.96
SKU-0017730,SUP-000396,True,5.8
SKU-0017731,SUP-000252,True,31.68
SKU-0017732,SUP-000056,True,15.03
SKU-0017733,SUP-000003,True,39.81
SKU-0017733,SUP-000438,False,43.31
SKU-0017734,SUP-000396,True,37.3
SKU-0017734,SUP-000165,False,35.52
SKU-0017735,SUP-000261,True,58.18
SKU-0017735,SUP-000245,False,52.39
SKU-0017736,SUP-000219,True,2.22
SKU-0017737,SUP-000131,True,7.76
SKU-0017738,SUP-000346,True,22.91
SKU-0017738,SUP-000149,False,20.63
SKU-0017738,SUP-000060,False,22.27
SKU-0017739,SUP-000101,True,7.03
SKU-0017740,SUP-000384,True,16.97
SKU-0017741,SUP-000248,True,55.39
SKU-0017742,SUP-000152,True,35.46
SKU-0017742,SUP-000038,False,33.97
SKU-0017743,SUP-000391,True,18.05
SKU-0017744,SUP-000166,True,46.28
SKU-0017745,SUP-000376,True,36.23
SKU-0017745,SUP-000391,False,35.39
SKU-0017746,SUP-000074,True,20.08
SKU-0017747,SUP-000176,True,23.68
SKU-0017748,SUP-000046,True,1.75
SKU-0017749,SUP-000304,True,0.37
SKU-0017750,SUP-000359,True,64.43
SKU-0017751,SUP-000155,True,8.91
SKU-0017751,SUP-000125,False,10.79
SKU-0017752,SUP-000192,True,17.45
SKU-0017753,SUP-000111,True,56.61
SKU-0017753,SUP-000175,False,64.88
SKU-0017754,SUP-000110,True,24.68
SKU-0017755,SUP-000393,True,7.18
SKU-0017755,SUP-000001,False,7.07
SKU-0017755,SUP-000384,False,7.65
SKU-0017756,SUP-000440,True,3.42
SKU-0017757,SUP-000028,True,18.53
SKU-0017757,SUP-000147,False,20.31
SKU-0017758,SUP-000280,True,10.9
SKU-0017759,SUP-000275,True,2.53
SKU-0017759,SUP-000307,False,2.14
SKU-0017760,SUP-000202,True,7.49
SKU-0017760,SUP-000374,False,8.56
SKU-0017761,SUP-000168,True,17.27
SKU-0017762,SUP-000314,True,6.26
SKU-0017763,SUP-000090,True,15.96
SKU-0017764,SUP-000379,True,6.38
SKU-0017764,SUP-000444,False,7.46
SKU-0017765,SUP-000131,True,3.21
SKU-0017766,SUP-000234,True,29.78
SKU-0017767,SUP-000445,True,43.38
SKU-0017767,SUP-000022,False,52.16
SKU-0017768,SUP-000291,True,23.36
SKU-0017768,SUP-000439,False,21.25
SKU-0017768,SUP-000200,False,24.56
SKU-0017769,SUP-000281,True,8.57
SKU-0017770,SUP-000088,True,2.23
SKU-0017771,SUP-000305,True,14.15
SKU-0017772,SUP-000439,True,9.5
SKU-0017773,SUP-000303,True,20.54
SKU-0017774,SUP-000322,True,40.85
SKU-0017775,SUP-000160,True,6.68
SKU-0017775,SUP-000298,False,6.47
SKU-0017776,SUP-000410,True,44.15
SKU-0017776,SUP-000387,False,49.35
SKU-0017776,SUP-000041,False,53.11
SKU-0017777,SUP-000388,True,42.91
SKU-0017778,SUP-000421,True,68.98
SKU-0017779,SUP-000228,True,3.41
SKU-0017779,SUP-000423,False,3.91
SKU-0017780,SUP-000058,True,3.62
SKU-0017781,SUP-000078,True,29.14
SKU-0017782,SUP-000172,True,4.74
SKU-0017783,SUP-000002,True,1.24
SKU-0017784,SUP-000049,True,15.55
SKU-0017785,SUP-000244,True,10.51
SKU-0017785,SUP-000415,False,9.76
SKU-0017785,SUP-000083,False,10.68
SKU-0017786,SUP-000333,True,1.19
SKU-0017786,SUP-000262,False,1.07
SKU-0017787,SUP-000346,True,13.45
SKU-0017788,SUP-000184,True,117.72
SKU-0017789,SUP-000421,True,8.55
SKU-0017790,SUP-000244,True,33.39
SKU-0017791,SUP-000046,True,32.99
SKU-0017792,SUP-000434,True,10.73
SKU-0017792,SUP-000317,False,8.47
SKU-0017793,SUP-000379,True,45.89
SKU-0017793,SUP-000325,False,38.6
SKU-0017794,SUP-000415,True,11.84
SKU-0017794,SUP-000264,False,14.99
SKU-0017795,SUP-000198,True,14.94
SKU-0017795,SUP-000442,False,16.16
SKU-0017796,SUP-000206,True,2.85
SKU-0017797,SUP-000408,True,
SKU-0017798,SUP-000069,True,4.58
SKU-0017799,SUP-000002,True,6.66
SKU-0017800,SUP-000264,True,
SKU-0017801,SUP-000071,True,37.79
SKU-0017801,SUP-000413,False,37.98
SKU-0017802,SUP-000385,True,8.18
SKU-0017803,SUP-000434,True,3.08
SKU-0017804,SUP-000037,True,
SKU-0017805,SUP-000107,True,1.14
SKU-0017806,SUP-000090,True,4.23
SKU-0017806,SUP-000103,False,4.84
SKU-0017806,SUP-000036,False,4.62
SKU-0017807,SUP-000181,True,52.04
SKU-0017808,SUP-000258,True,3.81
SKU-0017809,SUP-000091,True,6.42
SKU-0017810,SUP-000093,True,15.85
SKU-0017811,SUP-000416,True,6.18
SKU-0017812,SUP-000386,True,80.13
SKU-0017813,SUP-000088,True,12.5
SKU-0017814,SUP-000360,True,13.91
SKU-0017815,SUP-000220,True,11.64
SKU-0017816,SUP-000035,True,7.99
SKU-0017816,SUP-000316,False,6.53
SKU-0017816,SUP-000442,False,7.85
SKU-0017817,SUP-000298,True,3.17
SKU-0017817,SUP-000387,False,2.95
SKU-0017818,SUP-000229,True,3.81
SKU-0017819,SUP-000287,True,51.2
SKU-0017820,SUP-000333,True,4.31
SKU-0017820,SUP-000234,False,4.9
SKU-0017821,SUP-000383,True,141.99
SKU-0017821,SUP-000276,False,139.9
SKU-0017821,SUP-000165,False,117.27
SKU-0017822,SUP-000150,True,-10.22
SKU-0017823,SUP-000428,True,5.57
SKU-0017824,SUP-000058,True,8.05
SKU-0017825,SUP-000110,True,22.59
SKU-0017826,SUP-000335,True,20.25
SKU-0017827,SUP-000437,True,21.6
SKU-0017828,SUP-000293,True,77.94
SKU-0017829,SUP-000111,True,
SKU-0017830,SUP-000098,True,37.77
SKU-0017830,SUP-000199,False,30.03
SKU-0017831,SUP-000396,True,2.68
SKU-0017831,SUP-000011,False,2.32
SKU-0017832,SUP-000130,True,8.83
SKU-0017832,SUP-000205,False,7.23
SKU-0017833,SUP-000107,True,19.67
SKU-0017834,SUP-000002,True,-37.24
SKU-0017834,SUP-000309,False,-38.66
SKU-0017835,SUP-000420,True,7.2
SKU-0017836,SUP-000336,True,18.2
SKU-0017837,SUP-000080,True,12.45
SKU-0017838,SUP-000327,True,1.52
SKU-0017839,SUP-000444,True,71.95
SKU-0017840,SUP-000009,True,3.71
SKU-0017841,SUP-000294,True,192.51
SKU-0017842,SUP-000201,True,49.95
SKU-0017843,SUP-000028,True,24.81
SKU-0017844,SUP-000268,True,20.21
SKU-0017844,SUP-000403,False,17.89
SKU-0017845,SUP-000033,True,8.61
SKU-0017846,SUP-000269,True,2.49
SKU-0017846,SUP-000191,False,2.49
SKU-0017847,SUP-000078,True,14.08
SKU-0017847,SUP-000179,False,14.59
SKU-0017848,SUP-000393,True,28.68
SKU-0017849,SUP-000379,True,14.82
SKU-0017849,SUP-000132,False,13.87
SKU-0017849,SUP-000170,False,13.33
SKU-0017850,SUP-000429,True,21.47
SKU-0017851,SUP-000435,True,22.04
SKU-0017851,SUP-000229,False,19.36
SKU-0017852,SUP-000432,True,9.46
SKU-0017853,SUP-000292,True,5.83
SKU-0017853,SUP-000028,False,7.33
SKU-0017853,SUP-000303,False,7.07
SKU-0017854,SUP-000429,True,14.1
SKU-0017854,SUP-000123,False,15.16
SKU-0017855,SUP-000184,True,4.28
SKU-0017855,SUP-000319,False,5.17
SKU-0017856,SUP-000169,True,68.99
SKU-0017857,SUP-000039,True,82.38
SKU-0017858,SUP-000437,True,
SKU-0017859,SUP-000195,True,7.55
SKU-0017859,SUP-000016,False,9.06
SKU-0017859,SUP-000292,False,7.66
SKU-0017860,SUP-000253,True,10.72
SKU-0017860,SUP-000151,False,11.46
SKU-0017861,SUP-000215,True,2.07
SKU-0017862,SUP-000291,True,68.66
SKU-0017863,SUP-000304,True,16.35
SKU-0017863,SUP-000368,False,17.44
SKU-0017864,SUP-000003,True,2.91
SKU-0017864,SUP-000381,False,2.55
SKU-0017865,SUP-000076,True,15.48
SKU-0017866,SUP-000292,True,32.36
SKU-0017867,SUP-000145,True,5.09
SKU-0017868,SUP-000149,True,5.23
SKU-0017869,SUP-000174,True,2.08
SKU-0017870,SUP-000254,True,1.6
SKU-0017871,SUP-000401,True,4.85
SKU-0017872,SUP-000009,True,7.2
SKU-0017873,SUP-000395,True,1.07
SKU-0017873,SUP-000183,False,1.18
SKU-0017874,SUP-000286,True,2.78
SKU-0017874,SUP-000049,False,3.11
SKU-0017874,SUP-000432,False,2.58
SKU-0017875,SUP-000033,True,2.95
SKU-0017875,SUP-000415,False,2.96
SKU-0017876,SUP-000400,True,71.67
SKU-0017877,SUP-000277,True,3.34
SKU-0017878,SUP-000417,True,
SKU-0017879,SUP-000346,True,17.94
SKU-0017879,SUP-000237,False,18.87
SKU-0017880,SUP-000221,True,21.66
SKU-0017881,SUP-000447,True,39.48
SKU-0017882,SUP-000339,True,4.68
SKU-0017883,SUP-000026,True,27.25
SKU-0017884,SUP-000065,True,13.34
SKU-0017885,SUP-000185,True,52.23
SKU-0017886,SUP-000143,True,14.68
SKU-0017887,SUP-000310,True,19.58
SKU-0017888,SUP-000433,True,10.75
SKU-0017889,SUP-000304,True,10.97
SKU-0017889,SUP-000424,False,10.53
SKU-0017890,SUP-000142,True,28.25
SKU-0017890,SUP-000404,False,27.43
SKU-0017891,SUP-000440,True,41.95
SKU-0017892,SUP-000364,True,2.4
SKU-0017893,SUP-000355,True,2.07
SKU-0017893,SUP-000420,False,2.63
SKU-0017893,SUP-000043,False,
SKU-0017894,SUP-000022,True,7.38
SKU-0017895,SUP-000257,True,33.52
SKU-0017896,SUP-000444,True,5.45
SKU-0017897,SUP-000116,True,3.73
SKU-0017898,SUP-000411,True,18.57
SKU-0017898,SUP-000001,False,21.6
SKU-0017899,SUP-000139,True,25.65
SKU-0017900,SUP-000448,True,1.81
SKU-0017901,SUP-000346,True,16.1
SKU-0017902,SUP-000014,True,2.81
SKU-0017903,SUP-000303,True,-15.14
SKU-0017903,SUP-000379,False,-15.01
SKU-0017904,SUP-000301,True,14.43
SKU-0017904,SUP-000052,False,12.05
SKU-0017905,SUP-000047,True,10.56
SKU-0017906,SUP-000371,True,36.8
SKU-0017907,SUP-000098,True,14.54
SKU-0017908,SUP-000245,True,120.33
SKU-0017909,SUP-000447,True,17.14
SKU-0017910,SUP-000226,True,3.8
SKU-0017911,SUP-000193,True,0.74
SKU-0017911,SUP-000165,False,0.66
SKU-0017911,SUP-000373,False,0.68
SKU-0017912,SUP-000184,True,89.11
SKU-0017913,SUP-000114,True,36.17
SKU-0017913,SUP-000208,False,27.29
SKU-0017914,SUP-000326,True,113.49
SKU-0017915,SUP-000050,True,39.53
SKU-0017916,SUP-000344,True,4.72
SKU-0017917,SUP-000392,True,25.68
SKU-0017918,SUP-000156,True,12.35
SKU-0017919,SUP-000307,True,8.63
SKU-0017920,SUP-000390,True,14.94
SKU-0017920,SUP-000127,False,15.32
SKU-0017921,SUP-000075,True,58.25
SKU-0017922,SUP-000300,True,150.09
SKU-0017923,SUP-000083,True,5.58
SKU-0017924,SUP-000235,True,31.69
SKU-0017925,SUP-000048,True,4.21
SKU-0017926,SUP-000284,True,0.77
SKU-0017926,SUP-000120,False,0.76
SKU-0017926,SUP-000249,False,0.79
SKU-0017927,SUP-000097,True,27.22
SKU-0017927,SUP-000327,False,23.14
SKU-0017927,SUP-000372,False,26.03
SKU-0017928,SUP-000024,True,28.62
SKU-0017928,SUP-000426,False,27.1
SKU-0017929,SUP-000309,True,2.44
SKU-0017929,SUP-000071,False,2.55
SKU-0017930,SUP-000347,True,7.64
SKU-0017930,SUP-000017,False,6.75
SKU-0017931,SUP-000036,True,75.85
SKU-0017931,SUP-000272,False,73.35
SKU-0017932,SUP-000050,True,3.66
SKU-0017932,SUP-000340,False,3.61
SKU-0017932,SUP-000200,False,4.49
SKU-0017933,SUP-000405,True,8.26
SKU-0017934,SUP-000021,True,35.97
SKU-0017935,SUP-000446,True,1.45
SKU-0017936,SUP-000366,True,13.16
SKU-0017937,SUP-000243,True,34.43
SKU-0017938,SUP-000298,True,2.14
SKU-0017939,SUP-000262,True,2.11
SKU-0017940,SUP-000005,True,7.48
SKU-0017940,SUP-000202,False,9.31
SKU-0017941,SUP-000382,True,2.79
SKU-0017941,SUP-000095,False,3.02
SKU-0017942,SUP-000077,True,27.81
SKU-0017943,SUP-000073,True,21.86
SKU-0017943,SUP-000400,False,21.42
SKU-0017944,SUP-000421,True,43.62
SKU-0017944,SUP-000338,False,40.42
SKU-0017945,SUP-000086,True,7.31
SKU-0017946,SUP-000284,True,
SKU-0017947,SUP-000136,True,2.4
SKU-0017948,SUP-000061,True,1.11
SKU-0017949,SUP-000096,True,1.22
SKU-0017949,SUP-000413,False,1.04
SKU-0017950,SUP-000026,True,86.07
SKU-0017950,SUP-000003,False,81.23
SKU-0017951,SUP-000076,True,26.83
SKU-0017951,SUP-000174,False,30.09
SKU-0017952,SUP-000418,True,1.0
SKU-0017953,SUP-000003,True,22.55
SKU-0017954,SUP-000343,True,2.05
SKU-0017955,SUP-000303,True,13.08
SKU-0017956,SUP-000149,True,
SKU-0017957,SUP-000335,True,0.48
SKU-0017958,SUP-000362,True,25.63
SKU-0017959,SUP-000376,True,6.24
SKU-0017960,SUP-000285,True,146.63
SKU-0017960,SUP-000370,False,174.45
SKU-0017961,SUP-000430,True,2.67
SKU-0017961,SUP-000220,False,2.41
SKU-0017962,SUP-000430,True,104.42
SKU-0017963,SUP-000449,True,0.42
SKU-0017963,SUP-000115,False,0.47
SKU-0017964,SUP-000399,True,19.79
SKU-0017964,SUP-000330,False,21.91
SKU-0017965,SUP-000310,True,11.63
SKU-0017966,SUP-000449,True,17.51
SKU-0017966,SUP-000024,False,16.84
SKU-0017967,SUP-000083,True,1.04
SKU-0017968,SUP-000409,True,63.64
SKU-0017969,SUP-000297,True,2.89
SKU-0017970,SUP-000437,True,2.81
SKU-0017971,SUP-000111,True,11.28
SKU-0017971,SUP-000239,False,13.65
SKU-0017972,SUP-000031,True,3.6
SKU-0017973,SUP-000077,True,18.93
SKU-0017973,SUP-000356,False,16.64
SKU-0017974,SUP-000015,True,9.02
SKU-0017975,SUP-000259,True,77.81
SKU-0017975,SUP-000163,False,72.69
SKU-0017976,SUP-000019,True,12.94
SKU-0017976,SUP-000316,False,17.07
SKU-0017977,SUP-000352,True,1.44
SKU-0017978,SUP-000132,True,10.69
SKU-0017978,SUP-000194,False,10.24
SKU-0017979,SUP-000034,True,4.84
SKU-0017980,SUP-000379,True,5.79
SKU-0017980,SUP-000218,False,5.83
SKU-0017980,SUP-000410,False,6.34
SKU-0017981,SUP-000182,True,63.94
SKU-0017982,SUP-000380,True,9.98
SKU-0017983,SUP-000014,True,173.2
SKU-0017983,SUP-000068,False,164.2
SKU-0017984,SUP-000130,True,9.99
SKU-0017984,SUP-000179,False,10.08
SKU-0017985,SUP-000111,True,6.0
SKU-0017985,SUP-000405,False,5.78
SKU-0017986,SUP-000122,True,29.12
SKU-0017987,SUP-000392,True,37.05
SKU-0017988,SUP-000085,True,0.48
SKU-0017988,SUP-000037,False,0.4
SKU-0017989,SUP-000407,True,48.99
SKU-0017990,SUP-000259,True,1.6
SKU-0017990,SUP-000347,False,1.66
SKU-0017991,SUP-000204,True,119.47
SKU-0017992,SUP-000401,True,8.53
SKU-0017993,SUP-000189,True,5.43
SKU-0017994,SUP-000270,True,14.61
SKU-0017995,SUP-000021,True,29.67
SKU-0017995,SUP-000124,False,31.66
SKU-0017996,SUP-000119,True,4.03
SKU-0017997,SUP-000431,True,44.38
SKU-0017997,SUP-000136,False,49.57
SKU-0017998,SUP-000047,True,20.46
SKU-0017998,SUP-000291,False,19.53
SKU-0017998,SUP-000135,False,17.93
SKU-0017999,SUP-000346,True,1.86
SKU-0018000,SUP-000160,True,8.93
SKU-0018000,SUP-000179,False,8.47
SKU-0018001,SUP-000176,True,59.71
SKU-0018002,SUP-000312,True,0.7
SKU-0018002,SUP-000174,False,0.66
SKU-0018003,SUP-000349,True,16.17
SKU-0018004,SUP-000086,True,74.96
SKU-0018005,SUP-000298,True,14.98
SKU-0018006,SUP-000414,True,56.89
SKU-0018006,SUP-000166,False,
SKU-0018007,SUP-000306,True,87.12
SKU-0018008,SUP-000401,True,7.09
SKU-0018009,SUP-000380,True,13.8
SKU-0018010,SUP-000098,True,39.45
SKU-0018011,SUP-000045,True,22.16
SKU-0018012,SUP-000186,True,10.09
SKU-0018013,SUP-000039,True,4.92
SKU-0018014,SUP-000213,True,0.44
SKU-0018015,SUP-000333,True,15.09
SKU-0018016,SUP-000293,True,9.22
SKU-0018017,SUP-000123,True,5.02
SKU-0018018,SUP-000443,True,0.9
SKU-0018018,SUP-000286,False,0.77
SKU-0018019,SUP-000127,True,3.42
SKU-0018020,SUP-000267,True,2.62
SKU-0018021,SUP-000010,True,34.24
SKU-0018021,SUP-000378,False,32.05
SKU-0018022,SUP-000016,True,
SKU-0018022,SUP-000188,False,56.78
SKU-0018022,SUP-000217,False,59.26
SKU-0018023,SUP-000408,True,4.09
SKU-0018024,SUP-000292,True,7.88
SKU-0018024,SUP-000258,False,7.19
SKU-0018025,SUP-000336,True,17.39
SKU-0018026,SUP-000301,True,17.08
SKU-0018027,SUP-000112,True,12.08
SKU-0018028,SUP-000409,True,64.05
SKU-0018029,SUP-000028,True,3.62
SKU-0018030,SUP-000329,True,10.26
SKU-0018031,SUP-000366,True,12.78
SKU-0018031,SUP-000037,False,13.16
SKU-0018032,SUP-000423,True,1.61
SKU-0018033,SUP-000273,True,9.71
SKU-0018034,SUP-000278,True,0.7
SKU-0018034,SUP-000251,False,0.72
SKU-0018035,SUP-000327,True,7.8
SKU-0018036,SUP-000384,True,11.42
SKU-0018037,SUP-000045,True,10.39
SKU-0018038,SUP-000218,True,13.84
SKU-0018038,SUP-000091,False,12.14
SKU-0018039,SUP-000305,True,11.92
SKU-0018040,SUP-000035,True,83.35
SKU-0018041,SUP-000059,True,40.84
SKU-0018041,SUP-000004,False,30.98
SKU-0018042,SUP-000244,True,9.44
SKU-0018043,SUP-000137,True,48.54
SKU-0018043,SUP-000374,False,46.3
SKU-0018044,SUP-000059,True,3.43
SKU-0018045,SUP-000265,True,2.52
SKU-0018046,SUP-000011,True,190.59
SKU-0018047,SUP-000166,True,9.75
SKU-0018048,SUP-000422,True,10.92
SKU-0018048,SUP-000338,False,13.91
SKU-0018048,SUP-000405,False,12.98
SKU-0018049,SUP-000381,True,153.36
SKU-0018050,SUP-000327,True,41.99
SKU-0018051,SUP-000161,True,10.97
SKU-0018052,SUP-000092,True,30.93
SKU-0018052,SUP-000289,False,28.62
SKU-0018052,SUP-000244,False,34.46
SKU-0018053,SUP-000183,True,6.55
SKU-0018054,SUP-000093,True,25.22
SKU-0018054,SUP-000088,False,27.23
SKU-0018055,SUP-000070,True,6.58
SKU-0018056,SUP-000202,True,6.11
SKU-0018057,SUP-000327,True,2.93
SKU-0018058,SUP-000051,True,15.43
SKU-0018058,SUP-000203,False,15.83
SKU-0018059,SUP-000231,True,7.63
SKU-0018060,SUP-000203,True,81.69
SKU-0018061,SUP-000125,True,5.16
SKU-0018062,SUP-000318,True,40.91
SKU-0018062,SUP-000378,False,38.68
SKU-0018063,SUP-000086,True,3.37
SKU-0018064,SUP-000398,True,26.51
SKU-0018065,SUP-000008,True,30.59
SKU-0018066,SUP-000169,True,11.25
SKU-0018067,SUP-000238,True,0.35
SKU-0018068,SUP-000108,True,3.15
SKU-0018068,SUP-000337,False,2.47
SKU-0018069,SUP-000377,True,4.14
SKU-0018069,SUP-000178,False,3.28
SKU-0018070,SUP-000232,True,17.96
SKU-0018071,SUP-000094,True,42.94
SKU-0018071,SUP-000260,False,40.43
SKU-0018072,SUP-000442,True,4.51
SKU-0018072,SUP-000049,False,4.55
SKU-0018073,SUP-000199,True,55.6
SKU-0018074,SUP-000430,True,7.41
SKU-0018075,SUP-000149,True,
SKU-0018075,SUP-000076,False,11.23
SKU-0018076,SUP-000042,True,108.04
SKU-0018077,SUP-000060,True,3.13
SKU-0018078,SUP-000318,True,
SKU-0018079,SUP-000416,True,6.8
SKU-0018080,SUP-000377,True,12.81
SKU-0018081,SUP-000023,True,38.85
SKU-0018081,SUP-000305,False,40.51
SKU-0018082,SUP-000184,True,8.25
SKU-0018083,SUP-000225,True,1.6
SKU-0018084,SUP-000215,True,29.76
SKU-0018085,SUP-000074,True,1.38
SKU-0018086,SUP-000249,True,10.87
SKU-0018086,SUP-000411,False,10.7
SKU-0018086,SUP-000424,False,10.34
SKU-0018087,SUP-000430,True,11.18
SKU-0018088,SUP-000177,True,14.1
SKU-0018089,SUP-000423,True,26.17
SKU-0018090,SUP-000297,True,15.85
SKU-0018091,SUP-000211,True,2.76
SKU-0018092,SUP-000211,True,3.43
SKU-0018093,SUP-000199,True,3.59
SKU-0018094,SUP-000441,True,1.0
SKU-0018094,SUP-000066,False,0.97
SKU-0018095,SUP-000200,True,101.02
SKU-0018095,SUP-000126,False,92.02
SKU-0018096,SUP-000400,True,9.55
SKU-0018097,SUP-000195,True,11.8
SKU-0018098,SUP-000320,True,16.35
SKU-0018099,SUP-000173,True,24.78
SKU-0018100,SUP-000138,True,4.42
SKU-0018100,SUP-000444,False,4.15
SKU-0018101,SUP-000359,True,22.96
SKU-0018102,SUP-000324,True,32.0
SKU-0018102,SUP-000010,False,28.31
SKU-0018103,SUP-000168,True,17.18
SKU-0018104,SUP-000355,True,15.01
SKU-0018105,SUP-000050,True,0.4
SKU-0018106,SUP-000061,True,
SKU-0018106,SUP-000251,False,15.25
SKU-0018107,SUP-000436,True,30.29
SKU-0018108,SUP-000449,True,5.34
SKU-0018109,SUP-000316,True,4.14
SKU-0018110,SUP-000240,True,-50.06
SKU-0018111,SUP-000370,True,37.71
SKU-0018112,SUP-000104,True,3.9
SKU-0018113,SUP-000162,True,7.1
SKU-0018114,SUP-000306,True,32.03
SKU-0018115,SUP-000448,True,1.43
SKU-0018115,SUP-000181,False,1.41
SKU-0018116,SUP-000280,True,38.33
SKU-0018117,SUP-000414,True,13.45
SKU-0018118,SUP-000035,True,2.82
SKU-0018118,SUP-000104,False,2.67
SKU-0018118,SUP-000329,False,2.57
SKU-0018119,SUP-000442,True,8.85
SKU-0018120,SUP-000360,True,14.39
SKU-0018121,SUP-000268,True,0.81
SKU-0018122,SUP-000322,True,27.42
SKU-0018123,SUP-000311,True,73.86
SKU-0018124,SUP-000240,True,33.31
SKU-0018125,SUP-000186,True,27.97
SKU-0018126,SUP-000349,True,28.5
SKU-0018127,SUP-000244,True,15.32
SKU-0018128,SUP-000383,True,12.6
SKU-0018129,SUP-000148,True,18.81
SKU-0018130,SUP-000034,True,2.48
SKU-0018131,SUP-000076,True,3.34
SKU-0018131,SUP-000406,False,2.84
SKU-0018132,SUP-000164,True,21.09
SKU-0018133,SUP-000098,True,7.36
SKU-0018133,SUP-000251,False,7.02
SKU-0018134,SUP-000368,True,72.19
SKU-0018135,SUP-000090,True,10.47
SKU-0018136,SUP-000345,True,4.38
SKU-0018137,SUP-000381,True,27.92
SKU-0018138,SUP-000050,True,7.16
SKU-0018139,SUP-000246,True,6.07
SKU-0018139,SUP-000239,False,5.58
SKU-0018139,SUP-000319,False,5.75
SKU-0018140,SUP-000128,True,1.49
SKU-0018141,SUP-000096,True,11.16
SKU-0018142,SUP-000135,True,18.5
SKU-0018143,SUP-000173,True,11.69
SKU-0018144,SUP-000072,True,0.94
SKU-0018144,SUP-000218,False,1.02
SKU-0018145,SUP-000353,True,6.24
SKU-0018146,SUP-000392,True,7.53
SKU-0018146,SUP-000308,False,8.72
SKU-0018147,SUP-000103,True,9.81
SKU-0018148,SUP-000075,True,0.68
SKU-0018149,SUP-000055,True,5.23
SKU-0018149,SUP-000069,False,4.6
SKU-0018150,SUP-000090,True,9.09
SKU-0018150,SUP-000390,False,10.85
SKU-0018151,SUP-000113,True,11.33
SKU-0018151,SUP-000127,False,10.66
SKU-0018152,SUP-000204,True,2.09
SKU-0018152,SUP-000049,False,1.99
SKU-0018153,SUP-000143,True,15.15
SKU-0018153,SUP-000130,False,
SKU-0018154,SUP-000387,True,7.94
SKU-0018154,SUP-000049,False,8.42
SKU-0018155,SUP-000031,True,3.74
SKU-0018156,SUP-000041,True,6.27
SKU-0018157,SUP-000234,True,23.73
SKU-0018158,SUP-000259,True,16.48
SKU-0018159,SUP-000106,True,15.16
SKU-0018159,SUP-000064,False,14.68
SKU-0018160,SUP-000380,True,5.31
SKU-0018160,SUP-000227,False,4.4
SKU-0018161,SUP-000280,True,
SKU-0018162,SUP-000312,True,7.33
SKU-0018163,SUP-000284,True,9.98
SKU-0018164,SUP-000226,True,2.23
SKU-0018165,SUP-000135,True,13.23
SKU-0018165,SUP-000071,False,17.67
SKU-0018166,SUP-000203,True,18.57
SKU-0018167,SUP-000074,True,30.84
SKU-0018168,SUP-000306,True,10.46
SKU-0018169,SUP-000107,True,13.02
SKU-0018170,SUP-000329,True,7.51
SKU-0018171,SUP-000015,True,6.32
SKU-0018172,SUP-000120,True,124.11
SKU-0018173,SUP-000307,True,2.38
SKU-0018174,SUP-000175,True,0.45
SKU-0018175,SUP-000150,True,98.76
SKU-0018176,SUP-000298,True,1.83
SKU-0018176,SUP-000094,False,1.86
SKU-0018177,SUP-000228,True,1.86
SKU-0018177,SUP-000418,False,1.64
SKU-0018178,SUP-000406,True,3.95
SKU-0018179,SUP-000429,True,56.65
SKU-0018180,SUP-000283,True,3.5
SKU-0018181,SUP-000245,True,8.11
SKU-0018182,SUP-000159,True,22.03
SKU-0018183,SUP-000151,True,24.14
SKU-0018184,SUP-000225,True,1.98
SKU-0018184,SUP-000235,False,1.67
SKU-0018185,SUP-000155,True,1.9
SKU-0018185,SUP-000108,False,1.94
SKU-0018185,SUP-000223,False,1.9
SKU-0018186,SUP-000259,True,12.42
SKU-0018187,SUP-000072,True,28.29
SKU-0018187,SUP-000038,False,26.62
SKU-0018188,SUP-000360,True,0.54
SKU-0018189,SUP-000157,True,3.88
SKU-0018190,SUP-000225,True,6.01
SKU-0018191,SUP-000346,True,5.14
SKU-0018192,SUP-000141,True,
SKU-0018193,SUP-000348,True,6.34
SKU-0018194,SUP-000413,True,42.09
SKU-0018195,SUP-000299,True,38.37
SKU-0018196,SUP-000297,True,42.54
SKU-0018196,SUP-000117,False,43.97
SKU-0018197,SUP-000125,True,6.77
SKU-0018197,SUP-000193,False,6.97
SKU-0018198,SUP-000360,True,1.24
SKU-0018199,SUP-000274,True,12.63
SKU-0018199,SUP-000395,False,14.06
SKU-0018200,SUP-000117,True,18.1
SKU-0018201,SUP-000227,True,14.41
SKU-0018202,SUP-000237,True,4.94
SKU-0018203,SUP-000127,True,7.11
SKU-0018204,SUP-000035,True,40.89
SKU-0018205,SUP-000016,True,29.17
SKU-0018205,SUP-000061,False,28.24
SKU-0018206,SUP-000008,True,42.7
SKU-0018207,SUP-000370,True,131.58
SKU-0018208,SUP-000346,True,2.8
SKU-0018208,SUP-000110,False,2.55
SKU-0018209,SUP-000103,True,15.35
SKU-0018209,SUP-000005,False,16.56
SKU-0018209,SUP-000019,False,14.2
SKU-0018210,SUP-000272,True,9.89
SKU-0018211,SUP-000271,True,191.2
SKU-0018212,SUP-000374,True,21.05
SKU-0018212,SUP-000025,False,17.76
SKU-0018213,SUP-000076,True,41.74
SKU-0018214,SUP-000068,True,2.15
SKU-0018215,SUP-000409,True,12.56
SKU-0018216,SUP-000397,True,31.97
SKU-0018217,SUP-000145,True,8.35
SKU-0018218,SUP-000342,True,17.22
SKU-0018218,SUP-000186,False,14.12
SKU-0018219,SUP-000280,True,7.23
SKU-0018219,SUP-000387,False,6.26
SKU-0018220,SUP-000321,True,38.43
SKU-0018220,SUP-000418,False,40.65
SKU-0018221,SUP-000055,True,1.39
SKU-0018221,SUP-000295,False,1.43
SKU-0018222,SUP-000204,True,0.46
SKU-0018223,SUP-000450,True,1.13
SKU-0018224,SUP-000085,True,1.8
SKU-0018225,SUP-000299,True,6.35
SKU-0018226,SUP-000381,True,81.02
SKU-0018226,SUP-000147,False,84.62
SKU-0018226,SUP-000410,False,79.73
SKU-0018227,SUP-000065,True,27.89
SKU-0018227,SUP-000189,False,28.7
SKU-0018227,SUP-000233,False,
SKU-0018228,SUP-000048,True,37.77
SKU-0018229,SUP-000297,True,0.47
SKU-0018230,SUP-000372,True,112.56
SKU-0018231,SUP-000305,True,8.16
SKU-0018231,SUP-000157,False,8.27
SKU-0018232,SUP-000305,True,2.13
SKU-0018233,SUP-000050,True,28.48
SKU-0018234,SUP-000389,True,58.69
SKU-0018235,SUP-000139,True,9.03
SKU-0018235,SUP-000245,False,7.2
SKU-0018236,SUP-000179,True,4.24
SKU-0018237,SUP-000021,True,10.09
SKU-0018237,SUP-000101,False,12.7
SKU-0018238,SUP-000234,True,0.55
SKU-0018239,SUP-000076,True,1.82
SKU-0018239,SUP-000272,False,1.72
SKU-0018239,SUP-000001,False,1.8
SKU-0018240,SUP-000405,True,16.57
SKU-0018241,SUP-000230,True,21.82
SKU-0018241,SUP-000058,False,27.25
SKU-0018242,SUP-000093,True,7.05
SKU-0018243,SUP-000081,True,2.76
SKU-0018244,SUP-000427,True,32.95
SKU-0018245,SUP-000337,True,13.11
SKU-0018245,SUP-000334,False,14.67
SKU-0018246,SUP-000088,True,2.83
SKU-0018246,SUP-000167,False,3.03
SKU-0018247,SUP-000174,True,24.44
SKU-0018248,SUP-000288,True,4.83
SKU-0018248,SUP-000398,False,5.63
SKU-0018249,SUP-000084,True,10.99
SKU-0018249,SUP-000199,False,11.41
SKU-0018250,SUP-000116,True,14.82
SKU-0018251,SUP-000371,True,1.45
SKU-0018252,SUP-000137,True,33.64
SKU-0018252,SUP-000150,False,37.4
SKU-0018253,SUP-000188,True,2.56
SKU-0018254,SUP-000285,True,43.67
SKU-0018254,SUP-000188,False,38.42
SKU-0018255,SUP-000255,True,23.04
SKU-0018255,SUP-000341,False,23.63
SKU-0018256,SUP-000186,True,21.26
SKU-0018256,SUP-000164,False,20.76
SKU-0018257,SUP-000009,True,1.21
SKU-0018258,SUP-000044,True,16.72
SKU-0018258,SUP-000058,False,16.36
SKU-0018259,SUP-000139,True,6.96
SKU-0018260,SUP-000236,True,13.37
SKU-0018261,SUP-000379,True,0.98
SKU-0018262,SUP-000010,True,12.09
SKU-0018263,SUP-000334,True,
SKU-0018264,SUP-000076,True,18.71
SKU-0018265,SUP-000448,True,21.69
SKU-0018265,SUP-000343,False,24.69
SKU-0018266,SUP-000320,True,2.13
SKU-0018266,SUP-000180,False,2.05
SKU-0018267,SUP-000161,True,
SKU-0018267,SUP-000261,False,4.59
SKU-0018268,SUP-000164,True,2.1
SKU-0018269,SUP-000247,True,
SKU-0018269,SUP-000112,False,1.9
SKU-0018269,SUP-000449,False,2.42
SKU-0018270,SUP-000423,True,6.27
SKU-0018271,SUP-000180,True,28.16
SKU-0018272,SUP-000198,True,17.73
SKU-0018273,SUP-000360,True,1.3
SKU-0018273,SUP-000287,False,1.27
SKU-0018274,SUP-000432,True,7.08
SKU-0018275,SUP-000232,True,2.01
SKU-0018276,SUP-000247,True,9.9
SKU-0018277,SUP-000373,True,21.99
SKU-0018278,SUP-000338,True,58.94
SKU-0018278,SUP-000364,False,57.88
SKU-0018279,SUP-000221,True,52.62
SKU-0018280,SUP-000020,True,2.09
SKU-0018281,SUP-000026,True,15.13
SKU-0018281,SUP-000428,False,15.41
SKU-0018282,SUP-000272,True,36.18
SKU-0018283,SUP-000431,True,0.92
SKU-0018284,SUP-000241,True,25.1
SKU-0018285,SUP-000168,True,10.02
SKU-0018286,SUP-000132,True,124.03
SKU-0018287,SUP-000088,True,6.7
SKU-0018288,SUP-000395,True,5.0
SKU-0018289,SUP-000096,True,14.19
SKU-0018290,SUP-000011,True,0.8
SKU-0018291,SUP-000270,True,12.93
SKU-0018292,SUP-000313,True,2.44
SKU-0018293,SUP-000228,True,1.88
SKU-0018294,SUP-000386,True,26.01
SKU-0018294,SUP-000088,False,25.89
SKU-0018295,SUP-000409,True,30.33
SKU-0018296,SUP-000089,True,1.2
SKU-0018297,SUP-000376,True,29.72
SKU-0018298,SUP-000200,True,16.92
SKU-0018298,SUP-000321,False,21.19
SKU-0018298,SUP-000060,False,17.63
SKU-0018299,SUP-000231,True,19.16
SKU-0018300,SUP-000117,True,1.37
SKU-0018300,SUP-000392,False,1.25
SKU-0018301,SUP-000415,True,9.06
SKU-0018301,SUP-000333,False,9.19
SKU-0018302,SUP-000123,True,11.43
SKU-0018303,SUP-000316,True,6.62
SKU-0018304,SUP-000007,True,2.63
SKU-0018305,SUP-000405,True,4.11
SKU-0018306,SUP-000272,True,45.75
SKU-0018307,SUP-000283,True,32.13
SKU-0018308,SUP-000307,True,4.66
SKU-0018309,SUP-000333,True,4.51
SKU-0018310,SUP-000331,True,0.59
SKU-0018311,SUP-000249,True,28.73
SKU-0018312,SUP-000002,True,23.42
SKU-0018313,SUP-000449,True,40.78
SKU-0018314,SUP-000052,True,5.29
SKU-0018315,SUP-000001,True,5.1
SKU-0018315,SUP-000153,False,4.44
SKU-0018316,SUP-000132,True,10.24
SKU-0018317,SUP-000397,True,4.01
SKU-0018317,SUP-000273,False,3.37
SKU-0018318,SUP-000163,True,21.87
SKU-0018319,SUP-000228,True,6.71
SKU-0018320,SUP-000316,True,25.38
SKU-0018321,SUP-000200,True,18.01
SKU-0018321,SUP-000153,False,19.36
SKU-0018322,SUP-000008,True,4.84
SKU-0018323,SUP-000069,True,1.82
SKU-0018323,SUP-000035,False,1.99
SKU-0018324,SUP-000151,True,42.7
SKU-0018325,SUP-000130,True,5.23
SKU-0018325,SUP-000025,False,4.72
SKU-0018326,SUP-000326,True,3.36
SKU-0018326,SUP-000040,False,3.65
SKU-0018327,SUP-000319,True,4.71
SKU-0018327,SUP-000272,False,5.25
SKU-0018328,SUP-000447,True,23.56
SKU-0018329,SUP-000250,True,160.2
SKU-0018329,SUP-000210,False,147.91
SKU-0018330,SUP-000217,True,154.74
SKU-0018330,SUP-000363,False,152.83
SKU-0018331,SUP-000386,True,88.56
SKU-0018331,SUP-000277,False,88.83
SKU-0018332,SUP-000005,True,1.72
SKU-0018333,SUP-000317,True,4.08
SKU-0018333,SUP-000312,False,3.31
SKU-0018334,SUP-000394,True,11.91
SKU-0018335,SUP-000142,True,0.76
SKU-0018335,SUP-000229,False,0.71
SKU-0018336,SUP-000244,True,5.44
SKU-0018337,SUP-000402,True,5.65
SKU-0018338,SUP-000005,True,19.46
SKU-0018338,SUP-000423,False,20.27
SKU-0018339,SUP-000365,True,18.33
SKU-0018340,SUP-000135,True,7.68
SKU-0018340,SUP-000162,False,6.53
SKU-0018341,SUP-000440,True,65.95
SKU-0018341,SUP-000136,False,85.93
SKU-0018341,SUP-000325,False,70.78
SKU-0018342,SUP-000133,True,16.54
SKU-0018343,SUP-000271,True,86.05
SKU-0018344,SUP-000121,True,14.67
SKU-0018344,SUP-000180,False,11.54
SKU-0018345,SUP-000217,True,10.31
SKU-0018345,SUP-000011,False,13.62
SKU-0018346,SUP-000050,True,1.29
SKU-0018346,SUP-000310,False,1.26
SKU-0018347,SUP-000360,True,8.53
SKU-0018348,SUP-000363,True,2.9
SKU-0018349,SUP-000447,True,34.94
SKU-0018350,SUP-000387,True,3.51
SKU-0018351,SUP-000193,True,31.91
SKU-0018352,SUP-000411,True,23.82
SKU-0018353,SUP-000163,True,77.47
SKU-0018354,SUP-000175,True,10.11
SKU-0018355,SUP-000190,True,2.27
SKU-0018355,SUP-000074,False,2.91
SKU-0018356,SUP-000053,True,125.63
SKU-0018357,SUP-000356,True,
SKU-0018357,SUP-000357,False,6.83
SKU-0018358,SUP-000187,True,2.7
SKU-0018358,SUP-000121,False,3.18
SKU-0018359,SUP-000118,True,11.65
SKU-0018359,SUP-000174,False,9.73
SKU-0018359,SUP-000142,False,12.23
SKU-0018360,SUP-000083,True,2.8
SKU-0018361,SUP-000015,True,15.61
SKU-0018362,SUP-000034,True,19.16
SKU-0018363,SUP-000288,True,
SKU-0018364,SUP-000135,True,12.97
SKU-0018364,SUP-000367,False,12.63
SKU-0018365,SUP-000445,True,1.38
SKU-0018365,SUP-000329,False,1.39
SKU-0018366,SUP-000329,True,14.74
SKU-0018367,SUP-000175,True,0.98
SKU-0018368,SUP-000283,True,15.78
SKU-0018369,SUP-000125,True,9.4
SKU-0018370,SUP-000231,True,3.13
SKU-0018371,SUP-000388,True,9.11
SKU-0018372,SUP-000104,True,3.46
SKU-0018373,SUP-000092,True,16.66
SKU-0018373,SUP-000322,False,17.38
SKU-0018374,SUP-000292,True,17.03
SKU-0018374,SUP-000309,False,14.91
SKU-0018375,SUP-000275,True,24.2
SKU-0018376,SUP-000337,True,5.3
SKU-0018376,SUP-000013,False,6.58
SKU-0018377,SUP-000429,True,32.81
SKU-0018378,SUP-000195,True,2.08
SKU-0018379,SUP-000073,True,1.16
SKU-0018380,SUP-000283,True,10.77
SKU-0018381,SUP-000394,True,16.76
SKU-0018382,SUP-000424,True,15.0
SKU-0018383,SUP-000144,True,541.27
SKU-0018383,SUP-000440,False,469.9
SKU-0018384,SUP-000281,True,13.55
SKU-0018385,SUP-000113,True,7.12
SKU-0018385,SUP-000360,False,7.73
SKU-0018386,SUP-000394,True,0.36
SKU-0018386,SUP-000194,False,0.42
SKU-0018386,SUP-000106,False,0.37
SKU-0018387,SUP-000314,True,3.3
SKU-0018388,SUP-000335,True,14.55
SKU-0018389,SUP-000305,True,17.56
SKU-0018390,SUP-000439,True,24.74
SKU-0018391,SUP-000405,True,22.07
SKU-0018391,SUP-000061,False,21.36
SKU-0018392,SUP-000158,True,6.75
SKU-0018392,SUP-000018,False,7.39
SKU-0018393,SUP-000110,True,-28.2
SKU-0018394,SUP-000124,True,28.65
SKU-0018394,SUP-000095,False,25.38
SKU-0018394,SUP-000008,False,28.53
SKU-0018395,SUP-000319,True,120.02
SKU-0018395,SUP-000322,False,127.9
SKU-0018396,SUP-000303,True,3.01
SKU-0018396,SUP-000015,False,3.78
SKU-0018397,SUP-000290,True,10.11
SKU-0018398,SUP-000380,True,806.4
SKU-0018398,SUP-000032,False,724.1
SKU-0018399,SUP-000385,True,90.73
SKU-0018399,SUP-000386,False,89.13
SKU-0018400,SUP-000254,True,8.27
SKU-0018401,SUP-000398,True,
SKU-0018402,SUP-000141,True,5.08
SKU-0018402,SUP-000372,False,4.06
SKU-0018403,SUP-000272,True,2.65
SKU-0018403,SUP-000086,False,3.21
SKU-0018404,SUP-000172,True,37.81
SKU-0018404,SUP-000383,False,39.27
SKU-0018405,SUP-000318,True,2.71
SKU-0018405,SUP-000121,False,2.7
SKU-0018406,SUP-000113,True,3.43
SKU-0018407,SUP-000227,True,13.42
SKU-0018407,SUP-000221,False,14.09
SKU-0018408,SUP-000166,True,13.93
SKU-0018409,SUP-000448,True,33.46
SKU-0018410,SUP-000138,True,32.39
SKU-0018411,SUP-000175,True,9.01
SKU-0018412,SUP-000323,True,26.57
SKU-0018412,SUP-000428,False,31.58
SKU-0018413,SUP-000168,True,6.8
SKU-0018413,SUP-000308,False,6.28
SKU-0018414,SUP-000286,True,18.28
SKU-0018415,SUP-000227,True,5.44
SKU-0018416,SUP-000383,True,13.0
SKU-0018417,SUP-000077,True,57.4
SKU-0018418,SUP-000065,True,2.58
SKU-0018419,SUP-000311,True,-23.24
SKU-0018419,SUP-000200,False,-26.69
SKU-0018420,SUP-000139,True,15.72
SKU-0018421,SUP-000008,True,8.71
SKU-0018422,SUP-000433,True,74.88
SKU-0018423,SUP-000169,True,8.31
SKU-0018424,SUP-000395,True,4.74
SKU-0018425,SUP-000402,True,174.28
SKU-0018426,SUP-000029,True,4.5
SKU-0018427,SUP-000064,True,10.49
SKU-0018428,SUP-000392,True,94.39
SKU-0018428,SUP-000181,False,95.92
SKU-0018429,SUP-000295,True,4.91
SKU-0018429,SUP-000202,False,4.85
SKU-0018430,SUP-000255,True,3.59
SKU-0018431,SUP-000204,True,12.35
SKU-0018432,SUP-000442,True,49.26
SKU-0018433,SUP-000174,True,4.48
SKU-0018434,SUP-000174,True,7.58
SKU-0018435,SUP-000373,True,6.96
SKU-0018436,SUP-000422,True,28.17
SKU-0018437,SUP-000010,True,67.71
SKU-0018437,SUP-000008,False,61.41
SKU-0018438,SUP-000275,True,7.67
SKU-0018438,SUP-000025,False,8.2
SKU-0018439,SUP-000356,True,12.7
SKU-0018439,SUP-000310,False,14.25
SKU-0018440,SUP-000004,True,17.28
SKU-0018441,SUP-000336,True,161.73
SKU-0018442,SUP-000015,True,
SKU-0018442,SUP-000042,False,6.21
SKU-0018443,SUP-000183,True,4.83
SKU-0018443,SUP-000348,False,4.66
SKU-0018444,SUP-000196,True,6.58
SKU-0018444,SUP-000005,False,8.02
SKU-0018445,SUP-000002,True,1.37
SKU-0018446,SUP-000189,True,6.73
SKU-0018447,SUP-000318,True,2.87
SKU-0018447,SUP-000144,False,3.06
SKU-0018448,SUP-000208,True,103.04
SKU-0018448,SUP-000345,False,106.82
SKU-0018449,SUP-000009,True,8.0
SKU-0018449,SUP-000111,False,6.91
SKU-0018450,SUP-000173,True,4.95
SKU-0018450,SUP-000412,False,3.89
SKU-0018451,SUP-000395,True,102.56
SKU-0018452,SUP-000136,True,13.54
SKU-0018453,SUP-000247,True,74.86
SKU-0018454,SUP-000120,True,44.39
SKU-0018455,SUP-000421,True,231.01
SKU-0018456,SUP-000002,True,7.32
SKU-0018457,SUP-000354,True,18.1
SKU-0018458,SUP-000364,True,343.05
SKU-0018458,SUP-000297,False,333.33
SKU-0018459,SUP-000341,True,8.12
SKU-0018460,SUP-000432,True,18.03
SKU-0018460,SUP-000265,False,
SKU-0018461,SUP-000172,True,11.01
SKU-0018462,SUP-000281,True,1.99
SKU-0018462,SUP-000093,False,1.66
SKU-0018462,SUP-000069,False,2.0
SKU-0018463,SUP-000171,True,3.62
SKU-0018463,SUP-000351,False,3.93
SKU-0018464,SUP-000192,True,45.12
SKU-0018465,SUP-000035,True,2.11
SKU-0018466,SUP-000442,True,11.32
SKU-0018467,SUP-000341,True,91.64
SKU-0018467,SUP-000411,False,92.4
SKU-0018468,SUP-000089,True,13.76
SKU-0018468,SUP-000426,False,12.72
SKU-0018469,SUP-000234,True,1.99
SKU-0018469,SUP-000123,False,1.83
SKU-0018470,SUP-000126,True,15.92
SKU-0018471,SUP-000251,True,13.54
SKU-0018472,SUP-000378,True,14.45
SKU-0018473,SUP-000250,True,51.79
SKU-0018474,SUP-000373,True,4.32
SKU-0018474,SUP-000384,False,3.79
SKU-0018475,SUP-000007,True,17.04
SKU-0018476,SUP-000073,True,13.94
SKU-0018476,SUP-000277,False,17.55
SKU-0018477,SUP-000113,True,11.77
SKU-0018478,SUP-000366,True,9.23
SKU-0018479,SUP-000260,True,31.41
SKU-0018480,SUP-000214,True,0.62
SKU-0018481,SUP-000233,True,3.91
SKU-0018482,SUP-000231,True,24.16
SKU-0018483,SUP-000433,True,17.36
SKU-0018484,SUP-000170,True,14.02
SKU-0018485,SUP-000360,True,4.81
SKU-0018486,SUP-000105,True,3.04
SKU-0018487,SUP-000229,True,12.17
SKU-0018488,SUP-000343,True,4.74
SKU-0018489,SUP-000041,True,8.18
SKU-0018490,SUP-000237,True,39.9
SKU-0018490,SUP-000117,False,35.69
SKU-0018490,SUP-000262,False,
SKU-0018491,SUP-000413,True,13.31
SKU-0018491,SUP-000445,False,14.36
SKU-0018492,SUP-000243,True,0.46
SKU-0018492,SUP-000386,False,
SKU-0018493,SUP-000277,True,0.53
SKU-0018493,SUP-000052,False,0.5
SKU-0018494,SUP-000067,True,1.05
SKU-0018495,SUP-000119,True,9.8
SKU-0018496,SUP-000430,True,1.17
SKU-0018497,SUP-000005,True,6.35
SKU-0018497,SUP-000222,False,5.16
SKU-0018498,SUP-000442,True,7.18
SKU-0018499,SUP-000129,True,20.29
SKU-0018500,SUP-000208,True,15.76
SKU-0018500,SUP-000093,False,17.56
SKU-0018501,SUP-000304,True,22.31
SKU-0018502,SUP-000307,True,116.72
SKU-0018503,SUP-000257,True,36.72
SKU-0018504,SUP-000046,True,7.4
SKU-0018505,SUP-000134,True,25.06
SKU-0018506,SUP-000048,True,59.85
SKU-0018507,SUP-000259,True,2.06
SKU-0018508,SUP-000305,True,28.32
SKU-0018509,SUP-000102,True,8.53
SKU-0018510,SUP-000036,True,4.03
SKU-0018510,SUP-000216,False,4.23
SKU-0018510,SUP-000382,False,3.58
SKU-0018511,SUP-000257,True,5.88
SKU-0018512,SUP-000150,True,31.91
SKU-0018513,SUP-000379,True,30.92
SKU-0018513,SUP-000023,False,32.71
SKU-0018514,SUP-000254,True,9.64
SKU-0018514,SUP-000077,False,7.75
SKU-0018515,SUP-000149,True,1.56
SKU-0018516,SUP-000390,True,9.6
SKU-0018516,SUP-000293,False,8.24
SKU-0018517,SUP-000325,True,4.09
SKU-0018517,SUP-000364,False,3.32
SKU-0018517,SUP-000016,False,3.28
SKU-0018518,SUP-000189,True,
SKU-0018518,SUP-000220,False,8.07
SKU-0018518,SUP-000272,False,7.66
SKU-0018519,SUP-000347,True,43.36
SKU-0018520,SUP-000407,True,4.74
SKU-0018521,SUP-000030,True,3.56
SKU-0018522,SUP-000081,True,16.24
SKU-0018523,SUP-000097,True,6.47
SKU-0018524,SUP-000433,True,60.29
SKU-0018525,SUP-000244,True,21.57
SKU-0018526,SUP-000001,True,6.27
SKU-0018527,SUP-000123,True,30.35
SKU-0018527,SUP-000037,False,31.71
SKU-0018528,SUP-000282,True,6.15
SKU-0018529,SUP-000016,True,100.0
SKU-0018530,SUP-000083,True,20.69
SKU-0018531,SUP-000292,True,69.45
SKU-0018532,SUP-000001,True,4.5
SKU-0018533,SUP-000058,True,3.81
SKU-0018534,SUP-000295,True,7.62
SKU-0018535,SUP-000055,True,23.8
SKU-0018535,SUP-000290,False,23.56
SKU-0018536,SUP-000013,True,4.49
SKU-0018536,SUP-000141,False,4.2
SKU-0018537,SUP-000374,True,73.11
SKU-0018538,SUP-000161,True,7.67
SKU-0018539,SUP-000208,True,2.18
SKU-0018540,SUP-000374,True,20.05
SKU-0018540,SUP-000349,False,20.87
SKU-0018541,SUP-000022,True,17.26
SKU-0018542,SUP-000084,True,14.82
SKU-0018543,SUP-000298,True,7.08
SKU-0018544,SUP-000213,True,0.7
SKU-0018545,SUP-000395,True,1.06
SKU-0018546,SUP-000159,True,5.72
SKU-0018547,SUP-000397,True,47.49
SKU-0018548,SUP-000023,True,0.7
SKU-0018549,SUP-000307,True,12.57
SKU-0018550,SUP-000392,True,4.85
SKU-0018551,SUP-000194,True,52.49
SKU-0018552,SUP-000388,True,28.04
SKU-0018553,SUP-000143,True,2.3
SKU-0018554,SUP-000046,True,44.12
SKU-0018554,SUP-000160,False,43.18
SKU-0018554,SUP-000166,False,42.29
SKU-0018555,SUP-000127,True,10.29
SKU-0018556,SUP-000185,True,215.93
SKU-0018557,SUP-000179,True,5.58
SKU-0018558,SUP-000032,True,6.06
SKU-0018559,SUP-000043,True,5.09
SKU-0018560,SUP-000090,True,1.8
SKU-0018561,SUP-000033,True,64.68
SKU-0018561,SUP-000398,False,65.37
SKU-0018562,SUP-000430,True,12.3
SKU-0018562,SUP-000211,False,13.22
SKU-0018563,SUP-000433,True,162.38
SKU-0018564,SUP-000040,True,30.5
SKU-0018565,SUP-000365,True,4.74
SKU-0018566,SUP-000383,True,10.59
SKU-0018567,SUP-000305,True,13.63
SKU-0018568,SUP-000312,True,47.98
SKU-0018569,SUP-000396,True,98.2
SKU-0018570,SUP-000411,True,8.83
SKU-0018571,SUP-000287,True,1.62
SKU-0018571,SUP-000215,False,1.79
SKU-0018572,SUP-000404,True,38.44
SKU-0018573,SUP-000109,True,16.74
SKU-0018574,SUP-000232,True,14.63
SKU-0018575,SUP-000023,True,5.0
SKU-0018575,SUP-000188,False,4.1
SKU-0018576,SUP-000386,True,1.52
SKU-0018577,SUP-000373,True,69.3
SKU-0018578,SUP-000332,True,21.5
SKU-0018579,SUP-000096,True,19.31
SKU-0018580,SUP-000027,True,8.5
SKU-0018581,SUP-000350,True,9.81
SKU-0018581,SUP-000141,False,8.71
SKU-0018582,SUP-000062,True,15.49
SKU-0018583,SUP-000404,True,3.21
SKU-0018583,SUP-000086,False,3.07
SKU-0018584,SUP-000019,True,11.13
SKU-0018585,SUP-000450,True,2.05
SKU-0018586,SUP-000355,True,264.87
SKU-0018587,SUP-000191,True,4.93
SKU-0018588,SUP-000265,True,7.78
SKU-0018589,SUP-000164,True,20.82
SKU-0018590,SUP-000161,True,108.72
SKU-0018591,SUP-000221,True,11.54
SKU-0018592,SUP-000289,True,27.87
SKU-0018593,SUP-000173,True,1.79
SKU-0018594,SUP-000100,True,2.94
SKU-0018595,SUP-000261,True,4.11
SKU-0018595,SUP-000167,False,3.86
SKU-0018595,SUP-000222,False,5.14
SKU-0018596,SUP-000026,True,2.19
SKU-0018596,SUP-000155,False,2.4
SKU-0018597,SUP-000010,True,5.23
SKU-0018598,SUP-000149,True,18.33
SKU-0018599,SUP-000038,True,7.43
SKU-0018599,SUP-000134,False,9.23
SKU-0018600,SUP-000304,True,23.5
SKU-0018601,SUP-000133,True,23.61
SKU-0018601,SUP-000412,False,23.06
SKU-0018601,SUP-000305,False,20.33
SKU-0018602,SUP-000256,True,3.94
SKU-0018603,SUP-000043,True,103.93
SKU-0018604,SUP-000224,True,4.7
SKU-0018605,SUP-000203,True,10.75
SKU-0018606,SUP-000131,True,11.92
SKU-0018607,SUP-000100,True,1.65
SKU-0018608,SUP-000238,True,10.31
SKU-0018608,SUP-000127,False,12.38
SKU-0018609,SUP-000350,True,6.45
SKU-0018610,SUP-000243,True,2.83
SKU-0018611,SUP-000377,True,12.1
SKU-0018612,SUP-000431,True,20.06
SKU-0018612,SUP-000391,False,19.3
SKU-0018613,SUP-000218,True,3.67
SKU-0018614,SUP-000369,True,22.39
SKU-0018614,SUP-000037,False,19.59
SKU-0018615,SUP-000373,True,35.3
SKU-0018615,SUP-000109,False,29.94
SKU-0018615,SUP-000052,False,31.52
SKU-0018616,SUP-000400,True,5.16
SKU-0018616,SUP-000176,False,5.27
SKU-0018617,SUP-000262,True,10.64
SKU-0018617,SUP-000175,False,13.34
SKU-0018618,SUP-000242,True,74.32
SKU-0018619,SUP-000444,True,12.52
SKU-0018620,SUP-000069,True,39.26
SKU-0018620,SUP-000108,False,51.76
SKU-0018621,SUP-000310,True,9.49
SKU-0018622,SUP-000262,True,14.31
SKU-0018622,SUP-000030,False,15.98
SKU-0018623,SUP-000303,True,7.4
SKU-0018623,SUP-000223,False,8.74
SKU-0018624,SUP-000439,True,26.63
SKU-0018624,SUP-000385,False,22.51
SKU-0018625,SUP-000242,True,13.71
SKU-0018626,SUP-000441,True,18.33
SKU-0018627,SUP-000041,True,0.49
SKU-0018628,SUP-000110,True,4.46
SKU-0018629,SUP-000152,True,65.23
SKU-0018629,SUP-000241,False,55.83
SKU-0018630,SUP-000052,True,2.93
SKU-0018630,SUP-000085,False,2.92
SKU-0018631,SUP-000163,True,3.72
SKU-0018631,SUP-000419,False,4.0
SKU-0018632,SUP-000032,True,5.41
SKU-0018632,SUP-000292,False,7.05
SKU-0018633,SUP-000416,True,36.1
SKU-0018634,SUP-000319,True,15.51
SKU-0018635,SUP-000179,True,11.64
SKU-0018636,SUP-000178,True,18.72
SKU-0018637,SUP-000391,True,308.56
SKU-0018637,SUP-000248,False,291.14
SKU-0018638,SUP-000357,True,2.93
SKU-0018638,SUP-000042,False,3.32
SKU-0018639,SUP-000361,True,41.63
SKU-0018640,SUP-000360,True,5.61
SKU-0018641,SUP-000230,True,5.34
SKU-0018642,SUP-000182,True,69.8
SKU-0018643,SUP-000169,True,170.11
SKU-0018643,SUP-000406,False,158.29
SKU-0018644,SUP-000004,True,2.9
SKU-0018645,SUP-000226,True,95.74
SKU-0018646,SUP-000077,True,6.45
SKU-0018647,SUP-000211,True,8.17
SKU-0018648,SUP-000076,True,2.79
SKU-0018648,SUP-000274,False,2.78
SKU-0018649,SUP-000374,True,210.26
SKU-0018649,SUP-000001,False,223.12
SKU-0018650,SUP-000194,True,2.3
SKU-0018650,SUP-000273,False,2.84
SKU-0018650,SUP-000428,False,2.32
SKU-0018651,SUP-000286,True,22.08
SKU-0018652,SUP-000097,True,
SKU-0018653,SUP-000349,True,11.97
SKU-0018654,SUP-000402,True,
SKU-0018655,SUP-000387,True,6.27
SKU-0018655,SUP-000385,False,5.85
SKU-0018656,SUP-000041,True,16.88
SKU-0018657,SUP-000374,True,0.64
SKU-0018658,SUP-000295,True,194.86
SKU-0018659,SUP-000398,True,6.18
SKU-0018660,SUP-000210,True,15.91
SKU-0018661,SUP-000351,True,2.92
SKU-0018662,SUP-000187,True,8.06
SKU-0018663,SUP-000036,True,1.7
SKU-0018664,SUP-000356,True,163.89
SKU-0018665,SUP-000130,True,33.73
SKU-0018666,SUP-000302,True,73.45
SKU-0018666,SUP-000441,False,75.18
SKU-0018667,SUP-000166,True,40.91
SKU-0018667,SUP-000240,False,45.82
SKU-0018668,SUP-000047,True,3.55
SKU-0018668,SUP-000313,False,3.59
SKU-0018669,SUP-000270,True,7.03
SKU-0018669,SUP-000121,False,8.17
SKU-0018670,SUP-000239,True,8.52
SKU-0018671,SUP-000393,True,2.78
SKU-0018671,SUP-000156,False,2.55
SKU-0018672,SUP-000204,True,0.96
SKU-0018673,SUP-000056,True,22.65
SKU-0018674,SUP-000199,True,0.37
SKU-0018675,SUP-000276,True,12.6
SKU-0018675,SUP-000217,False,16.41
SKU-0018675,SUP-000166,False,13.51
SKU-0018676,SUP-000109,True,87.42
SKU-0018676,SUP-000295,False,79.75
SKU-0018677,SUP-000307,True,15.41
SKU-0018678,SUP-000325,True,3.44
SKU-0018679,SUP-000427,True,2.66
SKU-0018679,SUP-000105,False,2.41
SKU-0018680,SUP-000144,True,27.59
SKU-0018681,SUP-000290,True,0.75
SKU-0018682,SUP-000296,True,3.4
SKU-0018683,SUP-000399,True,24.43
SKU-0018684,SUP-000236,True,12.8
SKU-0018685,SUP-000388,True,2.48
SKU-0018686,SUP-000287,True,2.29
SKU-0018687,SUP-000307,True,294.68
SKU-0018687,SUP-000038,False,296.26
SKU-0018688,SUP-000242,True,22.94
SKU-0018688,SUP-000306,False,28.97
SKU-0018689,SUP-000035,True,88.89
SKU-0018690,SUP-000323,True,8.13
SKU-0018690,SUP-000026,False,8.17
SKU-0018691,SUP-000112,True,0.43
SKU-0018692,SUP-000422,True,16.57
SKU-0018692,SUP-000030,False,17.25
SKU-0018693,SUP-000140,True,4.44
SKU-0018694,SUP-000165,True,12.09
SKU-0018694,SUP-000449,False,11.86
SKU-0018695,SUP-000114,True,24.95
SKU-0018696,SUP-000003,True,12.28
SKU-0018697,SUP-000026,True,109.13
SKU-0018698,SUP-000223,True,55.6
SKU-0018698,SUP-000139,False,49.37
SKU-0018699,SUP-000281,True,4.4
SKU-0018700,SUP-000249,True,2.51
SKU-0018700,SUP-000427,False,3.12
SKU-0018701,SUP-000391,True,15.03
SKU-0018702,SUP-000351,True,2.53
SKU-0018702,SUP-000076,False,2.24
SKU-0018703,SUP-000263,True,5.53
SKU-0018704,SUP-000333,True,29.68
SKU-0018704,SUP-000348,False,31.92
SKU-0018705,SUP-000389,True,15.95
SKU-0018705,SUP-000371,False,16.55
SKU-0018706,SUP-000445,True,4.29
SKU-0018707,SUP-000188,True,4.71
SKU-0018708,SUP-000033,True,34.66
SKU-0018709,SUP-000208,True,3.7
SKU-0018709,SUP-000124,False,3.64
SKU-0018710,SUP-000069,True,20.73
SKU-0018711,SUP-000138,True,-3.62
SKU-0018712,SUP-000347,True,10.42
SKU-0018713,SUP-000151,True,-13.45
SKU-0018713,SUP-000214,False,-11.94
SKU-0018714,SUP-000373,True,49.07
SKU-0018715,SUP-000193,True,6.87
SKU-0018716,SUP-000296,True,17.64
SKU-0018717,SUP-000090,True,2.14
SKU-0018717,SUP-000004,False,2.24
SKU-0018718,SUP-000192,True,22.01
SKU-0018719,SUP-000022,True,53.14
SKU-0018720,SUP-000155,True,7.23
SKU-0018721,SUP-000119,True,12.22
SKU-0018721,SUP-000335,False,13.6
SKU-0018722,SUP-000106,True,37.78
SKU-0018723,SUP-000244,True,131.03
SKU-0018724,SUP-000403,True,179.94
SKU-0018725,SUP-000344,True,38.84
SKU-0018726,SUP-000268,True,0.6
SKU-0018727,SUP-000229,True,4.91
SKU-0018727,SUP-000111,False,
SKU-0018728,SUP-000151,True,8.77
SKU-0018729,SUP-000439,True,91.31
SKU-0018730,SUP-000269,True,62.83
SKU-0018731,SUP-000169,True,4.77
SKU-0018732,SUP-000096,True,7.96
SKU-0018733,SUP-000010,True,31.5
SKU-0018733,SUP-000249,False,34.19
SKU-0018734,SUP-000190,True,26.28
SKU-0018734,SUP-000289,False,25.45
SKU-0018735,SUP-000219,True,102.57
SKU-0018735,SUP-000208,False,131.88
SKU-0018736,SUP-000272,True,3.02
SKU-0018736,SUP-000291,False,2.82
SKU-0018737,SUP-000447,True,
SKU-0018737,SUP-000407,False,12.59
SKU-0018738,SUP-000115,True,58.94
SKU-0018739,SUP-000102,True,7.63
SKU-0018740,SUP-000352,True,2.26
SKU-0018741,SUP-000410,True,38.03
SKU-0018742,SUP-000131,True,24.72
SKU-0018743,SUP-000008,True,72.34
SKU-0018744,SUP-000378,True,2.21
SKU-0018745,SUP-000229,True,105.45
SKU-0018745,SUP-000344,False,125.43
SKU-0018746,SUP-000429,True,36.27
SKU-0018747,SUP-000051,True,3.08
SKU-0018748,SUP-000053,True,26.37
SKU-0018749,SUP-000368,True,47.24
SKU-0018750,SUP-000228,True,8.19
SKU-0018750,SUP-000085,False,7.61
SKU-0018750,SUP-000249,False,8.66
SKU-0018751,SUP-000234,True,3.09
SKU-0018752,SUP-000040,True,7.01
SKU-0018753,SUP-000319,True,16.41
SKU-0018754,SUP-000140,True,0.39
SKU-0018755,SUP-000139,True,10.31
SKU-0018756,SUP-000237,True,6.17
SKU-0018757,SUP-000419,True,12.65
SKU-0018757,SUP-000111,False,10.34
SKU-0018758,SUP-000397,True,22.54
SKU-0018759,SUP-000223,True,-3.32
SKU-0018760,SUP-000353,True,7.26
SKU-0018761,SUP-000081,True,20.95
SKU-0018762,SUP-000096,True,4.89
SKU-0018763,SUP-000001,True,10.79
SKU-0018764,SUP-000054,True,1.83
SKU-0018765,SUP-000438,True,19.23
SKU-0018765,SUP-000009,False,18.51
SKU-0018765,SUP-000030,False,18.6
SKU-0018766,SUP-000070,True,4.78
SKU-0018767,SUP-000428,True,1.45
SKU-0018768,SUP-000315,True,4.24
SKU-0018768,SUP-000276,False,3.97
SKU-0018769,SUP-000433,True,25.05
SKU-0018770,SUP-000430,True,76.83
SKU-0018770,SUP-000361,False,72.46
SKU-0018771,SUP-000285,True,14.05
SKU-0018771,SUP-000384,False,16.21
SKU-0018772,SUP-000194,True,4.78
SKU-0018773,SUP-000162,True,4.12
SKU-0018774,SUP-000144,True,5.79
SKU-0018775,SUP-000072,True,1.3
SKU-0018776,SUP-000206,True,
SKU-0018777,SUP-000202,True,29.46
SKU-0018778,SUP-000105,True,12.09
SKU-0018779,SUP-000066,True,1.38
SKU-0018780,SUP-000009,True,11.46
SKU-0018781,SUP-000422,True,19.38
SKU-0018781,SUP-000399,False,18.13
SKU-0018782,SUP-000008,True,6.35
SKU-0018783,SUP-000073,True,12.9
SKU-0018783,SUP-000100,False,15.24
SKU-0018784,SUP-000327,True,6.44
SKU-0018785,SUP-000205,True,2.74
SKU-0018785,SUP-000331,False,2.93
SKU-0018786,SUP-000327,True,33.71
SKU-0018787,SUP-000359,True,1.89
SKU-0018788,SUP-000383,True,24.86
SKU-0018788,SUP-000262,False,19.59
SKU-0018788,SUP-000058,False,23.5
SKU-0018789,SUP-000433,True,
SKU-0018789,SUP-000172,False,
SKU-0018790,SUP-000019,True,4.7
SKU-0018791,SUP-000271,True,35.15
SKU-0018791,SUP-000444,False,35.0
SKU-0018792,SUP-000238,True,1.37
SKU-0018793,SUP-000108,True,5.63
SKU-0018793,SUP-000011,False,6.03
SKU-0018794,SUP-000055,True,51.98
SKU-0018794,SUP-000442,False,46.64
SKU-0018794,SUP-000438,False,51.33
SKU-0018795,SUP-000090,True,8.23
SKU-0018796,SUP-000047,True,59.3
SKU-0018797,SUP-000177,True,8.41
SKU-0018798,SUP-000344,True,1.9
SKU-0018799,SUP-000013,True,18.02
SKU-0018800,SUP-000045,True,46.24
SKU-0018800,SUP-000258,False,52.96
SKU-0018801,SUP-000065,True,44.01
SKU-0018801,SUP-000067,False,48.2
SKU-0018801,SUP-000081,False,43.18
SKU-0018802,SUP-000435,True,45.22
SKU-0018802,SUP-000115,False,38.59
SKU-0018803,SUP-000199,True,29.38
SKU-0018804,SUP-000354,True,8.54
SKU-0018804,SUP-000244,False,6.49
SKU-0018805,SUP-000181,True,18.99
SKU-0018806,SUP-000426,True,14.3
SKU-0018807,SUP-000088,True,25.96
SKU-0018808,SUP-000183,True,
SKU-0018809,SUP-000247,True,3.26
SKU-0018809,SUP-000221,False,4.0
SKU-0018810,SUP-000003,True,23.72
SKU-0018811,SUP-000080,True,8.14
SKU-0018811,SUP-000316,False,8.61
SKU-0018812,SUP-000365,True,10.88
SKU-0018813,SUP-000153,True,18.5
SKU-0018814,SUP-000119,True,19.35
SKU-0018815,SUP-000257,True,3.34
SKU-0018816,SUP-000186,True,6.68
SKU-0018817,SUP-000408,True,115.81
SKU-0018818,SUP-000327,True,4.65
SKU-0018818,SUP-000208,False,5.26
SKU-0018819,SUP-000279,True,13.11
SKU-0018820,SUP-000011,True,3.02
SKU-0018821,SUP-000278,True,2.61
SKU-0018821,SUP-000327,False,2.33
SKU-0018822,SUP-000275,True,
SKU-0018823,SUP-000303,True,11.73
SKU-0018823,SUP-000372,False,11.35
SKU-0018824,SUP-000425,True,6.22
SKU-0018825,SUP-000373,True,11.98
SKU-0018825,SUP-000375,False,9.42
SKU-0018826,SUP-000352,True,4.87
SKU-0018827,SUP-000063,True,2.25
SKU-0018828,SUP-000098,True,6.53
SKU-0018829,SUP-000425,True,13.25
SKU-0018830,SUP-000365,True,12.25
SKU-0018831,SUP-000106,True,3.28
SKU-0018831,SUP-000141,False,3.47
SKU-0018832,SUP-000258,True,40.29
SKU-0018833,SUP-000226,True,50.55
SKU-0018834,SUP-000336,True,25.93
SKU-0018835,SUP-000345,True,17.31
SKU-0018836,SUP-000269,True,3.91
SKU-0018837,SUP-000288,True,43.71
SKU-0018838,SUP-000005,True,54.78
SKU-0018838,SUP-000112,False,48.19
SKU-0018839,SUP-000173,True,87.36
SKU-0018840,SUP-000292,True,4.04
SKU-0018840,SUP-000405,False,4.81
SKU-0018841,SUP-000424,True,0.66
SKU-0018841,SUP-000397,False,0.65
SKU-0018842,SUP-000349,True,3.55
SKU-0018843,SUP-000261,True,43.11
SKU-0018843,SUP-000289,False,44.42
SKU-0018844,SUP-000008,True,5.88
SKU-0018845,SUP-000261,True,78.03
SKU-0018846,SUP-000244,True,
SKU-0018847,SUP-000162,True,3.42
SKU-0018847,SUP-000256,False,4.06
SKU-0018848,SUP-000119,True,5.24
SKU-0018849,SUP-000070,True,5.41
SKU-0018850,SUP-000094,True,17.14
SKU-0018851,SUP-000401,True,2.96
SKU-0018852,SUP-000375,True,130.51
SKU-0018853,SUP-000049,True,97.74
SKU-0018854,SUP-000371,True,1.39
SKU-0018854,SUP-000157,False,1.62
SKU-0018855,SUP-000162,True,2.87
SKU-0018856,SUP-000390,True,4.32
SKU-0018857,SUP-000100,True,6.43
SKU-0018858,SUP-000398,True,12.94
SKU-0018858,SUP-000098,False,9.95
SKU-0018859,SUP-000416,True,10.46
SKU-0018860,SUP-000121,True,31.49
SKU-0018861,SUP-000108,True,5.94
SKU-0018862,SUP-000121,True,30.09
SKU-0018863,SUP-000013,True,29.51
SKU-0018864,SUP-000269,True,
SKU-0018864,SUP-000375,False,9.05
SKU-0018865,SUP-000222,True,6.54
SKU-0018866,SUP-000410,True,22.22
SKU-0018866,SUP-000199,False,19.74
SKU-0018867,SUP-000258,True,14.7
SKU-0018868,SUP-000360,True,6.86
SKU-0018868,SUP-000207,False,5.61
SKU-0018869,SUP-000125,True,7.42
SKU-0018870,SUP-000104,True,11.72
SKU-0018871,SUP-000098,True,24.68
SKU-0018872,SUP-000445,True,0.91
SKU-0018873,SUP-000401,True,39.76
SKU-0018874,SUP-000183,True,9.06
SKU-0018875,SUP-000195,True,27.37
SKU-0018876,SUP-000017,True,28.51
SKU-0018877,SUP-000146,True,27.98
SKU-0018878,SUP-000356,True,4.24
SKU-0018878,SUP-000228,False,4.25
SKU-0018879,SUP-000216,True,50.16
SKU-0018879,SUP-000038,False,49.13
SKU-0018880,SUP-000073,True,22.14
SKU-0018881,SUP-000081,True,8.38
SKU-0018882,SUP-000032,True,5.68
SKU-0018883,SUP-000390,True,14.3
SKU-0018884,SUP-000345,True,49.45
SKU-0018885,SUP-000308,True,7.24
SKU-0018885,SUP-000039,False,8.17
SKU-0018886,SUP-000129,True,68.13
SKU-0018887,SUP-000377,True,48.15
SKU-0018888,SUP-000356,True,5.59
SKU-0018889,SUP-000033,True,9.34
SKU-0018890,SUP-000161,True,40.85
SKU-0018890,SUP-000179,False,38.45
SKU-0018890,SUP-000170,False,40.57
SKU-0018891,SUP-000168,True,31.97
SKU-0018892,SUP-000344,True,6.84
SKU-0018893,SUP-000176,True,7.8
SKU-0018893,SUP-000363,False,6.79
SKU-0018894,SUP-000149,True,50.47
SKU-0018894,SUP-000369,False,43.82
SKU-0018895,SUP-000223,True,4.72
SKU-0018895,SUP-000079,False,4.21
SKU-0018896,SUP-000362,True,3.04
SKU-0018896,SUP-000401,False,3.43
SKU-0018897,SUP-000250,True,2.76
SKU-0018898,SUP-000400,True,0.66
SKU-0018899,SUP-000037,True,5.45
SKU-0018899,SUP-000016,False,5.34
SKU-0018900,SUP-000241,True,31.46
SKU-0018901,SUP-000328,True,50.33
SKU-0018902,SUP-000336,True,73.47
SKU-0018903,SUP-000037,True,2.53
SKU-0018903,SUP-000237,False,2.62
SKU-0018904,SUP-000237,True,15.32
SKU-0018905,SUP-000395,True,3.95
SKU-0018905,SUP-000163,False,3.82
SKU-0018906,SUP-000383,True,7.84
SKU-0018906,SUP-000056,False,9.21
SKU-0018907,SUP-000235,True,50.14
SKU-0018908,SUP-000043,True,0.82
SKU-0018909,SUP-000397,True,13.14
SKU-0018909,SUP-000355,False,12.82
SKU-0018909,SUP-000443,False,11.5
SKU-0018910,SUP-000169,True,2.71
SKU-0018910,SUP-000309,False,2.51
SKU-0018911,SUP-000354,True,1.63
SKU-0018912,SUP-000430,True,26.9
SKU-0018913,SUP-000252,True,22.03
SKU-0018914,SUP-000245,True,399.41
SKU-0018915,SUP-000073,True,
SKU-0018916,SUP-000091,True,2.07
SKU-0018917,SUP-000032,True,26.84
SKU-0018918,SUP-000179,True,2.72
SKU-0018919,SUP-000398,True,1.88
SKU-0018920,SUP-000411,True,17.85
SKU-0018921,SUP-000298,True,33.31
SKU-0018921,SUP-000094,False,33.88
SKU-0018922,SUP-000078,True,22.59
SKU-0018923,SUP-000426,True,0.5
SKU-0018924,SUP-000135,True,1.94
SKU-0018925,SUP-000353,True,37.19
SKU-0018926,SUP-000247,True,10.0
SKU-0018927,SUP-000415,True,2.1
SKU-0018928,SUP-000381,True,7.11
SKU-0018929,SUP-000354,True,12.06
SKU-0018929,SUP-000393,False,13.28
SKU-0018930,SUP-000357,True,21.65
SKU-0018931,SUP-000362,True,25.56
SKU-0018932,SUP-000025,True,5.15
SKU-0018933,SUP-000056,True,1.87
SKU-0018934,SUP-000430,True,9.98
SKU-0018934,SUP-000373,False,12.41
SKU-0018935,SUP-000246,True,66.14
SKU-0018935,SUP-000169,False,66.72
SKU-0018936,SUP-000346,True,3.87
SKU-0018937,SUP-000123,True,19.62
SKU-0018937,SUP-000070,False,22.66
SKU-0018938,SUP-000446,True,3.04
SKU-0018938,SUP-000321,False,3.02
SKU-0018939,SUP-000415,True,31.66
SKU-0018940,SUP-000222,True,4.35
SKU-0018940,SUP-000375,False,4.69
SKU-0018941,SUP-000247,True,3.38
SKU-0018942,SUP-000365,True,8.33
SKU-0018943,SUP-000118,True,12.67
SKU-0018944,SUP-000051,True,4.86
SKU-0018945,SUP-000327,True,3.08
SKU-0018946,SUP-000264,True,69.16
SKU-0018947,SUP-000159,True,1.14
SKU-0018948,SUP-000112,True,10.72
SKU-0018948,SUP-000051,False,10.74
SKU-0018949,SUP-000238,True,4.73
SKU-0018950,SUP-000372,True,6.98
SKU-0018951,SUP-000145,True,4.33
SKU-0018952,SUP-000100,True,16.39
SKU-0018952,SUP-000245,False,14.55
SKU-0018953,SUP-000130,True,2.81
SKU-0018954,SUP-000373,True,2.45
SKU-0018955,SUP-000081,True,3.49
SKU-0018956,SUP-000238,True,0.4
SKU-0018957,SUP-000429,True,18.61
SKU-0018957,SUP-000388,False,17.19
SKU-0018958,SUP-000143,True,14.46
SKU-0018959,SUP-000037,True,51.11
SKU-0018959,SUP-000296,False,
SKU-0018960,SUP-000056,True,6.38
SKU-0018961,SUP-000364,True,15.38
SKU-0018962,SUP-000011,True,72.4
SKU-0018963,SUP-000431,True,17.1
SKU-0018964,SUP-000013,True,12.35
SKU-0018965,SUP-000130,True,12.24
SKU-0018966,SUP-000237,True,11.47
SKU-0018967,SUP-000355,True,7.76
SKU-0018968,SUP-000383,True,16.04
SKU-0018969,SUP-000038,True,2.66
SKU-0018970,SUP-000412,True,20.51
SKU-0018970,SUP-000421,False,22.11
SKU-0018971,SUP-000045,True,57.79
SKU-0018972,SUP-000334,True,2.13
SKU-0018973,SUP-000374,True,27.94
SKU-0018974,SUP-000386,True,2.91
SKU-0018975,SUP-000358,True,116.77
SKU-0018976,SUP-000382,True,3.33
SKU-0018977,SUP-000263,True,45.16
SKU-0018978,SUP-000146,True,
SKU-0018978,SUP-000260,False,3.83
SKU-0018979,SUP-000233,True,10.43
SKU-0018980,SUP-000386,True,1.1
SKU-0018981,SUP-000221,True,13.4
SKU-0018982,SUP-000425,True,11.56
SKU-0018983,SUP-000445,True,17.76
SKU-0018984,SUP-000204,True,33.31
SKU-0018985,SUP-000172,True,2.93
SKU-0018986,SUP-000422,True,3.13
SKU-0018987,SUP-000181,True,16.55
SKU-0018988,SUP-000325,True,4.59
SKU-0018989,SUP-000282,True,6.99
SKU-0018990,SUP-000071,True,22.08
SKU-0018991,SUP-000390,True,9.94
SKU-0018992,SUP-000344,True,42.76
SKU-0018993,SUP-000319,True,1.2
SKU-0018994,SUP-000177,True,31.43
SKU-0018995,SUP-000011,True,28.29
SKU-0018995,SUP-000446,False,23.75
SKU-0018996,SUP-000008,True,13.58
SKU-0018997,SUP-000385,True,-20.36
SKU-0018998,SUP-000241,True,8.43
SKU-0018998,SUP-000130,False,8.68
SKU-0018998,SUP-000078,False,7.87
SKU-0018999,SUP-000286,True,8.52
SKU-0019000,SUP-000031,True,12.0
SKU-0019000,SUP-000269,False,11.87
SKU-0019000,SUP-000207,False,12.97
SKU-0019001,SUP-000377,True,100.02
SKU-0019002,SUP-000105,True,69.58
SKU-0019002,SUP-000138,False,74.78
SKU-0019003,SUP-000173,True,3.29
SKU-0019004,SUP-000170,True,40.36
SKU-0019004,SUP-000408,False,36.72
SKU-0019005,SUP-000023,True,31.51
SKU-0019006,SUP-000145,True,6.47
SKU-0019006,SUP-000064,False,7.95
SKU-0019007,SUP-000331,True,6.25
SKU-0019008,SUP-000109,True,2.71
SKU-0019009,SUP-000152,True,5.9
SKU-0019009,SUP-000184,False,6.69
SKU-0019010,SUP-000096,True,3.56
SKU-0019011,SUP-000390,True,1.43
SKU-0019012,SUP-000430,True,40.38
SKU-0019012,SUP-000229,False,34.84
SKU-0019012,SUP-000232,False,39.24
SKU-0019013,SUP-000178,True,25.26
SKU-0019013,SUP-000081,False,27.86
SKU-0019014,SUP-000394,True,13.51
SKU-0019015,SUP-000086,True,4.72
SKU-0019016,SUP-000127,True,8.32
SKU-0019017,SUP-000405,True,7.57
SKU-0019017,SUP-000370,False,6.88
SKU-0019018,SUP-000371,True,7.51
SKU-0019019,SUP-000128,True,8.83
SKU-0019020,SUP-000317,True,31.22
SKU-0019021,SUP-000116,True,2.51
SKU-0019022,SUP-000044,True,173.71
SKU-0019023,SUP-000228,True,6.45
SKU-0019024,SUP-000293,True,88.99
SKU-0019025,SUP-000209,True,2.26
SKU-0019026,SUP-000209,True,1.93
SKU-0019026,SUP-000182,False,1.97
SKU-0019026,SUP-000169,False,2.04
SKU-0019027,SUP-000367,True,12.33
SKU-0019028,SUP-000346,True,1.58
SKU-0019029,SUP-000141,True,8.52
SKU-0019030,SUP-000295,True,3.18
SKU-0019031,SUP-000387,True,127.13
SKU-0019032,SUP-000204,True,185.94
SKU-0019032,SUP-000212,False,169.01
SKU-0019033,SUP-000112,True,24.12
SKU-0019034,SUP-000086,True,1.56
SKU-0019035,SUP-000235,True,3.15
SKU-0019035,SUP-000385,False,3.21
SKU-0019036,SUP-000258,True,20.05
SKU-0019037,SUP-000224,True,11.04
SKU-0019037,SUP-000418,False,11.48
SKU-0019038,SUP-000120,True,11.17
SKU-0019038,SUP-000062,False,9.9
SKU-0019039,SUP-000237,True,5.08
SKU-0019040,SUP-000268,True,15.53
SKU-0019040,SUP-000265,False,18.65
SKU-0019041,SUP-000077,True,36.21
SKU-0019042,SUP-000114,True,7.56
SKU-0019043,SUP-000096,True,8.47
SKU-0019044,SUP-000128,True,10.23
SKU-0019045,SUP-000045,True,316.53
SKU-0019045,SUP-000202,False,323.47
SKU-0019045,SUP-000093,False,342.49
SKU-0019046,SUP-000255,True,1.96
SKU-0019046,SUP-000195,False,2.41
SKU-0019047,SUP-000299,True,74.47
SKU-0019048,SUP-000170,True,215.19
SKU-0019048,SUP-000236,False,235.39
SKU-0019049,SUP-000214,True,8.78
SKU-0019050,SUP-000236,True,17.79
SKU-0019051,SUP-000264,True,19.18
SKU-0019052,SUP-000247,True,21.27
SKU-0019052,SUP-000038,False,16.71
SKU-0019053,SUP-000268,True,26.51
SKU-0019054,SUP-000215,True,1.41
SKU-0019055,SUP-000182,True,150.07
SKU-0019056,SUP-000118,True,9.12
SKU-0019057,SUP-000044,True,4.51
SKU-0019058,SUP-000061,True,13.13
SKU-0019059,SUP-000346,True,3.05
SKU-0019060,SUP-000032,True,15.48
SKU-0019060,SUP-000022,False,16.05
SKU-0019060,SUP-000133,False,18.33
SKU-0019061,SUP-000248,True,0.42
SKU-0019062,SUP-000322,True,4.85
SKU-0019062,SUP-000415,False,4.71
SKU-0019063,SUP-000196,True,
SKU-0019064,SUP-000090,True,10.49
SKU-0019065,SUP-000104,True,24.62
SKU-0019066,SUP-000378,True,41.65
SKU-0019067,SUP-000149,True,20.15
SKU-0019068,SUP-000368,True,17.27
SKU-0019069,SUP-000150,True,13.88
SKU-0019070,SUP-000159,True,6.93
SKU-0019071,SUP-000111,True,36.71
SKU-0019071,SUP-000108,False,31.78
SKU-0019072,SUP-000028,True,4.08
SKU-0019073,SUP-000005,True,10.47
SKU-0019074,SUP-000293,True,15.2
SKU-0019075,SUP-000216,True,3.34
SKU-0019076,SUP-000176,True,2.17
SKU-0019077,SUP-000385,True,0.43
SKU-0019077,SUP-000017,False,0.39
SKU-0019078,SUP-000076,True,80.72
SKU-0019079,SUP-000346,True,2.82
SKU-0019080,SUP-000255,True,8.23
SKU-0019081,SUP-000084,True,6.3
SKU-0019081,SUP-000428,False,6.53
SKU-0019081,SUP-000109,False,7.75
SKU-0019082,SUP-000115,True,1.82
SKU-0019083,SUP-000246,True,29.84
SKU-0019084,SUP-000296,True,11.4
SKU-0019085,SUP-000270,True,35.39
SKU-0019085,SUP-000111,False,37.88
SKU-0019085,SUP-000150,False,42.83
SKU-0019086,SUP-000427,True,92.5
SKU-0019087,SUP-000368,True,290.0
SKU-0019087,SUP-000022,False,263.12
SKU-0019088,SUP-000245,True,3.18
SKU-0019089,SUP-000358,True,
SKU-0019090,SUP-000103,True,2.78
SKU-0019090,SUP-000264,False,3.72
SKU-0019091,SUP-000040,True,12.69
SKU-0019092,SUP-000271,True,6.02
SKU-0019093,SUP-000396,True,0.69
SKU-0019093,SUP-000198,False,0.9
SKU-0019094,SUP-000305,True,2.82
SKU-0019095,SUP-000379,True,1.26
SKU-0019096,SUP-000218,True,29.32
SKU-0019097,SUP-000042,True,8.95
SKU-0019098,SUP-000040,True,11.71
SKU-0019099,SUP-000431,True,0.4
SKU-0019100,SUP-000069,True,8.62
SKU-0019101,SUP-000109,True,27.11
SKU-0019101,SUP-000419,False,31.72
SKU-0019102,SUP-000202,True,100.44
SKU-0019103,SUP-000207,True,
SKU-0019103,SUP-000268,False,3.12
SKU-0019104,SUP-000204,True,4.43
SKU-0019105,SUP-000422,True,54.09
SKU-0019106,SUP-000392,True,5.16
SKU-0019106,SUP-000366,False,4.99
SKU-0019107,SUP-000245,True,9.15
SKU-0019107,SUP-000190,False,8.27
SKU-0019107,SUP-000390,False,9.38
SKU-0019108,SUP-000166,True,6.25
SKU-0019109,SUP-000301,True,1.15
SKU-0019109,SUP-000210,False,0.94
SKU-0019110,SUP-000238,True,3.85
SKU-0019111,SUP-000371,True,32.5
SKU-0019112,SUP-000302,True,9.65
SKU-0019112,SUP-000011,False,10.02
SKU-0019113,SUP-000293,True,4.34
SKU-0019113,SUP-000181,False,4.19
SKU-0019114,SUP-000270,True,12.62
SKU-0019115,SUP-000084,True,3.76
SKU-0019116,SUP-000037,True,7.55
SKU-0019117,SUP-000169,True,33.61
SKU-0019118,SUP-000153,True,4.15
SKU-0019118,SUP-000004,False,3.66
SKU-0019119,SUP-000284,True,18.5
SKU-0019120,SUP-000044,True,12.03
SKU-0019121,SUP-000343,True,29.44
SKU-0019122,SUP-000240,True,11.31
SKU-0019123,SUP-000307,True,3.18
SKU-0019124,SUP-000038,True,42.72
SKU-0019125,SUP-000270,True,15.02
SKU-0019126,SUP-000010,True,16.23
SKU-0019126,SUP-000097,False,17.41
SKU-0019127,SUP-000190,True,4.86
SKU-0019128,SUP-000020,True,1.07
SKU-0019129,SUP-000305,True,64.15
SKU-0019130,SUP-000061,True,5.19
SKU-0019131,SUP-000104,True,3.79
SKU-0019132,SUP-000038,True,8.31
SKU-0019133,SUP-000357,True,3.12
SKU-0019133,SUP-000170,False,3.56
SKU-0019133,SUP-000311,False,3.36
SKU-0019134,SUP-000276,True,16.93
SKU-0019134,SUP-000435,False,18.83
SKU-0019135,SUP-000139,True,7.5
SKU-0019135,SUP-000155,False,8.19
SKU-0019136,SUP-000450,True,4.25
SKU-0019137,SUP-000328,True,64.87
SKU-0019138,SUP-000139,True,57.2
SKU-0019139,SUP-000374,True,134.13
SKU-0019140,SUP-000258,True,14.44
SKU-0019141,SUP-000414,True,17.55
SKU-0019141,SUP-000056,False,16.14
SKU-0019142,SUP-000211,True,16.17
SKU-0019142,SUP-000105,False,17.27
SKU-0019143,SUP-000135,True,18.9
SKU-0019143,SUP-000376,False,20.97
SKU-0019144,SUP-000121,True,1.77
SKU-0019144,SUP-000326,False,2.04
SKU-0019144,SUP-000190,False,1.76
SKU-0019145,SUP-000168,True,2.51
SKU-0019146,SUP-000246,True,7.88
SKU-0019146,SUP-000224,False,6.11
SKU-0019146,SUP-000232,False,6.56
SKU-0019147,SUP-000155,True,12.54
SKU-0019148,SUP-000023,True,8.44
SKU-0019149,SUP-000341,True,4.12
SKU-0019150,SUP-000030,True,
SKU-0019150,SUP-000193,False,10.78
SKU-0019151,SUP-000113,True,17.56
SKU-0019151,SUP-000374,False,22.61
SKU-0019152,SUP-000011,True,5.74
SKU-0019153,SUP-000446,True,154.83
SKU-0019154,SUP-000387,True,13.92
SKU-0019154,SUP-000410,False,14.26
SKU-0019155,SUP-000078,True,2.35
SKU-0019156,SUP-000388,True,241.43
SKU-0019157,SUP-000074,True,61.7
SKU-0019157,SUP-000021,False,66.28
SKU-0019158,SUP-000225,True,
SKU-0019159,SUP-000341,True,5.18
SKU-0019160,SUP-000077,True,94.08
SKU-0019161,SUP-000080,True,29.91
SKU-0019161,SUP-000009,False,25.18
SKU-0019162,SUP-000154,True,93.57
SKU-0019163,SUP-000128,True,7.5
SKU-0019164,SUP-000411,True,2.67
SKU-0019164,SUP-000407,False,2.13
SKU-0019165,SUP-000181,True,32.28
SKU-0019166,SUP-000251,True,6.16
SKU-0019167,SUP-000010,True,13.57
SKU-0019168,SUP-000425,True,27.31
SKU-0019169,SUP-000272,True,63.74
SKU-0019170,SUP-000181,True,16.18
SKU-0019171,SUP-000141,True,37.51
SKU-0019172,SUP-000246,True,9.56
SKU-0019172,SUP-000327,False,10.26
SKU-0019173,SUP-000198,True,3.61
SKU-0019174,SUP-000357,True,15.58
SKU-0019174,SUP-000269,False,15.12
SKU-0019175,SUP-000029,True,21.69
SKU-0019175,SUP-000258,False,17.9
SKU-0019176,SUP-000180,True,9.36
SKU-0019176,SUP-000306,False,9.93
SKU-0019177,SUP-000241,True,12.75
SKU-0019177,SUP-000051,False,10.23
SKU-0019178,SUP-000248,True,32.58
SKU-0019179,SUP-000099,True,22.5
SKU-0019180,SUP-000192,True,24.02
SKU-0019181,SUP-000147,True,5.5
SKU-0019182,SUP-000239,True,13.96
SKU-0019182,SUP-000410,False,11.05
SKU-0019183,SUP-000249,True,41.78
SKU-0019184,SUP-000176,True,
SKU-0019185,SUP-000407,True,38.96
SKU-0019186,SUP-000105,True,37.1
SKU-0019187,SUP-000219,True,9.8
SKU-0019187,SUP-000015,False,11.15
SKU-0019188,SUP-000324,True,4.96
SKU-0019189,SUP-000407,True,1.73
SKU-0019190,SUP-000382,True,11.2
SKU-0019190,SUP-000136,False,9.58
SKU-0019191,SUP-000139,True,1.69
SKU-0019192,SUP-000331,True,9.37
SKU-0019192,SUP-000154,False,7.6
SKU-0019193,SUP-000246,True,3.21
SKU-0019194,SUP-000437,True,12.93
SKU-0019195,SUP-000402,True,17.11
SKU-0019196,SUP-000051,True,6.49
SKU-0019197,SUP-000044,True,45.92
SKU-0019198,SUP-000293,True,4.75
SKU-0019199,SUP-000003,True,36.46
SKU-0019200,SUP-000152,True,30.91
SKU-0019201,SUP-000172,True,82.07
SKU-0019202,SUP-000020,True,5.38
SKU-0019203,SUP-000013,True,4.78
SKU-0019204,SUP-000175,True,71.78
SKU-0019205,SUP-000159,True,28.25
SKU-0019205,SUP-000413,False,30.77
SKU-0019205,SUP-000089,False,28.04
SKU-0019206,SUP-000070,True,2.33
SKU-0019207,SUP-000292,True,1.35
SKU-0019208,SUP-000446,True,6.84
SKU-0019208,SUP-000425,False,6.37
SKU-0019209,SUP-000103,True,
SKU-0019210,SUP-000425,True,4.91
SKU-0019211,SUP-000117,True,39.11
SKU-0019212,SUP-000413,True,0.55
SKU-0019212,SUP-000037,False,0.58
SKU-0019213,SUP-000275,True,38.45
SKU-0019214,SUP-000065,True,18.5
SKU-0019214,SUP-000256,False,20.46
SKU-0019215,SUP-000023,True,6.29
SKU-0019216,SUP-000023,True,4.37
SKU-0019217,SUP-000063,True,6.67
SKU-0019218,SUP-000166,True,6.1
SKU-0019219,SUP-000150,True,8.29
SKU-0019219,SUP-000137,False,7.75
SKU-0019220,SUP-000397,True,110.11
SKU-0019221,SUP-000208,True,4.62
SKU-0019222,SUP-000387,True,2.04
SKU-0019222,SUP-000109,False,2.2
SKU-0019223,SUP-000201,True,36.8
SKU-0019223,SUP-000433,False,35.63
SKU-0019223,SUP-000026,False,33.07
SKU-0019224,SUP-000032,True,6.4
SKU-0019224,SUP-000048,False,6.18
SKU-0019225,SUP-000328,True,5.72
SKU-0019226,SUP-000146,True,5.61
SKU-0019226,SUP-000216,False,5.52
SKU-0019227,SUP-000148,True,0.69
SKU-0019228,SUP-000072,True,7.82
SKU-0019229,SUP-000388,True,0.79
SKU-0019229,SUP-000154,False,0.71
SKU-0019230,SUP-000271,True,3.05
SKU-0019230,SUP-000100,False,2.86
SKU-0019231,SUP-000396,True,4.66
SKU-0019231,SUP-000120,False,5.34
SKU-0019231,SUP-000086,False,5.51
SKU-0019232,SUP-000071,True,16.84
SKU-0019233,SUP-000202,True,22.14
SKU-0019234,SUP-000126,True,42.35
SKU-0019235,SUP-000273,True,7.24
SKU-0019236,SUP-000085,True,84.29
SKU-0019237,SUP-000077,True,10.99
SKU-0019238,SUP-000238,True,1.23
SKU-0019239,SUP-000356,True,1.99
SKU-0019240,SUP-000372,True,2.21
SKU-0019241,SUP-000177,True,1.29
SKU-0019242,SUP-000183,True,54.08
SKU-0019243,SUP-000397,True,56.2
SKU-0019243,SUP-000071,False,47.73
SKU-0019244,SUP-000411,True,11.79
SKU-0019245,SUP-000022,True,37.93
SKU-0019246,SUP-000164,True,32.5
SKU-0019247,SUP-000134,True,221.5
SKU-0019247,SUP-000320,False,207.82
SKU-0019248,SUP-000314,True,4.24
SKU-0019249,SUP-000177,True,19.76
SKU-0019249,SUP-000019,False,19.3
SKU-0019249,SUP-000226,False,15.66
SKU-0019250,SUP-000318,True,9.26
SKU-0019250,SUP-000126,False,7.29
SKU-0019251,SUP-000404,True,93.28
SKU-0019252,SUP-000125,True,19.3
SKU-0019252,SUP-000134,False,21.54
SKU-0019252,SUP-000073,False,21.46
SKU-0019253,SUP-000117,True,15.07
SKU-0019254,SUP-000143,True,41.62
SKU-0019255,SUP-000359,True,20.83
SKU-0019256,SUP-000416,True,216.04
SKU-0019257,SUP-000422,True,3.32
SKU-0019257,SUP-000028,False,3.74
SKU-0019258,SUP-000249,True,19.99
SKU-0019259,SUP-000164,True,16.78
SKU-0019260,SUP-000139,True,3.36
SKU-0019261,SUP-000040,True,26.88
SKU-0019262,SUP-000224,True,20.74
SKU-0019263,SUP-000376,True,3.75
SKU-0019264,SUP-000325,True,1.63
SKU-0019265,SUP-000377,True,5.72
SKU-0019266,SUP-000232,True,15.61
SKU-0019267,SUP-000060,True,521.0
SKU-0019268,SUP-000032,True,0.54
SKU-0019269,SUP-000300,True,26.38
SKU-0019269,SUP-000116,False,29.11
SKU-0019269,SUP-000316,False,23.22
SKU-0019270,SUP-000402,True,1.3
SKU-0019271,SUP-000166,True,39.29
SKU-0019272,SUP-000407,True,1.42
SKU-0019273,SUP-000125,True,13.35
SKU-0019274,SUP-000326,True,3.96
SKU-0019275,SUP-000134,True,14.21
SKU-0019276,SUP-000206,True,25.92
SKU-0019277,SUP-000242,True,14.92
SKU-0019278,SUP-000137,True,96.0
SKU-0019278,SUP-000418,False,86.21
SKU-0019279,SUP-000077,True,25.66
SKU-0019279,SUP-000001,False,21.1
SKU-0019280,SUP-000407,True,486.73
SKU-0019280,SUP-000310,False,580.28
SKU-0019281,SUP-000383,True,10.33
SKU-0019282,SUP-000199,True,0.99
SKU-0019282,SUP-000397,False,1.21
SKU-0019283,SUP-000402,True,13.0
SKU-0019283,SUP-000231,False,14.25
SKU-0019283,SUP-000199,False,11.27
SKU-0019284,SUP-000428,True,4.17
SKU-0019285,SUP-000241,True,4.56
SKU-0019286,SUP-000095,True,20.81
SKU-0019287,SUP-000304,True,337.66
SKU-0019288,SUP-000385,True,18.31
SKU-0019289,SUP-000156,True,23.34
SKU-0019289,SUP-000153,False,20.86
SKU-0019289,SUP-000291,False,22.23
SKU-0019290,SUP-000063,True,15.39
SKU-0019290,SUP-000277,False,14.34
SKU-0019291,SUP-000055,True,12.13
SKU-0019292,SUP-000123,True,5.42
SKU-0019293,SUP-000207,True,1.33
SKU-0019293,SUP-000281,False,1.18
SKU-0019294,SUP-000134,True,11.02
SKU-0019295,SUP-000197,True,9.5
SKU-0019296,SUP-000240,True,8.66
SKU-0019297,SUP-000349,True,3.32
SKU-0019298,SUP-000442,True,15.29
SKU-0019299,SUP-000312,True,2.97
SKU-0019300,SUP-000406,True,31.64
SKU-0019301,SUP-000167,True,2.97
SKU-0019302,SUP-000419,True,3.86
SKU-0019303,SUP-000281,True,23.95
SKU-0019304,SUP-000287,True,14.84
SKU-0019305,SUP-000019,True,1.14
SKU-0019306,SUP-000104,True,13.23
SKU-0019307,SUP-000185,True,3.92
SKU-0019308,SUP-000389,True,2.02
SKU-0019308,SUP-000053,False,1.81
SKU-0019309,SUP-000386,True,27.19
SKU-0019310,SUP-000398,True,2.42
SKU-0019310,SUP-000291,False,2.35
SKU-0019311,SUP-000052,True,219.22
SKU-0019312,SUP-000057,True,2.56
SKU-0019313,SUP-000400,True,6.75
SKU-0019314,SUP-000395,True,6.01
SKU-0019315,SUP-000230,True,188.8
SKU-0019316,SUP-000404,True,20.44
SKU-0019317,SUP-000390,True,77.3
SKU-0019318,SUP-000123,True,39.66
SKU-0019318,SUP-000359,False,40.33
SKU-0019319,SUP-000273,True,15.3
SKU-0019320,SUP-000040,True,8.22
SKU-0019321,SUP-000053,True,
SKU-0019322,SUP-000441,True,34.75
SKU-0019323,SUP-000077,True,3.07
SKU-0019323,SUP-000441,False,3.09
SKU-0019324,SUP-000159,True,14.15
SKU-0019325,SUP-000289,True,1.13
SKU-0019326,SUP-000020,True,6.94
SKU-0019327,SUP-000165,True,1.8
SKU-0019328,SUP-000066,True,6.11
SKU-0019328,SUP-000023,False,6.83
SKU-0019329,SUP-000045,True,14.07
SKU-0019330,SUP-000109,True,
SKU-0019330,SUP-000406,False,9.37
SKU-0019331,SUP-000141,True,36.89
SKU-0019331,SUP-000346,False,28.68
SKU-0019332,SUP-000325,True,2.81
SKU-0019333,SUP-000238,True,27.65
SKU-0019333,SUP-000384,False,27.76
SKU-0019334,SUP-000046,True,25.18
SKU-0019335,SUP-000231,True,3.0
SKU-0019335,SUP-000178,False,3.94
SKU-0019336,SUP-000245,True,7.26
SKU-0019337,SUP-000176,True,48.43
SKU-0019338,SUP-000139,True,45.33
SKU-0019339,SUP-000285,True,51.59
SKU-0019339,SUP-000326,False,54.81
SKU-0019340,SUP-000224,True,103.41
SKU-0019341,SUP-000336,True,1.49
SKU-0019341,SUP-000304,False,1.39
SKU-0019342,SUP-000011,True,5.53
SKU-0019343,SUP-000086,True,10.08
SKU-0019343,SUP-000106,False,12.28
SKU-0019344,SUP-000113,True,3.77
SKU-0019345,SUP-000419,True,62.52
SKU-0019346,SUP-000263,True,27.11
SKU-0019347,SUP-000067,True,3.02
SKU-0019348,SUP-000339,True,4.62
SKU-0019348,SUP-000203,False,4.46
SKU-0019349,SUP-000149,True,74.97
SKU-0019350,SUP-000299,True,17.05
SKU-0019351,SUP-000093,True,3.46
SKU-0019352,SUP-000030,True,0.97
SKU-0019353,SUP-000147,True,52.83
SKU-0019353,SUP-000024,False,46.37
SKU-0019354,SUP-000020,True,7.33
SKU-0019355,SUP-000012,True,16.13
SKU-0019355,SUP-000105,False,15.97
SKU-0019355,SUP-000301,False,16.28
SKU-0019356,SUP-000128,True,628.07
SKU-0019357,SUP-000411,True,21.25
SKU-0019358,SUP-000226,True,3.79
SKU-0019359,SUP-000301,True,4.38
SKU-0019360,SUP-000319,True,14.72
SKU-0019361,SUP-000189,True,11.2
SKU-0019362,SUP-000295,True,29.88
SKU-0019363,SUP-000037,True,1.88
SKU-0019364,SUP-000017,True,3.56
SKU-0019365,SUP-000049,True,132.03
SKU-0019366,SUP-000307,True,13.52
SKU-0019367,SUP-000001,True,0.89
SKU-0019368,SUP-000010,True,6.68
SKU-0019369,SUP-000204,True,13.15
SKU-0019370,SUP-000330,True,3.05
SKU-0019371,SUP-000235,True,34.38
SKU-0019371,SUP-000091,False,35.15
SKU-0019372,SUP-000374,True,10.54
SKU-0019373,SUP-000428,True,2.11
SKU-0019374,SUP-000094,True,16.66
SKU-0019374,SUP-000362,False,20.3
SKU-0019375,SUP-000309,True,227.98
SKU-0019375,SUP-000292,False,198.14
SKU-0019375,SUP-000007,False,192.78
SKU-0019376,SUP-000314,True,7.24
SKU-0019377,SUP-000085,True,6.06
SKU-0019378,SUP-000137,True,86.12
SKU-0019379,SUP-000173,True,5.3
SKU-0019379,SUP-000443,False,5.62
SKU-0019380,SUP-000142,True,10.28
SKU-0019380,SUP-000416,False,9.51
SKU-0019381,SUP-000023,True,17.62
SKU-0019382,SUP-000039,True,2.69
SKU-0019383,SUP-000035,True,2.97
SKU-0019383,SUP-000059,False,2.9
SKU-0019384,SUP-000244,True,31.76
SKU-0019385,SUP-000310,True,105.12
SKU-0019386,SUP-000423,True,13.17
SKU-0019387,SUP-000285,True,8.3
SKU-0019388,SUP-000048,True,101.6
SKU-0019389,SUP-000301,True,6.47
SKU-0019390,SUP-000271,True,21.27
SKU-0019391,SUP-000209,True,11.63
SKU-0019392,SUP-000288,True,16.4
SKU-0019393,SUP-000012,True,18.96
SKU-0019394,SUP-000383,True,123.69
SKU-0019395,SUP-000125,True,21.25
SKU-0019396,SUP-000237,True,4.34
SKU-0019397,SUP-000132,True,1.52
SKU-0019398,SUP-000285,True,16.57
SKU-0019399,SUP-000043,True,20.35
SKU-0019400,SUP-000091,True,1.15
SKU-0019401,SUP-000325,True,77.02
SKU-0019402,SUP-000196,True,25.86
SKU-0019403,SUP-000186,True,21.82
SKU-0019404,SUP-000043,True,9.57
SKU-0019405,SUP-000135,True,1.3
SKU-0019406,SUP-000051,True,39.27
SKU-0019407,SUP-000334,True,2.1
SKU-0019408,SUP-000362,True,8.52
SKU-0019409,SUP-000263,True,1.41
SKU-0019409,SUP-000442,False,1.62
SKU-0019410,SUP-000086,True,0.86
SKU-0019411,SUP-000164,True,5.93
SKU-0019411,SUP-000151,False,6.88
SKU-0019412,SUP-000198,True,9.18
SKU-0019413,SUP-000142,True,33.86
SKU-0019414,SUP-000151,True,14.43
SKU-0019414,SUP-000416,False,15.17
SKU-0019414,SUP-000245,False,15.11
SKU-0019415,SUP-000225,True,8.37
SKU-0019416,SUP-000204,True,59.47
SKU-0019417,SUP-000428,True,18.17
SKU-0019417,SUP-000030,False,15.26
SKU-0019418,SUP-000393,True,66.52
SKU-0019418,SUP-000095,False,
SKU-0019419,SUP-000328,True,21.42
SKU-0019420,SUP-000420,True,13.7
SKU-0019421,SUP-000414,True,13.31
SKU-0019421,SUP-000258,False,14.08
SKU-0019422,SUP-000306,True,23.49
SKU-0019423,SUP-000113,True,11.3
SKU-0019423,SUP-000355,False,10.62
SKU-0019423,SUP-000105,False,12.19
SKU-0019424,SUP-000021,True,101.22
SKU-0019425,SUP-000350,True,19.43
SKU-0019426,SUP-000059,True,7.82
SKU-0019427,SUP-000301,True,
SKU-0019427,SUP-000295,False,44.16
SKU-0019428,SUP-000104,True,5.13
SKU-0019428,SUP-000372,False,5.95
SKU-0019429,SUP-000213,True,18.81
SKU-0019430,SUP-000010,True,8.38
SKU-0019431,SUP-000299,True,22.64
SKU-0019431,SUP-000002,False,27.07
SKU-0019431,SUP-000163,False,23.76
SKU-0019432,SUP-000054,True,7.38
SKU-0019433,SUP-000053,True,12.34
SKU-0019434,SUP-000117,True,15.77
SKU-0019434,SUP-000210,False,13.67
SKU-0019435,SUP-000067,True,7.59
SKU-0019436,SUP-000204,True,1.9
SKU-0019437,SUP-000216,True,47.55
SKU-0019438,SUP-000172,True,24.96
SKU-0019439,SUP-000032,True,89.26
SKU-0019439,SUP-000116,False,80.0
SKU-0019440,SUP-000339,True,6.83
SKU-0019441,SUP-000237,True,41.96
SKU-0019442,SUP-000108,True,83.84
SKU-0019443,SUP-000223,True,6.36
SKU-0019444,SUP-000444,True,9.61
SKU-0019445,SUP-000319,True,126.42
SKU-0019446,SUP-000209,True,80.73
SKU-0019447,SUP-000147,True,26.35
SKU-0019447,SUP-000171,False,29.37
SKU-0019447,SUP-000056,False,24.15
SKU-0019448,SUP-000311,True,6.99
SKU-0019448,SUP-000407,False,7.94
SKU-0019449,SUP-000215,True,10.5
SKU-0019450,SUP-000135,True,4.47
SKU-0019451,SUP-000328,True,31.52
SKU-0019452,SUP-000280,True,6.15
SKU-0019453,SUP-000426,True,4.91
SKU-0019453,SUP-000358,False,4.23
SKU-0019454,SUP-000435,True,38.37
SKU-0019455,SUP-000436,True,1.97
SKU-0019456,SUP-000347,True,13.31
SKU-0019457,SUP-000246,True,59.95
SKU-0019457,SUP-000021,False,57.51
SKU-0019458,SUP-000103,True,18.67
SKU-0019458,SUP-000289,False,20.54
SKU-0019458,SUP-000227,False,19.16
SKU-0019459,SUP-000233,True,6.06
SKU-0019460,SUP-000440,True,17.16
SKU-0019461,SUP-000354,True,94.04
SKU-0019462,SUP-000009,True,91.07
SKU-0019463,SUP-000180,True,7.73
SKU-0019463,SUP-000084,False,7.65
SKU-0019464,SUP-000392,True,6.85
SKU-0019465,SUP-000016,True,2.19
SKU-0019465,SUP-000156,False,2.05
SKU-0019466,SUP-000206,True,12.78
SKU-0019467,SUP-000054,True,2.43
SKU-0019468,SUP-000039,True,28.56
SKU-0019469,SUP-000297,True,38.31
SKU-0019470,SUP-000040,True,1.39
SKU-0019470,SUP-000080,False,1.8
SKU-0019471,SUP-000133,True,22.24
SKU-0019472,SUP-000182,True,7.72
SKU-0019472,SUP-000039,False,7.0
SKU-0019473,SUP-000356,True,0.56
SKU-0019474,SUP-000435,True,19.85
SKU-0019474,SUP-000414,False,22.55
SKU-0019474,SUP-000148,False,18.45
SKU-0019475,SUP-000034,True,3.64
SKU-0019475,SUP-000399,False,3.34
SKU-0019476,SUP-000043,True,27.32
SKU-0019476,SUP-000444,False,22.05
SKU-0019477,SUP-000056,True,14.36
SKU-0019478,SUP-000113,True,6.79
SKU-0019479,SUP-000230,True,8.44
SKU-0019480,SUP-000380,True,17.61
SKU-0019481,SUP-000395,True,3.93
SKU-0019481,SUP-000325,False,4.17
SKU-0019482,SUP-000171,True,6.68
SKU-0019483,SUP-000407,True,3.62
SKU-0019484,SUP-000037,True,34.14
SKU-0019484,SUP-000205,False,27.85
SKU-0019485,SUP-000411,True,1.49
SKU-0019486,SUP-000058,True,45.82
SKU-0019486,SUP-000342,False,45.71
SKU-0019487,SUP-000262,True,2.09
SKU-0019488,SUP-000098,True,16.28
SKU-0019489,SUP-000178,True,12.67
SKU-0019490,SUP-000090,True,10.45
SKU-0019491,SUP-000108,True,63.99
SKU-0019492,SUP-000260,True,2.09
SKU-0019493,SUP-000447,True,1.95
SKU-0019493,SUP-000063,False,1.73
SKU-0019493,SUP-000077,False,2.28
SKU-0019494,SUP-000213,True,158.57
SKU-0019495,SUP-000424,True,4.24
SKU-0019496,SUP-000317,True,56.07
SKU-0019497,SUP-000096,True,15.19
SKU-0019497,SUP-000119,False,18.92
SKU-0019498,SUP-000012,True,46.26
SKU-0019498,SUP-000298,False,56.56
SKU-0019499,SUP-000186,True,9.85
SKU-0019499,SUP-000260,False,9.16
SKU-0019500,SUP-000063,True,4.82
SKU-0019501,SUP-000430,True,81.17
SKU-0019501,SUP-000157,False,90.19
SKU-0019502,SUP-000245,True,4.22
SKU-0019503,SUP-000001,True,46.99
SKU-0019503,SUP-000263,False,47.52
SKU-0019504,SUP-000297,True,4.06
SKU-0019505,SUP-000351,True,14.9
SKU-0019506,SUP-000394,True,15.1
SKU-0019507,SUP-000113,True,1.19
SKU-0019508,SUP-000131,True,11.26
SKU-0019509,SUP-000218,True,60.63
SKU-0019509,SUP-000388,False,62.91
SKU-0019510,SUP-000071,True,1.69
SKU-0019511,SUP-000130,True,7.16
SKU-0019512,SUP-000361,True,5.52
SKU-0019513,SUP-000359,True,96.64
SKU-0019514,SUP-000369,True,12.12
SKU-0019515,SUP-000387,True,42.2
SKU-0019516,SUP-000387,True,45.92
SKU-0019517,SUP-000300,True,4.0
SKU-0019518,SUP-000224,True,23.04
SKU-0019519,SUP-000005,True,13.27
SKU-0019520,SUP-000350,True,7.27
SKU-0019521,SUP-000394,True,11.52
SKU-0019522,SUP-000363,True,11.0
SKU-0019522,SUP-000221,False,9.34
SKU-0019523,SUP-000056,True,4.61
SKU-0019523,SUP-000370,False,5.51
SKU-0019524,SUP-000386,True,25.54
SKU-0019525,SUP-000380,True,27.29
SKU-0019525,SUP-000369,False,31.4
SKU-0019526,SUP-000159,True,1.43
SKU-0019527,SUP-000202,True,2.35
SKU-0019527,SUP-000288,False,2.43
SKU-0019527,SUP-000174,False,2.84
SKU-0019528,SUP-000269,True,1.44
SKU-0019528,SUP-000312,False,1.45
SKU-0019529,SUP-000070,True,17.62
SKU-0019530,SUP-000113,True,10.63
SKU-0019531,SUP-000053,True,3.02
SKU-0019531,SUP-000198,False,2.49
SKU-0019532,SUP-000211,True,11.88
SKU-0019533,SUP-000312,True,4.13
SKU-0019534,SUP-000254,True,1.21
SKU-0019534,SUP-000112,False,0.93
SKU-0019535,SUP-000446,True,12.16
SKU-0019536,SUP-000311,True,22.98
SKU-0019536,SUP-000220,False,23.87
SKU-0019537,SUP-000259,True,1.95
SKU-0019537,SUP-000353,False,2.06
SKU-0019538,SUP-000023,True,3.43
SKU-0019538,SUP-000253,False,3.08
SKU-0019539,SUP-000339,True,37.16
SKU-0019540,SUP-000440,True,2.9
SKU-0019541,SUP-000086,True,8.36
SKU-0019542,SUP-000266,True,5.09
SKU-0019543,SUP-000341,True,45.52
SKU-0019543,SUP-000027,False,47.41
SKU-0019544,SUP-000349,True,93.63
SKU-0019545,SUP-000231,True,28.85
SKU-0019546,SUP-000099,True,1.96
SKU-0019547,SUP-000024,True,1.47
SKU-0019548,SUP-000333,True,9.83
SKU-0019549,SUP-000207,True,36.64
SKU-0019549,SUP-000202,False,38.46
SKU-0019550,SUP-000342,True,33.19
SKU-0019551,SUP-000328,True,404.91
SKU-0019551,SUP-000084,False,396.58
SKU-0019552,SUP-000127,True,6.12
SKU-0019553,SUP-000277,True,11.54
SKU-0019554,SUP-000320,True,50.49
SKU-0019555,SUP-000187,True,9.46
SKU-0019556,SUP-000317,True,35.94
SKU-0019557,SUP-000306,True,15.57
SKU-0019558,SUP-000431,True,17.91
SKU-0019559,SUP-000028,True,3.38
SKU-0019560,SUP-000385,True,1.9
SKU-0019561,SUP-000067,True,9.87
SKU-0019562,SUP-000120,True,3.58
SKU-0019563,SUP-000002,True,2.8
SKU-0019563,SUP-000399,False,2.71
SKU-0019564,SUP-000335,True,2.0
SKU-0019565,SUP-000291,True,16.82
SKU-0019566,SUP-000400,True,61.13
SKU-0019567,SUP-000279,True,1.06
SKU-0019568,SUP-000246,True,28.28
SKU-0019569,SUP-000035,True,3.83
SKU-0019570,SUP-000028,True,14.35
SKU-0019571,SUP-000044,True,28.48
SKU-0019572,SUP-000057,True,9.12
SKU-0019573,SUP-000081,True,22.14
SKU-0019574,SUP-000437,True,31.07
SKU-0019575,SUP-000097,True,9.91
SKU-0019576,SUP-000233,True,10.34
SKU-0019577,SUP-000373,True,68.71
SKU-0019577,SUP-000171,False,63.72
SKU-0019577,SUP-000208,False,58.36
SKU-0019578,SUP-000016,True,7.53
SKU-0019579,SUP-000187,True,1.84
SKU-0019580,SUP-000153,True,17.02
SKU-0019581,SUP-000075,True,4.29
SKU-0019581,SUP-000288,False,4.76
SKU-0019582,SUP-000394,True,6.82
SKU-0019583,SUP-000168,True,
SKU-0019584,SUP-000449,True,5.76
SKU-0019585,SUP-000166,True,9.21
SKU-0019586,SUP-000445,True,3.83
SKU-0019587,SUP-000415,True,4.3
SKU-0019588,SUP-000124,True,20.93
SKU-0019589,SUP-000335,True,4.71
SKU-0019589,SUP-000264,False,4.77
SKU-0019590,SUP-000180,True,9.99
SKU-0019591,SUP-000177,True,19.77
SKU-0019592,SUP-000025,True,34.88
SKU-0019593,SUP-000125,True,16.41
SKU-0019593,SUP-000106,False,13.93
SKU-0019594,SUP-000009,True,8.73
SKU-0019595,SUP-000009,True,22.33
SKU-0019595,SUP-000117,False,23.96
SKU-0019596,SUP-000274,True,3.7
SKU-0019596,SUP-000426,False,
SKU-0019597,SUP-000276,True,7.75
SKU-0019597,SUP-000255,False,6.36
SKU-0019598,SUP-000319,True,0.56
SKU-0019598,SUP-000009,False,0.7
SKU-0019599,SUP-000003,True,22.56
SKU-0019600,SUP-000232,True,12.86
SKU-0019600,SUP-000005,False,13.1
SKU-0019601,SUP-000006,True,9.81
SKU-0019601,SUP-000070,False,8.28
SKU-0019601,SUP-000430,False,9.87
SKU-0019602,SUP-000234,True,3.27
SKU-0019603,SUP-000128,True,7.02
SKU-0019604,SUP-000023,True,8.16
SKU-0019605,SUP-000441,True,14.15
SKU-0019606,SUP-000084,True,113.35
SKU-0019606,SUP-000007,False,85.83
SKU-0019607,SUP-000387,True,22.73
SKU-0019608,SUP-000193,True,5.14
SKU-0019609,SUP-000199,True,6.07
SKU-0019610,SUP-000322,True,10.77
SKU-0019611,SUP-000011,True,18.16
SKU-0019611,SUP-000267,False,18.52
SKU-0019612,SUP-000048,True,7.5
SKU-0019613,SUP-000149,True,12.4
SKU-0019614,SUP-000094,True,36.69
SKU-0019615,SUP-000312,True,6.28
SKU-0019616,SUP-000439,True,11.32
SKU-0019616,SUP-000431,False,10.22
SKU-0019617,SUP-000263,True,4.8
SKU-0019618,SUP-000086,True,8.56
SKU-0019619,SUP-000108,True,12.86
SKU-0019619,SUP-000085,False,12.77
SKU-0019619,SUP-000071,False,11.97
SKU-0019620,SUP-000010,True,36.17
SKU-0019621,SUP-000152,True,2.66
SKU-0019622,SUP-000006,True,14.06
SKU-0019623,SUP-000033,True,8.69
SKU-0019624,SUP-000183,True,7.32
SKU-0019624,SUP-000448,False,6.98
SKU-0019625,SUP-000168,True,17.62
SKU-0019625,SUP-000412,False,18.44
SKU-0019626,SUP-000199,True,7.03
SKU-0019627,SUP-000094,True,34.09
SKU-0019627,SUP-000289,False,32.92
SKU-0019628,SUP-000287,True,97.95
SKU-0019629,SUP-000396,True,9.48
SKU-0019629,SUP-000433,False,10.24
SKU-0019630,SUP-000032,True,32.61
SKU-0019631,SUP-000163,True,74.07
SKU-0019632,SUP-000179,True,22.21
SKU-0019633,SUP-000133,True,11.17
SKU-0019634,SUP-000311,True,40.08
SKU-0019635,SUP-000142,True,69.49
SKU-0019636,SUP-000048,True,8.12
SKU-0019636,SUP-000173,False,7.94
SKU-0019636,SUP-000154,False,6.89
SKU-0019637,SUP-000397,True,0.81
SKU-0019638,SUP-000018,True,2.26
SKU-0019638,SUP-000338,False,1.82
SKU-0019639,SUP-000248,True,169.58
SKU-0019640,SUP-000146,True,132.33
SKU-0019641,SUP-000325,True,7.27
SKU-0019642,SUP-000080,True,5.17
SKU-0019643,SUP-000267,True,1.83
SKU-0019643,SUP-000448,False,1.88
SKU-0019644,SUP-000374,True,4.93
SKU-0019645,SUP-000088,True,98.29
SKU-0019646,SUP-000131,True,1.23
SKU-0019647,SUP-000018,True,122.86
SKU-0019648,SUP-000239,True,36.84
SKU-0019649,SUP-000195,True,0.42
SKU-0019649,SUP-000254,False,0.42
SKU-0019649,SUP-000207,False,0.51
SKU-0019650,SUP-000325,True,20.5
SKU-0019651,SUP-000037,True,22.58
SKU-0019652,SUP-000411,True,9.54
SKU-0019653,SUP-000361,True,126.5
SKU-0019653,SUP-000331,False,128.23
SKU-0019654,SUP-000283,True,4.1
SKU-0019655,SUP-000369,True,2.65
SKU-0019656,SUP-000326,True,86.52
SKU-0019657,SUP-000022,True,3.46
SKU-0019658,SUP-000351,True,
SKU-0019658,SUP-000164,False,14.26
SKU-0019659,SUP-000397,True,4.74
SKU-0019659,SUP-000203,False,5.15
SKU-0019660,SUP-000355,True,17.46
SKU-0019661,SUP-000353,True,1.23
SKU-0019662,SUP-000227,True,139.84
SKU-0019662,SUP-000450,False,129.14
SKU-0019663,SUP-000387,True,7.67
SKU-0019664,SUP-000108,True,4.67
SKU-0019665,SUP-000139,True,9.32
SKU-0019665,SUP-000190,False,7.59
SKU-0019666,SUP-000039,True,14.22
SKU-0019667,SUP-000319,True,7.21
SKU-0019667,SUP-000082,False,5.64
SKU-0019668,SUP-000059,True,4.73
SKU-0019668,SUP-000259,False,6.11
SKU-0019669,SUP-000240,True,25.67
SKU-0019670,SUP-000099,True,2.15
SKU-0019670,SUP-000203,False,2.14
SKU-0019671,SUP-000141,True,6.23
SKU-0019671,SUP-000004,False,7.01
SKU-0019672,SUP-000036,True,1.98
SKU-0019673,SUP-000376,True,
SKU-0019674,SUP-000043,True,33.04
SKU-0019675,SUP-000113,True,10.1
SKU-0019676,SUP-000089,True,1.48
SKU-0019677,SUP-000340,True,5.22
SKU-0019678,SUP-000244,True,176.01
SKU-0019679,SUP-000409,True,22.35
SKU-0019680,SUP-000291,True,12.95
SKU-0019680,SUP-000123,False,16.39
SKU-0019681,SUP-000404,True,15.35
SKU-0019681,SUP-000136,False,14.95
SKU-0019682,SUP-000177,True,6.05
SKU-0019682,SUP-000046,False,
SKU-0019683,SUP-000207,True,7.0
SKU-0019683,SUP-000109,False,6.63
SKU-0019683,SUP-000089,False,6.46
SKU-0019684,SUP-000330,True,46.46
SKU-0019685,SUP-000399,True,12.9
SKU-0019686,SUP-000288,True,24.44
SKU-0019687,SUP-000025,True,15.02
SKU-0019687,SUP-000367,False,14.5
SKU-0019688,SUP-000419,True,6.86
SKU-0019688,SUP-000040,False,7.65
SKU-0019689,SUP-000088,True,4.79
SKU-0019690,SUP-000283,True,5.14
SKU-0019690,SUP-000025,False,4.54
SKU-0019690,SUP-000329,False,5.22
SKU-0019691,SUP-000147,True,3.46
SKU-0019692,SUP-000442,True,5.03
SKU-0019693,SUP-000033,True,41.43
SKU-0019694,SUP-000138,True,11.49
SKU-0019695,SUP-000201,True,35.67
SKU-0019695,SUP-000176,False,36.81
SKU-0019695,SUP-000449,False,41.13
SKU-0019696,SUP-000314,True,10.45
SKU-0019697,SUP-000271,True,6.12
SKU-0019698,SUP-000208,True,50.79
SKU-0019698,SUP-000016,False,47.0
SKU-0019699,SUP-000442,True,48.22
SKU-0019699,SUP-000214,False,42.23
SKU-0019700,SUP-000087,True,51.98
SKU-0019700,SUP-000374,False,43.48
SKU-0019700,SUP-000407,False,
SKU-0019701,SUP-000020,True,12.55
SKU-0019702,SUP-000144,True,1.6
SKU-0019703,SUP-000430,True,91.92
SKU-0019704,SUP-000203,True,8.75
SKU-0019705,SUP-000432,True,2.02
SKU-0019706,SUP-000096,True,16.45
SKU-0019707,SUP-000172,True,16.47
SKU-0019707,SUP-000373,False,13.21
SKU-0019708,SUP-000115,True,21.28
SKU-0019709,SUP-000285,True,1.2
SKU-0019710,SUP-000145,True,14.96
SKU-0019711,SUP-000178,True,18.59
SKU-0019711,SUP-000382,False,23.43
SKU-0019712,SUP-000224,True,9.21
SKU-0019713,SUP-000110,True,103.99
SKU-0019714,SUP-000211,True,7.36
SKU-0019715,SUP-000403,True,135.69
SKU-0019715,SUP-000168,False,142.21
SKU-0019716,SUP-000223,True,5.24
SKU-0019717,SUP-000368,True,9.28
SKU-0019717,SUP-000053,False,11.47
SKU-0019718,SUP-000142,True,20.32
SKU-0019719,SUP-000207,True,1.61
SKU-0019720,SUP-000334,True,0.91
SKU-0019721,SUP-000058,True,11.79
SKU-0019722,SUP-000373,True,4.59
SKU-0019722,SUP-000239,False,5.51
SKU-0019723,SUP-000230,True,34.59
SKU-0019724,SUP-000126,True,4.41
SKU-0019725,SUP-000321,True,8.75
SKU-0019726,SUP-000343,True,129.77
SKU-0019726,SUP-000081,False,144.03
SKU-0019727,SUP-000164,True,7.41
SKU-0019728,SUP-000343,True,39.4
SKU-0019729,SUP-000307,True,16.4
SKU-0019730,SUP-000153,True,142.19
SKU-0019730,SUP-000246,False,168.08
SKU-0019730,SUP-000311,False,159.64
SKU-0019731,SUP-000245,True,2.47
SKU-0019732,SUP-000442,True,9.86
SKU-0019733,SUP-000002,True,3.55
SKU-0019734,SUP-000225,True,14.77
SKU-0019735,SUP-000350,True,6.12
SKU-0019736,SUP-000174,True,111.15
SKU-0019737,SUP-000204,True,5.02
SKU-0019737,SUP-000088,False,4.97
SKU-0019738,SUP-000035,True,1.75
SKU-0019738,SUP-000434,False,1.64
SKU-0019738,SUP-000127,False,1.8
SKU-0019739,SUP-000360,True,6.45
SKU-0019740,SUP-000273,True,7.69
SKU-0019741,SUP-000003,True,13.07
SKU-0019741,SUP-000343,False,13.37
SKU-0019742,SUP-000055,True,1.54
SKU-0019743,SUP-000308,True,13.78
SKU-0019744,SUP-000240,True,
SKU-0019745,SUP-000133,True,15.88
SKU-0019746,SUP-000294,True,35.06
SKU-0019747,SUP-000323,True,32.79
SKU-0019747,SUP-000054,False,35.89
SKU-0019748,SUP-000329,True,8.16
SKU-0019748,SUP-000430,False,7.83
SKU-0019749,SUP-000226,True,15.54
SKU-0019750,SUP-000115,True,27.78
SKU-0019751,SUP-000332,True,1.55
SKU-0019752,SUP-000011,True,5.58
SKU-0019752,SUP-000106,False,5.38
SKU-0019753,SUP-000002,True,25.48
SKU-0019754,SUP-000412,True,39.6
SKU-0019755,SUP-000015,True,2.84
SKU-0019756,SUP-000415,True,2.43
SKU-0019757,SUP-000276,True,30.88
SKU-0019758,SUP-000009,True,9.92
SKU-0019759,SUP-000414,True,16.61
SKU-0019759,SUP-000354,False,15.43
SKU-0019760,SUP-000151,True,
SKU-0019760,SUP-000079,False,74.48
SKU-0019761,SUP-000007,True,15.01
SKU-0019762,SUP-000033,True,19.38
SKU-0019763,SUP-000106,True,40.64
SKU-0019764,SUP-000291,True,-1.58
SKU-0019765,SUP-000079,True,80.43
SKU-0019766,SUP-000404,True,11.69
SKU-0019766,SUP-000243,False,12.03
SKU-0019766,SUP-000051,False,12.7
SKU-0019767,SUP-000260,True,7.09
SKU-0019768,SUP-000312,True,13.85
SKU-0019769,SUP-000142,True,42.05
SKU-0019770,SUP-000081,True,7.25
SKU-0019771,SUP-000446,True,7.84
SKU-0019771,SUP-000119,False,7.84
SKU-0019772,SUP-000188,True,12.39
SKU-0019772,SUP-000332,False,12.08
SKU-0019773,SUP-000046,True,18.69
SKU-0019774,SUP-000046,True,19.7
SKU-0019775,SUP-000353,True,1.11
SKU-0019776,SUP-000434,True,33.39
SKU-0019777,SUP-000261,True,5.82
SKU-0019778,SUP-000143,True,10.58
SKU-0019779,SUP-000365,True,13.44
SKU-0019780,SUP-000180,True,10.27
SKU-0019781,SUP-000175,True,1.46
SKU-0019782,SUP-000417,True,13.29
SKU-0019783,SUP-000258,True,33.03
SKU-0019783,SUP-000335,False,38.22
SKU-0019784,SUP-000229,True,10.58
SKU-0019785,SUP-000050,True,17.17
SKU-0019786,SUP-000314,True,14.21
SKU-0019786,SUP-000157,False,15.24
SKU-0019787,SUP-000165,True,102.39
SKU-0019787,SUP-000054,False,122.0
SKU-0019788,SUP-000346,True,76.81
SKU-0019789,SUP-000403,True,10.32
SKU-0019790,SUP-000074,True,76.73
SKU-0019791,SUP-000392,True,14.88
SKU-0019792,SUP-000067,True,1.07
SKU-0019793,SUP-000247,True,15.19
SKU-0019793,SUP-000429,False,16.21
SKU-0019793,SUP-000377,False,14.75
SKU-0019794,SUP-000193,True,57.83
SKU-0019795,SUP-000043,True,7.66
SKU-0019796,SUP-000368,True,0.57
SKU-0019797,SUP-000193,True,1.21
SKU-0019798,SUP-000345,True,
SKU-0019798,SUP-000087,False,6.85
SKU-0019799,SUP-000148,True,11.72
SKU-0019799,SUP-000390,False,11.72
SKU-0019800,SUP-000348,True,9.27
SKU-0019800,SUP-000024,False,12.26
SKU-0019801,SUP-000419,True,8.3
SKU-0019802,SUP-000023,True,3.29
SKU-0019802,SUP-000203,False,3.89
SKU-0019803,SUP-000221,True,7.2
SKU-0019803,SUP-000055,False,7.57
SKU-0019804,SUP-000154,True,87.95
SKU-0019804,SUP-000152,False,104.75
SKU-0019805,SUP-000352,True,8.8
SKU-0019806,SUP-000264,True,18.32
SKU-0019807,SUP-000071,True,19.85
SKU-0019807,SUP-000365,False,20.47
SKU-0019808,SUP-000189,True,9.83
SKU-0019809,SUP-000441,True,9.81
SKU-0019810,SUP-000354,True,2.39
SKU-0019810,SUP-000325,False,2.62
SKU-0019811,SUP-000204,True,4.79
SKU-0019812,SUP-000113,True,6.18
SKU-0019813,SUP-000043,True,62.44
SKU-0019814,SUP-000223,True,
SKU-0019815,SUP-000401,True,43.09
SKU-0019816,SUP-000277,True,2.06
SKU-0019817,SUP-000069,True,55.49
SKU-0019818,SUP-000387,True,0.61
SKU-0019819,SUP-000352,True,4.47
SKU-0019820,SUP-000057,True,25.95
SKU-0019821,SUP-000160,True,50.03
SKU-0019822,SUP-000373,True,5.94
SKU-0019822,SUP-000158,False,6.27
SKU-0019822,SUP-000201,False,6.28
SKU-0019823,SUP-000128,True,28.32
SKU-0019824,SUP-000198,True,10.02
SKU-0019825,SUP-000073,True,22.7
SKU-0019825,SUP-000111,False,19.97
SKU-0019826,SUP-000102,True,1.16
SKU-0019826,SUP-000031,False,1.32
SKU-0019827,SUP-000321,True,240.5
SKU-0019827,SUP-000319,False,235.84
SKU-0019828,SUP-000285,True,1.55
SKU-0019829,SUP-000051,True,29.34
SKU-0019830,SUP-000070,True,22.95
SKU-0019830,SUP-000385,False,24.74
SKU-0019831,SUP-000295,True,87.22
SKU-0019832,SUP-000335,True,18.37
SKU-0019833,SUP-000131,True,6.28
SKU-0019833,SUP-000389,False,
SKU-0019834,SUP-000439,True,15.9
SKU-0019835,SUP-000182,True,24.55
SKU-0019836,SUP-000208,True,3.18
SKU-0019836,SUP-000259,False,3.27
SKU-0019837,SUP-000053,True,15.5
SKU-0019838,SUP-000415,True,44.08
SKU-0019839,SUP-000318,True,13.97
SKU-0019840,SUP-000212,True,52.01
SKU-0019841,SUP-000367,True,0.99
SKU-0019842,SUP-000199,True,5.06
SKU-0019843,SUP-000412,True,17.38
SKU-0019844,SUP-000116,True,10.98
SKU-0019845,SUP-000208,True,16.56
SKU-0019846,SUP-000198,True,24.58
SKU-0019846,SUP-000024,False,21.91
SKU-0019847,SUP-000019,True,21.14
SKU-0019848,SUP-000137,True,47.33
SKU-0019849,SUP-000146,True,31.65
SKU-0019850,SUP-000186,True,16.45
SKU-0019851,SUP-000002,True,25.26
SKU-0019852,SUP-000216,True,42.85
SKU-0019853,SUP-000196,True,11.42
SKU-0019854,SUP-000332,True,8.56
SKU-0019854,SUP-000303,False,9.13
SKU-0019854,SUP-000314,False,
SKU-0019855,SUP-000099,True,
SKU-0019855,SUP-000390,False,0.53
SKU-0019856,SUP-000070,True,2.27
SKU-0019856,SUP-000302,False,1.92
SKU-0019856,SUP-000004,False,2.37
SKU-0019857,SUP-000086,True,84.71
SKU-0019858,SUP-000418,True,0.51
SKU-0019859,SUP-000069,True,15.51
SKU-0019860,SUP-000449,True,3.73
SKU-0019861,SUP-000321,True,28.29
SKU-0019861,SUP-000201,False,31.47
SKU-0019862,SUP-000423,True,434.3
SKU-0019863,SUP-000445,True,38.37
SKU-0019863,SUP-000134,False,50.05
SKU-0019864,SUP-000214,True,2.75
SKU-0019865,SUP-000333,True,1.37
SKU-0019866,SUP-000014,True,172.59
SKU-0019867,SUP-000358,True,6.81
SKU-0019868,SUP-000348,True,2.43
SKU-0019868,SUP-000342,False,2.34
SKU-0019869,SUP-000302,True,4.8
SKU-0019870,SUP-000050,True,
SKU-0019870,SUP-000407,False,16.54
SKU-0019871,SUP-000265,True,8.3
SKU-0019871,SUP-000125,False,7.42
SKU-0019871,SUP-000308,False,9.45
SKU-0019872,SUP-000048,True,2.95
SKU-0019873,SUP-000148,True,1.64
SKU-0019874,SUP-000280,True,5.95
SKU-0019874,SUP-000321,False,6.51
SKU-0019875,SUP-000204,True,18.42
SKU-0019876,SUP-000434,True,2.02
SKU-0019877,SUP-000138,True,30.87
SKU-0019877,SUP-000300,False,30.98
SKU-0019877,SUP-000157,False,35.98
SKU-0019878,SUP-000226,True,21.05
SKU-0019879,SUP-000244,True,79.53
SKU-0019880,SUP-000362,True,3.18
SKU-0019880,SUP-000011,False,
SKU-0019881,SUP-000191,True,76.54
SKU-0019882,SUP-000076,True,18.92
SKU-0019882,SUP-000229,False,20.48
SKU-0019883,SUP-000434,True,1.74
SKU-0019884,SUP-000335,True,8.45
SKU-0019885,SUP-000197,True,1.86
SKU-0019885,SUP-000150,False,1.96
SKU-0019885,SUP-000044,False,1.69
SKU-0019886,SUP-000127,True,7.07
SKU-0019887,SUP-000310,True,1.65
SKU-0019887,SUP-000217,False,1.83
SKU-0019888,SUP-000218,True,22.46
SKU-0019889,SUP-000188,True,14.97
SKU-0019890,SUP-000440,True,6.69
SKU-0019891,SUP-000027,True,4.42
SKU-0019892,SUP-000230,True,8.14
SKU-0019893,SUP-000169,True,11.66
SKU-0019894,SUP-000096,True,18.28
SKU-0019895,SUP-000101,True,36.25
SKU-0019895,SUP-000401,False,37.72
SKU-0019896,SUP-000410,True,32.33
SKU-0019897,SUP-000315,True,6.03
SKU-0019898,SUP-000073,True,22.7
SKU-0019899,SUP-000346,True,5.84
SKU-0019899,SUP-000182,False,6.88
SKU-0019899,SUP-000131,False,7.57
SKU-0019900,SUP-000297,True,47.45
SKU-0019900,SUP-000233,False,51.1
SKU-0019901,SUP-000410,True,28.73
SKU-0019902,SUP-000074,True,7.69
SKU-0019902,SUP-000042,False,6.73
SKU-0019903,SUP-000104,True,18.8
SKU-0019904,SUP-000349,True,5.36
SKU-0019904,SUP-000369,False,7.03
SKU-0019905,SUP-000197,True,34.85
SKU-0019906,SUP-000392,True,5.51
SKU-0019907,SUP-000144,True,11.36
SKU-0019907,SUP-000180,False,14.54
SKU-0019908,SUP-000431,True,3.93
SKU-0019908,SUP-000284,False,4.05
SKU-0019909,SUP-000148,True,12.71
SKU-0019910,SUP-000421,True,16.16
SKU-0019911,SUP-000280,True,28.75
SKU-0019911,SUP-000106,False,24.61
SKU-0019912,SUP-000117,True,17.61
SKU-0019912,SUP-000199,False,19.77
SKU-0019913,SUP-000170,True,10.62
SKU-0019913,SUP-000193,False,9.06
SKU-0019914,SUP-000072,True,54.58
SKU-0019915,SUP-000409,True,1.38
SKU-0019915,SUP-000359,False,1.27
SKU-0019915,SUP-000385,False,1.43
SKU-0019916,SUP-000039,True,48.8
SKU-0019917,SUP-000204,True,34.59
SKU-0019918,SUP-000389,True,4.36
SKU-0019919,SUP-000297,True,5.31
SKU-0019920,SUP-000366,True,21.81
SKU-0019920,SUP-000354,False,23.9
SKU-0019921,SUP-000194,True,18.56
SKU-0019922,SUP-000440,True,16.99
SKU-0019923,SUP-000095,True,3.38
SKU-0019924,SUP-000389,True,12.98
SKU-0019924,SUP-000442,False,14.76
SKU-0019925,SUP-000328,True,10.66
SKU-0019925,SUP-000435,False,11.25
SKU-0019925,SUP-000344,False,11.82
SKU-0019926,SUP-000304,True,31.85
SKU-0019927,SUP-000018,True,3.28
SKU-0019928,SUP-000305,True,5.77
SKU-0019929,SUP-000207,True,9.25
SKU-0019930,SUP-000220,True,5.44
SKU-0019931,SUP-000172,True,41.02
SKU-0019932,SUP-000049,True,218.74
SKU-0019932,SUP-000148,False,223.13
SKU-0019933,SUP-000430,True,24.58
SKU-0019934,SUP-000138,True,26.28
SKU-0019934,SUP-000307,False,30.37
SKU-0019935,SUP-000348,True,259.07
SKU-0019936,SUP-000421,True,170.16
SKU-0019937,SUP-000084,True,18.76
SKU-0019938,SUP-000031,True,2.3
SKU-0019939,SUP-000077,True,3.36
SKU-0019939,SUP-000447,False,3.62
SKU-0019940,SUP-000121,True,6.99
SKU-0019941,SUP-000230,True,77.35
SKU-0019942,SUP-000204,True,0.73
SKU-0019943,SUP-000098,True,2.71
SKU-0019944,SUP-000330,True,10.88
SKU-0019944,SUP-000412,False,12.86
SKU-0019945,SUP-000284,True,4.83
SKU-0019946,SUP-000039,True,58.06
SKU-0019947,SUP-000313,True,9.66
SKU-0019947,SUP-000335,False,8.89
SKU-0019948,SUP-000119,True,7.51
SKU-0019949,SUP-000023,True,2.69
SKU-0019950,SUP-000299,True,27.6
SKU-0019951,SUP-000036,True,9.89
SKU-0019951,SUP-000255,False,9.99
SKU-0019952,SUP-000424,True,12.34
SKU-0019952,SUP-000161,False,15.47
SKU-0019953,SUP-000246,True,90.21
SKU-0019954,SUP-000405,True,12.11
SKU-0019955,SUP-000293,True,7.34
SKU-0019955,SUP-000014,False,6.97
SKU-0019955,SUP-000011,False,7.79
SKU-0019956,SUP-000329,True,3.39
SKU-0019957,SUP-000104,True,10.05
SKU-0019957,SUP-000302,False,11.93
SKU-0019958,SUP-000242,True,6.75
SKU-0019959,SUP-000124,True,36.75
SKU-0019960,SUP-000367,True,125.13
SKU-0019961,SUP-000093,True,5.21
SKU-0019962,SUP-000397,True,2.32
SKU-0019962,SUP-000148,False,2.49
SKU-0019963,SUP-000023,True,2.2
SKU-0019964,SUP-000317,True,186.35
SKU-0019965,SUP-000287,True,15.01
SKU-0019966,SUP-000038,True,11.14
SKU-0019966,SUP-000396,False,
SKU-0019967,SUP-000084,True,9.9
SKU-0019968,SUP-000281,True,5.6
SKU-0019969,SUP-000061,True,17.56
SKU-0019970,SUP-000102,True,12.04
SKU-0019971,SUP-000169,True,17.64
SKU-0019972,SUP-000129,True,6.78
SKU-0019972,SUP-000181,False,5.78
SKU-0019973,SUP-000043,True,7.76
SKU-0019974,SUP-000352,True,3.56
SKU-0019974,SUP-000442,False,2.69
SKU-0019975,SUP-000128,True,37.0
SKU-0019976,SUP-000076,True,3.33
SKU-0019977,SUP-000308,True,12.32
SKU-0019978,SUP-000371,True,10.08
SKU-0019978,SUP-000388,False,10.31
SKU-0019979,SUP-000057,True,9.0
SKU-0019980,SUP-000238,True,1.88
SKU-0019981,SUP-000369,True,1.54
SKU-0019982,SUP-000158,True,6.2
SKU-0019983,SUP-000377,True,251.36
SKU-0019984,SUP-000114,True,8.59
SKU-0019985,SUP-000257,True,3.52
SKU-0019985,SUP-000055,False,3.46
SKU-0019985,SUP-000186,False,3.78
SKU-0019986,SUP-000094,True,43.97
SKU-0019987,SUP-000317,True,45.07
SKU-0019988,SUP-000415,True,15.47
SKU-0019989,SUP-000112,True,3.76
SKU-0019990,SUP-000260,True,8.21
SKU-0019991,SUP-000363,True,0.7
SKU-0019992,SUP-000263,True,22.38
SKU-0019993,SUP-000170,True,4.56
SKU-0019993,SUP-000267,False,5.64
SKU-0019994,SUP-000396,True,21.27
SKU-0019994,SUP-000296,False,24.32
SKU-0019995,SUP-000047,True,32.01
SKU-0019996,SUP-000193,True,15.17
SKU-0019997,SUP-000075,True,37.63
SKU-0019998,SUP-000304,True,6.94
SKU-0019999,SUP-000424,True,3.62
SKU-0020000,SUP-000040,True,9.68
SKU-0020001,SUP-000231,True,27.57
SKU-0020004,SUP-000207,True,1.46
SKU-0020005,SUP-000163,True,2.05
SKU-0020006,SUP-000048,True,2.76
SKU-0020010,SUP-000071,True,26.04
SKU-0020010,SUP-000210,False,25.86
SKU-0020011,SUP-000204,True,60.26
SKU-0020011,SUP-000215,False,52.78
SKU-0020013,SUP-000092,True,1.61
SKU-0020013,SUP-000263,False,1.52
SKU-0020014,SUP-000206,True,30.32
SKU-0020015,SUP-000143,True,18.59
SKU-0020016,SUP-000039,True,0.55
SKU-0020017,SUP-000044,True,5.71
SKU-0020017,SUP-000146,False,6.12
SKU-0020018,SUP-000390,True,12.8
SKU-0020020,SUP-000047,True,25.33
SKU-0020020,SUP-000429,False,26.31
SKU-0020021,SUP-000045,True,27.49
SKU-0020021,SUP-000108,False,24.32
SKU-0020022,SUP-000208,True,60.37
SKU-0020025,SUP-000277,True,1.41
SKU-0020026,SUP-000023,True,2.96
SKU-0020027,SUP-000277,True,125.35
SKU-0020028,SUP-000201,True,7.43
SKU-0020028,SUP-000052,False,6.03
SKU-0020029,SUP-000268,True,2.0
SKU-0020029,SUP-000101,False,1.62
SKU-0020030,SUP-000430,True,13.2
SKU-0020030,SUP-000108,False,10.94
SKU-0020031,SUP-000105,True,1.45
SKU-0020031,SUP-000449,False,1.47
SKU-0020032,SUP-000021,True,54.43
SKU-0020036,SUP-000392,True,9.54
SKU-0020036,SUP-000153,False,9.07
SKU-0020037,SUP-000138,True,2.34
SKU-0020038,SUP-000177,True,9.27
SKU-0020039,SUP-000450,True,14.57
SKU-0020039,SUP-000089,False,14.65
SKU-0020043,SUP-000296,True,5.47
SKU-0020044,SUP-000317,True,55.37
SKU-0020045,SUP-000205,True,18.39
SKU-0020047,SUP-000101,True,36.79
SKU-0020048,SUP-000001,True,102.89
SKU-0020049,SUP-000446,True,3.39
SKU-0020050,SUP-000197,True,2.84
SKU-0020052,SUP-000296,True,3.92
SKU-0020054,SUP-000013,True,3.39
SKU-0020056,SUP-000238,True,5.15
SKU-0020057,SUP-000092,True,
SKU-0020058,SUP-000144,True,8.29
SKU-0020059,SUP-000116,True,12.22
SKU-0020060,SUP-000367,True,10.66
SKU-0020062,SUP-000402,True,7.32
SKU-0020065,SUP-000270,True,37.49
SKU-0020067,SUP-000164,True,12.3
SKU-0020069,SUP-000421,True,23.53
SKU-0020071,SUP-000222,True,11.76
SKU-0020071,SUP-000394,False,12.59
SKU-0020073,SUP-000043,True,7.79
SKU-0020074,SUP-000223,True,83.09
SKU-0020076,SUP-000321,True,2.82
SKU-0020076,SUP-000193,False,3.02
SKU-0020082,SUP-000343,True,22.27
SKU-0020083,SUP-000240,True,8.88
SKU-0020084,SUP-000049,True,7.56
SKU-0020084,SUP-000255,False,6.34
SKU-0020085,SUP-000232,True,3.28
SKU-0020086,SUP-000012,True,0.44
SKU-0020087,SUP-000312,True,31.74
SKU-0020088,SUP-000011,True,3.58
SKU-0020089,SUP-000110,True,14.23
SKU-0020095,SUP-000084,True,69.78
SKU-0020095,SUP-000357,False,73.94
SKU-0020096,SUP-000339,True,6.51
SKU-0020097,SUP-000424,True,10.05
SKU-0020099,SUP-000294,True,15.09
SKU-0020100,SUP-000173,True,3.92
SKU-0020103,SUP-000191,True,5.09
SKU-0020107,SUP-000240,True,2.56
SKU-0020110,SUP-000210,True,12.34
SKU-0020112,SUP-000256,True,28.3
SKU-0020116,SUP-000112,True,92.03
SKU-0020117,SUP-000131,True,2.86
SKU-0020119,SUP-000355,True,24.61
SKU-0020119,SUP-000074,False,28.46
SKU-0020124,SUP-000017,True,3.5
SKU-0020125,SUP-000004,True,7.57
SKU-0020126,SUP-000264,True,11.01
SKU-0020126,SUP-000231,False,12.4
SKU-0020127,SUP-000313,True,2.51
SKU-0020129,SUP-000184,True,12.1
SKU-0020129,SUP-000001,False,12.22
SKU-0020133,SUP-000333,True,13.15
SKU-0020133,SUP-000118,False,10.77
SKU-0020134,SUP-000044,True,46.44
SKU-0020135,SUP-000136,True,9.4
SKU-0020136,SUP-000233,True,3.95
SKU-0020137,SUP-000215,True,6.02
SKU-0020137,SUP-000288,False,6.04
SKU-0020137,SUP-000152,False,6.38
SKU-0020138,SUP-000286,True,4.96
SKU-0020141,SUP-000254,True,6.85
SKU-0020146,SUP-000243,True,2.7
SKU-0020146,SUP-000091,False,2.89
SKU-0020148,SUP-000018,True,12.75
SKU-0020152,SUP-000402,True,20.66
SKU-0020154,SUP-000026,True,8.79
SKU-0020154,SUP-000322,False,11.24
SKU-0020155,SUP-000119,True,30.54
SKU-0020156,SUP-000022,True,11.73
SKU-0020157,SUP-000007,True,5.05
SKU-0020158,SUP-000089,True,1.35
SKU-0020159,SUP-000210,True,16.22
SKU-0020162,SUP-000449,True,26.1
SKU-0020162,SUP-000045,False,23.58
SKU-0020163,SUP-000086,True,32.64
SKU-0020163,SUP-000258,False,28.4
SKU-0020165,SUP-000352,True,24.9
SKU-0020165,SUP-000361,False,23.53
SKU-0020166,SUP-000208,True,22.76
SKU-0020167,SUP-000246,True,88.56
SKU-0020167,SUP-000047,False,82.06
SKU-0020168,SUP-000376,True,151.88
SKU-0020170,SUP-000151,True,7.69
SKU-0020172,SUP-000404,True,55.58
SKU-0020173,SUP-000112,True,41.69
SKU-0020173,SUP-000294,False,42.26
SKU-0020174,SUP-000342,True,19.8
SKU-0020174,SUP-000185,False,19.55
SKU-0020175,SUP-000157,True,5.7
SKU-0020178,SUP-000122,True,13.84
SKU-0020183,SUP-000355,True,2.08
SKU-0020183,SUP-000133,False,1.92
SKU-0020184,SUP-000378,True,16.34
SKU-0020185,SUP-000385,True,0.68
SKU-0020187,SUP-000236,True,23.14
SKU-0020189,SUP-000178,True,11.2
SKU-0020190,SUP-000286,True,14.98
SKU-0020191,SUP-000173,True,4.62
SKU-0020192,SUP-000360,True,18.75
SKU-0020193,SUP-000362,True,161.34
SKU-0020193,SUP-000373,False,143.11
SKU-0020199,SUP-000136,True,4.88
SKU-0020199,SUP-000211,False,5.68
SKU-0020200,SUP-000082,True,22.95
SKU-0020200,SUP-000372,False,18.89
SKU-0020206,SUP-000036,True,3.09
SKU-0020207,SUP-000132,True,79.21
SKU-0020207,SUP-000160,False,77.98
SKU-0020207,SUP-000207,False,78.98
SKU-0020208,SUP-000207,True,20.09
SKU-0020208,SUP-000094,False,21.71
SKU-0020209,SUP-000344,True,97.38
SKU-0020211,SUP-000174,True,3.62
SKU-0020211,SUP-000063,False,4.49
SKU-0020212,SUP-000257,True,25.19
SKU-0020213,SUP-000314,True,28.03
SKU-0020214,SUP-000121,True,0.53
SKU-0020215,SUP-000068,True,4.52
SKU-0020218,SUP-000096,True,0.4
SKU-0020221,SUP-000317,True,32.56
SKU-0020222,SUP-000383,True,24.53
SKU-0020223,SUP-000345,True,0.56
SKU-0020225,SUP-000270,True,6.21
SKU-0020227,SUP-000420,True,68.27
SKU-0020227,SUP-000089,False,83.85
SKU-0020228,SUP-000122,True,18.14
SKU-0020230,SUP-000209,True,3.06
SKU-0020230,SUP-000001,False,2.63
SKU-0020232,SUP-000165,True,17.3
SKU-0020239,SUP-000433,True,7.89
SKU-0020243,SUP-000154,True,
SKU-0020244,SUP-000268,True,10.24
SKU-0020244,SUP-000196,False,8.91
SKU-0020247,SUP-000344,True,178.65
SKU-0020247,SUP-000275,False,151.66
SKU-0020248,SUP-000203,True,8.3
SKU-0020250,SUP-000023,True,8.23
