supplier_id,supplier_name,country,state_province,city,contact_name,contact_email,contact_phone,contract_start_date,contract_end_date,supplier_status,payment_terms_days,lead_time_days,source_system,source_file,ingestion_timestamp,batch_id
SUP-000001,"Lane, Garcia and Clark",UNITED KINGDOM,Wales,Cardiff,Angel Smith,contact@lane.garcia.and.clark.example.com,6669759617,2022-01-09,,ACTIVE,60,12,SOURCE_F_SUPPLIER_MGMT,suppliers_master.csv,2022-01-09T03:03:55.184976440,BATCH-F-20220109
SUP-000002,Ball-Rosales,US,Washington,Seattle,Brenda Perry,contact@ball-rosales.example.com,null,2019-06-03,,ACTIVE,30,30,SOURCE_F_SUPPLIER_MGMT,suppliers_master.csv,2019-06-03T06:22:42.906190271,BATCH-F-20190603
SUP-000003,Anderson-West,unknown,Bihar,Bhagalpur,Susan Miller, ,(884)579-7927,2019-10-27,,ACTIVE,45,15,SOURCE_F_SUPPLIER_MGMT,suppliers_master.csv,2019-10-27T18:06:51.860952510,BATCH-F-20191027
SUP-000004,Williams Inc,United States,Washington,Seattle,Ryan Miller,contact@williams.inc.example.com,(664)595-2947,2020-03-17,,ACTIVE,15,20,SOURCE_F_SUPPLIER_MGMT,suppliers_master.csv,2020-03-17T23:50:17.921766148,BATCH-F-20200317
SUP-000005,Lee Ltd,India,Gujarat,Victoria,Amanda Key,contact@lee.ltd.example.com,7819179572,2020-01-08,2022-08-27,TERMINATED,15,21,SOURCE_F_SUPPLIER_MGMT,suppliers_master.csv,2020-01-08T01:05:47.497466902,BATCH-F-20200108
SUP-000006,Ramirez Group,United States,New York,New York City,James Jackson,NA,+1-724-998-4911,2019-09-30,2025-04-11,TERMINATED,45,19,SOURCE_F_SUPPLIER_MGMT,suppliers_master.csv,2019-09-30T05:58:32.611598788,BATCH-F-20190930
SUP-000007,Pearson-Martin,US,GEORGIA,Savannah,Ann Patrick,contact@pearson-martin.example.com,(631)397-5521x5814,2020-11-19,,ACTIVE,45,3,SOURCE_F_SUPPLIER_MGMT,suppliers_master.csv,2020-11-19T00:33:00.010452442,BATCH-F-20201119
SUP-000008,Coleman and Sons,Canada,Quebec,MONTREAL,Daniel Lane,contact@coleman.and.sons.example.com,379-657-0847,2020-06-28,2026-05-28,INACTIVE,45,28,SOURCE_F_SUPPLIER_MGMT,suppliers_master.csv,2020-06-28T19:15:00.498641055,BATCH-F-20200628
SUP-000009,hawkins-anderson,United Kingdom,ENGLAND,London,Crystal Hunt,contact@hawkins-anderson.example.com,778-203-2313x54636,2021-11-10,2026-09-15,INACTIVE,90,27,SOURCE_F_SUPPLIER_MGMT,suppliers_master.csv,2021-11-10T14:48:23.366618322,BATCH-F-20211110
SUP-000010,Patton LLC,India,Delhi,New Delhi,Kathryn Morton,contact@patton.llc.example.com,326.941.4749x22162,2021-10-15,,ACTIVE,60,42,SOURCE_F_SUPPLIER_MGMT,suppliers_master.csv,2021-10-16T05:05:35.830119264,BATCH-F-20211015
SUP-000011,hernandez-thomas,IN,-,MUMBAI,William Lewis,contact@hernandez-thomas.example.com,616.815.3219x072,2023-07-10,,ACTIVE,45,15,SOURCE_F_SUPPLIER_MGMT,suppliers_master.csv,2023-07-10T06:33:22.813801940,BATCH-F-20230710
SUP-000012,Shaffer Inc,United Kingdom,Scotland,Aberdeen,Brett Lee,contact@shaffer.inc.example.com,919.227.7044x41043,2021-09-03,,ACTIVE,15,23,SOURCE_F_SUPPLIER_MGMT,suppliers_master.csv,2021-09-03T02:02:49.848350376,BATCH-F-20210903
SUP-000013,Barr LLC,United States,Illinois,Springfield,Eric Maxwell,contact@barr.llc.example.com,339-678-2822x09956,2022-03-27,,ACTIVE,30,23,SOURCE_F_SUPPLIER_MGMT,suppliers_master.csv,2022-03-27T05:59:04.373938107,BATCH-F-20220327
SUP-000014,Fitzgerald PLC,Canada,Quebec,QUEBEC CITY,Scott Herring,contact@fitzgerald.plc.example.com,623-940-1123,2022-11-11,,ACTIVE,60,20,SOURCE_F_SUPPLIER_MGMT,suppliers_master.csv,2022-11-11T00:38:46.473888889,BATCH-F-20221111
SUP-000015,"Jones, Medina and Andrews",UNITED ARAB EMIRATES,Dubai,Jebel Ali,Robert Evans,contact@jones.medina.and.andrews.example.com,-,2022-03-16,,ACTIVE,15,9,SOURCE_F_SUPPLIER_MGMT,suppliers_master.csv,2022-03-16T14:18:41.158068846,BATCH-F-20220316
SUP-000016,HERNANDEZ AND SONS,India,MAHARASHTRA,"Pune,",Timothy Edwards,contact@hernandez.and.sons.example.com,2555977382,2022-03-08,2024-10-02,TERMINATED,60,10,SOURCE_F_SUPPLIER_MGMT,suppliers_master.csv,2022-03-08T02:44:06.417513115,BATCH-F-20220308
SUP-000017,Snyder-Stevenson,United States,New York,"Albany,",Brian Nielsen,contact@snyder-stevenson.example.com,493.263.7322x26946,2022-12-03,,ACTIVE,15,14,SOURCE_F_SUPPLIER_MGMT,suppliers_master.csv,2022-12-03T14:01:37.325863961,BATCH-F-20221203
SUP-000018,Chase-Fitzgerald,US,New York,New York City,Beth Jones,contact@chase-fitzgerald.example.com,6507296672,2020-03-08,,ACTIVE,45,13,SOURCE_F_SUPPLIER_MGMT,suppliers_master.csv,2020-03-08T17:05:30.791768067,BATCH-F-20200308
SUP-000019,Werner-Beck,US,New York,New  York  City,Brian Gardner,contact@werner-beck.example.com,847.773.3404,2022-09-18,2026-09-15,INACTIVE,45,25,SOURCE_F_SUPPLIER_MGMT,suppliers_master.csv,2022-09-19T04:48:49.208940971,BATCH-F-20220918
SUP-000020,Spencer and Sons,India,Gujarat,VADODARA,Jimmy Valdez, ,637-340-9496x595,2022-04-27,,ACTIVE,60,41,SOURCE_F_SUPPLIER_MGMT,suppliers_master.csv,2022-04-27T21:22:10.058226761,BATCH-F-20220427
SUP-000021,Gonzalez LLC,India,Karnataka,Mysuru,Matthew Mcdowell,contact@gonzalez.llc.example.com,Unknown,2023-05-23,,ACTIVE,45,18,SOURCE_F_SUPPLIER_MGMT,suppliers_master.csv,2023-05-23T10:57:12.997326763,BATCH-F-20230523
SUP-000022,Thompson Group,India,Maharashtra,Pune,Justin Simpson,contact@thompson.group.example.com,533-448-8698,2019-06-08,2022-04-04,INACTIVE,30,6,SOURCE_F_SUPPLIER_MGMT,suppliers_master.csv,2019-06-08T02:32:00.376134300,BATCH-F-20190608
SUP-000023,"Perez, Harvey and Dillon",IN,DELHI,New Delhi,Peter Simmons,contact@perez.harvey.and.dillon.example.com,+1-279-909-9630,2019-06-26,,ACTIVE,30,12,SOURCE_F_SUPPLIER_MGMT,suppliers_master.csv,2019-06-26T18:18:46.347742171,BATCH-F-20190626
SUP-000024,"Ramirez, Pena and Mendoza",unknown,New York,New  York  City,Jason Bartlett,contact@ramirez.pena.and.mendoza.example.com,929.421.4366,2021-11-06,,ACTIVE,90,44,SOURCE_F_SUPPLIER_MGMT,suppliers_master.csv,2021-11-06T21:47:09.217966224,BATCH-F-20211106
SUP-000025, Pollard-Larson ,US,Texas,Dallas,Derrick Mckay,contact@pollard-larson.example.com,001-453-336-7705x02571,2023-02-08,,ACTIVE,90,41,SOURCE_F_SUPPLIER_MGMT,suppliers_master.csv,2023-02-08T07:03:59.466712658,BATCH-F-20230208
SUP-000026,Martinez-Ryan,N/A,,Rohini,Erica Johnson,contact@martinez-ryan.example.com,(686)303-9464x78032,2021-12-10,2024-12-03,TERMINATED,90,43,SOURCE_F_SUPPLIER_MGMT,suppliers_master.csv,2021-12-10T15:53:08.506324690,BATCH-F-20211210
SUP-000027,Allen and Sons,Canada,ONTARIO,Ottawa,Edward Bailey,contact@allen.and.sons.example.com,942-537-5311,2022-01-11,,ACTIVE,90,8,SOURCE_F_SUPPLIER_MGMT,suppliers_master.csv,2022-01-11T05:53:03.104529234,BATCH-F-20220111
SUP-000028,Lucas-Garcia,United Arab Emirates,Dubai,Dubai City,Ashley Erickson,contact@lucas-garcia.example.com,761-398-4069x28716,2021-11-05,2025-02-18,TERMINATED,90,40,SOURCE_F_SUPPLIER_MGMT,suppliers_master.csv,2021-11-05T22:25:44.212257170,BATCH-F-20211105
SUP-000029,Allen Group,United Kingdom,Wales,"CARDIFF,",Kevin Gilbert,contact@allen.group.example.com,899-428-6577,2022-07-28,,ACTIVE,45,2,SOURCE_F_SUPPLIER_MGMT,suppliers_master.csv,2022-07-28T14:54:33.398515042,BATCH-F-20220728
SUP-000030,"Mitchell, Castro and Tyler",United States,New York,Buffalo,Benjamin Phillips,contact@mitchell.castro.and.tyler.example.com,(348)712-4314x7572,2021-02-25,2022-04-21,INACTIVE,45,26,SOURCE_F_SUPPLIER_MGMT,suppliers_master.csv,2021-02-25T18:57:23.642336081,BATCH-F-20210225
SUP-000031,"Taylor, Smith and Hart",United Arab Emirates,Abu Dhabi,Al Ain,Charles Douglas,contact@taylor.smith.and.hart.example.com,+1-387-809-2620x04409,2022-09-08,,ACTIVE,60,11,SOURCE_F_SUPPLIER_MGMT,suppliers_master.csv,2022-09-09T04:41:02.170945933,BATCH-F-20220908
SUP-000032,Norman LLC,United States,New York,New York City,Jennifer Wade,contact@norman.llc.example.com,+1-601-839-7625,2021-11-28,2024-12-10,TERMINATED,60,31,SOURCE_F_SUPPLIER_MGMT,suppliers_master.csv,2021-11-28T13:06:55.479055942,BATCH-F-20211128
SUP-000033,"Scott, Sanders and Olsen",IN,West Bengal,Siliguri,Hannah Sullivan,Unknown,Unknown,2022-12-11,,ACTIVE,45,7,SOURCE_F_SUPPLIER_MGMT,suppliers_master.csv,2022-12-11T19:14:30.094342101,BATCH-F-20221211
SUP-000034,"Hoffman, Johnson and Brooks",United Kingdom,Scotland,Glasgow,Anthony Hayes,contact@hoffman.johnson.and.brooks.example.com,001-955-707-3116x40084,2022-07-30,,ACTIVE,15,12,SOURCE_F_SUPPLIER_MGMT,suppliers_master.csv,2022-07-30T02:37:47.808863987,BATCH-F-20220730
SUP-000035," Larson, Mitchell and Alvarez ",INDIA,WEST BENGAL,KOLKATA,Dustin Robinson,contact@larson.mitchell.and.alvarez.example.com,NA,2019-05-03,,ACTIVE,15,18,SOURCE_F_SUPPLIER_MGMT,suppliers_master.csv,2019-05-03T19:44:52.817327814,BATCH-F-20190503
SUP-000036,"Marsh, Smith and Cook",GB,England,,Jeremy Williams,contact@marsh.smith.and.cook.example.com,794-525-9023x02533,2019-07-22,,ACTIVE,60,33,SOURCE_F_SUPPLIER_MGMT,suppliers_master.csv,2019-07-22T19:20:44.090568883,BATCH-F-20190722
SUP-000037, Gonzalez PLC ,United States,TEXAS,Houston,William Pitts,contact@gonzalez.plc.example.com,+1-725-334-8525,2021-01-23,,ACTIVE,30,21,SOURCE_F_SUPPLIER_MGMT,suppliers_master.csv,2021-01-23T13:53:49.773186011,BATCH-F-20210123
SUP-000038,Wilson-Garcia,US,Texas,Dallas,Hannah Marshall,contact@wilson-garcia.example.com,NA,2021-01-30,,ACTIVE,90,33,SOURCE_F_SUPPLIER_MGMT,suppliers_master.csv,2021-01-30T14:07:26.857535244,BATCH-F-20210130
SUP-000039,"Robinson, Salazar and Cross",India,Bihar,Gaya,David Mitchell,contact@robinson.salazar.and.cross.example.com,996-620-9812x321,2021-01-24,,ACTIVE,15,33,SOURCE_F_SUPPLIER_MGMT,suppliers_master.csv,2021-01-24T04:34:53.225197306,BATCH-F-20210124
SUP-000040,Phillips and Sons,India,Karnataka,Mysuru,Adam Kirby,contact@phillips.and.sons.example.com,+1-650-251-1053,2019-12-22,2023-09-01,INACTIVE,90,39,SOURCE_F_SUPPLIER_MGMT,suppliers_master.csv,2019-12-22T09:34:24.487396674,BATCH-F-20191222
SUP-000041,"Romero, Suarez and Malone",Canada,British Columbia,SURREY,Jessica Clark,contact@romero.suarez.and.malone.example.com,001-613-661-9002,2020-01-21,,ACTIVE,60,42,SOURCE_F_SUPPLIER_MGMT,suppliers_master.csv,2020-01-21T14:38:46.330554161,BATCH-F-20200121
SUP-000042,Ellis and Sons,India,West Bengal,HOWRAH,Paul Mills,contact@ellis.and.sons.example.com,882.796.6841x511,2021-06-19,2025-10-05,TERMINATED,15,34,SOURCE_F_SUPPLIER_MGMT,suppliers_master.csv,2021-06-19T20:26:20.218035623,BATCH-F-20210619
SUP-000043,Walton and Sons,IN,Karnataka,Alexandria,William Lawrence,contact@walton.and.sons.example.com,3777201427,2022-10-25,,ACTIVE,90,10,SOURCE_F_SUPPLIER_MGMT,suppliers_master.csv,2022-10-25T16:50:58.398146349,BATCH-F-20221025
SUP-000044,buck-hawkins,India,Delhi,Rohini,Matthew Holloway,contact@buck-hawkins.example.com,875-909-6146,2019-12-01,2023-02-01,TERMINATED,30,22,SOURCE_F_SUPPLIER_MGMT,suppliers_master.csv,2019-12-01T06:12:36.365313435,BATCH-F-20191201
SUP-000045,Powers PLC,India,Delhi,Dwarka,Ricky Chandler,contact@powers.plc.example.com,(421)480-5017,2020-12-23,2024-09-30,INACTIVE,90,13,SOURCE_F_SUPPLIER_MGMT,suppliers_master.csv,2020-12-23T15:10:12.315366397,BATCH-F-20201223
SUP-000046,Herrera Group,UNITED STATES,California,San  Diego,Jeremiah Ramsey,contact@herrera.group.example.com,911-795-8012,2020-05-03,,ACTIVE,60,12,SOURCE_F_SUPPLIER_MGMT,suppliers_master.csv,2020-05-03T10:54:32.996686588,BATCH-F-20200503
SUP-000047,Travis Group,India,GUJARAT,Ahmedabad,Holly Williams,contact@travis.group.example.com,(586)860-9131x427,2020-09-03,,ACTIVE,60,12,SOURCE_F_SUPPLIER_MGMT,suppliers_master.csv,2020-09-03T00:53:28.961939690,BATCH-F-20200903
SUP-000048,Floyd-Cooley,United States,Texas,Austin,Victoria Warren,contact@floyd-cooley.example.com,001-495-374-7561x911,2021-08-22,2024-10-23,TERMINATED,45,5,SOURCE_F_SUPPLIER_MGMT,suppliers_master.csv,2021-08-23T05:57:48.023173207,BATCH-F-20210822
SUP-000049,"Perez, Hernandez and West",UNITED KINGDOM,SCOTLAND,Aberdeen,Kaitlyn Kelly,contact@perez.hernandez.and.west.example.com,001-695-945-8254x06689,2022-11-22,2025-01-12,INACTIVE,15,18,SOURCE_F_SUPPLIER_MGMT,suppliers_master.csv,2022-11-22T23:58:52.671294540,BATCH-F-20221122
SUP-000050,"Henry, Cole and Harvey",India,Delhi,New Delhi,Kevin Peters,contact@henry.cole.and.harvey.example.com,+1-290-659-8095,2019-02-07,,ACTIVE,45,30,SOURCE_F_SUPPLIER_MGMT,suppliers_master.csv,2019-02-08T04:45:40.950703088,BATCH-F-20190207
SUP-000051,Brandt Inc,India,Delhi,New Delhi,Aaron Palmer,contact@brandt.inc.example.com,622-738-4883,2022-02-04,,ACTIVE,30,13,SOURCE_F_SUPPLIER_MGMT,suppliers_master.csv,2022-02-04T08:48:53.884589074,BATCH-F-20220204
SUP-000052,"Barnes, Carter and Johnson",IN,Delhi,Dwarka,Michael Johns,contact@barnes.carter.and.johnson.example.com,607.284.4399x824,2021-01-03,,ACTIVE,30,11,SOURCE_F_SUPPLIER_MGMT,suppliers_master.csv,2021-01-03T10:50:50.007370361,BATCH-F-20210103
SUP-000053,"Roberson, Chapman and Clark",United States,Washington,Spokane,Stephanie Barrett,contact@roberson.chapman.and.clark.example.com,N/A,2023-03-04,,ACTIVE,15,31,SOURCE_F_SUPPLIER_MGMT,suppliers_master.csv,2023-03-04T09:33:21.622488521,BATCH-F-20230304
SUP-000054,"Schwartz, Garner and Lee",US,New York,Albany,Haley Weaver,contact@schwartz.garner.and.lee.example.com,829-983-8603x0111,2020-10-14,,ACTIVE,45,18,SOURCE_F_SUPPLIER_MGMT,suppliers_master.csv,2020-10-15T01:47:54.467954644,BATCH-F-20201014
SUP-000055,Willis Group,United States,Illinois,Peoria,Brendan Brown,contact@willis.group.example.com,5546938382,2023-03-01,,ACTIVE,60,23,SOURCE_F_SUPPLIER_MGMT,suppliers_master.csv,2023-03-01T15:05:43.709754798,BATCH-F-20230301
SUP-000056,Smith LLC,UNITED KINGDOM,-,Bristol,Deborah Munoz,contact@smith.llc.example.com,5433532732,2020-06-18,,ACTIVE,60,36,SOURCE_F_SUPPLIER_MGMT,suppliers_master.csv,2020-06-18T22:12:41.324203683,BATCH-F-20200618
SUP-000057,Wilson LLC,United Arab Emirates,Dubai,"Dubai City,",Michael Day,contact@wilson.llc.example.com,(377)284-3028,2019-05-10,,ACTIVE,15,35,SOURCE_F_SUPPLIER_MGMT,suppliers_master.csv,2019-05-11T04:18:24.608696881,BATCH-F-20190510
SUP-000058,"Casey, Hensley and Daniels",Canada,Ontario,Hamilton,Christina Smith,contact@casey.hensley.and.daniels.example.com,001-336-808-6618x802,2019-10-10,,ACTIVE,90,13,SOURCE_F_SUPPLIER_MGMT,suppliers_master.csv,2019-10-10T07:52:37.448406992,BATCH-F-20191010
SUP-000059,"Miller, Hall and Smith",IN,West Bengal,Howrah,Chelsea Jones,contact@miller.hall.and.smith.example.com,878-400-7380x847,2019-06-16,,ACTIVE,30,27,SOURCE_F_SUPPLIER_MGMT,suppliers_master.csv,2019-06-16T13:30:55.735335378,BATCH-F-20190616
SUP-000060,"Noble, Miller and Patrick",India,Bihar,Muzaffarpur,Kaylee Diaz,contact@noble.miller.and.patrick.example.com,809.692.6582x811,2022-04-04,,ACTIVE,30,27,SOURCE_F_SUPPLIER_MGMT,suppliers_master.csv,2022-04-04T11:07:19.727971952,BATCH-F-20220404
SUP-000061,"Reyes, Rivas and Rodriguez",India,Delhi,New Delhi,Briana Sharp,contact@reyes.rivas.and.rodriguez.example.com,(714)504-9570x95946,2020-11-17,,ACTIVE,60,9,SOURCE_F_SUPPLIER_MGMT,suppliers_master.csv,2020-11-17T18:40:08.428717092,BATCH-F-20201117
SUP-000062,"Murray, Gonzales and Wilson",IN,Gujarat,Victoria,John Rangel,contact@murray.gonzales.and.wilson.example.com,212-549-5536x0124,2022-10-18,2026-09-15,TERMINATED,15,12,SOURCE_F_SUPPLIER_MGMT,suppliers_master.csv,2022-10-19T03:10:37.217931384,BATCH-F-20221018
SUP-000063,"Hendricks, Carroll and Long",United Kingdom,England,Bristol,Natalie Dean,contact@hendricks.carroll.and.long.example.com,(296)743-6566,2022-07-12,,ACTIVE,45,16,SOURCE_F_SUPPLIER_MGMT,suppliers_master.csv,2022-07-12T02:13:19.947011201,BATCH-F-20220712
SUP-000064," Warren, Soto and Johnston ",United States,New York,Albany,Jordan Charles,contact@warren.soto.and.johnston.example.com, ,2020-04-22,,ACTIVE,15,37,SOURCE_F_SUPPLIER_MGMT,suppliers_master.csv,2020-04-22T18:43:31.387710865,BATCH-F-20200422
SUP-000065,"Brennan, Patrick and Dennis",UNITED STATES,Washington,Tacoma,Jacqueline Gates,contact@brennan.patrick.and.dennis.example.com,407.662.3087,2023-01-07,2026-09-15,TERMINATED,30,21,SOURCE_F_SUPPLIER_MGMT,suppliers_master.csv,2023-01-08T04:36:53.309456500,BATCH-F-20230107
SUP-000066,King LLC,India,?,Nagpur,John Robbins,contact@king.llc.example.com,(778)469-0805x620,2019-03-05,,ACTIVE,45,20,SOURCE_F_SUPPLIER_MGMT,suppliers_master.csv,2019-03-05T02:14:50.788951234,BATCH-F-20190305
SUP-000067,"Williams, Brown and Perez",IN,Gujarat,"Victoria,",Angela Blackburn,contact@williams.brown.and.perez.example.com,(654)721-6186x2092,2020-04-16,2023-06-08,INACTIVE,30,5,SOURCE_F_SUPPLIER_MGMT,suppliers_master.csv,2020-04-16T06:46:02.249901926,BATCH-F-20200416
SUP-000068,Martinez-Craig,United Arab Emirates,Sharjah,Sharjah City,Susan Hardy,contact@martinez-craig.example.com,406.803.0879x24179,2019-02-20,2024-01-06,TERMINATED,90,23,SOURCE_F_SUPPLIER_MGMT,suppliers_master.csv,2019-02-21T05:16:35.619238814,BATCH-F-20190220
SUP-000069,Calhoun-Ford,CA,ONTARIO,Hamilton,Carlos Alvarado,contact@calhoun-ford.example.com,5624751209,2022-10-05,2026-01-07,TERMINATED,60,24,SOURCE_F_SUPPLIER_MGMT,suppliers_master.csv,2022-10-05T04:31:29.119995556,BATCH-F-20221005
SUP-000070,Mccormick-Valencia,US,New York,New York City,Aaron Simmons,Unknown,+1-764-863-2672x59873,2019-04-13,,ACTIVE,30,20,SOURCE_F_SUPPLIER_MGMT,suppliers_master.csv,2019-04-14T01:47:46.730529444,BATCH-F-20190413
SUP-000071,"MILLER, HORTON AND OLSEN",United States,TEXAS,Victoria,Robert Myers,-,334-565-0497x57555,2022-08-08,,ACTIVE,60,8,SOURCE_F_SUPPLIER_MGMT,suppliers_master.csv,2022-08-08T13:07:08.439144009,BATCH-F-20220808
SUP-000072,Ferguson-Carrillo,CANADA,Ontario,Springfield,Joshua Clark,contact@ferguson-carrillo.example.com,001-215-957-4934,2020-10-02,,ACTIVE,15,16,SOURCE_F_SUPPLIER_MGMT,suppliers_master.csv,2020-10-02T04:49:37.502566833,BATCH-F-20201002
SUP-000073,Salazar and Sons,Canada,ONTARIO,Springfield,Julie Parks,,+1-671-998-7180,2021-10-12,2026-09-15,INACTIVE,60,21,SOURCE_F_SUPPLIER_MGMT,suppliers_master.csv,2021-10-12T23:53:48.514287814,BATCH-F-20211012
SUP-000074,Evans Inc,UNITED STATES,Georgia,"ATLANTA,",Heather Matthews, ,490.821.5865x071,2020-03-26,,ACTIVE,45,24,SOURCE_F_SUPPLIER_MGMT,suppliers_master.csv,2020-03-26T18:51:31.838215987,BATCH-F-20200326
SUP-000075,Green Group,US,Washington,,Jerry Sanchez,contact@green.group.example.com,765.954.1084,2019-09-05,,ACTIVE,90,36,SOURCE_F_SUPPLIER_MGMT,suppliers_master.csv,2019-09-05T09:27:07.663586064,BATCH-F-20190905
SUP-000076,Hart-Ruiz,United States,California,SAN FRANCISCO,Sarah Robinson,contact@hart-ruiz.example.com,001-742-242-4315x46970,2023-08-15,,ACTIVE,45,28,SOURCE_F_SUPPLIER_MGMT,suppliers_master.csv,2023-08-15T02:48:54.049556907,BATCH-F-20230815
SUP-000077,"Brown, York and Salinas",India,Maharashtra,Pune,Edward Marsh Jr.,contact@brown.york.and.salinas.example.com,001-285-936-0753x687,2022-04-20,,ACTIVE,90,42,SOURCE_F_SUPPLIER_MGMT,suppliers_master.csv,2022-04-20T15:15:02.099169732,BATCH-F-20220420
SUP-000078,Golden PLC,Canada,Ontario,Ottawa,Joseph Haley,contact@golden.plc.example.com,001-705-398-2167x29987,2022-11-14,,ACTIVE,60,11,SOURCE_F_SUPPLIER_MGMT,suppliers_master.csv,2022-11-14T17:36:56.571698965,BATCH-F-20221114
SUP-000079,Mitchell-Rhodes,IN,GUJARAT ,Victoria,Lauren Garza,contact@mitchell-rhodes.example.com,(907)625-4169x290,2019-02-09,,ACTIVE,30,34,SOURCE_F_SUPPLIER_MGMT,suppliers_master.csv,2019-02-09T09:06:15.532047117,BATCH-F-20190209
SUP-000080,"Patterson, Francis and Hunter",IN,GUJARAT,Surat,Kyle Yoder,contact@patterson.francis.and.hunter.example.com,456.899.6611x44155,2020-07-13,,ACTIVE,45,38,SOURCE_F_SUPPLIER_MGMT,suppliers_master.csv,2020-07-13T21:13:29.876575982,BATCH-F-20200713
SUP-000081,Peterson-Lozano,United States,Illinois,SPRINGFIELD,Richard French,contact@peterson-lozano.example.com,+1-944-527-9579x3727,2023-03-31,,ACTIVE,90,2,SOURCE_F_SUPPLIER_MGMT,suppliers_master.csv,2023-03-31T11:06:59.227034283,BATCH-F-20230331
SUP-000082,Pitts Ltd,United States,Texas,Austin,Cassandra Park,contact@pitts.ltd.example.com,5747680184,2020-06-18,,ACTIVE,60,32,SOURCE_F_SUPPLIER_MGMT,suppliers_master.csv,2020-06-18T22:35:39.415638927,BATCH-F-20200618
SUP-000083,Anderson-Cowan,US,California,San Francisco,Dawn Andrews,contact@anderson-cowan.example.com,895-827-2777x27460,2019-07-23,,ACTIVE,15,44,SOURCE_F_SUPPLIER_MGMT,suppliers_master.csv,2019-07-23T16:58:56.159673992,BATCH-F-20190723
SUP-000084,Meyers Group,India,GUJARAT,"Victoria,",Alan Brown,contact@meyers.group.example.com,unknown,2023-06-29,,ACTIVE,15,17,SOURCE_F_SUPPLIER_MGMT,suppliers_master.csv,2023-06-29T14:19:57.564533571,BATCH-F-20230629
SUP-000085,simmons-walsh,CA,Quebec,MONTREAL,Heather Carrillo,contact@simmons-walsh.example.com,7775166884,2019-08-17,2020-05-22,INACTIVE,15,8,SOURCE_F_SUPPLIER_MGMT,suppliers_master.csv,2019-08-17T17:41:45.021689847,BATCH-F-20190817
SUP-000086,Lee-Washington,India,Delhi ,Rohini,Christina Irwin,contact@lee-washington.example.com,825-307-4879,2019-09-24,2024-11-11,TERMINATED,60,41,SOURCE_F_SUPPLIER_MGMT,suppliers_master.csv,2019-09-24T17:24:34.665814730,BATCH-F-20190924
SUP-000087,Harris Group,GB,England,Manchester,Thomas Mckenzie,contact@harris.group.example.com,null,2020-04-24,,ACTIVE,90,19,SOURCE_F_SUPPLIER_MGMT,suppliers_master.csv,2020-04-25T03:29:28.925860846,BATCH-F-20200424
SUP-000088,"Palmer, Vaughn and Butler",IN,Tamil Nadu,Coimbatore,Michelle Foley,contact@palmer.vaughn.and.butler.example.com,713-438-7971,2022-01-05,2025-05-20,TERMINATED,90,34,SOURCE_F_SUPPLIER_MGMT,suppliers_master.csv,2022-01-05T00:54:19.350802740,BATCH-F-20220105
SUP-000089,Little LLC,United Kingdom,Scotland,"Edinburgh,",Oscar Morrison,contact@little.llc.example.com,+1-966-942-4794x686,2019-12-02,2025-04-30,TERMINATED,45,43,SOURCE_F_SUPPLIER_MGMT,suppliers_master.csv,2019-12-02T04:20:46.216627129,BATCH-F-20191202
SUP-000090,"Clark, Ingram and Strickland",India,Maharashtra,"Nashik,",Daniel Hernandez,unknown,630.652.8719,2022-05-07,,ACTIVE,45,3,SOURCE_F_SUPPLIER_MGMT,suppliers_master.csv,2022-05-07T12:24:33.650529319,BATCH-F-20220507
SUP-000091,Dean-Terrell,India,Karnataka,Alexandria,Natasha Jones,contact@dean-terrell.example.com, ,2023-07-09,2026-06-14,TERMINATED,15,38,SOURCE_F_SUPPLIER_MGMT,suppliers_master.csv,2023-07-10T01:48:08.646790491,BATCH-F-20230709
SUP-000092,"Smith, Garcia and Williams",United States,Georgia,ALEXANDRIA,Melinda Cooper,contact@smith.garcia.and.williams.example.com,(853)700-6342x89825,2023-07-23,2026-08-05,INACTIVE,15,26,SOURCE_F_SUPPLIER_MGMT,suppliers_master.csv,2023-07-23T12:41:20.322185385,BATCH-F-20230723
SUP-000093,Smith PLC,United States,Texas,Austin,Cynthia Bennett,contact@smith.plc.example.com,+1-669-616-0260x415,2021-06-11,,ACTIVE,90,19,SOURCE_F_SUPPLIER_MGMT,suppliers_master.csv,2021-06-11T20:44:25.693866462,BATCH-F-20210611
SUP-000094,"Edwards, Walsh and Ryan",IN,Karnataka,Alexandria,Sharon Foley,contact@edwards.walsh.and.ryan.example.com,326.993.1740,2022-11-27,2025-05-21,TERMINATED,90,5,SOURCE_F_SUPPLIER_MGMT,suppliers_master.csv,2022-11-27T08:40:50.431370975,BATCH-F-20221127
SUP-000095,ORTIZ LTD,India,KARNATAKA,Hubballi,Natalie Wagner,contact@ortiz.ltd.example.com,(485)615-2238x9025,2021-01-05,,ACTIVE,60,17,SOURCE_F_SUPPLIER_MGMT,suppliers_master.csv,2021-01-06T01:58:16.775905117,BATCH-F-20210105
SUP-000096,Glover  Inc,IN,Tamil Nadu,Chennai,James Hughes,contact@glover.inc.example.com,2444433967,2020-01-14,2020-11-30,INACTIVE,60,38,SOURCE_F_SUPPLIER_MGMT,suppliers_master.csv,2020-01-14T15:14:04.890757379,BATCH-F-20200114
SUP-000097,"Brooks, Owen and Miller",India,Karnataka,Bengaluru,Michael Cole,contact@brooks.owen.and.miller.example.com,+1-913-459-8428x59475,2020-07-27,2024-11-27,INACTIVE,90,18,SOURCE_F_SUPPLIER_MGMT,suppliers_master.csv,2020-07-27T09:43:58.966865012,BATCH-F-20200727
SUP-000098,Jones-Chapman,Canada,Alberta,Edmonton,Geoffrey Foster,contact@jones-chapman.example.com,(464)639-9161,2020-05-04,,ACTIVE,60,31,SOURCE_F_SUPPLIER_MGMT,suppliers_master.csv,2020-05-04T04:29:03.101908803,BATCH-F-20200504
SUP-000099,Rodgers Inc,United States,WASHINGTON,Seattle,Rodney Jones,contact@rodgers.inc.example.com,001-437-326-3534x7563,2022-04-11,,ACTIVE,90,25,SOURCE_F_SUPPLIER_MGMT,suppliers_master.csv,2022-04-11T06:55:52.794205728,BATCH-F-20220411
SUP-000100,"Patterson, Atkinson and West",United Kingdom,England,Manchester,Frank Perry,contact@patterson.atkinson.and.west.example.com,884.203.9933x91888,2020-01-24,,ACTIVE,60,35,SOURCE_F_SUPPLIER_MGMT,suppliers_master.csv,2020-01-24T22:47:04.227154762,BATCH-F-20200124
SUP-000101,Young-Johnson,United Kingdom,Scotland,Aberdeen,Elizabeth Rogers,contact@young-johnson.example.com,898.711.1718,2023-04-03,,ACTIVE,90,25,SOURCE_F_SUPPLIER_MGMT,suppliers_master.csv,2023-04-04T00:53:38.435624396,BATCH-F-20230403
SUP-000102,Edwards-Williams,United Arab Emirates,Sharjah,Sharjah City,Desiree Smith,contact@edwards-williams.example.com,001-411-356-7240x5952,2019-09-09,2023-11-15,TERMINATED,30,3,SOURCE_F_SUPPLIER_MGMT,suppliers_master.csv,2019-09-09T15:15:33.305628397,BATCH-F-20190909
SUP-000103,Cook Inc,India,WEST BENGAL,Siliguri,Shannon Walker,contact@cook.inc.example.com,7853908102,2021-01-08,2025-12-02,TERMINATED,60,3,SOURCE_F_SUPPLIER_MGMT,suppliers_master.csv,2021-01-08T19:40:14.449255811,BATCH-F-20210108
SUP-000104,"Scott, Casey and Santiago",United Arab Emirates,Dubai,Dubai City,Jeremy Sanchez,contact@scott.casey.and.santiago.example.com,(821)540-9868x9625,2019-05-13,2023-10-16,TERMINATED,60,38,SOURCE_F_SUPPLIER_MGMT,suppliers_master.csv,2019-05-13T06:59:14.670329422,BATCH-F-20190513
SUP-000105,"GRAHAM, RODRIGUEZ AND PENA",India,Tamil Nadu,Madurai,Andrew Smith,contact@graham.rodriguez.and.pena.example.com,NA,2023-02-21,,ACTIVE,15,19,SOURCE_F_SUPPLIER_MGMT,suppliers_master.csv,2023-02-21T22:35:44.211381701,BATCH-F-20230221
SUP-000106,"Simpson, Walker and Smith",United Kingdom,Scotland,Edinburgh,Chad Beasley,contact@simpson.walker.and.smith.example.com,269-470-7639,2021-08-12,,ACTIVE,90,19,SOURCE_F_SUPPLIER_MGMT,suppliers_master.csv,2021-08-12T13:28:04.578572636,BATCH-F-20210812
SUP-000107,Smith LLC,United States,California,SAN FRANCISCO,Gina Brown,contact@smith.llc.example.com,-,2019-11-28,,ACTIVE,90,22,SOURCE_F_SUPPLIER_MGMT,suppliers_master.csv,2019-11-28T10:48:44.557778036,BATCH-F-20191128
SUP-000108,"Garrett, Allen and West",IN,-,Mumbai,Nichole Campbell,contact@garrett.allen.and.west.example.com,704-498-3466x600,2023-03-10,,ACTIVE,90,18,SOURCE_F_SUPPLIER_MGMT,suppliers_master.csv,2023-03-10T20:11:52.109001882,BATCH-F-20230310
SUP-000109,Cruz-Horton,India,Bihar,Bhagalpur,Michael Chang,contact@cruz-horton.example.com,248-581-5539x315,2023-01-18,2026-09-15,INACTIVE,15,6,SOURCE_F_SUPPLIER_MGMT,suppliers_master.csv,2023-01-29T13:00:00,BATCH-F-20230118
SUP-000110,"love, baker and williams",India,West Bengal,Howrah,Mark Moran,NULL,001-485-765-1212x690,2022-04-12,,ACTIVE,60,29,SOURCE_F_SUPPLIER_MGMT,suppliers_master.csv,2022-04-12T08:33:32.596489321,BATCH-F-20220412
SUP-000111,Henderson-Jackson,India,GUJARAT,AHMEDABAD,James Garcia,contact@henderson-jackson.example.com,001-729-627-2294x62290,2021-08-09,,ACTIVE,45,14,SOURCE_F_SUPPLIER_MGMT,suppliers_master.csv,2021-08-09T03:50:20.042129865,BATCH-F-20210809
SUP-000112,"Wood, Huerta and Martinez",Canada,QUEBEC,Montreal,Richard Harrison,contact@wood.huerta.and.martinez.example.com,001-327-817-6635,2022-04-08,2026-09-15,TERMINATED,30,18,SOURCE_F_SUPPLIER_MGMT,suppliers_master.csv,2022-04-08T12:32:03.789564853,BATCH-F-20220408
SUP-000113,"Sullivan, Howard and Kelley",India,Bihar,Gaya,Erika Guzman,contact@sullivan.howard.and.kelley.example.com,+1-527-898-8473x9080,2021-08-09,2023-02-20,TERMINATED,30,12,SOURCE_F_SUPPLIER_MGMT,suppliers_master.csv,2021-08-10T01:36:45.355145490,BATCH-F-20210809
SUP-000114,Booth-Nunez,India,Bihar,Muzaffarpur,Sherry Butler,contact@booth-nunez.example.com,738.720.1720x422,2019-09-16,,ACTIVE,45,17,SOURCE_F_SUPPLIER_MGMT,suppliers_master.csv,2019-09-16T07:40:52.609108666,BATCH-F-20190916
SUP-000115,Snyder and Sons,,British Columbia,Vancouver,Colleen Davis,contact@snyder.and.sons.example.com,623-787-4312x25110,2022-03-15,,ACTIVE,15,7,SOURCE_F_SUPPLIER_MGMT,suppliers_master.csv,2022-03-16T02:12:26.887084073,BATCH-F-20220315
SUP-000116,"Taylor, Erickson and Walters",United Arab Emirates,Dubai,Jebel Ali,Ashley Owens,contact@taylor.erickson.and.walters.example.com,+1-297-851-8312x4850,2022-03-21,2024-08-04,TERMINATED,45,23,SOURCE_F_SUPPLIER_MGMT,suppliers_master.csv,2022-03-21T11:59:22.977582714,BATCH-F-20220321
SUP-000117,Bass-Hughes,United States,Washington,Spokane,Brian Lopez, ,923-549-2625x307,2021-07-26,,ACTIVE,15,27,SOURCE_F_SUPPLIER_MGMT,suppliers_master.csv,2021-07-26T15:39:42.836937651,BATCH-F-20210726
SUP-000118,"Leonard, Ingram and Watts",Canada,Ontario,Toronto,Diana Meyer,contact@leonard.ingram.and.watts.example.com,250.464.5515x0480,2020-01-12,2020-10-21,TERMINATED,15,31,SOURCE_F_SUPPLIER_MGMT,suppliers_master.csv,2020-01-12T21:29:50.310341809,BATCH-F-20200112
SUP-000119,"Howard, Davis and Whitaker",United Kingdom,Wales,Swansea,Erica Woods,contact@howard.davis.and.whitaker.example.com,(593)356-1258x80751,2022-08-21,2024-11-17,INACTIVE,45,14,SOURCE_F_SUPPLIER_MGMT,suppliers_master.csv,2022-08-21T06:11:55.387713371,BATCH-F-20220821
SUP-000120,Gonzalez-Leonard,India,Delhi,Rohini,Tyler Miller,contact@gonzalez-leonard.example.com,558-286-5364x200,2021-01-26,,ACTIVE,60,36,SOURCE_F_SUPPLIER_MGMT,suppliers_master.csv,2021-01-26T13:31:22.757569378,BATCH-F-20210126
SUP-000121,Harris Group,United States,Georgia,Savannah,Carrie Carpenter,contact@harris.group.example.com,+1-789-275-8409,2023-07-19,,ACTIVE,60,14,SOURCE_F_SUPPLIER_MGMT,suppliers_master.csv,2023-07-19T22:58:11.014209712,BATCH-F-20230719
SUP-000122,WOLFE-LLOYD,India,WEST BENGAL,Howrah,Melissa Garcia,contact@wolfe-lloyd.example.com,(782)831-8809x86723,2019-06-10,2020-06-17,INACTIVE,15,12,SOURCE_F_SUPPLIER_MGMT,suppliers_master.csv,2019-06-10T03:53:55.420562126,BATCH-F-20190610
SUP-000123,"Lopez, Cox and Valenzuela",United Kingdom,Wales,SWANSEA,Christopher Jackson,?,657.961.7052x54386,2020-05-07,,ACTIVE,30,12,SOURCE_F_SUPPLIER_MGMT,suppliers_master.csv,2020-05-07T20:02:33.874149469,BATCH-F-20200507
SUP-000124,Hardin and Sons,India,Tamil Nadu,Chennai,Jessica Alvarez,contact@hardin.and.sons.example.com,,2021-10-28,,ACTIVE,60,6,SOURCE_F_SUPPLIER_MGMT,suppliers_master.csv,2021-10-28T22:14:14.931650301,BATCH-F-20211028
SUP-000125,Wolfe-Davila,US,Washington,Tacoma,Gabriela Taylor,,N/A,2019-08-03,,ACTIVE,60,30,SOURCE_F_SUPPLIER_MGMT,suppliers_master.csv,2019-08-03T17:00:57.753961592,BATCH-F-20190803
SUP-000126,Smith-Thompson,Canada,Ontario,Hamilton,Mark Kerr,contact@smith-thompson.example.com,001-847-721-1202,2021-08-13,,ACTIVE,30,35,SOURCE_F_SUPPLIER_MGMT,suppliers_master.csv,2021-08-13T21:54:57.612243401,BATCH-F-20210813
SUP-000127,"Deleon, Hudson and Horne",IN,Maharashtra,Nagpur,Makayla Delgado,contact@deleon.hudson.and.horne.example.com,001-722-252-3559x85214,2022-11-26,,ACTIVE,45,6,SOURCE_F_SUPPLIER_MGMT,suppliers_master.csv,2022-11-26T13:05:56.714520263,BATCH-F-20221126
SUP-000128,"COLLINS, ANDERSON AND STEWART",India,TAMIL NADU,Chennai,Nicholas Bridges,contact@collins.anderson.and.stewart.example.com,6802367284,2019-03-26,2022-06-01,INACTIVE,90,14,SOURCE_F_SUPPLIER_MGMT,suppliers_master.csv,2019-03-26T04:49:44.458593510,BATCH-F-20190326
SUP-000129,"STONE, BROWN AND STEIN",India,Karnataka,Bengaluru,Thomas Kim,contact@stone.brown.and.stein.example.com,626.454.0936x6828,2021-03-09,,ACTIVE,60,3,SOURCE_F_SUPPLIER_MGMT,suppliers_master.csv,2021-03-09T23:42:54.929939508,BATCH-F-20210309
SUP-000130,Duran-Reid,United States,,Chicago,Walter Cunningham,contact@duran-reid.example.com,951.226.6699x7431,2021-09-08,2025-06-25,TERMINATED,60,37,SOURCE_F_SUPPLIER_MGMT,suppliers_master.csv,2021-09-08T16:53:08.809077394,BATCH-F-20210908
SUP-000131,"Harris, Allen and Fernandez",United States,,Savannah,Daniel Bailey,contact@harris.allen.and.fernandez.example.com,811-363-4559x85094,2022-07-30,,ACTIVE,60,26,SOURCE_F_SUPPLIER_MGMT,suppliers_master.csv,2022-07-31T02:25:48.481008131,BATCH-F-20220730
SUP-000132,Mora Group,IN,Bihar,GAYA,Shannon Carey,contact@mora.group.example.com,5679027360,2022-03-28,2025-08-20,INACTIVE,60,10,SOURCE_F_SUPPLIER_MGMT,suppliers_master.csv,2022-03-29T01:00:36.965336590,BATCH-F-20220328
SUP-000133,"Patel, Hooper and Young",United States,,Seattle,Jeanette Chandler,contact@patel.hooper.and.young.example.com,403-292-1295,2020-10-29,,ACTIVE,15,41,SOURCE_F_SUPPLIER_MGMT,suppliers_master.csv,2020-10-29T06:27:11.261106049,BATCH-F-20201029
SUP-000134,"Garcia, Munoz and Morris",India,Karnataka,Mysuru,Mr. Jonathan Dean DDS,contact@garcia.munoz.and.morris.example.com,594.724.5207x8309,2019-04-13,,ACTIVE,60,6,SOURCE_F_SUPPLIER_MGMT,suppliers_master.csv,2019-04-13T02:32:25.904407482,BATCH-F-20190413
SUP-000135,"Taylor, King and Burns",,Alberta,Calgary,Leslie Gonzalez,contact@taylor.king.and.burns.example.com,(559)351-9880x169,2019-10-19,,ACTIVE,15,28,SOURCE_F_SUPPLIER_MGMT,suppliers_master.csv,2019-10-19T01:41:40.242674181,BATCH-F-20191019
SUP-000136,"Turner, King and Wilson",United Kingdom,Scotland,Glasgow,Dylan Foster,contact@turner.king.and.wilson.example.com,+1-985-590-5060,2019-05-20,,ACTIVE,45,18,SOURCE_F_SUPPLIER_MGMT,suppliers_master.csv,2019-05-19T11:00:00,BATCH-F-20190520
SUP-000137,"Lewis, Baxter and Liu",Canada,ONTARIO,Springfield,Linda Nguyen,?,001-866-510-8839x8682,2021-04-03,2024-06-22,TERMINATED,30,6,SOURCE_F_SUPPLIER_MGMT,suppliers_master.csv,2021-04-03T12:14:38.901189038,BATCH-F-20210403
SUP-000138,Smith-Jones,India,West Bengal,Siliguri,Jessica Jones,contact@smith-jones.example.com,725-330-1627x6965,2023-02-25,2025-03-27,TERMINATED,45,2,SOURCE_F_SUPPLIER_MGMT,suppliers_master.csv,2023-02-25T04:08:14.529307561,BATCH-F-20230225
SUP-000139,Hanson-Day,United States,New York,Buffalo,John Lang, ,(957)892-6114x8430,2023-05-10,2026-09-15,TERMINATED,30,37,SOURCE_F_SUPPLIER_MGMT,suppliers_master.csv,2023-05-10T04:24:13.824892615,BATCH-F-20230510
SUP-000140,Murray PLC,United States,Georgia,ATLANTA,Arthur Armstrong,contact@murray.plc.example.com,(252)461-0475x517,2020-12-14,,ACTIVE,15,37,SOURCE_F_SUPPLIER_MGMT,suppliers_master.csv,2021-01-02T13:00:00,BATCH-F-20201214
SUP-000141,"Bush, Bartlett and Marshall",United States,ILLINOIS,Chicago,Karen Thompson,contact@bush.bartlett.and.marshall.example.com,+1-696-260-2463x17007,2020-08-08,,ACTIVE,60,31,SOURCE_F_SUPPLIER_MGMT,suppliers_master.csv,2020-08-08T19:17:44.922536074,BATCH-F-20200808
SUP-000142,Hernandez Inc,United States,Georgia,Atlanta,Steven Burton,contact@hernandez.inc.example.com,(825)769-0684x4417,2021-02-27,,ACTIVE,90,43,SOURCE_F_SUPPLIER_MGMT,suppliers_master.csv,2021-02-27T16:58:07.944844041,BATCH-F-20210227
SUP-000143,Garcia PLC,India,Bihar,Bhagalpur,Thomas Black,contact@garcia.plc.example.com,N/A,2023-07-06,2025-09-22,INACTIVE,90,33,SOURCE_F_SUPPLIER_MGMT,suppliers_master.csv,2023-07-06T01:07:18.776750720,BATCH-F-20230706
SUP-000144,Walker Inc,IN,Delhi,NEW DELHI,Andre Mueller,contact@walker.inc.example.com,+1-835-901-6618x6731,2021-12-29,,ACTIVE,15,38,SOURCE_F_SUPPLIER_MGMT,suppliers_master.csv,2021-12-30T01:29:19.790945109,BATCH-F-20211229
SUP-000145,Haney-Lee,N/A,CALIFORNIA,San Diego,Gregory Turner,contact@haney-lee.example.com,746-611-9429x4893,2019-01-01,,ACTIVE,45,42,SOURCE_F_SUPPLIER_MGMT,suppliers_master.csv,2019-01-02T01:03:34.606473031,BATCH-F-20190101
SUP-000146,smith-walker,UNITED STATES,Georgia,Savannah,Sabrina Alexander,contact@smith-walker.example.com,290-759-2842,2023-05-30,2026-09-15,TERMINATED,90,4,SOURCE_F_SUPPLIER_MGMT,suppliers_master.csv,2023-05-30T12:06:24.333819156,BATCH-F-20230530
SUP-000147,Stevens-Melendez,IN,KARNATAKA,Mysuru,Xavier Cox,contact@stevens-melendez.example.com,447.648.1499x5293,2023-05-14,,ACTIVE,45,6,SOURCE_F_SUPPLIER_MGMT,suppliers_master.csv,2023-05-14T15:21:48.919041022,BATCH-F-20230514
SUP-000148,"Smith, Figueroa and Romero",N/A,Alberta,Edmonton,Sarah Flores,contact@smith.figueroa.and.romero.example.com,806.573.2626x353,2021-09-26,,ACTIVE,30,32,SOURCE_F_SUPPLIER_MGMT,suppliers_master.csv,2021-09-27T03:07:08.185973466,BATCH-F-20210926
SUP-000149,Rodriguez LLC,India,Gujarat,Ahmedabad,Kyle Keller,contact@rodriguez.llc.example.com,001-922-431-4989x22740,2019-07-04,2024-07-10,TERMINATED,15,41,SOURCE_F_SUPPLIER_MGMT,suppliers_master.csv,2019-07-04T02:30:59.075226426,BATCH-F-20190704
SUP-000150,Leach-Myers,United Arab Emirates,Sharjah,Sharjah City,Lance Bruce,contact@leach-myers.example.com,680-482-7237x058,2021-06-08,,ACTIVE,90,40,SOURCE_F_SUPPLIER_MGMT,suppliers_master.csv,2021-06-09T03:20:45.318357617,BATCH-F-20210608
SUP-000151,"allen, greene and miller",India,Gujarat,VICTORIA,John Clark,contact@allen.greene.and.miller.example.com,727-814-7095x9053,2023-01-22,,ACTIVE,45,28,SOURCE_F_SUPPLIER_MGMT,suppliers_master.csv,2023-01-22T13:58:34.008734830,BATCH-F-20230122
SUP-000152,contreras and sons,AE,Abu Dhabi,Abu Dhabi City,Alyssa Clark,contact@contreras.and.sons.example.com,516-339-4958,2022-10-29,2024-05-06,TERMINATED,15,10,SOURCE_F_SUPPLIER_MGMT,suppliers_master.csv,2022-10-29T11:51:46.724153009,BATCH-F-20221029
SUP-000153,"Wilson, Thompson and Lee",INDIA,Tamil Nadu,Coimbatore,Roberta Reeves,unknown,421-222-2041x0852,2020-07-05,,ACTIVE,45,40,SOURCE_F_SUPPLIER_MGMT,suppliers_master.csv,2020-07-05T01:19:30.964863103,BATCH-F-20200705
SUP-000154,"Huerta, Fischer and Collins",United Kingdom,Wales,Swansea,Daniel Peterson,contact@huerta.fischer.and.collins.example.com,(443)224-2325,2022-05-23,,ACTIVE,15,33,SOURCE_F_SUPPLIER_MGMT,suppliers_master.csv,2022-05-23T09:15:11.474396490,BATCH-F-20220523
SUP-000155,"Johnson, Pruitt and Duncan",United States,Georgia,Alexandria,Evan Lee,contact@johnson.pruitt.and.duncan.example.com,+1-690-792-7693,2023-04-16,,ACTIVE,90,43,SOURCE_F_SUPPLIER_MGMT,suppliers_master.csv,2023-04-16T23:32:36.339739095,BATCH-F-20230416
SUP-000156,"Velasquez, Leonard and Randall",Canada,Alberta,Edmonton,Donald Jones,contact@velasquez.leonard.and.randall.example.com,+1-656-291-7025,2021-11-19,2026-09-15,TERMINATED,45,2,SOURCE_F_SUPPLIER_MGMT,suppliers_master.csv,2021-11-19T20:34:39.654606074,BATCH-F-20211119
SUP-000157,"Ramirez, Strong and Jefferson",India,Gujarat,"Ahmedabad,",Linda Duke,contact@ramirez.strong.and.jefferson.example.com,001-263-680-0725x133,2023-02-04,,ACTIVE,45,10,SOURCE_F_SUPPLIER_MGMT,suppliers_master.csv,2023-02-04T22:32:19.034211209,BATCH-F-20230204
SUP-000158,Marshall-Murray,US,ILLINOIS,Peoria,Jennifer Green,contact@marshall-murray.example.com,(808)936-1277x6361,2020-08-16,,ACTIVE,45,29,SOURCE_F_SUPPLIER_MGMT,suppliers_master.csv,2020-08-16T16:13:45.773936073,BATCH-F-20200816
SUP-000159,Hughes LLC,India,Maharashtra,Pune,Peter Gonzalez,contact@hughes.llc.example.com,+1-305-289-7415x2974,2023-07-30,,ACTIVE,30,3,SOURCE_F_SUPPLIER_MGMT,suppliers_master.csv,2023-07-30T10:59:56.206390013,BATCH-F-20230730
SUP-000160,"Johnson, Brown and Ramirez",India,BIHAR,Patna,Paul Cooper,contact@johnson.brown.and.ramirez.example.com,6764706081,2023-07-18,2024-12-31,TERMINATED,30,3,SOURCE_F_SUPPLIER_MGMT,suppliers_master.csv,2023-07-18T15:06:28.982418118,BATCH-F-20230718
SUP-000161,Adams-Joseph,United Kingdom,Scotland,Glasgow,Robin Murphy,contact@adams-joseph.example.com,(680)759-5257x22252,2020-12-26,,ACTIVE,90,2,SOURCE_F_SUPPLIER_MGMT,suppliers_master.csv,2020-12-26T17:56:30.626459633,BATCH-F-20201226
SUP-000162,Byrd-Patrick,India,Karnataka,HUBBALLI,Nicole Carter,contact@byrd-patrick.example.com,476.737.2735,2021-11-28,,ACTIVE,15,16,SOURCE_F_SUPPLIER_MGMT,suppliers_master.csv,2021-11-28T10:07:51.296917586,BATCH-F-20211128
SUP-000163,Brown  LLC,IN,Delhi,Dwarka,Tracy Mcguire,contact@brown.llc.example.com,228.946.5436x6496,2020-11-29,2025-01-04,INACTIVE,30,4,SOURCE_F_SUPPLIER_MGMT,suppliers_master.csv,2020-11-30T03:17:30.763527332,BATCH-F-20201129
SUP-000164,"Bailey, Shepherd and Williamson",India,Karnataka,MYSURU,Jacqueline Taylor,contact@bailey.shepherd.and.williamson.example.com,329.982.5822x131,2023-07-01,,ACTIVE,90,5,SOURCE_F_SUPPLIER_MGMT,suppliers_master.csv,2023-07-01T19:56:08.780262008,BATCH-F-20230701
SUP-000165,Taylor-Patton,India,Delhi,New Delhi,Kristina Walter,null,(314)330-2612,2021-02-09,,ACTIVE,60,28,SOURCE_F_SUPPLIER_MGMT,suppliers_master.csv,2021-02-10T00:41:41.832105586,BATCH-F-20210209
SUP-000166,"Gonzalez, Reilly and Jones",India,Gujarat,"VICTORIA,",Steven Simmons,contact@gonzalez.reilly.and.jones.example.com,545-669-6727x343,2021-11-13,,ACTIVE,60,9,SOURCE_F_SUPPLIER_MGMT,suppliers_master.csv,2021-11-13T09:50:37.765125289,BATCH-F-20211113
SUP-000167,Anderson PLC,IN,Gujarat,Surat,John Kane,null,001-227-242-9783x0276,2019-01-20,2020-03-18,INACTIVE,30,36,SOURCE_F_SUPPLIER_MGMT,suppliers_master.csv,2019-01-20T14:15:55.560810037,BATCH-F-20190120
SUP-000168,Moreno-Jones,India,West Bengal,Kolkata,Amanda Goodwin,contact@moreno-jones.example.com,5168589274,2021-08-30,,ACTIVE,45,42,SOURCE_F_SUPPLIER_MGMT,suppliers_master.csv,2021-08-31T03:38:22.597840603,BATCH-F-20210830
SUP-000169,Smith-Guerra,India,Karnataka,Bengaluru,Jason Steele,contact@smith-guerra.example.com,+1-272-565-3532,2022-08-14,,ACTIVE,30,23,SOURCE_F_SUPPLIER_MGMT,suppliers_master.csv,2022-08-14T10:44:16.646347114,BATCH-F-20220814
SUP-000170,maxwell llc,India,West Bengal,Howrah,David Fox,contact@maxwell.llc.example.com,(925)320-0476x6763,2021-05-03,2022-01-04,INACTIVE,30,31,SOURCE_F_SUPPLIER_MGMT,suppliers_master.csv,2021-05-03T19:13:52.226618572,BATCH-F-20210503
SUP-000171,"Gaines, Riggs and Zuniga",IN,Maharashtra,Pune,Stephanie Williams,contact@gaines.riggs.and.zuniga.example.com,900.328.9156x10043,2019-12-11,,ACTIVE,45,35,SOURCE_F_SUPPLIER_MGMT,suppliers_master.csv,2019-12-12T01:27:52.356208698,BATCH-F-20191211
SUP-000172,"Erickson, Hoffman and Marshall",United States,Illinois,Peoria,Brittany Walters,contact@erickson.hoffman.and.marshall.example.com,+1-980-816-1971x1656,2021-11-11,,ACTIVE,45,16,SOURCE_F_SUPPLIER_MGMT,suppliers_master.csv,2021-11-12T03:55:01.781952338,BATCH-F-20211111
SUP-000173,Gutierrez-Patel,India,Maharashtra,Pune,Ryan Porter,contact@gutierrez-patel.example.com,001-939-354-9707,2023-03-04,,ACTIVE,15,12,SOURCE_F_SUPPLIER_MGMT,suppliers_master.csv,2023-03-04T16:00:24.702042204,BATCH-F-20230304
SUP-000174,Allen-Carroll,India,Gujarat,AHMEDABAD,Elizabeth Kidd,contact@allen-carroll.example.com,987.758.5278x0260,2021-08-23,,ACTIVE,45,12,SOURCE_F_SUPPLIER_MGMT,suppliers_master.csv,2021-08-23T11:50:35.921537111,BATCH-F-20210823
SUP-000175,"Rios, Garrett and Robinson",IN,Maharashtra,Mumbai,James Johnson,contact@rios.garrett.and.robinson.example.com,001-478-487-4512x63869,2020-04-24,,ACTIVE,45,18,SOURCE_F_SUPPLIER_MGMT,suppliers_master.csv,2020-04-25T02:54:10.292026389,BATCH-F-20200424
SUP-000176,Griffith Group,India,Maharashtra,MUMBAI,Bobby Walker,contact@griffith.group.example.com,001-638-572-9026x5801,2021-03-11,,ACTIVE,15,19,SOURCE_F_SUPPLIER_MGMT,suppliers_master.csv,2021-03-11T14:27:18.786384546,BATCH-F-20210311
SUP-000177,Bryan-Day,United States,Georgia,Atlanta,Susan Miller,contact@bryan-day.example.com,(364)916-6326x948,2019-11-29,,ACTIVE,45,3,SOURCE_F_SUPPLIER_MGMT,suppliers_master.csv,2019-11-29T06:53:40.606747013,BATCH-F-20191129
SUP-000178,"HOUSTON, MARTIN AND SOLIS",United Kingdom,ENGLAND,Birmingham,Adam Adams Jr.,contact@houston.martin.and.solis.example.com,(651)742-5224x811,2022-05-29,2026-09-15,INACTIVE,30,29,SOURCE_F_SUPPLIER_MGMT,suppliers_master.csv,2022-05-29T12:21:54.767258533,BATCH-F-20220529
SUP-000179,"Watson, Riley and Morrow",United States,Georgia,Alexandria,Becky Lopez,contact@watson.riley.and.morrow.example.com,361-790-9040,2023-07-19,,ACTIVE,15,31,SOURCE_F_SUPPLIER_MGMT,suppliers_master.csv,2023-07-19T02:07:45.784375178,BATCH-F-20230719
SUP-000180,Parker LLC,India,,Nashik,Jennifer Bailey,contact@parker.llc.example.com,+1-219-213-1320x299,2022-09-03,,ACTIVE,60,33,SOURCE_F_SUPPLIER_MGMT,suppliers_master.csv,2022-09-03T12:47:19.274187612,BATCH-F-20220903
SUP-000181,Miller and Sons,India,West Bengal,Howrah,Susan Robinson,contact@miller.and.sons.example.com,239-917-3840x957,2023-07-08,,ACTIVE,45,43,SOURCE_F_SUPPLIER_MGMT,suppliers_master.csv,2023-07-08T15:13:55.686248507,BATCH-F-20230708
SUP-000182,"Rogers, Cardenas and Campbell",United States,?,,Matthew Mitchell,contact@rogers.cardenas.and.campbell.example.com,324.355.9343x5190,2022-10-28,,ACTIVE,45,25,SOURCE_F_SUPPLIER_MGMT,suppliers_master.csv,2022-10-28T09:18:23.829430706,BATCH-F-20221028
SUP-000183,"Hernandez, Trevino and Walker",India,Gujarat,Ahmedabad,Mark Martinez,contact@hernandez.trevino.and.walker.example.com,+1-767-251-5702,2020-08-15,,ACTIVE,15,30,SOURCE_F_SUPPLIER_MGMT,suppliers_master.csv,2020-08-15T07:07:50.094432885,BATCH-F-20200815
SUP-000184,Moore-Palmer,GB,Scotland,Glasgow,Abigail Hurley,contact@moore-palmer.example.com,N/A,2021-11-02,,ACTIVE,45,6,SOURCE_F_SUPPLIER_MGMT,suppliers_master.csv,2021-11-03T03:33:29.657680777,BATCH-F-20211102
SUP-000185,Lewis-Brown,India,West Bengal,Kolkata,Benjamin Mcclure,contact@lewis-brown.example.com,(907)746-5756x742,2022-12-27,2026-09-15,TERMINATED,15,24,SOURCE_F_SUPPLIER_MGMT,suppliers_master.csv,2022-12-27T11:29:47.954709648,BATCH-F-20221227
SUP-000186,"Camacho, Roberts and Hatfield",United Arab Emirates,Dubai,"Dubai City,",Michele Stewart,contact@camacho.roberts.and.hatfield.example.com,001-943-379-1372x237,2020-11-18,,ACTIVE,60,30,SOURCE_F_SUPPLIER_MGMT,suppliers_master.csv,2020-11-18T17:39:48.937699016,BATCH-F-20201118
SUP-000187," Miller, Hernandez and Hall ",IN,GUJARAT,Vadodara,Todd Ali,contact@miller.hernandez.and.hall.example.com,(211)274-4092x6294,2021-12-10,,ACTIVE,90,20,SOURCE_F_SUPPLIER_MGMT,suppliers_master.csv,2021-12-10T19:49:35.079512671,BATCH-F-20211210
SUP-000188,Lawson LLC,India,Bihar,,Jeremy Smith,contact@lawson.llc.example.com,769-450-0513x118,2022-05-04,,ACTIVE,15,15,SOURCE_F_SUPPLIER_MGMT,suppliers_master.csv,2022-05-04T10:48:54.376023552,BATCH-F-20220504
SUP-000189,Brooks LLC,India,Maharashtra,Mumbai,Thomas Young,contact@brooks.llc.example.com,820.342.0021x9467,2022-03-25,,ACTIVE,60,24,SOURCE_F_SUPPLIER_MGMT,suppliers_master.csv,2022-03-26T05:35:08.667450891,BATCH-F-20220325
SUP-000190,Wilkins-Anthony,United States,Georgia,Alexandria,Courtney Bautista,contact@wilkins-anthony.example.com,691.426.0544,2021-02-15,2026-09-15,INACTIVE,60,34,SOURCE_F_SUPPLIER_MGMT,suppliers_master.csv,2021-02-15T11:05:33.064298621,BATCH-F-20210215
SUP-000191,Kelly-Sullivan,United Kingdom,ENGLAND,LONDON,Phillip Bell,contact@kelly-sullivan.example.com,967.388.9348x26978,2022-08-23,,ACTIVE,30,37,SOURCE_F_SUPPLIER_MGMT,suppliers_master.csv,2022-08-24T00:02:14.655909607,BATCH-F-20220823
SUP-000192,Galvan and Sons,India,-,Howrah,Jennifer Bennett,contact@galvan.and.sons.example.com,208-290-0320,2020-07-13,,ACTIVE,90,35,SOURCE_F_SUPPLIER_MGMT,suppliers_master.csv,2020-07-13T13:56:00.073601964,BATCH-F-20200713
SUP-000193,"Harrington, West and Howell",India,Karnataka,Alexandria,Jennifer Martinez,contact@harrington.west.and.howell.example.com,3548198065,2022-10-11,,ACTIVE,30,20,SOURCE_F_SUPPLIER_MGMT,suppliers_master.csv,2022-10-11T07:41:33.875898583,BATCH-F-20221011
SUP-000194,"Erickson, King and King",IN,Maharashtra,Nashik,Arthur Graves,contact@erickson.king.and.king.example.com,503.856.1595x6781,2019-08-26,2024-12-23,TERMINATED,15,22,SOURCE_F_SUPPLIER_MGMT,suppliers_master.csv,2019-08-26T05:12:02.066114631,BATCH-F-20190826
SUP-000195,Delgado-Richard,United Kingdom,England,London,Paul Wall,contact@delgado-richard.example.com,,2022-03-04,,ACTIVE,15,19,SOURCE_F_SUPPLIER_MGMT,suppliers_master.csv,2022-03-04T19:39:41.606097708,BATCH-F-20220304
SUP-000196,"Park,  Allen  and  Irwin",United Arab Emirates,,Al  Ain,Kaylee Ramirez,contact@park.allen.and.irwin.example.com,606-314-0678,2023-08-15,2026-09-15,INACTIVE,15,29,SOURCE_F_SUPPLIER_MGMT,suppliers_master.csv,2023-08-16T02:45:11.566295061,BATCH-F-20230815
SUP-000197,Walter-Montgomery,United Arab Emirates,Dubai,DUBAI CITY,Tammy Ortiz,contact@walter-montgomery.example.com,9707362221,2020-11-29,,ACTIVE,45,11,SOURCE_F_SUPPLIER_MGMT,suppliers_master.csv,2020-11-30T04:13:47.379541504,BATCH-F-20201129
SUP-000198,Ellison Group,United Kingdom,Wales,Cardiff,Valerie Holmes,contact@ellison.group.example.com,(498)253-7850x0073,2022-01-14,,ACTIVE,15,23,SOURCE_F_SUPPLIER_MGMT,suppliers_master.csv,2022-01-14T17:18:35.760179266,BATCH-F-20220114
SUP-000199,"Martinez, Montgomery and Wright",United States,NEW YORK ,New York City,Melissa Hodges,contact@martinez.montgomery.and.wright.example.com,348.528.8250x8488,2020-12-17,2022-04-24,TERMINATED,15,34,SOURCE_F_SUPPLIER_MGMT,suppliers_master.csv,2020-12-18T01:09:19.710158368,BATCH-F-20201217
SUP-000200,James Inc,UNITED STATES,California,San Diego,Glen Peters,contact@james.inc.example.com,null,2020-12-24,,ACTIVE,30,42,SOURCE_F_SUPPLIER_MGMT,suppliers_master.csv,2020-12-24T13:53:55.388115703,BATCH-F-20201224
SUP-000201,"Thompson, Collier and Obrien",United Arab Emirates,Sharjah,Sharjah City,Joshua Edwards,contact@thompson.collier.and.obrien.example.com,696-601-4304x8674,2019-06-02,,ACTIVE,15,40,SOURCE_F_SUPPLIER_MGMT,suppliers_master.csv,2019-06-02T17:33:02.409049564,BATCH-F-20190602
SUP-000202,Michael Inc,IN,West Bengal,Kolkata,Maurice Lee,contact@michael.inc.example.com,786.569.2144x8471,2019-06-14,,ACTIVE,15,36,SOURCE_F_SUPPLIER_MGMT,suppliers_master.csv,2019-06-14T17:06:07.639015260,BATCH-F-20190614
SUP-000203, CARTER-RAY ,Canada,Quebec,Quebec City,Tracy Alvarez,contact@carter-ray.example.com,713.869.4932,2023-08-01,2024-06-14,TERMINATED,30,23,SOURCE_F_SUPPLIER_MGMT,suppliers_master.csv,2023-08-01T13:34:31.237245188,BATCH-F-20230801
SUP-000204,Padilla Group,unknown,WASHINGTON,Spokane,Breanna Buck,contact@padilla.group.example.com,974-804-7786x8435,2021-10-08,2023-08-20,INACTIVE,60,38,SOURCE_F_SUPPLIER_MGMT,suppliers_master.csv,2021-10-08T16:27:14.728332904,BATCH-F-20211008
SUP-000205,"Terry, Delgado and Harris",United States,California,SAN FRANCISCO,Felicia West,contact@terry.delgado.and.harris.example.com,(655)780-3209x217,2023-07-14,,ACTIVE,30,35,SOURCE_F_SUPPLIER_MGMT,suppliers_master.csv,2023-07-14T15:33:36.869001945,BATCH-F-20230714
SUP-000206,Dawson Inc,US,California,SAN DIEGO,Michael Hensley,contact@dawson.inc.example.com,453-401-0788x088,2022-12-06,,ACTIVE,90,31,SOURCE_F_SUPPLIER_MGMT,suppliers_master.csv,2022-12-06T15:17:41.399823321,BATCH-F-20221206
SUP-000207,"Walton, Knight and Stevens",United States,California,Los Angeles,Robert Schmitt MD,contact@walton.knight.and.stevens.example.com,(778)953-1889,2020-08-17,,ACTIVE,30,3,SOURCE_F_SUPPLIER_MGMT,suppliers_master.csv,2020-08-17T15:58:42.275241257,BATCH-F-20200817
SUP-000208,"Padilla, Robles and Wilson",IN,Delhi,Dwarka,Dean Smith,contact@padilla.robles.and.wilson.example.com,829.210.2413,2019-12-23,2021-01-04,INACTIVE,90,2,SOURCE_F_SUPPLIER_MGMT,suppliers_master.csv,2019-12-24T00:50:07.569067286,BATCH-F-20191223
SUP-000209,Flowers-Watson,India,Tamil Nadu ,Madurai,Rhonda Palmer,contact@flowers-watson.example.com,985-661-7203x2194,2019-01-11,2021-11-26,INACTIVE,15,22,SOURCE_F_SUPPLIER_MGMT,suppliers_master.csv,2019-01-11T15:25:45.134624581,BATCH-F-20190111
SUP-000210,Lopez-Baldwin,India,Delhi ,Rohini,Marcus Orr,contact@lopez-baldwin.example.com,001-486-595-1895x478,2021-01-13,,ACTIVE,15,31,SOURCE_F_SUPPLIER_MGMT,suppliers_master.csv,2021-01-13T10:21:31.527135965,BATCH-F-20210113
SUP-000211,Coleman PLC,United States,Illinois,Peoria,Jamie Hunt,contact@coleman.plc.example.com,824.782.6435x64880,2021-07-22,2023-11-05,TERMINATED,60,43,SOURCE_F_SUPPLIER_MGMT,suppliers_master.csv,2021-07-22T19:12:27.351714238,BATCH-F-20210722
SUP-000212,Baker-Maddox,United States,Illinois,Springfield,Donald Tapia,contact@baker-maddox.example.com,(310)725-3354,2022-08-29,,ACTIVE,45,25,SOURCE_F_SUPPLIER_MGMT,suppliers_master.csv,2022-08-29T11:48:31.677431817,BATCH-F-20220829
SUP-000213,"HENSON, WOLFE AND LARA",United States,Washington,Tacoma,Benjamin Brock,contact@henson.wolfe.and.lara.example.com,001-389-980-0975x8576,2021-11-08,,ACTIVE,90,22,SOURCE_F_SUPPLIER_MGMT,suppliers_master.csv,2021-11-08T19:30:57.293236734,BATCH-F-20211108
SUP-000214,"Warren, Stewart and Simmons",India,West Bengal,SILIGURI,James Fisher,contact@warren.stewart.and.simmons.example.com,(499)773-3927x20804,2021-09-15,,ACTIVE,90,19,SOURCE_F_SUPPLIER_MGMT,suppliers_master.csv,2021-09-15T07:59:15.258954088,BATCH-F-20210915
SUP-000215,"Edwards, Williams and Vega",UNITED STATES,Washington,"Spokane,",Lee Richardson Jr.,contact@edwards.williams.and.vega.example.com,+1-540-960-3298x2718,2021-06-29,,ACTIVE,60,12,SOURCE_F_SUPPLIER_MGMT,suppliers_master.csv,2021-06-29T10:43:04.322113455,BATCH-F-20210629
SUP-000216,Tucker-Miller,United States,New York,New York City,Joshua Pace,contact@tucker-miller.example.com,+1-678-890-8557x848,2021-02-26,2024-03-16,TERMINATED,90,14,SOURCE_F_SUPPLIER_MGMT,suppliers_master.csv,2021-02-26T11:37:02.088202960,BATCH-F-20210226
SUP-000217,"Johnson, Murray and Stark",India,Bihar,MUZAFFARPUR,Anne Wilkins,contact@johnson.murray.and.stark.example.com,860.910.4131x3856,2020-12-04,2022-03-20,TERMINATED,15,15,SOURCE_F_SUPPLIER_MGMT,suppliers_master.csv,2020-12-04T13:37:16.670429793,BATCH-F-20201204
SUP-000218, Snow  Ltd ,India,KARNATAKA,Alexandria,Joshua Hill,contact@snow.ltd.example.com,+1-455-612-1875x019,2022-01-15,,ACTIVE,30,25,SOURCE_F_SUPPLIER_MGMT,suppliers_master.csv,2022-01-15T13:40:38.086011410,BATCH-F-20220115
SUP-000219,"Harris, Green and Johnson",India,,"Surat,",Robert Rasmussen,contact@harris.green.and.johnson.example.com,5765812408,2020-07-23,2025-12-28,TERMINATED,30,40,SOURCE_F_SUPPLIER_MGMT,suppliers_master.csv,2020-07-23T07:08:52.035546492,BATCH-F-20200723
SUP-000220,"Miller, Blackwell and Robinson",United Arab Emirates,Sharjah,Sharjah City,Jamie Weeks,contact@miller.blackwell.and.robinson.example.com,340-643-7536x936,2022-04-29,,ACTIVE,15,36,SOURCE_F_SUPPLIER_MGMT,suppliers_master.csv,2022-04-29T03:21:35.517852679,BATCH-F-20220429
SUP-000221," Clements, Sweeney and Johnson ",United Kingdom,Scotland,Edinburgh,Danielle Ruiz,contact@clements.sweeney.and.johnson.example.com,+1-479-728-0057x84398,2020-11-14,,ACTIVE,30,33,SOURCE_F_SUPPLIER_MGMT,suppliers_master.csv,2020-11-14T15:47:46.203248008,BATCH-F-20201114
SUP-000222,Harrison Ltd,India,Gujarat,Victoria,Ariel Rodriguez,contact@harrison.ltd.example.com,6784186531,2023-01-08,2026-09-15,TERMINATED,90,40,SOURCE_F_SUPPLIER_MGMT,suppliers_master.csv,2023-01-08T20:39:43.054083568,BATCH-F-20230108
SUP-000223,Meyer and Sons,India,West Bengal,Howrah,Jonathan Singleton,contact@meyer.and.sons.example.com,661.280.3783x3518,2020-12-22,,ACTIVE,15,23,SOURCE_F_SUPPLIER_MGMT,suppliers_master.csv,2020-12-22T01:17:52.741574201,BATCH-F-20201222
SUP-000224,Murray-Terry,United States,Texas,DALLAS,Tonya Buchanan,contact@murray-terry.example.com,749-898-3310x03017,2023-07-25,,ACTIVE,45,25,SOURCE_F_SUPPLIER_MGMT,suppliers_master.csv,2023-07-25T02:46:02.783079269,BATCH-F-20230725
SUP-000225,Massey LLC,India,Gujarat,"Surat,",Paul Villa,contact@massey.llc.example.com,+1-761-913-8143,2019-06-22,2021-10-28,INACTIVE,45,20,SOURCE_F_SUPPLIER_MGMT,suppliers_master.csv,2019-06-22T01:04:07.422300609,BATCH-F-20190622
SUP-000226,Harmon PLC,GB,Wales,Cardiff,Jessica Brooks,contact@harmon.plc.example.com,+1-697-213-2103x0783,2023-03-12,,ACTIVE,60,39,SOURCE_F_SUPPLIER_MGMT,suppliers_master.csv,2023-03-13T04:03:39.472262888,BATCH-F-20230312
SUP-000227,Rodriguez-Griffin,IN,,Hubballi,Gina Bailey,contact@rodriguez-griffin.example.com,507-517-7559x18789,2023-07-16,,ACTIVE,45,15,SOURCE_F_SUPPLIER_MGMT,suppliers_master.csv,2023-07-16T00:42:39.535629416,BATCH-F-20230716
SUP-000228,Williams-Johnson,India,Delhi,Rohini,Diamond Hood,contact@williams-johnson.example.com,(973)286-8956,2021-09-07,2026-04-28,TERMINATED,15,40,SOURCE_F_SUPPLIER_MGMT,suppliers_master.csv,2021-09-07T22:43:28.690384080,BATCH-F-20210907
SUP-000229,"DAVID, MILLER AND CLARKE",India,Delhi,Rohini,Jenna Morton,contact@david.miller.and.clarke.example.com,(828)589-2529x685,2020-11-26,2023-08-22,INACTIVE,60,34,SOURCE_F_SUPPLIER_MGMT,suppliers_master.csv,2020-11-26T05:23:57.218284326,BATCH-F-20201126
SUP-000230,Lee-Ritter,Canada,Alberta,Edmonton,Christine Melton,contact@lee-ritter.example.com,973-321-4682,2021-01-22,,ACTIVE,30,40,SOURCE_F_SUPPLIER_MGMT,suppliers_master.csv,2021-01-22T04:50:30.135108481,BATCH-F-20210122
SUP-000231,Sanders-Walsh,United States,California,Fresno,Amy Stone,contact@sanders-walsh.example.com,(669)326-2570x14483,2023-03-19,,ACTIVE,90,25,SOURCE_F_SUPPLIER_MGMT,suppliers_master.csv,2023-03-19T11:02:40.783748464,BATCH-F-20230319
SUP-000232,"Long, Welch and Garcia",India,GUJARAT,Surat,Eric Melton,NA,001-371-753-9585x3457,2022-11-16,,ACTIVE,45,17,SOURCE_F_SUPPLIER_MGMT,suppliers_master.csv,2022-11-16T03:14:45.094781745,BATCH-F-20221116
SUP-000233,"Allen, Campos and Wright",India,West Bengal,Howrah,Michele Horn MD,contact@allen.campos.and.wright.example.com,001-848-294-5325x0678,2022-12-25,,ACTIVE,60,21,SOURCE_F_SUPPLIER_MGMT,suppliers_master.csv,2022-12-25T23:05:46.982358275,BATCH-F-20221225
SUP-000234,Wood and Sons,Canada,British Columbia,Vancouver,Robert Bradford,contact@wood.and.sons.example.com,001-219-894-8779x460,2022-07-01,2025-11-29,INACTIVE,45,23,SOURCE_F_SUPPLIER_MGMT,suppliers_master.csv,2022-07-01T04:59:35.680986971,BATCH-F-20220701
SUP-000235,"Watkins, Patel and Pace",IN,Gujarat,Surat,Clayton Hayes,contact@watkins.patel.and.pace.example.com,+1-461-671-0051,2021-02-02,2023-05-27,INACTIVE,30,41,SOURCE_F_SUPPLIER_MGMT,suppliers_master.csv,2021-02-02T06:02:28.588491163,BATCH-F-20210202
SUP-000236,Mcguire-Turner,CANADA,ALBERTA,Calgary,Juan West,contact@mcguire-turner.example.com,(829)272-1235x56738,2022-01-12,,ACTIVE,90,30,SOURCE_F_SUPPLIER_MGMT,suppliers_master.csv,2022-01-12T16:58:21.963455925,BATCH-F-20220112
SUP-000237,"Williams, Stewart and Benson",United States,Georgia,Alexandria,Lisa Mitchell,contact@williams.stewart.and.benson.example.com,+1-267-384-5280x6398,2022-01-22,2026-09-15,TERMINATED,30,9,SOURCE_F_SUPPLIER_MGMT,suppliers_master.csv,2022-01-22T18:06:21.918135654,BATCH-F-20220122
SUP-000238,Martinez-Anderson,IN,West Bengal,Kolkata,Wayne Perez,contact@martinez-anderson.example.com,001-791-713-2897x090,2019-07-19,2025-05-16,TERMINATED,60,10,SOURCE_F_SUPPLIER_MGMT,suppliers_master.csv,2019-07-20T03:21:39.960889300,BATCH-F-20190719
SUP-000239,Carr Inc,India,Delhi ,Dwarka,Dawn Wallace,contact@carr.inc.example.com,204.333.9802x8201,2021-11-30,2024-11-14,TERMINATED,30,42,SOURCE_F_SUPPLIER_MGMT,suppliers_master.csv,2021-11-30T23:24:21.411154063,BATCH-F-20211130
SUP-000240,WILSON PLC,India,Maharashtra,Nagpur,Carol Contreras,contact@wilson.plc.example.com,271-332-7024,2021-07-04,2023-09-24,TERMINATED,90,30,SOURCE_F_SUPPLIER_MGMT,suppliers_master.csv,2021-07-04T18:22:36.561799895,BATCH-F-20210704
SUP-000241, Cooper and Sons ,US,Washington,Tacoma,Donna Blevins,contact@cooper.and.sons.example.com,4284383741,2019-10-22,2023-07-30,INACTIVE,45,42,SOURCE_F_SUPPLIER_MGMT,suppliers_master.csv,2019-10-22T15:17:35.446604391,BATCH-F-20191022
SUP-000242,Nelson PLC,India,Delhi,"Dwarka,",Harold Collins,contact@nelson.plc.example.com,450.799.5770,2021-12-21,,ACTIVE,15,23,SOURCE_F_SUPPLIER_MGMT,suppliers_master.csv,2021-12-21T14:18:26.655759347,BATCH-F-20211221
SUP-000243,Booth Inc,AE,Abu Dhabi,Abu Dhabi City,Bradley Knight,contact@booth.inc.example.com,343-738-5678,2021-02-10,,ACTIVE,15,19,SOURCE_F_SUPPLIER_MGMT,suppliers_master.csv,2021-02-10T08:16:50.781622216,BATCH-F-20210210
SUP-000244,Jones Inc,Canada,Quebec,Quebec City,Brandi Johnson,contact@jones.inc.example.com,001-830-312-6787,2023-06-16,,ACTIVE,90,11,SOURCE_F_SUPPLIER_MGMT,suppliers_master.csv,2023-06-16T23:30:55.805419332,BATCH-F-20230616
SUP-000245,Rice-Romero,India,West Bengal,Howrah,Kristina Hamilton,contact@rice-romero.example.com,307-746-5772x37756,2021-04-10,,ACTIVE,90,6,SOURCE_F_SUPPLIER_MGMT,suppliers_master.csv,2021-04-10T20:58:53.209119421,BATCH-F-20210410
SUP-000246,"Jacobs, Mitchell and Martin",Canada,British Columbia,Vancouver,Brenda Diaz,contact@jacobs.mitchell.and.martin.example.com,+1-226-322-8747x502,2023-03-16,2024-01-28,TERMINATED,90,21,SOURCE_F_SUPPLIER_MGMT,suppliers_master.csv,2023-03-16T09:56:39.410985812,BATCH-F-20230316
SUP-000247,Mooney-Burnett,IN,Karnataka,Mysuru,Michael Evans,contact@mooney-burnett.example.com,306-994-9558,2020-09-14,,ACTIVE,15,2,SOURCE_F_SUPPLIER_MGMT,suppliers_master.csv,2020-09-14T20:22:11.997748288,BATCH-F-20200914
SUP-000248,Graves-Cross,United States,Washington,Spokane,Whitney Frank,contact@graves-cross.example.com,581-297-3090,2020-07-14,,ACTIVE,30,26,SOURCE_F_SUPPLIER_MGMT,suppliers_master.csv,2020-07-15T02:19:45.327838051,BATCH-F-20200714
SUP-000249, Morris-James ,IN,Tamil Nadu,COIMBATORE,Cheyenne Jenkins,contact@morris-james.example.com,001-718-953-1265x5154,2022-08-10,,ACTIVE,30,37,SOURCE_F_SUPPLIER_MGMT,suppliers_master.csv,2022-08-10T10:51:06.406639218,BATCH-F-20220810
SUP-000250,Perry  Group,India,West Bengal,HOWRAH,Danny Quinn,contact@perry.group.example.com,+1-643-218-0419x830,2021-02-18,2022-01-03,TERMINATED,60,38,SOURCE_F_SUPPLIER_MGMT,suppliers_master.csv,2021-02-18T20:57:03.182195954,BATCH-F-20210218
SUP-000251,"MARTINEZ, ARMSTRONG AND SIMPSON",United States,Texas,Dallas,Kevin Garner,contact@martinez.armstrong.and.simpson.example.com,641.774.1784x759,2022-12-22,2026-09-15,TERMINATED,15,21,SOURCE_F_SUPPLIER_MGMT,suppliers_master.csv,2023-01-08T10:00:00,BATCH-F-20221222
SUP-000252,"Burgess, Curtis and Wu",India,Gujarat,Surat,John Barker,contact@burgess.curtis.and.wu.example.com,001-900-332-5501x0270,2020-12-13,2024-12-12,TERMINATED,30,4,SOURCE_F_SUPPLIER_MGMT,suppliers_master.csv,2020-12-13T02:41:51.118304826,BATCH-F-20201213
SUP-000253,Ortiz LLC,United Arab Emirates,Dubai,Jebel Ali,Michael Wilkerson,contact@ortiz.llc.example.com,6106550752,2020-05-31,,ACTIVE,30,24,SOURCE_F_SUPPLIER_MGMT,suppliers_master.csv,2020-06-01T02:22:33.864628376,BATCH-F-20200531
SUP-000254,"Schaefer, Chambers and Kelley",United Arab Emirates,Sharjah,Sharjah City,Lauren Long,contact@schaefer.chambers.and.kelley.example.com,001-670-980-6326x842,2020-03-22,,ACTIVE,30,27,SOURCE_F_SUPPLIER_MGMT,suppliers_master.csv,2020-03-22T22:04:51.171753162,BATCH-F-20200322
SUP-000255,"Ramos, Mendez and Scott",United States,GEORGIA,Alexandria,Marissa Scott,contact@ramos.mendez.and.scott.example.com,001-323-340-7267,2022-06-08,,ACTIVE,60,39,SOURCE_F_SUPPLIER_MGMT,suppliers_master.csv,2022-06-08T12:54:05.798034738,BATCH-F-20220608
SUP-000256,"Fox, Gilbert and Gill",US,Georgia,Alexandria,Jeffrey Macdonald,contact@fox.gilbert.and.gill.example.com,388-720-9547x315,2020-03-25,,ACTIVE,45,19,SOURCE_F_SUPPLIER_MGMT,suppliers_master.csv,2020-03-25T04:20:32.980665284,BATCH-F-20200325
SUP-000257,Valenzuela-White,India,Delhi,Dwarka,Ashley Waters,contact@valenzuela-white.example.com,911-229-2585,2021-10-03,2024-02-19,INACTIVE,60,11,SOURCE_F_SUPPLIER_MGMT,suppliers_master.csv,2021-10-03T18:33:18.041156810,BATCH-F-20211003
SUP-000258,"Pham, Smith and Jones",United States,Texas,Victoria,Monique Wilkerson,contact@pham.smith.and.jones.example.com,(626)268-5137x3671,2020-03-21,2025-09-02,INACTIVE,45,38,SOURCE_F_SUPPLIER_MGMT,suppliers_master.csv,2020-03-21T15:55:12.363708936,BATCH-F-20200321
SUP-000259,Santana-Lee,India,Tamil Nadu,Chennai,Gabriela Fisher,contact@santana-lee.example.com,(952)255-7519x330,2022-10-01,,ACTIVE,15,36,SOURCE_F_SUPPLIER_MGMT,suppliers_master.csv,2022-10-01T14:58:57.041496350,BATCH-F-20221001
SUP-000260,Smith Inc,Canada,Ontario,Springfield,Scott Boyle,contact@smith.inc.example.com,(661)752-2753x878,2022-12-21,2026-01-30,TERMINATED,90,43,SOURCE_F_SUPPLIER_MGMT,suppliers_master.csv,2022-12-21T19:46:41.909187793,BATCH-F-20221221
SUP-000261,Adams LLC,India,West Bengal,,Yesenia Larson,contact@adams.llc.example.com,(254)948-3453,2019-03-22,,ACTIVE,90,43,SOURCE_F_SUPPLIER_MGMT,suppliers_master.csv,2019-03-22T12:01:01.362707408,BATCH-F-20190322
SUP-000262,Aguirre-Stewart,CA,British Columbia,VANCOUVER,Cassandra Hall,contact@aguirre-stewart.example.com, ,2020-08-22,,ACTIVE,60,7,SOURCE_F_SUPPLIER_MGMT,suppliers_master.csv,2020-08-22T21:30:16.964254008,BATCH-F-20200822
SUP-000263,Reed-Garcia,Canada,Quebec,MONTREAL,Michael Cobb,contact@reed-garcia.example.com,+1-556-746-9568x85797,2022-04-05,,ACTIVE,30,28,SOURCE_F_SUPPLIER_MGMT,suppliers_master.csv,2022-04-06T02:59:06.982236292,BATCH-F-20220405
SUP-000264,Weber-Watson,GB,Wales,Swansea,Erik Wright,contact@weber-watson.example.com,725-946-3024,2019-04-26,2020-08-25,TERMINATED,30,30,SOURCE_F_SUPPLIER_MGMT,suppliers_master.csv,2019-04-26T03:53:48.059400332,BATCH-F-20190426
SUP-000265,Reynolds-Le,India,Tamil Nadu,"Chennai,",Henry Petersen,contact@reynolds-le.example.com,+1-982-868-5331x40546,2022-01-18,,ACTIVE,90,43,SOURCE_F_SUPPLIER_MGMT,suppliers_master.csv,2022-01-18T16:30:33.407027749,BATCH-F-20220118
SUP-000266,"SOLIS, MEYER AND LOPEZ",India,Karnataka ,Hubballi,John Guerrero,contact@solis.meyer.and.lopez.example.com,+1-574-496-5515x153,2020-06-20,,ACTIVE,15,19,SOURCE_F_SUPPLIER_MGMT,suppliers_master.csv,2020-06-20T11:54:15.490447762,BATCH-F-20200620
SUP-000267,Chapman Inc,United Kingdom,Wales,Swansea,Andrea Hampton,Unknown,(795)420-2177x7624,2022-04-29,2025-10-27,TERMINATED,60,16,SOURCE_F_SUPPLIER_MGMT,suppliers_master.csv,2022-04-29T15:40:21.953437999,BATCH-F-20220429
SUP-000268," Ward, Wilson and Johnson ",United States,GEORGIA,Savannah,Beth Ayers,,541.891.2365x369,2020-01-15,,ACTIVE,30,21,SOURCE_F_SUPPLIER_MGMT,suppliers_master.csv,2020-01-15T18:41:49.774306440,BATCH-F-20200115
SUP-000269,Martinez-Moore,US,New York,Buffalo,Joshua Mcbride,contact@martinez-moore.example.com,001-686-311-9952x1280,2020-11-10,,ACTIVE,45,13,SOURCE_F_SUPPLIER_MGMT,suppliers_master.csv,2020-11-11T04:52:24.102222837,BATCH-F-20201110
SUP-000270,Blevins and Sons,India,Gujarat,Ahmedabad,Sean Jackson,contact@blevins.and.sons.example.com,+1-340-388-3946,2019-04-10,,ACTIVE,60,35,SOURCE_F_SUPPLIER_MGMT,suppliers_master.csv,2019-04-10T15:13:31.602140609,BATCH-F-20190410
SUP-000271,Welch-Dickerson,AE,Sharjah,Sharjah  City,Travis Williams,contact@welch-dickerson.example.com,662.439.1883,2019-10-26,2025-01-26,INACTIVE,60,28,SOURCE_F_SUPPLIER_MGMT,suppliers_master.csv,2019-10-26T01:28:56.540807884,BATCH-F-20191026
SUP-000272,"Frazier, Chandler and Wilkerson",United States,Georgia,Savannah,Thomas Hall,contact@frazier.chandler.and.wilkerson.example.com,001-958-255-4032x63938,2021-06-29,,ACTIVE,90,14,SOURCE_F_SUPPLIER_MGMT,suppliers_master.csv,2021-06-29T16:43:58.085690867,BATCH-F-20210629
SUP-000273,"Perez, Anderson and Lopez",United States,Georgia,Savannah,Jeremy Martin,contact@perez.anderson.and.lopez.example.com,(378)660-8363,2019-05-09,2024-06-27,INACTIVE,15,39,SOURCE_F_SUPPLIER_MGMT,suppliers_master.csv,2019-05-09T07:14:32.163720394,BATCH-F-20190509
SUP-000274,Palmer LLC,India,BIHAR,Muzaffarpur,Allison Brown,contact@palmer.llc.example.com,347-793-7197x2880,2021-12-03,,ACTIVE,45,10,SOURCE_F_SUPPLIER_MGMT,suppliers_master.csv,2021-12-03T05:34:30.010127275,BATCH-F-20211203
SUP-000275,SANDERS-COLON,Canada,Ontario,Springfield,Toni Garcia,N/A,+1-399-292-2433x7357,2019-12-14,,ACTIVE,90,13,SOURCE_F_SUPPLIER_MGMT,suppliers_master.csv,2019-12-14T05:39:49.029819700,BATCH-F-20191214
SUP-000276,Burke Inc,United Kingdom,Wales,Cardiff,Leslie Mitchell,contact@burke.inc.example.com,001-852-912-9386x9983,2022-07-13,,ACTIVE,60,41,SOURCE_F_SUPPLIER_MGMT,suppliers_master.csv,2022-07-13T09:52:29.360994254,BATCH-F-20220713
SUP-000277, Shaffer Group ,India,Karnataka,BENGALURU,Christopher Kane,contact@shaffer.group.example.com,+1-634-255-6267x373,2022-09-05,,ACTIVE,60,20,SOURCE_F_SUPPLIER_MGMT,suppliers_master.csv,2022-09-12T05:00:00,BATCH-F-20220905
SUP-000278,Guerra Group,Canada,Alberta,Edmonton,Angela Cooper,contact@guerra.group.example.com,+1-397-415-8583,2022-11-30,2026-09-15,TERMINATED,45,24,SOURCE_F_SUPPLIER_MGMT,suppliers_master.csv,2022-11-30T06:34:40.953815980,BATCH-F-20221130
SUP-000279,"Moore, Grimes and French",India,Delhi,New Delhi,Rhonda Hamilton,contact@moore.grimes.and.french.example.com,225.911.0514,2020-11-11,,ACTIVE,30,42,SOURCE_F_SUPPLIER_MGMT,suppliers_master.csv,2020-11-12T02:25:34.280719026,BATCH-F-20201111
SUP-000280,"Booth, Frey and Burnett",United Arab Emirates,Dubai,DUBAI CITY,Christine Colon,contact@booth.frey.and.burnett.example.com,(924)925-6984x2971,2020-09-13,,ACTIVE,30,43,SOURCE_F_SUPPLIER_MGMT,suppliers_master.csv,2020-09-13T08:23:30.964186395,BATCH-F-20200913
SUP-000281,Young-Rivera,India,Delhi,New Delhi,Brian Sanchez,contact@young-rivera.example.com,+1-536-639-6823x35928,2021-10-12,,ACTIVE,45,25,SOURCE_F_SUPPLIER_MGMT,suppliers_master.csv,2021-10-12T14:02:41.739963530,BATCH-F-20211012
SUP-000282,Clark Group,Canada,Quebec,Montreal,Jason Chavez,contact@clark.group.example.com,(475)463-7014x299,2022-03-15,2026-07-30,TERMINATED,15,10,SOURCE_F_SUPPLIER_MGMT,suppliers_master.csv,2022-03-15T23:53:24.925252997,BATCH-F-20220315
SUP-000283,Love-Caldwell,United States,ILLINOIS,Chicago,Joy Lambert,contact@love-caldwell.example.com,001-202-909-3708x5294,2022-09-05,,ACTIVE,90,44,SOURCE_F_SUPPLIER_MGMT,suppliers_master.csv,2022-09-05T03:03:35.229112174,BATCH-F-20220905
SUP-000284,"Shelton, Martinez and Taylor",India,Karnataka,Mysuru,Amy West,contact@shelton.martinez.and.taylor.example.com,485.627.4292x5689,2021-10-03,,ACTIVE,60,36,SOURCE_F_SUPPLIER_MGMT,suppliers_master.csv,2021-10-03T03:50:53.578715204,BATCH-F-20211003
SUP-000285,Fields Group,United States,New York ,Buffalo,Mark Price,NULL,(862)916-5567x28240,2022-05-24,2026-07-27,TERMINATED,15,20,SOURCE_F_SUPPLIER_MGMT,suppliers_master.csv,2022-05-25T03:27:30.122073383,BATCH-F-20220524
SUP-000286,Estrada Ltd,United States,California,San Diego,Jacob Bennett,contact@estrada.ltd.example.com,582.307.9104,2019-05-04,,ACTIVE,60,23,SOURCE_F_SUPPLIER_MGMT,suppliers_master.csv,2019-05-04T16:00:35.763482364,BATCH-F-20190504
SUP-000287,"Townsend, Carter and Phillips",India,Delhi,Dwarka,Mitchell Kelley,NULL,001-243-531-5182x38218,2020-01-07,2025-04-20,TERMINATED,90,21,SOURCE_F_SUPPLIER_MGMT,suppliers_master.csv,2020-01-08T03:51:00.417892583,BATCH-F-20200107
SUP-000288,Willis Ltd,India,Karnataka,Alexandria,Anthony Thompson,contact@willis.ltd.example.com,7439357160,2021-10-07,,ACTIVE,45,15,SOURCE_F_SUPPLIER_MGMT,suppliers_master.csv,2021-10-07T08:21:08.918344842,BATCH-F-20211007
SUP-000289,"Hernandez, Watts and Sullivan",Canada,Quebec,Montreal,Ashley Clark,,658-520-5584x6417,2019-09-04,,ACTIVE,90,7,SOURCE_F_SUPPLIER_MGMT,suppliers_master.csv,2019-09-04T20:22:59.716931702,BATCH-F-20190904
SUP-000290,Costa-Cruz,CA,Alberta ,"Calgary,",Kristina Krause,contact@costa-cruz.example.com,001-625-632-2185x037,2021-11-30,,ACTIVE,15,41,SOURCE_F_SUPPLIER_MGMT,suppliers_master.csv,2021-11-30T01:16:04.164389534,BATCH-F-20211130
SUP-000291,"Jones, Barnett and Howard",Canada,Ontario,Hamilton,Austin Caldwell,contact@jones.barnett.and.howard.example.com,(508)957-8178x356,2022-01-11,,ACTIVE,45,22,SOURCE_F_SUPPLIER_MGMT,suppliers_master.csv,2022-01-11T14:11:10.423694634,BATCH-F-20220111
SUP-000292,Greene Group,IN,Karnataka,Bengaluru,Valerie Martinez,contact@greene.group.example.com,(601)217-4727x66185,2021-11-27,,ACTIVE,45,19,SOURCE_F_SUPPLIER_MGMT,suppliers_master.csv,2021-11-28T03:17:44.024286448,BATCH-F-20211127
SUP-000293,Gibbs PLC,India,Karnataka,Hubballi,Jonathan Cruz,contact@gibbs.plc.example.com,Unknown,2022-10-24,,ACTIVE,15,20,SOURCE_F_SUPPLIER_MGMT,suppliers_master.csv,2022-10-25T01:18:40.843833361,BATCH-F-20221024
SUP-000294,"Guerra, Bailey and Perez",United Kingdom,Wales,Cardiff,Katrina Singleton,contact@guerra.bailey.and.perez.example.com,608-397-4251,2023-06-19,,ACTIVE,30,14,SOURCE_F_SUPPLIER_MGMT,suppliers_master.csv,2023-06-19T05:29:58.726754594,BATCH-F-20230619
SUP-000295,"Hardy, Garrett and Wood",India,GUJARAT,Ahmedabad,Hailey Wade,contact@hardy.garrett.and.wood.example.com,(886)515-4368x06484,2023-08-13,,ACTIVE,90,3,SOURCE_F_SUPPLIER_MGMT,suppliers_master.csv,2023-08-13T03:02:31.063281240,BATCH-F-20230813
SUP-000296,Jackson Group,India,Tamil Nadu,Chennai,Mrs. Julia Benson,contact@jackson.group.example.com,222-838-2197x40754,2020-09-20,,ACTIVE,90,26,SOURCE_F_SUPPLIER_MGMT,suppliers_master.csv,2020-09-20T10:08:33.197888277,BATCH-F-20200920
SUP-000297,Mills Group,United States,Washington,Seattle,Chad Greer,contact@mills.group.example.com,858-263-7161x62829,2020-12-19,2025-11-06,INACTIVE,60,3,SOURCE_F_SUPPLIER_MGMT,suppliers_master.csv,2020-12-19T21:51:35.277099642,BATCH-F-20201219
SUP-000298,"Meyers, Kelly and Rodgers",Canada,Ontario,Ottawa,Christopher Reynolds,contact@meyers.kelly.and.rodgers.example.com,(336)482-1112,2023-05-08,,ACTIVE,15,29,SOURCE_F_SUPPLIER_MGMT,suppliers_master.csv,2023-05-06T06:00:00,BATCH-F-20230508
SUP-000299,"Hunter, Mcclain and Hensley",GB,Scotland,Edinburgh,David Keith,contact@hunter.mcclain.and.hensley.example.com,412.763.4109x131,2022-12-07,,ACTIVE,60,28,SOURCE_F_SUPPLIER_MGMT,suppliers_master.csv,2022-12-07T10:38:40.108517041,BATCH-F-20221207
SUP-000300,Hill Ltd,United States,Washington ,Tacoma,Terry Lee,contact@hill.ltd.example.com,7486056158,2020-11-12,,ACTIVE,15,43,SOURCE_F_SUPPLIER_MGMT,suppliers_master.csv,2020-11-12T08:12:54.423513090,BATCH-F-20201112
SUP-000301,Mann LLC,India,West Bengal,Howrah,Timothy Kelley,contact@mann.llc.example.com,001-280-807-0025x032,2022-01-03,2025-02-03,TERMINATED,60,4,SOURCE_F_SUPPLIER_MGMT,suppliers_master.csv,2022-01-04T04:32:09.940006152,BATCH-F-20220103
SUP-000302,"WILLIAMS, WILLIAMS AND BRAY",United States,Washington,Seattle,Derrick Morrison,contact@williams.williams.and.bray.example.com,235-999-2491x51436,2020-03-20,,ACTIVE,45,27,SOURCE_F_SUPPLIER_MGMT,suppliers_master.csv,2020-03-21T05:46:07.515848404,BATCH-F-20200320
SUP-000303,Harris LLC,United States,Texas,Houston,Charles Berry,contact@harris.llc.example.com,(581)713-5624x94883,2020-11-21,2022-10-02,INACTIVE,15,35,SOURCE_F_SUPPLIER_MGMT,suppliers_master.csv,2020-11-22T04:00:19.196716832,BATCH-F-20201121
SUP-000304,Moreno-Arnold,India,Tamil Nadu,,Linda Santos,contact@moreno-arnold.example.com,001-388-334-3818x4931,2019-03-03,2022-09-30,TERMINATED,45,28,SOURCE_F_SUPPLIER_MGMT,suppliers_master.csv,2019-03-02T01:00:00,BATCH-F-20190303
SUP-000305,"Roberts, Johnson and Gould",United States,,Tacoma,Jacob Phillips,contact@roberts.johnson.and.gould.example.com,633-878-5556,2021-06-07,2026-08-20,INACTIVE,45,5,SOURCE_F_SUPPLIER_MGMT,suppliers_master.csv,2021-06-07T04:52:20.209261090,BATCH-F-20210607
SUP-000306,Joyce-Brooks,Canada,British Columbia,Surrey,Pamela Downs,contact@joyce-brooks.example.com,497-684-4137,2021-10-22,2022-07-08,TERMINATED,15,3,SOURCE_F_SUPPLIER_MGMT,suppliers_master.csv,2021-10-23T03:41:31.974154161,BATCH-F-20211022
SUP-000307,Lopez LLC,United States,New York,Albany,Zachary Smith,unknown,001-432-217-7016x345,2020-12-27,,ACTIVE,45,26,SOURCE_F_SUPPLIER_MGMT,suppliers_master.csv,2020-12-27T07:09:11.196132951,BATCH-F-20201227
SUP-000308,Thompson  and  Sons,Canada,British Columbia,Vancouver,David Allison,contact@thompson.and.sons.example.com,?,2020-07-11,2023-01-04,INACTIVE,45,4,SOURCE_F_SUPPLIER_MGMT,suppliers_master.csv,2020-07-12T00:50:55.080058661,BATCH-F-20200711
SUP-000309,Hoffman LLC,India,MAHARASHTRA,Nashik,Robert Fitzgerald,contact@hoffman.llc.example.com,680.324.5527,2020-01-01,,ACTIVE,45,30,SOURCE_F_SUPPLIER_MGMT,suppliers_master.csv,2020-01-01T02:53:18.812810397,BATCH-F-20200101
SUP-000310,"Rodriguez, Christensen and Cabrera",IN,Tamil Nadu,"Coimbatore,",Jennifer Estes,contact@rodriguez.christensen.and.cabr.example.com,278.586.2278x1984,2020-07-16,2021-12-04,INACTIVE,30,12,SOURCE_F_SUPPLIER_MGMT,suppliers_master.csv,2020-07-16T17:39:28.940002969,BATCH-F-20200716
SUP-000311, Doyle-Gibbs ,India,Karnataka,Bengaluru,Blake Mason,contact@doyle-gibbs.example.com,001-541-596-2446,2022-12-13,2025-08-11,INACTIVE,30,27,SOURCE_F_SUPPLIER_MGMT,suppliers_master.csv,2022-12-13T22:35:49.117302447,BATCH-F-20221213
SUP-000312,Peterson Inc,India,Karnataka,Hubballi,Antonio Garrett,contact@peterson.inc.example.com,554.800.0603x3984,2020-11-17,,ACTIVE,30,15,SOURCE_F_SUPPLIER_MGMT,suppliers_master.csv,2020-11-17T10:39:53.705532300,BATCH-F-20201117
SUP-000313,"Carr, Smith and Pratt",India,West Bengal,Kolkata,Jennifer Parker,contact@carr.smith.and.pratt.example.com,001-814-692-8256x4258,2021-07-24,2024-06-06,TERMINATED,15,18,SOURCE_F_SUPPLIER_MGMT,suppliers_master.csv,2021-07-24T21:47:57.659702620,BATCH-F-20210724
SUP-000314,Burke Inc,IN,Karnataka ,BENGALURU,Jennifer Frazier,contact@burke.inc.example.com,6438742581,2022-01-13,,ACTIVE,90,2,SOURCE_F_SUPPLIER_MGMT,suppliers_master.csv,2022-01-13T05:13:35.701437166,BATCH-F-20220113
SUP-000315,Ward-Morris,N/A,Abu Dhabi,Al Ain,Linda Pruitt,contact@ward-morris.example.com,343.842.4875x389,2021-10-16,2025-03-18,TERMINATED,90,5,SOURCE_F_SUPPLIER_MGMT,suppliers_master.csv,2021-10-17T01:11:45.651679595,BATCH-F-20211016
SUP-000316,"Mcmahon, Mosley and Wilson",India,Bihar,Muzaffarpur,Nathaniel Allen,contact@mcmahon.mosley.and.wilson.example.com,908.496.3585x5952,2019-12-21,,ACTIVE,15,35,SOURCE_F_SUPPLIER_MGMT,suppliers_master.csv,2019-12-20T02:00:00,BATCH-F-20191221
SUP-000317,"Reyes, Massey and Terry",India,Maharashtra,Nashik,Kathy Roberts,contact@reyes.massey.and.terry.example.com,+1-583-242-8075x3272,2022-11-08,,ACTIVE,60,10,SOURCE_F_SUPPLIER_MGMT,suppliers_master.csv,2022-11-08T04:03:28.962165725,BATCH-F-20221108
SUP-000318,Porter-Porter,Canada,Alberta,Calgary,Dr. Jordan Hubbard,contact@porter-porter.example.com,+1-953-317-6235x149,2020-08-17,,ACTIVE,45,6,SOURCE_F_SUPPLIER_MGMT,suppliers_master.csv,2020-08-17T07:43:23.416872779,BATCH-F-20200817
SUP-000319,Thomas PLC,United States,California,San Diego,Michael Ramirez,contact@thomas.plc.example.com,001-740-253-1849x12227,2023-03-07,2026-09-15,INACTIVE,30,39,SOURCE_F_SUPPLIER_MGMT,suppliers_master.csv,2023-03-07T17:10:20.002710412,BATCH-F-20230307
SUP-000320,Brown-Blair,United Kingdom,Wales,Swansea,Candace Cline,contact@brown-blair.example.com,?,2022-10-01,2026-09-15,TERMINATED,45,42,SOURCE_F_SUPPLIER_MGMT,suppliers_master.csv,2022-10-01T08:06:24.261821640,BATCH-F-20221001
SUP-000321,Torres Inc,India,Delhi,New Delhi,Joshua Martinez,contact@torres.inc.example.com,unknown,2020-05-19,,ACTIVE,60,42,SOURCE_F_SUPPLIER_MGMT,suppliers_master.csv,2020-05-19T05:58:04.231461206,BATCH-F-20200519
SUP-000322,Turner-Patel,US,Georgia,ATLANTA,Jasmine Huang,unknown,395-457-6231,2019-02-27,,ACTIVE,60,16,SOURCE_F_SUPPLIER_MGMT,suppliers_master.csv,2019-02-27T15:46:11.411632918,BATCH-F-20190227
SUP-000323,"Miller, Perez and Bird",CA,Alberta,Calgary,Jessica Horne,contact@miller.perez.and.bird.example.com,539.809.8002,2020-12-11,,ACTIVE,15,42,SOURCE_F_SUPPLIER_MGMT,suppliers_master.csv,2020-12-11T10:56:31.590017782,BATCH-F-20201211
SUP-000324,"Hatfield, Hart and Johnson",United States,Washington,Spokane,Andrea Henry,contact@hatfield.hart.and.johnson.example.com,635.719.9939x5913,2022-03-12,2024-03-29,INACTIVE,60,44,SOURCE_F_SUPPLIER_MGMT,suppliers_master.csv,2022-03-12T08:57:43.866343959,BATCH-F-20220312
SUP-000325,"Jones, Garcia and Skinner",UNITED STATES,GEORGIA,Atlanta,Jennifer Wilson,contact@jones.garcia.and.skinner.example.com,,2020-03-17,2021-07-16,TERMINATED,60,36,SOURCE_F_SUPPLIER_MGMT,suppliers_master.csv,2020-03-17T06:29:55.272746366,BATCH-F-20200317
SUP-000326,"Lawrence, Tucker and Wolfe",United States,California,Los Angeles,Lauren Kelly MD,contact@lawrence.tucker.and.wolfe.example.com,001-209-432-5656,2021-07-10,,ACTIVE,30,27,SOURCE_F_SUPPLIER_MGMT,suppliers_master.csv,2021-07-10T23:27:42.298935733,BATCH-F-20210710
SUP-000327,Mitchell Ltd,Canada,Ontario,"Ottawa,",Jennifer Walker,contact@mitchell.ltd.example.com,001-360-243-3839,2021-10-31,2022-10-09,INACTIVE,15,15,SOURCE_F_SUPPLIER_MGMT,suppliers_master.csv,2021-10-31T06:44:03.655371811,BATCH-F-20211031
SUP-000328,sims plc,India,Maharashtra,Nagpur,David Mason,contact@sims.plc.example.com,001-562-665-4387x3606,2020-03-22,2025-04-05,TERMINATED,30,11,SOURCE_F_SUPPLIER_MGMT,suppliers_master.csv,2020-03-22T18:16:15.701508452,BATCH-F-20200322
SUP-000329,KLEIN-ROBERTS,IN,Tamil Nadu,Chennai,Janice Becker,contact@klein-roberts.example.com,485-851-3797x6229,2019-01-27,2022-03-07,TERMINATED,90,34,SOURCE_F_SUPPLIER_MGMT,suppliers_master.csv,2019-01-27T13:46:25.680968435,BATCH-F-20190127
SUP-000330,"Lawson, Smith and Long",UNITED STATES,Illinois,Chicago,Anita Johnson,contact@lawson.smith.and.long.example.com,625-518-5974,2021-11-07,,ACTIVE,30,6,SOURCE_F_SUPPLIER_MGMT,suppliers_master.csv,2021-11-07T14:04:15.203356811,BATCH-F-20211107
SUP-000331,Dunn-Reed,Canada,ALBERTA,Calgary,James Jenkins,contact@dunn-reed.example.com,970-761-1929,2022-05-14,2026-08-28,INACTIVE,30,18,SOURCE_F_SUPPLIER_MGMT,suppliers_master.csv,2022-05-14T17:50:17.895930132,BATCH-F-20220514
SUP-000332,"PATTERSON, MENDEZ AND CRUZ",GB,Scotland,Aberdeen,Kimberly Hughes,contact@patterson.mendez.and.cruz.example.com,+1-805-673-5956,2020-02-26,,ACTIVE,45,35,SOURCE_F_SUPPLIER_MGMT,suppliers_master.csv,2020-02-26T07:24:21.667248766,BATCH-F-20200226
SUP-000333,Nelson Group,Canada,Quebec,Quebec City,Gary Perry,contact@nelson.group.example.com,001-583-723-7363x545,2022-11-27,,ACTIVE,15,19,SOURCE_F_SUPPLIER_MGMT,suppliers_master.csv,2022-11-27T23:19:08.215630278,BATCH-F-20221127
SUP-000334,Edwards-Torres,United States,Washington,SPOKANE,Melissa Cunningham,contact@edwards-torres.example.com,(771)732-5378,2020-02-20,2021-03-14,TERMINATED,60,33,SOURCE_F_SUPPLIER_MGMT,suppliers_master.csv,2020-02-20T13:13:42.227309767,BATCH-F-20200220
SUP-000335,Kelly-Roberts,United States,Illinois,Peoria,Sheryl Matthews,contact@kelly-roberts.example.com,null,2021-04-28,,ACTIVE,45,15,SOURCE_F_SUPPLIER_MGMT,suppliers_master.csv,2021-04-28T12:49:50.700818067,BATCH-F-20210428
SUP-000336,"Dunn, Pope and Key",GB,Scotland,Edinburgh,Corey Thompson,contact@dunn.pope.and.key.example.com,(985)793-9318x6935,2023-06-23,,ACTIVE,15,22,SOURCE_F_SUPPLIER_MGMT,suppliers_master.csv,2023-06-24T01:11:19.454655842,BATCH-F-20230623
SUP-000337,Ward-Carpenter,United States,California,San Francisco,Amber Smith,contact@ward-carpenter.example.com,815-940-5036,2019-07-01,,ACTIVE,90,20,SOURCE_F_SUPPLIER_MGMT,suppliers_master.csv,2019-07-01T13:47:25.612272754,BATCH-F-20190701
SUP-000338,Mitchell Ltd,United Kingdom,Wales,Swansea,Rachel Bradley,contact@mitchell.ltd.example.com,+1-338-515-8596x922,2023-06-16,,ACTIVE,30,27,SOURCE_F_SUPPLIER_MGMT,suppliers_master.csv,2023-06-16T21:51:46.784710533,BATCH-F-20230616
SUP-000339,Jimenez Inc,United States,Washington,"Seattle,",Christine Pierce,contact@jimenez.inc.example.com,841-882-0378x887,2022-10-24,,ACTIVE,30,6,SOURCE_F_SUPPLIER_MGMT,suppliers_master.csv,2022-10-24T00:34:49.267424599,BATCH-F-20221024
SUP-000340,Harris-Moss,United Kingdom,Scotland,Edinburgh,Amanda Howard,contact@harris-moss.example.com,701.826.2800x7799,2019-11-06,,ACTIVE,60,2,SOURCE_F_SUPPLIER_MGMT,suppliers_master.csv,2019-11-06T14:27:42.748549658,BATCH-F-20191106
SUP-000341,Jones-Bradley,IN,West Bengal,Howrah,Mr. David Diaz,contact@jones-bradley.example.com,N/A,2021-03-15,,ACTIVE,90,43,SOURCE_F_SUPPLIER_MGMT,suppliers_master.csv,2021-03-15T02:33:46.356444184,BATCH-F-20210315
SUP-000342, Harrison Inc ,India,Maharashtra,,Heather Marquez,contact@harrison.inc.example.com,(499)612-3962x6905,2023-08-04,,ACTIVE,45,17,SOURCE_F_SUPPLIER_MGMT,suppliers_master.csv,2023-08-04T11:02:22.261367701,BATCH-F-20230804
SUP-000343,Perez Inc,United States,Washington,Seattle,James Mitchell,contact@perez.inc.example.com,001-809-767-0922x07243,2019-10-03,,ACTIVE,60,44,SOURCE_F_SUPPLIER_MGMT,suppliers_master.csv,2019-10-03T18:52:21.143488785,BATCH-F-20191003
SUP-000344,Torres Group,India,DELHI,Dwarka,James Galvan,contact@torres.group.example.com,740.302.3502x2425,2023-01-11,,ACTIVE,30,27,SOURCE_F_SUPPLIER_MGMT,suppliers_master.csv,2023-01-11T07:53:08.982638314,BATCH-F-20230111
SUP-000345,Nash-Price,India,Gujarat,Vadodara,Robin Morton,contact@nash-price.example.com,+1-710-576-5241,2022-11-17,,ACTIVE,60,8,SOURCE_F_SUPPLIER_MGMT,suppliers_master.csv,2022-11-18T00:39:17.127696169,BATCH-F-20221117
SUP-000346,"Owen, Carter and Weber",United Kingdom,Wales,Cardiff,Alexandra Harrison,contact@owen.carter.and.weber.example.com,(334)729-8898,2020-11-13,2023-12-29,INACTIVE,60,13,SOURCE_F_SUPPLIER_MGMT,suppliers_master.csv,2020-11-13T23:58:25.813456770,BATCH-F-20201113
SUP-000347,Morales LLC,United Kingdom,England,Bristol,Scott Lambert,contact@morales.llc.example.com,556-703-5588x81076,2019-01-31,2024-12-29,INACTIVE,30,27,SOURCE_F_SUPPLIER_MGMT,suppliers_master.csv,2019-02-01T05:50:48.950640774,BATCH-F-20190131
SUP-000348,Perez PLC,India,Tamil Nadu,Coimbatore,Amy Morrison,contact@perez.plc.example.com, ,2021-10-02,,ACTIVE,30,27,SOURCE_F_SUPPLIER_MGMT,suppliers_master.csv,2021-10-02T19:11:29.511853373,BATCH-F-20211002
SUP-000349,Sharp Inc,United Arab Emirates,Dubai,Dubai City,Mark Duncan,contact@sharp.inc.example.com,518-390-0905x80214,2020-07-26,2023-03-19,INACTIVE,90,44,SOURCE_F_SUPPLIER_MGMT,suppliers_master.csv,2020-07-26T02:39:59.182843928,BATCH-F-20200726
SUP-000350,"stewart, newton and johnson",US,Texas,Dallas,Jesus Rios,contact@stewart.newton.and.johnson.example.com, ,2019-08-01,,ACTIVE,90,37,SOURCE_F_SUPPLIER_MGMT,suppliers_master.csv,2019-08-02T05:53:48.398809883,BATCH-F-20190801
SUP-000351,"French, Mills and Jones",United States,California,Fresno,Joseph Phillips,contact@french.mills.and.jones.example.com,(444)675-1357,2020-10-02,2025-11-28,INACTIVE,15,29,SOURCE_F_SUPPLIER_MGMT,suppliers_master.csv,2020-10-02T02:21:48.770348608,BATCH-F-20201002
SUP-000352,"Beltran, Martin and Perkins",United States,New York,Albany,Anna Holmes,,703-392-8971,2022-06-24,,ACTIVE,15,33,SOURCE_F_SUPPLIER_MGMT,suppliers_master.csv,2022-06-24T10:17:50.748421427,BATCH-F-20220624
SUP-000353,Cochran PLC,India,Tamil Nadu,Chennai,Steven Montgomery,contact@cochran.plc.example.com,+1-706-461-0248x37627,2021-07-08,,ACTIVE,30,20,SOURCE_F_SUPPLIER_MGMT,suppliers_master.csv,2021-07-08T06:11:04.110881178,BATCH-F-20210708
SUP-000354,Berger-Myers,GB,England,Manchester,Susan Miller DDS,contact@berger-myers.example.com,385.918.4937x95945,2022-02-04,2026-09-15,INACTIVE,60,28,SOURCE_F_SUPPLIER_MGMT,suppliers_master.csv,2022-02-05T04:35:33.012973231,BATCH-F-20220204
SUP-000355,taylor inc,India,DELHI,New Delhi,Elizabeth Taylor,unknown,(239)607-3471,2019-09-13,,ACTIVE,60,32,SOURCE_F_SUPPLIER_MGMT,suppliers_master.csv,2019-09-14T01:44:06.936013519,BATCH-F-20190913
SUP-000356,Gomez Group,Canada,ALBERTA,Calgary,Donald Stevens,contact@gomez.group.example.com,853-847-7061x6035,2022-03-12,,ACTIVE,90,19,SOURCE_F_SUPPLIER_MGMT,suppliers_master.csv,2022-03-12T12:13:52.486825845,BATCH-F-20220312
SUP-000357,Price-Contreras,UNITED STATES,Washington,Tacoma,Timothy Cook,contact@price-contreras.example.com,(851)891-3864x935,2021-09-27,2024-01-23,TERMINATED,15,37,SOURCE_F_SUPPLIER_MGMT,suppliers_master.csv,2021-09-27T14:15:59.955585785,BATCH-F-20210927
SUP-000358,Smith Group,CA,British Columbia,Victoria,Casey Thomas,contact@smith.group.example.com,,2019-09-21,,ACTIVE,90,26,SOURCE_F_SUPPLIER_MGMT,suppliers_master.csv,2019-09-22T04:42:58.469376053,BATCH-F-20190921
SUP-000359,"Long, Anderson and Bender",United States,Texas,"Houston,",Juan Grant,contact@long.anderson.and.bender.example.com,927-567-7071x637,2021-12-11,2025-04-27,INACTIVE,60,34,SOURCE_F_SUPPLIER_MGMT,suppliers_master.csv,2021-12-12T00:02:44.357881474,BATCH-F-20211211
SUP-000360,Graham-Wallace,United States,California,San  Diego,Jennifer Carter,contact@graham-wallace.example.com,(924)652-3787,2022-11-25,2024-12-27,INACTIVE,60,24,SOURCE_F_SUPPLIER_MGMT,suppliers_master.csv,2022-11-25T04:13:37.697285338,BATCH-F-20221125
SUP-000361,Rios LLC,INDIA,Tamil Nadu,Chennai,Sherri Adams,contact@rios.llc.example.com,?,2023-01-15,2024-03-09,TERMINATED,15,33,SOURCE_F_SUPPLIER_MGMT,suppliers_master.csv,2023-01-16T00:15:45.124454548,BATCH-F-20230115
SUP-000362,Camacho-Lloyd,UNITED STATES,New York,Buffalo,Kevin Rodriguez,contact@camacho-lloyd.example.com,001-274-760-3301x22977,2019-07-10,,ACTIVE,30,44,SOURCE_F_SUPPLIER_MGMT,suppliers_master.csv,2019-07-10T05:41:42.285347488,BATCH-F-20190710
SUP-000363,West LLC,Canada,Ontario,Ottawa,Latasha Patel,contact@west.llc.example.com,8025972730,2021-11-15,,ACTIVE,45,43,SOURCE_F_SUPPLIER_MGMT,suppliers_master.csv,2021-11-15T08:14:01.747898763,BATCH-F-20211115
SUP-000364,Gonzalez and Sons,Canada,Ontario,OTTAWA,Paul Wright,contact@gonzalez.and.sons.example.com,001-302-732-6666,2022-04-16,,ACTIVE,30,10,SOURCE_F_SUPPLIER_MGMT,suppliers_master.csv,2022-04-16T09:03:48.208029523,BATCH-F-20220416
SUP-000365, EVANS INC ,India,Maharashtra,Mumbai,Heather Petersen,contact@evans.inc.example.com,+1-214-861-2020x43633,2023-02-05,,ACTIVE,90,7,SOURCE_F_SUPPLIER_MGMT,suppliers_master.csv,2023-02-05T09:27:53.718987458,BATCH-F-20230205
SUP-000366,Garcia Inc,India,Tamil Nadu,Madurai,Cheryl Reyes,contact@garcia.inc.example.com,831-940-1744x46218,2021-05-18,,ACTIVE,15,40,SOURCE_F_SUPPLIER_MGMT,suppliers_master.csv,2021-05-18T15:22:33.224131556,BATCH-F-20210518
SUP-000367,"Harris, Ruiz and Steele",India,Maharashtra,Pune,Brian Lambert,unknown,(926)869-3923x433,2020-07-19,,ACTIVE,30,40,SOURCE_F_SUPPLIER_MGMT,suppliers_master.csv,2020-07-19T17:21:25.367517806,BATCH-F-20200719
SUP-000368,"Hood, Watson and Barry",India,Maharashtra,Nagpur,Heather Carter,contact@hood.watson.and.barry.example.com,NULL,2022-12-09,,ACTIVE,30,37,SOURCE_F_SUPPLIER_MGMT,suppliers_master.csv,2022-12-08T06:00:00,BATCH-F-20221209
SUP-000369,Jackson-Barry,India,KARNATAKA,"Hubballi,",Isaiah Sanchez,contact@jackson-barry.example.com,+1-748-352-9658x072,2021-12-28,,ACTIVE,60,3,SOURCE_F_SUPPLIER_MGMT,suppliers_master.csv,2021-12-29T04:07:57.978292436,BATCH-F-20211228
SUP-000370,Smith-Logan,N/A,Gujarat,Vadodara,Anna Dunn,contact@smith-logan.example.com,,2023-07-14,,ACTIVE,60,26,SOURCE_F_SUPPLIER_MGMT,suppliers_master.csv,2023-07-14T17:31:36.859713002,BATCH-F-20230714
SUP-000371,Miranda-Davis,IN,Maharashtra,Nashik,James Nichols,contact@miranda-davis.example.com,N/A,2021-04-16,,ACTIVE,30,11,SOURCE_F_SUPPLIER_MGMT,suppliers_master.csv,2021-04-17T02:38:18.369286416,BATCH-F-20210416
SUP-000372,"Thomas, Nelson and Day",India,,"New Delhi,",Kelly House,contact@thomas.nelson.and.day.example.com,382.449.5481x75415,2019-12-13,2021-01-04,TERMINATED,60,6,SOURCE_F_SUPPLIER_MGMT,suppliers_master.csv,2019-12-13T10:50:59.406425834,BATCH-F-20191213
SUP-000373,"Tapia, Griffith and Murphy",United States,Georgia,Atlanta,James Jones,contact@tapia.griffith.and.murphy.example.com,253.441.0684x05175,2019-04-03,2022-09-25,TERMINATED,90,36,SOURCE_F_SUPPLIER_MGMT,suppliers_master.csv,2019-04-04T05:52:16.456034653,BATCH-F-20190403
SUP-000374,"Garcia, Hudson and Reed",United Kingdom,-,Cardiff,Warren Moore,contact@garcia.hudson.and.reed.example.com,8707532815,2020-09-27,,ACTIVE,90,35,SOURCE_F_SUPPLIER_MGMT,suppliers_master.csv,2020-09-28T00:29:09.842494997,BATCH-F-20200927
SUP-000375,Arnold Inc,India,Karnataka,Bengaluru,Tammy Phillips,contact@arnold.inc.example.com,+1-573-403-0843x8274,2019-11-12,,ACTIVE,60,29,SOURCE_F_SUPPLIER_MGMT,suppliers_master.csv,2019-11-12T18:52:58.973952853,BATCH-F-20191112
SUP-000376,"cobb, gregory and howard",United Arab Emirates,Sharjah,Sharjah City,Daniel Patterson,contact@cobb.gregory.and.howard.example.com,992.710.0174x0346,2021-03-13,,ACTIVE,15,26,SOURCE_F_SUPPLIER_MGMT,suppliers_master.csv,2021-03-13T15:12:03.064671832,BATCH-F-20210313
SUP-000377,"ALVARADO, SHARP AND BISHOP",India,Tamil Nadu,Coimbatore,John Lee,contact@alvarado.sharp.and.bishop.example.com,968-955-1837x49631,2023-02-24,2024-03-06,INACTIVE,45,39,SOURCE_F_SUPPLIER_MGMT,suppliers_master.csv,2023-02-24T20:33:11.667202913,BATCH-F-20230224
SUP-000378,"Walker, Taylor and Carter",CA,BRITISH COLUMBIA,Surrey,Ernest Hill,contact@walker.taylor.and.carter.example.com,3335177018,2019-10-31,,ACTIVE,90,16,SOURCE_F_SUPPLIER_MGMT,suppliers_master.csv,2019-10-31T04:33:35.781610573,BATCH-F-20191031
SUP-000379,"Rios, Mack and Robinson",United Arab Emirates,Dubai,Dubai  City,Amy Fields,contact@rios.mack.and.robinson.example.com,229.975.8915,2021-06-06,,ACTIVE,15,28,SOURCE_F_SUPPLIER_MGMT,suppliers_master.csv,2021-06-06T14:22:48.470217092,BATCH-F-20210606
SUP-000380,"Bell, Smith and Thompson",India,Karnataka,HUBBALLI,Christopher Kline,contact@bell.smith.and.thompson.example.com,001-904-996-0219,2020-10-28,,ACTIVE,30,9,SOURCE_F_SUPPLIER_MGMT,suppliers_master.csv,2020-10-28T19:16:43.448229119,BATCH-F-20201028
SUP-000381,Phillips-Hensley,United States,ILLINOIS,"Chicago,",Jorge Rodriguez,contact@phillips-hensley.example.com,(520)644-1321,2020-12-03,2026-09-06,INACTIVE,30,33,SOURCE_F_SUPPLIER_MGMT,suppliers_master.csv,2020-12-03T12:34:16.954406890,BATCH-F-20201203
SUP-000382,King-Boyd,United Arab Emirates,Sharjah,SHARJAH CITY,Evan Hines,contact@king-boyd.example.com,001-883-594-3776x63963,2022-01-23,,ACTIVE,60,30,SOURCE_F_SUPPLIER_MGMT,suppliers_master.csv,2022-01-23T01:22:56.387681513,BATCH-F-20220123
SUP-000383,Perry LLC,India,Delhi,"Dwarka,",Donald Johnson,contact@perry.llc.example.com,+1-346-425-0607x17970,2022-04-02,,ACTIVE,45,2,SOURCE_F_SUPPLIER_MGMT,suppliers_master.csv,2022-04-03T00:15:50.043690286,BATCH-F-20220402
SUP-000384,Lewis-Woods,US,Illinois,Peoria,Kelli Watson,contact@lewis-woods.example.com,242-675-2502,2022-02-28,2023-05-18,INACTIVE,15,41,SOURCE_F_SUPPLIER_MGMT,suppliers_master.csv,2022-02-28T14:10:56.506343635,BATCH-F-20220228
SUP-000385,Sanchez Group,IN,Bihar,Patna,Christina Johnston,contact@sanchez.group.example.com,+1-696-758-1617x789,2021-02-10,,ACTIVE,45,3,SOURCE_F_SUPPLIER_MGMT,suppliers_master.csv,2021-02-10T07:43:08.276375579,BATCH-F-20210210
SUP-000386,"Hunt, Rogers and Fuller",United States,Texas,"Austin,",Peter Green,contact@hunt.rogers.and.fuller.example.com,?,2019-08-14,,ACTIVE,45,41,SOURCE_F_SUPPLIER_MGMT,suppliers_master.csv,2019-08-14T14:29:03.991407302,BATCH-F-20190814
SUP-000387,Ayala-Richards,IN,Karnataka,"Bengaluru,",Heather Sanders,contact@ayala-richards.example.com,001-659-491-2349x2050,2020-11-01,,ACTIVE,15,22,SOURCE_F_SUPPLIER_MGMT,suppliers_master.csv,2020-11-01T02:33:08.210706431,BATCH-F-20201101
SUP-000388,White-Gonzalez,Canada,ONTARIO,Ottawa,Dr. Randy Williams,contact@white-gonzalez.example.com,901.922.6211,2020-05-03,,ACTIVE,45,4,SOURCE_F_SUPPLIER_MGMT,suppliers_master.csv,2020-05-03T21:44:24.151239013,BATCH-F-20200503
SUP-000389,Gonzalez PLC,INDIA,Maharashtra,Pune,Megan Campbell,contact@gonzalez.plc.example.com,+1-968-855-5095x0272,2021-10-22,,ACTIVE,15,12,SOURCE_F_SUPPLIER_MGMT,suppliers_master.csv,2021-10-22T22:40:04.213349814,BATCH-F-20211022
SUP-000390,Gonzalez-Guerrero,United States,GEORGIA,Savannah,Brianna Beard,contact@gonzalez-guerrero.example.com,(434)620-7155x53754,2021-07-13,,ACTIVE,30,27,SOURCE_F_SUPPLIER_MGMT,suppliers_master.csv,2021-07-13T19:59:24.688847761,BATCH-F-20210713
SUP-000391,Snyder Group,N/A,DELHI,Dwarka,George Marsh,contact@snyder.group.example.com,339.544.9345x729,2019-03-15,,ACTIVE,30,29,SOURCE_F_SUPPLIER_MGMT,suppliers_master.csv,2019-03-15T20:17:11.139872253,BATCH-F-20190315
SUP-000392,Koch Ltd,India,Bihar,Muzaffarpur,Steven Wheeler,contact@koch.ltd.example.com,(424)915-8024x72400,2021-11-28,,ACTIVE,15,32,SOURCE_F_SUPPLIER_MGMT,suppliers_master.csv,2021-11-28T20:11:54.038751441,BATCH-F-20211128
SUP-000393,Ryan-Lloyd,United Arab Emirates,Abu Dhabi,Al Ain,Oscar Bradley,contact@ryan-lloyd.example.com,001-699-863-1642,2020-08-12,,ACTIVE,15,30,SOURCE_F_SUPPLIER_MGMT,suppliers_master.csv,2020-08-12T11:53:59.750074117,BATCH-F-20200812
SUP-000394, Williams-Reynolds ,United States,Georgia,Atlanta,Steven Murray,contact@williams-reynolds.example.com,001-544-653-0372,2022-11-30,,ACTIVE,45,19,SOURCE_F_SUPPLIER_MGMT,suppliers_master.csv,2022-11-30T09:34:53.222995839,BATCH-F-20221130
SUP-000395,Horton-Rios,India,Bihar,N/A,Shawna Rowe,contact@horton-rios.example.com,3572846557,2022-10-21,,ACTIVE,90,16,SOURCE_F_SUPPLIER_MGMT,suppliers_master.csv,2022-10-21T05:03:46.482082501,BATCH-F-20221021
SUP-000396,Paul-Moore,India,Karnataka,Alexandria,Jason Petty,contact@paul-moore.example.com,(546)947-3397x995,2021-01-31,2025-01-22,INACTIVE,15,25,SOURCE_F_SUPPLIER_MGMT,suppliers_master.csv,2021-01-31T01:15:41.919891772,BATCH-F-20210131
SUP-000397,HUBBARD GROUP,IN,Delhi,ROHINI,Justin Nelson,contact@hubbard.group.example.com,377-446-7783x266,2020-04-24,,ACTIVE,30,33,SOURCE_F_SUPPLIER_MGMT,suppliers_master.csv,2020-04-24T07:24:22.274356770,BATCH-F-20200424
SUP-000398,Cummings-Stewart,US,California,Los Angeles,Beverly Todd,contact@cummings-stewart.example.com,001-844-864-8938,2019-07-28,2020-10-24,INACTIVE,90,30,SOURCE_F_SUPPLIER_MGMT,suppliers_master.csv,2019-07-28T12:03:52.590691057,BATCH-F-20190728
SUP-000399,Phillips-Cohen,India,West Bengal,Howrah,Jeffrey Mullins,contact@phillips-cohen.example.com,211.219.0320,2020-12-12,,ACTIVE,90,19,SOURCE_F_SUPPLIER_MGMT,suppliers_master.csv,2020-12-12T16:03:56.417045162,BATCH-F-20201212
SUP-000400,MONROE-JOHNSON,India,Tamil Nadu,Coimbatore,Benjamin Watson,contact@monroe-johnson.example.com,6958402549,2023-07-22,2026-09-15,INACTIVE,60,9,SOURCE_F_SUPPLIER_MGMT,suppliers_master.csv,2023-07-22T01:40:53.640079933,BATCH-F-20230722
SUP-000401,"Tran, Richardson and Conner",United States,Illinois,Peoria,Meghan James,contact@tran.richardson.and.conner.example.com,+1-696-403-7405x7215,2023-04-04,,ACTIVE,45,36,SOURCE_F_SUPPLIER_MGMT,suppliers_master.csv,2023-04-04T21:43:30.821046776,BATCH-F-20230404
SUP-000402,Conner LLC,India,West Bengal,Siliguri,Jonathan Golden,contact@conner.llc.example.com,704-438-0792x690,2019-03-06,2023-12-25,TERMINATED,90,36,SOURCE_F_SUPPLIER_MGMT,suppliers_master.csv,2019-03-07T02:00:39.700721129,BATCH-F-20190306
SUP-000403,Hernandez-Mason,United States,ILLINOIS,Springfield,Matthew Turner,contact@hernandez-mason.example.com,3455728332,2021-06-30,,ACTIVE,30,19,SOURCE_F_SUPPLIER_MGMT,suppliers_master.csv,2021-06-30T17:26:42.974699532,BATCH-F-20210630
SUP-000404,Torres-Mccullough,United Arab Emirates,DUBAI,Jebel Ali,Maria Ingram,NULL,422-465-4555,2022-02-27,,ACTIVE,15,32,SOURCE_F_SUPPLIER_MGMT,suppliers_master.csv,2022-02-27T13:52:41.328565745,BATCH-F-20220227
SUP-000405,Richardson Inc,India,Gujarat,AHMEDABAD,Phillip Knight,contact@richardson.inc.example.com,573-660-8507x4285,2022-07-21,2023-11-11,INACTIVE,90,5,SOURCE_F_SUPPLIER_MGMT,suppliers_master.csv,2022-07-22T01:34:33.841040271,BATCH-F-20220721
SUP-000406,"Cummings, Carson and Ortiz",Canada,British Columbia,SURREY,Sara Hanson,-,9946057220,2019-06-29,2023-04-19,TERMINATED,60,36,SOURCE_F_SUPPLIER_MGMT,suppliers_master.csv,2019-06-30T01:56:18.766934270,BATCH-F-20190629
SUP-000407,Phelps  Ltd,IN,MAHARASHTRA ,Pune,Michelle Williams,contact@phelps.ltd.example.com,001-474-503-4439x20839,2022-09-09,2026-09-15,INACTIVE,30,20,SOURCE_F_SUPPLIER_MGMT,suppliers_master.csv,2022-09-09T19:31:28.017050185,BATCH-F-20220909
SUP-000408,"Barnett, Wilson and Kirby",United Kingdom,Wales ,CARDIFF,Katelyn Mcdowell,contact@barnett.wilson.and.kirby.example.com,?,2022-07-15,2026-06-08,TERMINATED,30,26,SOURCE_F_SUPPLIER_MGMT,suppliers_master.csv,2022-07-15T19:31:55.261377034,BATCH-F-20220715
SUP-000409,Conway Group,United States,Illinois,Peoria,Mackenzie Freeman,contact@conway.group.example.com,+1-806-404-1299,2023-05-31,,ACTIVE,60,9,SOURCE_F_SUPPLIER_MGMT,suppliers_master.csv,2023-05-31T08:04:51.462276316,BATCH-F-20230531
SUP-000410,English-Cook,Canada,British Columbia,Victoria,Joseph Taylor,contact@english-cook.example.com,308-731-1867,2019-02-26,,ACTIVE,30,29,SOURCE_F_SUPPLIER_MGMT,suppliers_master.csv,2019-02-26T07:22:43.747369038,BATCH-F-20190226
SUP-000411,"Phillips, Wood and Phillips",India,West Bengal,Siliguri,Luis Rivas,NA,9585123069,2022-08-16,2025-05-02,TERMINATED,45,8,SOURCE_F_SUPPLIER_MGMT,suppliers_master.csv,2022-08-16T02:13:46.714514351,BATCH-F-20220816
SUP-000412,"Rocha, Turner and Snyder",US,Georgia,Atlanta,Julie Mitchell,null,619-710-5276x6444,2021-02-20,,ACTIVE,30,33,SOURCE_F_SUPPLIER_MGMT,suppliers_master.csv,2021-02-20T16:10:48.402666403,BATCH-F-20210220
SUP-000413,"Mccarty, Weeks and Brown",United Arab Emirates,Sharjah,Sharjah City,Stacy Stout,contact@mccarty.weeks.and.brown.example.com,unknown,2023-05-17,,ACTIVE,90,42,SOURCE_F_SUPPLIER_MGMT,suppliers_master.csv,2023-05-17T17:22:00.903328927,BATCH-F-20230517
SUP-000414,"Roberts, Anderson and Keith",India,West Bengal,Siliguri,Stephen Mcintyre,contact@roberts.anderson.and.keith.example.com,245-881-4737x450,2021-12-20,,ACTIVE,30,6,SOURCE_F_SUPPLIER_MGMT,suppliers_master.csv,2021-12-20T12:28:35.556649315,BATCH-F-20211220
SUP-000415,Norton Group,,Washington,Spokane,Katherine Johnson,contact@norton.group.example.com,(816)744-6874x033,2022-10-28,,ACTIVE,45,27,SOURCE_F_SUPPLIER_MGMT,suppliers_master.csv,2022-10-28T13:54:43.014906084,BATCH-F-20221028
SUP-000416,Lewis-Aguilar,India,Delhi,Dwarka,Sean Ballard,contact@lewis-aguilar.example.com,,2020-06-15,,ACTIVE,90,2,SOURCE_F_SUPPLIER_MGMT,suppliers_master.csv,2020-06-16T05:57:43.171081048,BATCH-F-20200615
SUP-000417,Fischer-Rogers,United States,,Alexandria,Brenda Larson,contact@fischer-rogers.example.com,001-645-996-9041x631,2020-12-18,,ACTIVE,90,11,SOURCE_F_SUPPLIER_MGMT,suppliers_master.csv,2020-12-19T05:15:27.016523016,BATCH-F-20201218
SUP-000418,"Miranda, Paul and Hawkins",India,,,Thomas Gaines,contact@miranda.paul.and.hawkins.example.com,935-660-4856,2021-06-24,,ACTIVE,45,32,SOURCE_F_SUPPLIER_MGMT,suppliers_master.csv,2021-06-24T10:55:19.452227347,BATCH-F-20210624
SUP-000419,"Smith, Mclean and Pierce",Canada,Quebec,Quebec  City,Connor Robinson,contact@smith.mclean.and.pierce.example.com,(840)715-6639x449,2019-06-28,,ACTIVE,45,27,SOURCE_F_SUPPLIER_MGMT,suppliers_master.csv,2019-06-29T03:34:32.323705132,BATCH-F-20190628
SUP-000420,"Chen, Bolton and Harrison",India,Karnataka,Bengaluru,Eric Miller,contact@chen.bolton.and.harrison.example.com,+1-304-295-3427x82465,2021-03-17,2023-08-10,TERMINATED,45,24,SOURCE_F_SUPPLIER_MGMT,suppliers_master.csv,2021-03-17T06:28:12.608562149,BATCH-F-20210317
SUP-000421,Moore Ltd,United States,Washington,Seattle,James Jones,NULL,(265)395-4048x841,2019-10-31,,ACTIVE,90,44,SOURCE_F_SUPPLIER_MGMT,suppliers_master.csv,2019-10-31T00:53:16.926532376,BATCH-F-20191031
SUP-000422,"Cohen, Marshall and Webster",India,WEST BENGAL,Howrah,Kathryn Cuevas,contact@cohen.marshall.and.webster.example.com,972-698-5356x62958,2022-12-15,2026-09-15,INACTIVE,60,25,SOURCE_F_SUPPLIER_MGMT,suppliers_master.csv,2022-12-13T19:00:00,BATCH-F-20221215
SUP-000423,Robertson-Mann,India,?,New  Delhi,Jessica Petty,contact@robertson-mann.example.com,001-743-776-3360x5399,2022-11-19,,ACTIVE,30,41,SOURCE_F_SUPPLIER_MGMT,suppliers_master.csv,2022-11-20T04:50:58.145218073,BATCH-F-20221119
SUP-000424,"Richards, Smith and Johnson",US,Texas,DALLAS,Stephanie Ashley,contact@richards.smith.and.johnson.example.com,(837)828-6025x291,2021-11-15,,ACTIVE,45,8,SOURCE_F_SUPPLIER_MGMT,suppliers_master.csv,2021-11-15T04:49:06.354666808,BATCH-F-20211115
SUP-000425,"Norris, Jackson and Key",India,West Bengal,Siliguri,Michael Davis,contact@norris.jackson.and.key.example.com,+1-329-614-9540x94831,2023-01-11,2024-05-24,INACTIVE,60,24,SOURCE_F_SUPPLIER_MGMT,suppliers_master.csv,2023-01-11T16:57:56.510799026,BATCH-F-20230111
SUP-000426,Nelson-Bell,United States,Texas,Houston,Lauren Lawson,contact@nelson-bell.example.com,+1-359-828-5999x76262,2021-04-22,,ACTIVE,90,41,SOURCE_F_SUPPLIER_MGMT,suppliers_master.csv,2021-04-22T19:47:57.922075773,BATCH-F-20210422
SUP-000427,Morales and Sons,Canada,British Columbia,"Vancouver,",Melvin Cruz,contact@morales.and.sons.example.com, ,2022-07-23,,ACTIVE,60,44,SOURCE_F_SUPPLIER_MGMT,suppliers_master.csv,2022-07-24T02:21:37.385737235,BATCH-F-20220723
SUP-000428,Fowler Inc,India,Bihar,"Patna,",Christopher Parker,contact@fowler.inc.example.com,(458)875-0639x6620,2023-07-16,,ACTIVE,15,24,SOURCE_F_SUPPLIER_MGMT,suppliers_master.csv,2023-07-16T17:34:33.975651463,BATCH-F-20230716
SUP-000429,Bennett LLC,India,WEST BENGAL,N/A,Linda Dean,contact@bennett.llc.example.com,692.415.6585,2020-11-07,,ACTIVE,45,17,SOURCE_F_SUPPLIER_MGMT,suppliers_master.csv,2020-11-07T22:09:24.709030088,BATCH-F-20201107
SUP-000430,Schmitt Group,United States,New York,Buffalo,David Hamilton,contact@schmitt.group.example.com,001-722-564-6633,2020-01-05,,ACTIVE,30,26,SOURCE_F_SUPPLIER_MGMT,suppliers_master.csv,2020-01-05T08:38:11.303479061,BATCH-F-20200105
SUP-000431,Cruz-Smith,United States,Texas,Dallas,Tamara Jones,contact@cruz-smith.example.com,(508)688-6705x40170,2019-04-14,,ACTIVE,30,19,SOURCE_F_SUPPLIER_MGMT,suppliers_master.csv,2019-04-14T19:54:07.047975202,BATCH-F-20190414
SUP-000432, Vance LLC ,India,West Bengal,Kolkata,Stephanie Ross,contact@vance.llc.example.com,865-622-9173x343,2021-12-10,,ACTIVE,90,20,SOURCE_F_SUPPLIER_MGMT,suppliers_master.csv,2021-12-10T17:50:08.741416473,BATCH-F-20211210
SUP-000433,Williamson Inc,United States,NEW YORK,New York City,Jose Lewis,contact@williamson.inc.example.com,+1-551-866-4178x66087,2022-07-17,,ACTIVE,30,23,SOURCE_F_SUPPLIER_MGMT,suppliers_master.csv,2022-07-17T20:01:33.663513699,BATCH-F-20220717
SUP-000434,Oconnell PLC,United States,Illinois,Peoria,Joseph Carlson,contact@oconnell.plc.example.com,554.668.4959,2022-08-19,,ACTIVE,30,15,SOURCE_F_SUPPLIER_MGMT,suppliers_master.csv,2022-08-20T05:06:31.635051635,BATCH-F-20220819
SUP-000435,Miller-Green,India,Gujarat,Ahmedabad,Zachary Stanley,contact@miller-green.example.com,(503)567-2815x9883,2022-12-11,2024-12-31,TERMINATED,15,24,SOURCE_F_SUPPLIER_MGMT,suppliers_master.csv,2022-12-23T17:00:00,BATCH-F-20221211
SUP-000436,Smith Ltd,India,Tamil Nadu,Chennai,Lisa Vaughn,contact@smith.ltd.example.com,+1-986-802-2139x45834,2020-08-12,,ACTIVE,90,21,SOURCE_F_SUPPLIER_MGMT,suppliers_master.csv,2020-08-13T04:42:58.989277621,BATCH-F-20200812
SUP-000437,Jones LLC,India,Delhi,DWARKA,Timothy Ballard,contact@jones.llc.example.com,218-284-3089x18805,2022-10-28,2026-01-19,TERMINATED,45,34,SOURCE_F_SUPPLIER_MGMT,suppliers_master.csv,2022-10-28T06:29:28.025457772,BATCH-F-20221028
SUP-000438,"Scott, Cox and Coleman",India,Karnataka,Alexandria,Christina Obrien,contact@scott.cox.and.coleman.example.com,219-374-2555x0489,2021-01-01,,ACTIVE,60,15,SOURCE_F_SUPPLIER_MGMT,suppliers_master.csv,2021-01-01T03:01:56.772272088,BATCH-F-20210101
SUP-000439,Wilkinson LLC,United Kingdom,WALES,Cardiff,Anthony Mitchell,contact@wilkinson.llc.example.com,(803)505-6906,2023-03-07,,ACTIVE,60,32,SOURCE_F_SUPPLIER_MGMT,suppliers_master.csv,2023-03-07T00:45:17.924918824,BATCH-F-20230307
SUP-000440,"Brown, Chapman and Gonzalez",India,Gujarat,Ahmedabad,Ana Morris,contact@brown.chapman.and.gonzalez.example.com,(991)773-1745,2019-11-01,,ACTIVE,45,22,SOURCE_F_SUPPLIER_MGMT,suppliers_master.csv,2019-11-01T10:08:05.248870116,BATCH-F-20191101
SUP-000441,Vargas Ltd,GB,Scotland,Edinburgh,Diana Wilson,contact@vargas.ltd.example.com, ,2020-05-21,,ACTIVE,90,8,SOURCE_F_SUPPLIER_MGMT,suppliers_master.csv,2020-05-22T00:00:00.128114027,BATCH-F-20200521
SUP-000442,Freeman-Robinson,United Arab Emirates,Sharjah,Sharjah City,Linda Moore,contact@freeman-robinson.example.com,594.272.0745x0145,2023-06-29,2025-06-18,INACTIVE,90,29,SOURCE_F_SUPPLIER_MGMT,suppliers_master.csv,2023-06-29T12:56:42.872759731,BATCH-F-20230629
SUP-000443,Neal-Johnson,United States,Georgia,Savannah,Alice Pitts,contact@neal-johnson.example.com,401-553-8991,2023-03-04,2026-09-15,INACTIVE,60,22,SOURCE_F_SUPPLIER_MGMT,suppliers_master.csv,2023-03-04T01:27:06.260569712,BATCH-F-20230304
SUP-000444,Robinson LLC,United States,CALIFORNIA,Fresno,Susan Johnson,contact@robinson.llc.example.com,733.911.4320x9831,2023-07-07,,ACTIVE,60,16,SOURCE_F_SUPPLIER_MGMT,suppliers_master.csv,2023-07-07T22:40:56.094232203,BATCH-F-20230707
SUP-000445,"Galloway, Todd and Gonzalez",India,GUJARAT,Victoria,Tiffany Bautista,contact@galloway.todd.and.gonzalez.example.com,+1-494-272-2354x667,2021-09-09,,ACTIVE,15,35,SOURCE_F_SUPPLIER_MGMT,suppliers_master.csv,2021-09-09T13:51:39.042751504,BATCH-F-20210909
SUP-000446,Burns-Cooper,Canada,Ontario,Ottawa,Bailey Roth,contact@burns-cooper.example.com,001-806-504-5413,2023-01-23,,ACTIVE,30,21,SOURCE_F_SUPPLIER_MGMT,suppliers_master.csv,2023-01-23T00:34:28.748913459,BATCH-F-20230123
SUP-000447,"Rivera, Lewis and Lewis",India,Bihar,PATNA,Courtney Jacobs,contact@rivera.lewis.and.lewis.example.com,328-637-4042x64541,2021-11-05,2022-06-20,INACTIVE,15,33,SOURCE_F_SUPPLIER_MGMT,suppliers_master.csv,2021-11-05T21:52:45.562871579,BATCH-F-20211105
SUP-000448,Castillo PLC,IN,Tamil Nadu,Chennai,Ian Holland,contact@castillo.plc.example.com,227-922-3949x337,2021-12-18,,ACTIVE,45,41,SOURCE_F_SUPPLIER_MGMT,suppliers_master.csv,2021-12-18T16:35:11.572331483,BATCH-F-20211218
SUP-000449,Anderson-Martinez,US,New York,New York City,Jacqueline Brown,contact@anderson-martinez.example.com,,2020-03-31,2022-06-26,TERMINATED,15,18,SOURCE_F_SUPPLIER_MGMT,suppliers_master.csv,2020-03-31T07:37:58.583906407,BATCH-F-20200331
SUP-000450,Clark Ltd,India,Gujarat,Surat,Corey Tate,contact@clark.ltd.example.com,(280)605-6141,2023-04-24,2024-02-02,INACTIVE,60,43,SOURCE_F_SUPPLIER_MGMT,suppliers_master.csv,2023-04-24T09:37:12.215889617,BATCH-F-20230424
SUP-000355,taylor inc,India,DELHI,New Delhi,Elizabeth Taylor,unknown,(239)607-3471,2019-09-13,,ACTIVE,60,32,SOURCE_F_SUPPLIER_MGMT,suppliers_master.csv,2019-09-17T01:44:06.936013519,BATCH-F-20190917
SUP-000107,Smith LLC,United States,California,SAN FRANCISCO,Gina Brown,contact@smith.llc.example.com,-,2019-11-28,,ACTIVE,90,22,SOURCE_F_SUPPLIER_MGMT,suppliers_master.csv,2019-12-03T10:48:44.557778036,BATCH-F-20191203
SUP-000161,Adams-Joseph,United Kingdom,Scotland,Glasgow,Robin Murphy,contact@adams-joseph.example.com,(680)759-5257x22252,2020-12-26,,ACTIVE,90,2,SOURCE_F_SUPPLIER_MGMT,suppliers_master.csv,2020-12-28T17:56:30.626459633,BATCH-F-20201228
SUP-000418,"Miranda, Paul and Hawkins",India,,,Thomas Gaines,contact@miranda.paul.and.hawkins.example.com,935-660-4856,2021-06-24,,ACTIVE,45,32,SOURCE_F_SUPPLIER_MGMT,suppliers_master.csv,2021-07-03T10:55:19.452227347,BATCH-F-20210703
SUP-000390,Gonzalez-Guerrero,United States,GEORGIA,Savannah,Brianna Beard,contact@gonzalez-guerrero.example.com,(434)620-7155x53754,2021-07-13,,ACTIVE,30,27,SOURCE_F_SUPPLIER_MGMT,suppliers_master.csv,2021-07-23T19:59:24.688847761,BATCH-F-20210723
SUP-000179,"Watson, Riley and Morrow",United States,Georgia,Alexandria,Becky Lopez,contact@watson.riley.and.morrow.example.com,361-790-9040,2023-07-19,,ACTIVE,15,31,SOURCE_F_SUPPLIER_MGMT,suppliers_master.csv,2023-07-23T02:07:45.784375178,BATCH-F-20230723
SUP-000079,Mitchell-Rhodes,IN,GUJARAT ,Victoria,Lauren Garza,contact@mitchell-rhodes.example.com,(907)625-4169x290,2019-02-09,,ACTIVE,30,34,SOURCE_F_SUPPLIER_MGMT,suppliers_master.csv,2019-02-22T09:06:15.532047117,BATCH-F-20190222
SUP-000450,Clark Ltd,India,Gujarat,Surat,Corey Tate,contact@clark.ltd.example.com,(280)605-6141,2023-04-24,2024-02-02,INACTIVE,60,43,SOURCE_F_SUPPLIER_MGMT,suppliers_master.csv,2023-04-30T09:37:12.215889617,BATCH-F-20230430
SUP-000281,Young-Rivera,India,Delhi,New Delhi,Brian Sanchez,contact@young-rivera.example.com,+1-536-639-6823x35928,2021-10-12,,ACTIVE,45,25,SOURCE_F_SUPPLIER_MGMT,suppliers_master.csv,2021-10-26T14:02:41.739963530,BATCH-F-20211026
