store_id,store_name,store_type,country,state_province,city,address_line,postal_code,region,opening_date,closing_date,store_status,manager_employee_id,square_footage,source_system,source_file,ingestion_timestamp,batch_id
ST-00001,Cardiff Standard Store #1,STANDARD,GB,Wales,"Cardiff,",621 Gordon Way,VH8 5VE,UK-South,2022-01-22,,OPEN,EMP-000213,8523,SOURCE_A_POS_STORE_MASTER,store_master.csv,2022-01-22T15:39:07.182946731,BATCH-A-20220122
ST-00002,Seattle Outlet Store #2,OUTLET,US,Washington ,Seattle,998 John Mews Suite 876,13609,US-West,2020-01-15,,OPEN,EMP-001660,19183,SOURCE_A_POS_STORE_MASTER,store_master.csv,2020-01-15T23:44:20.605468042,BATCH-A-20200115
ST-00003,Bhagalpur Standard Store #3,STANDARD,India,Bihar,Bhagalpur,627 Linda Falls Suite 948,137277,IN-North,2022-08-16,,OPEN,EMP-007989,15688,SOURCE_A_POS_STORE_MASTER,store_master.csv,2022-08-16T04:34:22.252268316,BATCH-A-20220816
ST-00004,Seattle Standard Store #4,STANDARD,United States,WASHINGTON,Seattle,01050 Hays Neck Suite 690,86412,US-West,2020-01-11,,OPEN,EMP-002400,4994,SOURCE_A_POS_STORE_MASTER,store_master.csv,2020-01-11T12:27:35.306800622,BATCH-A-20200111
ST-00005,Victoria Express Store #5,EXPRESS,India,Gujarat,Victoria,941 Brian Ports Apt. 497,428909,IN-West,2021-02-07,,OPEN,EMP-008136,23516,SOURCE_A_POS_STORE_MASTER,store_master.csv,2021-02-07T17:08:16.396566783,BATCH-A-20210207
ST-00006,New York City Standard Store #6,STANDARD,United States,New York,New York City,81153 Donna Neck,45751,US-East,2023-01-29,,OPEN,EMP-007717,22385,SOURCE_A_POS_STORE_MASTER,store_master.csv,2023-01-29T08:38:37.290936309,BATCH-A-20230129
ST-00007,Savannah Flagship Store #7,FLAGSHIP,United States,Georgia,Savannah,05665 Kim Mill,53705,US-East,2019-06-15,,OPEN,EMP-001534,24728,SOURCE_A_POS_STORE_MASTER,store_master.csv,2019-06-15T14:40:10.970220013,BATCH-A-20190615
ST-00008,Montreal Standard Store #8,STANDARD,Canada,Quebec,MONTREAL,77624 Jane Road Apt. 187,R3S 1L0,CA-East,2023-01-23,,OPEN,EMP-008512,18447,SOURCE_A_POS_STORE_MASTER,store_master.csv,2023-01-23T05:02:04.355567071,BATCH-A-20230123
ST-00009,London Standard Store #9,STANDARD,GB,England,,3592 Darren Locks,AT6 4VD,UK-South,2022-07-05,,OPEN,EMP-000139,8029,SOURCE_A_POS_STORE_MASTER,store_master.csv,2022-07-05T22:43:34.528624783,BATCH-A-20220705
ST-00010,New Delhi Flagship Store #10,FLAGSHIP,India,DELHI,New Delhi,7084 Webb Path,00000,IN-North,2019-10-23,,OPEN,EMP-004102,9877,SOURCE_A_POS_STORE_MASTER,store_master.csv,2019-10-23T23:55:19.029610129,BATCH-A-20191023
ST-00011,Mumbai Flagship Store #11,FLAGSHIP,India,Maharashtra,"Mumbai,",64708 Sherry Causeway Suite 872,316123,IN-West,2021-01-03,,OPEN,EMP-002171,6604,SOURCE_A_POS_STORE_MASTER,store_master.csv,2021-01-04T05:45:00.161585014,BATCH-A-20210103
ST-00012,Aberdeen Express Store #12,EXPRESS,United Kingdom,Scotland,Aberdeen,70231 Dennis Passage,IA5 3EM,UK-North,2023-03-17,,OPEN,EMP-001538,1061,SOURCE_A_POS_STORE_MASTER,store_master.csv,2023-03-17T10:42:43.832567176,BATCH-A-20230317
ST-00013,Springfield Standard Store #13,STANDARD,United States,Illinois,Springfield,0514 Chan Hollow,20838,US-Central,2019-09-08,,OPEN,EMP-002859,12749,SOURCE_A_POS_STORE_MASTER,store_master.csv,2019-09-09T05:59:11.125758381,BATCH-A-20190908
ST-00014,Quebec City Outlet Store #14,OUTLET,Canada,Quebec ,Quebec City,19767 Morse Orchard,A4S 1H5,CA-East,2022-10-22,,OPEN,EMP-002808,4003,SOURCE_A_POS_STORE_MASTER,store_master.csv,2022-10-22T07:10:02.667456282,BATCH-A-20221022
ST-00015,Jebel Ali Outlet Store #15,OUTLET,United Arab Emirates,Dubai,Jebel Ali,63930 Andrews Lakes,,AE-Gulf,2022-07-29,,OPEN,EMP-008906,17231,SOURCE_A_POS_STORE_MASTER,store_master.csv,2022-07-29T19:12:21.385745085,BATCH-A-20220729
ST-00016,Pune Outlet Store #16,OUTLET,India,Maharashtra,Pune,215 Rhonda Lodge Suite 143,485817,IN-West,2020-09-17,,OPEN,EMP-001148,7593,SOURCE_A_POS_STORE_MASTER,store_master.csv,2020-09-18T03:09:13.855045818,BATCH-A-20200917
ST-00017,Albany Express Store #17,EXPRESS,United States,New York,Albany,115 Gray River Suite 003,79823,US-East,2019-01-28,,OPEN,EMP-013410,19977,SOURCE_A_POS_STORE_MASTER,store_master.csv,2019-01-28T11:02:23.225894789,BATCH-A-20190128
ST-00018,New York City Flagship Store #18,FLAGSHIP,United States,NEW YORK,New York City,1898 Fleming Parkway,75478,US-East,2021-07-07,,OPEN,EMP-000221,7683,SOURCE_A_POS_STORE_MASTER,store_master.csv,2021-07-07T04:29:36.273635965,BATCH-A-20210707
ST-00019,New York City Standard Store #19,STANDARD,United States,New York,New York City,659 Johnson Pines,13703,US-East,2020-06-08,,OPEN,EMP-008011,6515,SOURCE_A_POS_STORE_MASTER,store_master.csv,2020-06-06T17:00:00,BATCH-A-20200608
ST-00020,Vadodara Standard Store #20,STANDARD,India,Gujarat,Vadodara,48734 Burnett Landing,391598,IN-West,2019-07-15,,OPEN,EMP-000192,6593,SOURCE_A_POS_STORE_MASTER,store_master.csv,2019-07-29T18:00:00,BATCH-A-20190715
ST-00021,Mysuru Standard Store #21,STANDARD,India,KARNATAKA,Mysuru,610 Spencer Forge,00000,IN-South,2020-08-04,,OPEN,EMP-003424,3355,SOURCE_A_POS_STORE_MASTER,store_master.csv,2020-08-04T23:10:25.353476956,BATCH-A-20200804
ST-00022,Pune Express Store #22,EXPRESS,IN,Maharashtra,"Pune,",567 Wiley Mountains Apt. 118,640148,IN-West,2022-03-05,,OPEN,EMP-003929,16741,SOURCE_A_POS_STORE_MASTER,store_master.csv,2022-03-05T06:46:01.441953159,BATCH-A-20220305
ST-00023,New Delhi Standard Store #23,STANDARD,India,Delhi,New Delhi,8506 Stephanie Route Suite 317,348027,IN-North,2021-04-18,,OPEN,EMP-000944,19651,SOURCE_A_POS_STORE_MASTER,store_master.csv,2021-04-18T16:38:56.590895024,BATCH-A-20210418
ST-00024,New York City Standard Store #24,STANDARD,United States,New York,NEW YORK CITY,4704 Tammy Row Suite 570,53660,US-East,2021-11-27,,OPEN,EMP-005133,3119,SOURCE_A_POS_STORE_MASTER,store_master.csv,2021-11-27T11:05:18.342762769,BATCH-A-20211127
ST-00025,Dallas Standard Store #25,STANDARD,United States,Texas,Dallas,52818 Monique Inlet Apt. 715,36636,US-Central,2019-08-21,2025-05-28,PERMANENTLY_CLOSED,,19436,SOURCE_A_POS_STORE_MASTER,store_master.csv,2019-08-21T15:50:57.853004861,BATCH-A-20190821
ST-00026,Rohini Flagship Store #26,FLAGSHIP,IN,Delhi,Rohini,83043 Middleton Field,136146,IN-North,2021-12-15,,OPEN,EMP-001367,19219,SOURCE_A_POS_STORE_MASTER,store_master.csv,2021-12-15T04:44:28.355275180,BATCH-A-20211215
ST-00027,Ottawa Standard Store #27,STANDARD,Canada,Ontario,OTTAWA,59987 Hicks Park,N7K 6U5,CA-East,2021-07-04,,OPEN,EMP-004126,18362,SOURCE_A_POS_STORE_MASTER,store_master.csv,2021-07-04T09:13:48.186305792,BATCH-A-20210704
ST-00028,Dubai City Express Store #28,EXPRESS,United Arab Emirates,DUBAI,Dubai City,631 Julie Camp,,AE-Gulf,2019-08-29,,OPEN,EMP-001066,5346,SOURCE_A_POS_STORE_MASTER,store_master.csv,2019-08-29T09:01:31.674050155,BATCH-A-20190829
ST-00029,Cardiff Flagship Store #29,FLAGSHIP,GB,Wales,Cardiff,3889 Brown Lock Apt. 247,RM2 8TU,UK-South,2021-10-06,,OPEN,EMP-000301,16987,SOURCE_A_POS_STORE_MASTER,store_master.csv,2021-10-06T08:05:24.621235402,BATCH-A-20211006
ST-00030,Buffalo Flagship Store #30,FLAGSHIP,United States,New York,"Buffalo,",319 Lindsay Cove Apt. 963,19990,US-East,2022-08-10,,OPEN,EMP-009670,1252,SOURCE_A_POS_STORE_MASTER,store_master.csv,2022-08-10T18:36:50.147135312,BATCH-A-20220810
ST-00031,Al Ain Standard Store #31,STANDARD,United Arab Emirates,Abu Dhabi,AL AIN,447 Jonathan Stravenue Apt. 236,,AE-Gulf,2022-10-24,,OPEN,EMP-002962,15617,SOURCE_A_POS_STORE_MASTER,store_master.csv,2022-10-24T12:11:36.647486141,BATCH-A-20221024
ST-00032,New York City Flagship Store #32,FLAGSHIP,United States,NEW YORK,NEW YORK CITY,51840 West Trail Apt. 311,56375,US-East,2019-06-24,,TEMPORARILY_CLOSED,EMP-001845,10051,SOURCE_A_POS_STORE_MASTER,store_master.csv,2019-06-24T02:46:55.702430112,BATCH-A-20190624
ST-00033,Siliguri Flagship Store #33,FLAGSHIP,India,West Bengal,SILIGURI,92727 Kelly Lane Apt. 189,373360,IN-East,2021-08-27,,OPEN,EMP-007480,3376,SOURCE_A_POS_STORE_MASTER,store_master.csv,2021-08-27T06:52:09.881747806,BATCH-A-20210827
ST-00034,Glasgow Standard Store #34,STANDARD,United Kingdom,Scotland,Glasgow,0755 Lewis Estates,GG4 1GO,UK-North,2022-01-02,,OPEN,EMP-002608,6037,SOURCE_A_POS_STORE_MASTER,store_master.csv,2022-01-02T18:13:06.058439411,BATCH-A-20220102
ST-00035,Kolkata Flagship Store #35,FLAGSHIP,India,West Bengal,Kolkata,157 James Locks Suite 502,768683,IN-East,2022-11-07,,OPEN,EMP-003689,3422,SOURCE_A_POS_STORE_MASTER,store_master.csv,2022-11-08T00:25:20.250551479,BATCH-A-20221107
ST-00036,London Standard Store #36,STANDARD,GB,England,,8111 Robert Flats Suite 948,RJ7 6QC,UK-South,2021-03-01,,OPEN,EMP-002667,17148,SOURCE_A_POS_STORE_MASTER,store_master.csv,2021-03-01T18:17:00.789838531,BATCH-A-20210301
ST-00037,Houston Standard Store #37,STANDARD,United States,Texas,Houston,593 Jones Park Apt. 850,84145,US-Central,2020-05-31,,OPEN,EMP-005563,24219,SOURCE_A_POS_STORE_MASTER,store_master.csv,2020-05-31T14:16:43.375898448,BATCH-A-20200531
ST-00038,Dallas Standard Store #38,STANDARD,United States,Texas,Dallas,57692 Carter Crest Apt. 607,,US-Central,2022-09-01,,OPEN,EMP-007046,18427,SOURCE_A_POS_STORE_MASTER,store_master.csv,2022-09-01T22:48:29.476990660,BATCH-A-20220901
ST-00039,Gaya Standard Store #39,STANDARD,India,BIHAR,Gaya,56733 Anderson Lodge,230077,IN-North,2021-11-02,,OPEN,EMP-008752,21167,SOURCE_A_POS_STORE_MASTER,store_master.csv,2021-11-03T04:51:05.863183627,BATCH-A-20211102
ST-00040,Mysuru Outlet Store #40,OUTLET,India,Karnataka,Mysuru,71564 Derek Lights Apt. 457,463507,IN-South,2023-02-23,,OPEN,EMP-004962,23461,SOURCE_A_POS_STORE_MASTER,store_master.csv,2023-02-23T21:32:01.072767602,BATCH-A-20230223
ST-00041,Surrey Standard Store #41,STANDARD,Canada,BRITISH COLUMBIA,Surrey,461 Jackson Street,Z8A 0R3,CA-West,2021-01-26,,OPEN,EMP-003066,3457,SOURCE_A_POS_STORE_MASTER,store_master.csv,2021-01-26T03:17:04.824047410,BATCH-A-20210126
ST-00042,Howrah Express Store #42,EXPRESS,India,West Bengal,Howrah,844 Natasha Shoals Suite 390,374328,IN-East,2019-11-24,,OPEN,EMP-000757,17990,SOURCE_A_POS_STORE_MASTER,store_master.csv,2019-11-25T00:17:11.392266575,BATCH-A-20191124
ST-00043,Alexandria Standard Store #43,STANDARD,India,KARNATAKA,Alexandria,40050 Garcia Manor Suite 244,229305,IN-South,2019-03-26,,OPEN,,23012,SOURCE_A_POS_STORE_MASTER,store_master.csv,2019-03-27T02:04:08.500908359,BATCH-A-20190326
ST-00044,Rohini Express Store #44,EXPRESS,India,DELHI,Rohini,2180 Jody Meadow,844412,IN-North,2020-08-01,,OPEN,EMP-001703,22388,SOURCE_A_POS_STORE_MASTER,store_master.csv,2020-08-01T16:31:23.935515378,BATCH-A-20200801
ST-00045,Dwarka Express Store #45,EXPRESS,India,Delhi,"Dwarka,",4614 Tina Landing,522527,IN-North,2019-10-25,,OPEN,EMP-000936,15567,SOURCE_A_POS_STORE_MASTER,store_master.csv,2019-10-25T15:59:24.136813163,BATCH-A-20191025
ST-00046,San Diego Standard Store #46,STANDARD,United States,California,San Diego,40674 Nguyen Forges Apt. 940,27421,US-West,2021-01-01,2022-06-11,PERMANENTLY_CLOSED,,11426,SOURCE_A_POS_STORE_MASTER,store_master.csv,2021-01-02T05:57:48.023173207,BATCH-A-20210101
ST-00047,Ahmedabad Standard Store #47,STANDARD,India,Gujarat ,Ahmedabad,8652 Curtis Mill Apt. 517,816435,IN-West,2022-11-23,,OPEN,EMP-001965,3914,SOURCE_A_POS_STORE_MASTER,store_master.csv,2022-11-23T21:46:46.494762369,BATCH-A-20221123
ST-00048,Austin Outlet Store #48,OUTLET,United States,TEXAS,Austin,14246 Lori Springs,75166,US-Central,2019-10-16,,OPEN,EMP-007009,22802,SOURCE_A_POS_STORE_MASTER,store_master.csv,2019-10-17T04:38:52.150954222,BATCH-A-20191016
ST-00049,Aberdeen Standard Store #49,STANDARD,United Kingdom,Scotland,Aberdeen,0817 Douglas Pike Suite 735,TY8 5HM,UK-North,2021-03-19,,OPEN,EMP-005059,1144,SOURCE_A_POS_STORE_MASTER,store_master.csv,2021-03-19T05:28:42.697392245,BATCH-A-20210319
ST-00050,New Delhi Standard Store #50,STANDARD,India,DELHI,NEW  DELHI,58580 Miller Valleys,497561,IN-North,2020-08-29,,OPEN,EMP-002592,5330,SOURCE_A_POS_STORE_MASTER,store_master.csv,2020-08-29T23:39:13.717450717,BATCH-A-20200829
ST-00051,New Delhi Outlet Store #51,OUTLET,India,DELHI,New Delhi,531 Natalie Springs Suite 384,488806,IN-North,2020-10-28,,OPEN,EMP-000742,16494,SOURCE_A_POS_STORE_MASTER,store_master.csv,2020-10-28T07:53:35.917285314,BATCH-A-20201028
ST-00052,Dwarka Standard Store #52,STANDARD,India,Delhi,Dwarka,89405 Beverly Ramp,379050,IN-North,2021-11-23,,OPEN,EMP-004909,1865,SOURCE_A_POS_STORE_MASTER,store_master.csv,2021-11-23T03:37:51.545355261,BATCH-A-20211123
ST-00053,Spokane Standard Store #53,STANDARD,United States,WASHINGTON,Spokane,46530 Steve Crossroad Apt. 825,31416,US-West,2021-12-23,,OPEN,EMP-012660,1465,SOURCE_A_POS_STORE_MASTER,store_master.csv,2021-12-23T22:33:20.348295080,BATCH-A-20211223
ST-00054,Albany Standard Store #54,STANDARD,United States,New York,Albany,446 Jessica Islands,88115,US-East,2021-12-10,,OPEN,EMP-010462,1320,SOURCE_A_POS_STORE_MASTER,store_master.csv,2021-12-10T18:19:20.492314890,BATCH-A-20211210
ST-00055,Peoria Express Store #55,EXPRESS,US,Illinois,Peoria,52068 Nicholson Ranch Apt. 953,13872,US-Central,2020-12-17,,OPEN,EMP-012199,9191,SOURCE_A_POS_STORE_MASTER,store_master.csv,2020-12-17T06:23:43.314745748,BATCH-A-20201217
ST-00056,Bristol Standard Store #56,STANDARD,United Kingdom,England,Bristol,77559 Katherine Summit Apt. 508,LY3 1BE,UK-South,2019-07-26,,OPEN,EMP-015047,24671,SOURCE_A_POS_STORE_MASTER,store_master.csv,2019-07-26T21:27:18.806848989,BATCH-A-20190726
ST-00057,Dubai City Standard Store #57,STANDARD,United Arab Emirates,Dubai,Dubai City,7797 Mcmillan Village Apt. 576,,AE-Gulf,2020-09-02,,OPEN,EMP-015932,2614,SOURCE_A_POS_STORE_MASTER,store_master.csv,2020-09-02T16:45:12.948693748,BATCH-A-20200902
ST-00058,Hamilton Outlet Store #58,OUTLET,Canada,ONTARIO,Hamilton,019 Kennedy Cape,D6C 5R6,CA-East,2020-03-19,,OPEN,EMP-010326,5092,SOURCE_A_POS_STORE_MASTER,store_master.csv,2020-03-19T21:41:30.944374910,BATCH-A-20200319
ST-00059,Howrah Standard Store #59,STANDARD,India,West Bengal,Howrah,423 Jennifer Burgs Apt. 887,338258,IN-East,2021-07-24,,OPEN,EMP-004340,20265,SOURCE_A_POS_STORE_MASTER,store_master.csv,2021-07-24T11:07:19.727971952,BATCH-A-20210724
ST-00060,Muzaffarpur Standard Store #60,STANDARD,India,Bihar,Muzaffarpur,762 Tara Crossroad,459509,IN-North,2021-04-24,,OPEN,EMP-001687,23641,SOURCE_A_POS_STORE_MASTER,store_master.csv,2021-04-24T04:45:58.786106395,BATCH-A-20210424
ST-00061,New Delhi Flagship Store #61,FLAGSHIP,India,Delhi,New Delhi,52269 Padilla Square Suite 950,313240,IN-North,2019-03-09,,OPEN,EMP-001634,12717,SOURCE_A_POS_STORE_MASTER,store_master.csv,2019-03-09T16:05:22.297068057,BATCH-A-20190309
ST-00062,Victoria Express Store #62,EXPRESS,India,Gujarat,Victoria,8168 Michelle Mill Apt. 498,268897,IN-West,2021-09-18,,OPEN,EMP-001496,17297,SOURCE_A_POS_STORE_MASTER,store_master.csv,2021-09-18T20:20:56.907792861,BATCH-A-20210918
ST-00063,Bristol Outlet Store #63,OUTLET,United Kingdom,ENGLAND,Bristol,6990 Beth Street,ON4 7FK,UK-South,2020-06-24,,OPEN,EMP-008378,11470,SOURCE_A_POS_STORE_MASTER,store_master.csv,2020-06-24T12:53:40.627320530,BATCH-A-20200624
ST-00064,Albany Flagship Store #64,FLAGSHIP,United States,New York,Albany,890 Hartman Skyway,39962,US-East,2022-08-23,,OPEN,EMP-002749,5155,SOURCE_A_POS_STORE_MASTER,store_master.csv,2022-08-23T19:01:46.133557366,BATCH-A-20220823
ST-00065,Tacoma Outlet Store #65,OUTLET,United States,,TACOMA,038 Jared Extensions Apt. 006,NA,US-West,2022-06-27,,OPEN,EMP-008454,11437,SOURCE_A_POS_STORE_MASTER,store_master.csv,2022-06-28T01:44:15.182822744,BATCH-A-20220627
ST-00066,Nagpur Standard Store #66,STANDARD,India,Maharashtra,Nagpur,22777 Kristen Crossing Suite 956,302808,IN-West,2020-12-14,,OPEN,EMP-019150,14506,SOURCE_A_POS_STORE_MASTER,store_master.csv,2020-12-14T23:48:04.116632752,BATCH-A-20201214
ST-00067,Victoria Standard Store #67,STANDARD,India,Gujarat ,Victoria,12514 Eric Island Suite 380,408499,IN-West,2020-03-11,,OPEN,EMP-001157,4826,SOURCE_A_POS_STORE_MASTER,store_master.csv,2020-03-11T18:53:20.573048175,BATCH-A-20200311
ST-00068,Sharjah City Flagship Store #68,FLAGSHIP,United Arab Emirates,Sharjah,Sharjah City,437 Ross Pines Suite 991,,AE-Gulf,2019-07-12,,OPEN,EMP-002614,10615,SOURCE_A_POS_STORE_MASTER,store_master.csv,2019-07-12T06:52:09.100843039,BATCH-A-20190712
ST-00069,Hamilton Express Store #69,EXPRESS,CA,ONTARIO,Hamilton,5151 Clinton Harbor,T4N 0E2,CA-East,2020-11-08,,OPEN,EMP-001128,16280,SOURCE_A_POS_STORE_MASTER,store_master.csv,2020-11-08T02:35:47.708315118,BATCH-A-20201108
ST-00070,New York City Express Store #70,EXPRESS,United States,New York,New York City,979 Joel Corner,14597,US-East,2023-03-04,,OPEN,EMP-000466,17534,SOURCE_A_POS_STORE_MASTER,store_master.csv,2023-03-04T00:37:09.823191117,BATCH-A-20230304
ST-00071,Victoria Standard Store #71,STANDARD,US,Texas,Victoria,7848 Flowers Shoal,66720,US-Central,2022-12-11,,OPEN,EMP-004489,18462,SOURCE_A_POS_STORE_MASTER,store_master.csv,2022-12-16T23:00:00,BATCH-A-20221211
ST-00072,Springfield Standard Store #72,STANDARD,Canada,Ontario,Springfield,40744 Robbins Trail Suite 699,C4Q 8N4,CA-East,2019-03-01,,OPEN,EMP-001354,14018,SOURCE_A_POS_STORE_MASTER,store_master.csv,2019-03-01T00:44:40.916710935,BATCH-A-20190301
ST-00073,Springfield Flagship Store #73,FLAGSHIP,Canada,ONTARIO,SPRINGFIELD,8658 Garrett Forks Apt. 061,S0C 6P3,CA-East,2021-04-09,,OPEN,EMP-002324,3349,SOURCE_A_POS_STORE_MASTER,store_master.csv,2021-04-09T12:46:41.957372370,BATCH-A-20210409
ST-00074,Atlanta Standard Store #74,STANDARD,US,Georgia,ATLANTA,274 Kenneth Place,15121,US-East,2021-12-10,,OPEN,EMP-004043,13669,SOURCE_A_POS_STORE_MASTER,store_master.csv,2021-12-10T02:46:50.999268974,BATCH-A-20211210
ST-00075,Tacoma Standard Store #75,STANDARD,United States,WASHINGTON,Tacoma,2246 Gregory Drive,70798,US-West,2022-04-01,,OPEN,EMP-003062,17104,SOURCE_A_POS_STORE_MASTER,store_master.csv,2022-04-01T16:00:29.419782181,BATCH-A-20220401
ST-00076,San Francisco Express Store #76,EXPRESS,UNITED STATES,CALIFORNIA,San Francisco,8094 Jacob Road,00000,US-West,2019-06-13,,OPEN,EMP-006220,11432,SOURCE_A_POS_STORE_MASTER,store_master.csv,2019-06-13T21:34:29.636644815,BATCH-A-20190613
ST-00077,Pune Outlet Store #77,OUTLET,India,MAHARASHTRA,Pune,65911 Williams Greens,255466,IN-West,2022-05-18,,OPEN,EMP-012206,8178,SOURCE_A_POS_STORE_MASTER,store_master.csv,2022-05-18T09:55:27.879679990,BATCH-A-20220518
ST-00078,Ottawa Express Store #78,EXPRESS,Canada,ONTARIO,Ottawa,14587 Elizabeth View Suite 123,O6T 4D5,CA-East,2022-03-26,,OPEN,EMP-009272,19159,SOURCE_A_POS_STORE_MASTER,store_master.csv,2022-03-27T05:42:02.733453183,BATCH-A-20220326
ST-00079,Victoria Outlet Store #79,OUTLET,India,Gujarat,Victoria,485 Gerald Manor Apt. 438,390219,IN-West,2023-01-10,,OPEN,EMP-012651,20875,SOURCE_A_POS_STORE_MASTER,store_master.csv,2023-01-10T05:34:42.980639059,BATCH-A-20230110
ST-00080,Surat Outlet Store #80,OUTLET,India,GUJARAT,Surat,18143 Boyd Avenue Apt. 125,894102,IN-West,2019-02-20,,OPEN,EMP-005440,19640,SOURCE_A_POS_STORE_MASTER,store_master.csv,2019-02-21T04:05:42.763255697,BATCH-A-20190220
ST-00081,Springfield Standard Store #81,STANDARD,UNITED STATES,ILLINOIS,Springfield,8595 Ronald Parkway Suite 838,41594,US-Central,2022-04-26,,OPEN,EMP-003798,11302,SOURCE_A_POS_STORE_MASTER,store_master.csv,2022-04-26T03:49:14.975631,BATCH-A-20220426
ST-00082,Austin Standard Store #82,STANDARD,United States,Texas,"AUSTIN,",3078 Cervantes Roads,21236,US-Central,2020-12-21,,OPEN,EMP-006867,12502,SOURCE_A_POS_STORE_MASTER,store_master.csv,2020-12-21T13:53:16.700401468,BATCH-A-20201221
ST-00083,San Francisco Standard Store #83,STANDARD,United States,California,San Francisco,19971 Church Lodge,14867,US-West,2023-01-01,,OPEN,EMP-004533,10487,SOURCE_A_POS_STORE_MASTER,store_master.csv,2023-01-01T12:42:05.605550470,BATCH-A-20230101
ST-00084,Victoria Outlet Store #84,OUTLET,IN,Gujarat,Victoria,37137 Bethany Ridge,180195,IN-West,2021-10-25,,OPEN,EMP-004171,16450,SOURCE_A_POS_STORE_MASTER,store_master.csv,2021-10-25T15:10:54.372954510,BATCH-A-20211025
ST-00085,Montreal Outlet Store #85,OUTLET,CA,QUEBEC ,Montreal,209 Walker Place Apt. 437,N4B 1R1,CA-East,2022-07-11,,OPEN,EMP-000142,12879,SOURCE_A_POS_STORE_MASTER,store_master.csv,2022-07-11T15:23:01.583085733,BATCH-A-20220711
ST-00086,Rohini Standard Store #86,STANDARD,IN,Delhi ,Rohini,2637 Mary Points Suite 429,00000,IN-North,2020-04-28,2021-06-03,PERMANENTLY_CLOSED,,9139,SOURCE_A_POS_STORE_MASTER,store_master.csv,2020-04-28T07:17:35.163223280,BATCH-A-20200428
ST-00087,Manchester Flagship Store #87,FLAGSHIP,United Kingdom,ENGLAND,Manchester,97060 Stephanie Roads Suite 052,ML8 1XR,UK-South,2020-11-14,,OPEN,EMP-000022,22734,SOURCE_A_POS_STORE_MASTER,store_master.csv,2020-11-14T22:25:17.516094786,BATCH-A-20201114
ST-00088,Coimbatore Flagship Store #88,FLAGSHIP,India,Tamil Nadu,Coimbatore,49034 Erica Rue Apt. 720,263813,IN-South,2021-04-04,,OPEN,EMP-005975,20210,SOURCE_A_POS_STORE_MASTER,store_master.csv,2021-04-04T18:53:53.135634452,BATCH-A-20210404
ST-00089,Edinburgh Standard Store #89,STANDARD,GB,Scotland,Edinburgh,4077 Fernandez Trail,BC2 5EI,UK-North,2019-06-13,,OPEN,EMP-000364,18144,SOURCE_A_POS_STORE_MASTER,store_master.csv,2019-06-14T03:30:27.240593946,BATCH-A-20190613
ST-00090,Nashik Outlet Store #90,OUTLET,India,Maharashtra,"Nashik,",77252 Reynolds Way Suite 083,786732,IN-West,2021-01-04,,OPEN,EMP-006229,6673,SOURCE_A_POS_STORE_MASTER,store_master.csv,2021-01-04T18:51:15.397070516,BATCH-A-20210104
ST-00091,Alexandria Standard Store #91,STANDARD,India,Karnataka,Alexandria,5609 Morgan Highway,,IN-South,2019-10-16,2024-12-08,PERMANENTLY_CLOSED,,17337,SOURCE_A_POS_STORE_MASTER,store_master.csv,2019-10-16T01:20:58.714289981,BATCH-A-20191016
ST-00092,Alexandria Outlet Store #92,OUTLET,United States,Georgia,Alexandria,295 Kyle Spur,28690,US-East,2022-09-13,,OPEN,EMP-003534,1657,SOURCE_A_POS_STORE_MASTER,store_master.csv,2022-09-14T02:08:24.751779181,BATCH-A-20220913
ST-00093,Austin Standard Store #93,STANDARD,United States,Texas,Austin,3018 Katelyn Ports,98770,US-Central,2022-07-31,,OPEN,EMP-004116,1318,SOURCE_A_POS_STORE_MASTER,store_master.csv,2022-07-31T13:15:36.017101413,BATCH-A-20220731
ST-00094,Alexandria Standard Store #94,STANDARD,India,KARNATAKA,Alexandria,6410 Ball Passage Suite 744,492580,IN-South,2021-08-26,2023-02-10,PERMANENTLY_CLOSED,,3814,SOURCE_A_POS_STORE_MASTER,store_master.csv,2021-08-26T14:27:38.808905496,BATCH-A-20210826
ST-00095,Hubballi Flagship Store #95,FLAGSHIP,India,Karnataka,Hubballi,05001 Silva Creek,647582,IN-South,2022-10-22,,OPEN,,17693,SOURCE_A_POS_STORE_MASTER,store_master.csv,2022-10-22T14:25:22.913117149,BATCH-A-20221022
ST-00096,Chennai Standard Store #96,STANDARD,India,,CHENNAI,514 Ashley Club Suite 132,866054,IN-South,2021-01-31,,OPEN,EMP-004437,13246,SOURCE_A_POS_STORE_MASTER,store_master.csv,2021-02-01T00:24:49.021944753,BATCH-A-20210131
ST-00097,Bengaluru Standard Store #97,STANDARD,India,Karnataka,Bengaluru,31580 Rick Alley,549216,IN-South,2022-04-03,,OPEN,,22864,SOURCE_A_POS_STORE_MASTER,store_master.csv,2022-04-03T08:53:05.492678636,BATCH-A-20220403
ST-00098,Edmonton Outlet Store #98,OUTLET,Canada,Alberta,Edmonton,393 Mary Branch,K4K 8Z3,CA-West,2023-02-26,,OPEN,EMP-000470,16084,SOURCE_A_POS_STORE_MASTER,store_master.csv,2023-02-26T08:29:42.702518074,BATCH-A-20230226
ST-00099,Seattle Flagship Store #99,FLAGSHIP,United States,Washington,SEATTLE,445 George Mountain,32437,US-West,2020-09-07,,TEMPORARILY_CLOSED,EMP-004686,20332,SOURCE_A_POS_STORE_MASTER,store_master.csv,2020-09-07T20:44:31.540043522,BATCH-A-20200907
ST-00100,Manchester Standard Store #100,STANDARD,United Kingdom,ENGLAND,MANCHESTER,766 Lisa Falls,NK3 1KX,UK-South,2019-12-15,,TEMPORARILY_CLOSED,EMP-000389,8385,SOURCE_A_POS_STORE_MASTER,store_master.csv,2019-12-15T01:31:16.488159815,BATCH-A-20191215
ST-00101,Aberdeen Standard Store #101,STANDARD,United Kingdom,Scotland,Aberdeen,554 Davis Cove,XE3 5JE,UK-North,2019-04-06,,OPEN,EMP-011529,8577,SOURCE_A_POS_STORE_MASTER,store_master.csv,2019-04-07T03:49:38.427420406,BATCH-A-20190406
ST-00102,Sharjah City Express Store #102,EXPRESS,United Arab Emirates,-,Sharjah City,587 Dominique Tunnel Apt. 443,,AE-Gulf,2021-10-04,,OPEN,EMP-000096,22490,SOURCE_A_POS_STORE_MASTER,store_master.csv,2021-10-04T21:55:43.585544725,BATCH-A-20211004
ST-00103,Siliguri Standard Store #103,STANDARD,India,West Bengal,Siliguri,80416 Greene Highway,131377,IN-East,2022-03-27,,OPEN,EMP-008043,20244,SOURCE_A_POS_STORE_MASTER,store_master.csv,2022-03-25T00:00:00,BATCH-A-20220327
ST-00104,Dubai City Flagship Store #104,FLAGSHIP,United Arab Emirates,Dubai,Dubai City,296 Collins Stravenue Apt. 942,,AE-Gulf,2022-04-29,,OPEN,EMP-003205,7759,SOURCE_A_POS_STORE_MASTER,store_master.csv,2022-04-29T01:09:51.335661846,BATCH-A-20220429
ST-00105,Madurai Express Store #105,EXPRESS,India,Tamil Nadu,"Madurai,",746 Hamilton Forge,695935,IN-South,2022-09-05,,OPEN,EMP-013118,24491,SOURCE_A_POS_STORE_MASTER,store_master.csv,2022-09-05T00:39:20.451923596,BATCH-A-20220905
ST-00106,Edinburgh Standard Store #106,STANDARD,United Kingdom,Scotland,Edinburgh,4477 Margaret Crossing Suite 937,ZK8 1KV,UK-North,2020-06-24,,OPEN,EMP-001635,12771,SOURCE_A_POS_STORE_MASTER,store_master.csv,2020-06-24T18:06:26.687839432,BATCH-A-20200624
ST-00107,San Francisco Outlet Store #107,OUTLET,United States,California,San Francisco,23213 Ashley Row Suite 071,47326,US-West,2022-07-12,,OPEN,EMP-000134,13903,SOURCE_A_POS_STORE_MASTER,store_master.csv,2022-07-13T01:03:54.662251253,BATCH-A-20220712
ST-00108,Mumbai Standard Store #108,STANDARD,India,Maharashtra,Mumbai,77354 Christopher Turnpike,447324,IN-West,2020-11-25,,OPEN,EMP-003196,11124,SOURCE_A_POS_STORE_MASTER,store_master.csv,2020-11-25T10:01:08.013336650,BATCH-A-20201125
ST-00109,Bhagalpur Standard Store #109,STANDARD,India,Bihar,Bhagalpur,080 Shirley Plain,661790,IN-North,2022-11-26,,OPEN,EMP-004547,21860,SOURCE_A_POS_STORE_MASTER,store_master.csv,2022-11-26T01:15:38.087108609,BATCH-A-20221126
ST-00110,Howrah Flagship Store #110,FLAGSHIP,IN,West Bengal,Howrah,8716 Duncan Court Suite 781,564446,IN-East,2019-10-19,,OPEN,EMP-001273,8543,SOURCE_A_POS_STORE_MASTER,store_master.csv,2019-10-19T05:36:31.085105364,BATCH-A-20191019
ST-00111,Ahmedabad Outlet Store #111,OUTLET,India,Gujarat,Ahmedabad,879 White Mall Suite 732,165537,IN-West,2020-04-05,,OPEN,EMP-012991,22266,SOURCE_A_POS_STORE_MASTER,store_master.csv,2020-04-06T01:11:18.188705767,BATCH-A-20200405
ST-00112,Montreal Standard Store #112,STANDARD,CANADA,Quebec,MONTREAL,69702 Caitlin Ports,R6T 6P2,CA-East,2023-02-04,,OPEN,EMP-008300,22372,SOURCE_A_POS_STORE_MASTER,store_master.csv,2023-02-05T02:31:44.805187293,BATCH-A-20230204
ST-00113,Gaya Flagship Store #113,FLAGSHIP,INDIA,Bihar,"Gaya,",014 Craig Avenue,757562,IN-North,2022-11-25,,OPEN,EMP-001088,13961,SOURCE_A_POS_STORE_MASTER,store_master.csv,2022-11-25T02:25:27.246164903,BATCH-A-20221125
ST-00114,Muzaffarpur Outlet Store #114,OUTLET,India,Bihar,Muzaffarpur,24283 Padilla Camp,537798,IN-North,2023-02-13,,OPEN,EMP-005735,9269,SOURCE_A_POS_STORE_MASTER,store_master.csv,2023-02-13T13:33:29.959571156,BATCH-A-20230213
ST-00115,Vancouver Standard Store #115,STANDARD,Canada,British Columbia,Vancouver,9089 Howe Islands,E7R 4V3,CA-West,2021-06-17,,OPEN,EMP-005325,12675,SOURCE_A_POS_STORE_MASTER,store_master.csv,2021-06-18T03:47:37.160176464,BATCH-A-20210617
ST-00116,Jebel Ali Flagship Store #116,FLAGSHIP,United Arab Emirates,Dubai,Jebel Ali,65323 Roberts Mount,,AE-Gulf,2022-10-28,,OPEN,EMP-017165,5911,SOURCE_A_POS_STORE_MASTER,store_master.csv,2022-10-29T05:36:14.065926103,BATCH-A-20221028
ST-00117,Spokane Standard Store #117,STANDARD,United States,Washington,Spokane,00052 Patel Passage Suite 290,92570,US-West,2021-08-12,,OPEN,EMP-000658,21258,SOURCE_A_POS_STORE_MASTER,store_master.csv,2021-08-12T04:48:43.087856967,BATCH-A-20210812
ST-00118,Toronto Standard Store #118,STANDARD,Canada,Ontario,"TORONTO,",874 Hood Haven Apt. 418,I5D 2L1,CA-East,2021-10-22,,OPEN,EMP-007517,19963,SOURCE_A_POS_STORE_MASTER,store_master.csv,2021-10-22T11:37:52.832864536,BATCH-A-20211022
ST-00119,Swansea Flagship Store #119,FLAGSHIP,United Kingdom,Wales,Swansea,01130 Norman Burgs Apt. 590,MR2 3YL,UK-South,2020-02-16,,OPEN,EMP-003599,23644,SOURCE_A_POS_STORE_MASTER,store_master.csv,2020-02-17T02:12:26.887084073,BATCH-A-20200216
ST-00120,Rohini Standard Store #120,STANDARD,IN,Delhi,ROHINI,891 Jason Burgs Suite 740,899419,IN-North,2022-12-19,,OPEN,EMP-001174,17013,SOURCE_A_POS_STORE_MASTER,store_master.csv,2022-12-20T02:26:26.154690940,BATCH-A-20221219
ST-00121,Savannah Express Store #121,EXPRESS,US,Georgia,SAVANNAH,7933 Edward Gardens Suite 094,62642,US-East,2019-01-01,,OPEN,EMP-001421,23491,SOURCE_A_POS_STORE_MASTER,store_master.csv,2019-01-01T23:24:18.682801897,BATCH-A-20190101
ST-00122,Howrah Outlet Store #122,OUTLET,India,West Bengal,Howrah,047 Simpson Tunnel,213868,IN-East,2021-08-13,,OPEN,EMP-019630,12638,SOURCE_A_POS_STORE_MASTER,store_master.csv,2021-08-13T23:17:10.669384850,BATCH-A-20210813
ST-00123,Swansea Standard Store #123,STANDARD,United Kingdom,Wales ,Swansea,0770 Eugene Knolls Suite 885,FN1 4HK,UK-South,2022-11-19,,OPEN,,20901,SOURCE_A_POS_STORE_MASTER,store_master.csv,2022-11-19T11:07:56.413993453,BATCH-A-20221119
ST-00124,Chennai Outlet Store #124,OUTLET,India,Tamil Nadu ,Chennai,475 Michael Centers Suite 792,00000,IN-South,2022-05-17,,OPEN,EMP-003527,21508,SOURCE_A_POS_STORE_MASTER,store_master.csv,2022-05-18T04:25:04.467342213,BATCH-A-20220517
ST-00125,Tacoma Standard Store #125,STANDARD,United States,Washington,TACOMA,89254 Alyssa Ville,19082,US-West,2019-02-06,,TEMPORARILY_CLOSED,EMP-015416,23473,SOURCE_A_POS_STORE_MASTER,store_master.csv,2019-02-06T10:22:37.673347153,BATCH-A-20190206
ST-00126,Hamilton Standard Store #126,STANDARD,Canada,ONTARIO,Hamilton,5256 Mendoza Prairie Apt. 984,C3Y 0C0,CA-East,2021-09-05,,OPEN,EMP-002761,6042,SOURCE_A_POS_STORE_MASTER,store_master.csv,2021-09-09T03:00:00,BATCH-A-20210905
ST-00127,Nagpur Standard Store #127,STANDARD,INDIA,Maharashtra,Nagpur,6819 Matthew Mews Apt. 216,567266,IN-West,2020-12-18,,OPEN,EMP-010541,9369,SOURCE_A_POS_STORE_MASTER,store_master.csv,2020-12-18T20:32:22.316716768,BATCH-A-20201218
ST-00128,Chennai Flagship Store #128,FLAGSHIP,India,Tamil Nadu,CHENNAI,58622 Johnny Cliffs Apt. 679,755850,IN-South,2022-10-07,,OPEN,EMP-014555,15345,SOURCE_A_POS_STORE_MASTER,store_master.csv,2022-10-07T07:00:14.405184729,BATCH-A-20221007
ST-00129,Bengaluru Standard Store #129,STANDARD,IN,Karnataka,"Bengaluru,",114 David Brook Suite 975,780175,IN-South,2019-02-15,,OPEN,EMP-009167,2794,SOURCE_A_POS_STORE_MASTER,store_master.csv,2019-02-16T03:04:54.295264411,BATCH-A-20190215
ST-00130,Chicago Flagship Store #130,FLAGSHIP,United States,ILLINOIS,Chicago,4825 Davis Green Apt. 737,50283,US-Central,2019-05-12,,OPEN,,8093,SOURCE_A_POS_STORE_MASTER,store_master.csv,2019-05-12T10:15:41.359133538,BATCH-A-20190512
ST-00131,Savannah Standard Store #131,STANDARD,US,Georgia,"Savannah,",22946 Burton Mountain Apt. 682,35065,US-East,2022-07-06,2023-08-07,PERMANENTLY_CLOSED,,13449,SOURCE_A_POS_STORE_MASTER,store_master.csv,2022-07-06T00:33:53.980035447,BATCH-A-20220706
ST-00132,Gaya Flagship Store #132,FLAGSHIP,India,Bihar,Gaya,20011 Jason Plaza Apt. 644,,IN-North,2021-08-23,,OPEN,EMP-002627,15332,SOURCE_A_POS_STORE_MASTER,store_master.csv,2021-08-23T21:02:27.072513675,BATCH-A-20210823
ST-00133,Seattle Standard Store #133,STANDARD,United States,Washington,Seattle,0118 Jason Plaza Apt. 360,67708,US-West,2022-12-24,,OPEN,EMP-000319,21766,SOURCE_A_POS_STORE_MASTER,store_master.csv,2022-12-24T05:55:21.682881378,BATCH-A-20221224
ST-00134,Mysuru Standard Store #134,STANDARD,India,Karnataka,Mysuru,5089 Kathleen Garden Apt. 497,517994,IN-South,2022-10-31,,OPEN,EMP-000381,10650,SOURCE_A_POS_STORE_MASTER,store_master.csv,2022-10-31T17:43:03.471003456,BATCH-A-20221031
ST-00135,Calgary Standard Store #135,STANDARD,CA,Alberta,Calgary,785 Gary Plain Apt. 988,Q5C 1M4,CA-West,2022-08-14,,OPEN,EMP-001382,21263,SOURCE_A_POS_STORE_MASTER,store_master.csv,2022-08-14T14:21:23.212242125,BATCH-A-20220814
ST-00136,Glasgow Express Store #136,EXPRESS,United Kingdom,Scotland ,Glasgow,5469 Hunt Key Apt. 097,VK2 7TY,UK-North,2023-03-11,,OPEN,EMP-007720,24606,SOURCE_A_POS_STORE_MASTER,store_master.csv,2023-03-11T19:48:18.771209388,BATCH-A-20230311
ST-00137,Springfield Standard Store #137,STANDARD,CA,Ontario,Springfield,9710 Cynthia Groves,Z8R 8L8,CA-East,2019-05-24,,OPEN,EMP-008321,19330,SOURCE_A_POS_STORE_MASTER,store_master.csv,2019-05-24T12:49:50.656019533,BATCH-A-20190524
ST-00138,Siliguri Express Store #138,EXPRESS,India,West Bengal,SILIGURI,6939 Blair Skyway Suite 623,203879,IN-East,2020-03-31,,OPEN,EMP-001794,7850,SOURCE_A_POS_STORE_MASTER,store_master.csv,2020-04-01T01:00:36.965336590,BATCH-A-20200331
ST-00139,Buffalo Express Store #139,EXPRESS,US,New York,BUFFALO,60745 Johnson Cliff Apt. 206,65278,US-East,2021-11-23,,OPEN,EMP-000634,9323,SOURCE_A_POS_STORE_MASTER,store_master.csv,2021-11-23T13:51:11.342710192,BATCH-A-20211123
ST-00140,Atlanta Standard Store #140,STANDARD,United States,GEORGIA,Atlanta,1700 Sean Green Suite 482,69518,US-East,2022-03-24,,OPEN,EMP-005957,24790,SOURCE_A_POS_STORE_MASTER,store_master.csv,2022-03-24T11:40:58.355593851,BATCH-A-20220324
ST-00141,Chicago Flagship Store #141,FLAGSHIP,UNITED STATES,Illinois,Chicago,3890 David River,97281,US-Central,2022-09-18,,OPEN,EMP-009668,5413,SOURCE_A_POS_STORE_MASTER,store_master.csv,2022-09-18T10:37:55.781588318,BATCH-A-20220918
ST-00142,Atlanta Standard Store #142,STANDARD,United States,Georgia,Atlanta,29350 Cardenas Villages,46015,US-East,2023-01-28,,OPEN,EMP-003987,17535,SOURCE_A_POS_STORE_MASTER,store_master.csv,2023-01-28T12:42:17.096324510,BATCH-A-20230128
ST-00143,Bhagalpur Outlet Store #143,OUTLET,India,BIHAR,Bhagalpur,070 Hughes Coves,367243,IN-North,2021-10-23,,OPEN,EMP-001788,6747,SOURCE_A_POS_STORE_MASTER,store_master.csv,2021-10-23T20:44:04.508194752,BATCH-A-20211023
ST-00144,New Delhi Standard Store #144,STANDARD,India,Delhi,New Delhi,543 Samantha Ranch,461312,IN-North,2022-12-19,,OPEN,EMP-011880,10928,SOURCE_A_POS_STORE_MASTER,store_master.csv,2022-12-19T01:16:20.260983688,BATCH-A-20221219
ST-00145,San Diego Outlet Store #145,OUTLET,United States,California,San Diego,8715 Hall Overpass Apt. 714,34965,US-West,2021-02-09,,OPEN,EMP-002821,18420,SOURCE_A_POS_STORE_MASTER,store_master.csv,2021-02-10T02:07:38.475633415,BATCH-A-20210209
ST-00146,Savannah Express Store #146,EXPRESS,United States,Georgia,Savannah,059 Barber Ways Apt. 900,80741,US-East,2020-03-22,,OPEN,EMP-001162,18929,SOURCE_A_POS_STORE_MASTER,store_master.csv,2020-03-22T15:08:24.637455091,BATCH-A-20200322
ST-00147,Mysuru Outlet Store #147,OUTLET,India,Karnataka,Mysuru,3869 Fuller Lane Apt. 912,593174,IN-South,2019-12-17,,OPEN,EMP-000745,22843,SOURCE_A_POS_STORE_MASTER,store_master.csv,2020-01-05T13:00:00,BATCH-A-20191217
ST-00148,Edmonton Standard Store #148,STANDARD,Canada,Alberta,"EDMONTON,",888 Wilson Drive,M2R 0U7,CA-West,2020-02-20,,OPEN,EMP-016616,11053,SOURCE_A_POS_STORE_MASTER,store_master.csv,2020-02-20T16:02:42.570976204,BATCH-A-20200220
ST-00149,Ahmedabad Standard Store #149,STANDARD,India,Gujarat,Ahmedabad,798 Wood Pass Apt. 642,257160,IN-West,2021-02-06,,OPEN,EMP-000288,22446,SOURCE_A_POS_STORE_MASTER,store_master.csv,2021-02-07T01:03:12.791753834,BATCH-A-20210206
ST-00150,Sharjah City Flagship Store #150,FLAGSHIP,United Arab Emirates,Sharjah,Sharjah City,727 Kyle Road Suite 640,,AE-Gulf,2019-03-08,,OPEN,EMP-002799,7533,SOURCE_A_POS_STORE_MASTER,store_master.csv,2019-03-08T04:32:40.365475780,BATCH-A-20190308
ST-00151,Victoria Standard Store #151,STANDARD,India,Gujarat,Victoria,5580 Sutton Port Suite 673,684128,IN-West,2022-09-05,,OPEN,EMP-003159,23262,SOURCE_A_POS_STORE_MASTER,store_master.csv,2022-09-05T08:47:08.867306111,BATCH-A-20220905
ST-00152,Abu Dhabi City Express Store #152,EXPRESS,United Arab Emirates,Abu Dhabi,Abu  Dhabi  City,1913 Frank Gardens Suite 681,NA,AE-Gulf,2021-03-27,,OPEN,EMP-011763,17534,SOURCE_A_POS_STORE_MASTER,store_master.csv,2021-03-27T04:07:23.151477423,BATCH-A-20210327
ST-00153,Coimbatore Flagship Store #153,FLAGSHIP,India,-,Coimbatore,6568 Carmen Fork Apt. 076,450232,IN-South,2019-12-11,,OPEN,EMP-000270,15136,SOURCE_A_POS_STORE_MASTER,store_master.csv,2019-12-11T13:46:35.076220266,BATCH-A-20191211
ST-00154,Swansea Express Store #154,EXPRESS,United Kingdom,Wales,SWANSEA,775 Matthew Flat,FC5 3ES,UK-South,2022-09-08,,OPEN,EMP-003740,23474,SOURCE_A_POS_STORE_MASTER,store_master.csv,2022-09-08T17:06:46.125084474,BATCH-A-20220908
ST-00155,Alexandria Express Store #155,EXPRESS,United States,GEORGIA,ALEXANDRIA,2346 Cathy Shore Suite 097,28394,US-East,2019-03-09,,OPEN,EMP-013778,23984,SOURCE_A_POS_STORE_MASTER,store_master.csv,2019-03-09T19:24:35.593281234,BATCH-A-20190309
ST-00156,Edmonton Standard Store #156,STANDARD,Canada,Alberta,Edmonton,3822 Williams Oval Suite 772,00000,CA-West,2020-07-03,,OPEN,,5546,SOURCE_A_POS_STORE_MASTER,store_master.csv,2020-07-03T11:21:11.710378752,BATCH-A-20200703
ST-00157,Ahmedabad Express Store #157,EXPRESS,INDIA,Gujarat,AHMEDABAD,6232 Katherine Turnpike Suite 783,875352,IN-West,2019-03-12,,OPEN,EMP-005481,24565,SOURCE_A_POS_STORE_MASTER,store_master.csv,2019-03-12T12:26:36.344621179,BATCH-A-20190312
ST-00158,Peoria Flagship Store #158,FLAGSHIP,United States,Illinois,Peoria,1553 Weaver Brook Apt. 740,72691,US-Central,2020-07-23,,OPEN,EMP-002363,20119,SOURCE_A_POS_STORE_MASTER,store_master.csv,2020-07-23T02:14:58.144882008,BATCH-A-20200723
ST-00159,Pune Outlet Store #159,OUTLET,India,Maharashtra,PUNE,100 Ryan Ridge Suite 083,134946,IN-West,2021-08-29,,OPEN,EMP-003281,11289,SOURCE_A_POS_STORE_MASTER,store_master.csv,2021-08-30T01:14:02.075033977,BATCH-A-20210829
ST-00160,Patna Standard Store #160,STANDARD,India,Bihar,PATNA,9206 Susan Walk Apt. 130,591660,IN-North,2021-03-23,,OPEN,EMP-009838,12728,SOURCE_A_POS_STORE_MASTER,store_master.csv,2021-03-23T11:51:46.724153009,BATCH-A-20210323
ST-00161,Glasgow Outlet Store #161,OUTLET,United Kingdom,SCOTLAND,Glasgow,2926 Dawn Fort,NM4 5BF,UK-North,2021-08-11,,OPEN,EMP-002268,8412,SOURCE_A_POS_STORE_MASTER,store_master.csv,2021-08-11T07:04:48.688502011,BATCH-A-20210811
ST-00162,Hubballi Express Store #162,EXPRESS,INDIA,Karnataka,Hubballi,7200 Sheryl Lights Suite 750,834124,IN-South,2021-08-06,,OPEN,EMP-002869,3814,SOURCE_A_POS_STORE_MASTER,store_master.csv,2021-08-06T15:56:22.786192102,BATCH-A-20210806
ST-00163,Dwarka Flagship Store #163,FLAGSHIP,India,Delhi,DWARKA,503 Anna Lane,128630,IN-North,2022-11-30,,OPEN,,23215,SOURCE_A_POS_STORE_MASTER,store_master.csv,2022-11-30T06:19:55.341379091,BATCH-A-20221130
ST-00164,Mysuru Outlet Store #164,OUTLET,IN,Karnataka,MYSURU,7993 Cline Locks Suite 975,484936,IN-South,2022-12-14,,OPEN,EMP-007790,12337,SOURCE_A_POS_STORE_MASTER,store_master.csv,2022-12-14T00:56:46.742590381,BATCH-A-20221214
ST-00165,New Delhi Outlet Store #165,OUTLET,India,Delhi,New Delhi,440 Cordova Springs Apt. 781,551885,IN-North,2021-05-29,,OPEN,EMP-005660,10501,SOURCE_A_POS_STORE_MASTER,store_master.csv,2021-05-30T00:35:14.997117076,BATCH-A-20210529
ST-00166,Victoria Standard Store #166,STANDARD,India,Gujarat ,Victoria,5166 Thomas Mall,,IN-West,2022-05-31,,OPEN,EMP-006113,11083,SOURCE_A_POS_STORE_MASTER,store_master.csv,2022-05-31T17:32:52.639876179,BATCH-A-20220531
ST-00167,Surat Outlet Store #167,OUTLET,India,Gujarat,SURAT,027 Todd Neck Suite 579,414053,IN-West,2022-11-04,,OPEN,EMP-009473,7619,SOURCE_A_POS_STORE_MASTER,store_master.csv,2022-11-04T08:07:34.308957580,BATCH-A-20221104
ST-00168,Kolkata Outlet Store #168,OUTLET,IN,West Bengal,Kolkata,623 Mark Burgs Suite 134,893742,IN-East,2022-05-16,,OPEN,EMP-004942,1695,SOURCE_A_POS_STORE_MASTER,store_master.csv,2022-05-16T07:42:28.875807564,BATCH-A-20220516
ST-00169,Bengaluru Standard Store #169,STANDARD,India,Karnataka,Bengaluru,0187 Hodge Mountain,784414,IN-South,2019-12-24,,OPEN,EMP-005140,14611,SOURCE_A_POS_STORE_MASTER,store_master.csv,2020-01-07T16:00:00,BATCH-A-20191224
ST-00170,Howrah Express Store #170,EXPRESS,India,West Bengal,Howrah,4205 Carson Point,725955,IN-East,2019-08-30,,OPEN,EMP-001175,1480,SOURCE_A_POS_STORE_MASTER,store_master.csv,2019-08-30T21:11:04.980346288,BATCH-A-20190830
ST-00171,Pune Outlet Store #171,OUTLET,India,Maharashtra,Pune,534 Mason Springs,194157,IN-West,2022-10-27,,OPEN,EMP-005670,16351,SOURCE_A_POS_STORE_MASTER,store_master.csv,2022-10-27T01:19:34.897942128,BATCH-A-20221027
ST-00172,Peoria Standard Store #172,STANDARD,United States,Illinois ,Peoria,56330 Oliver Throughway,66360,US-Central,2022-10-30,,OPEN,EMP-012002,15801,SOURCE_A_POS_STORE_MASTER,store_master.csv,2022-10-30T17:41:37.570586932,BATCH-A-20221030
ST-00173,Pune Standard Store #173,STANDARD,India,Maharashtra,Pune,61926 Vincent Crest Suite 131,258955,IN-West,2020-02-10,,OPEN,EMP-004678,23997,SOURCE_A_POS_STORE_MASTER,store_master.csv,2020-02-11T03:52:56.410350326,BATCH-A-20200210
ST-00174,Ahmedabad Express Store #174,EXPRESS,India,Gujarat ,Ahmedabad,843 Collins Freeway,723019,IN-West,2020-06-04,,OPEN,EMP-005922,2444,SOURCE_A_POS_STORE_MASTER,store_master.csv,2020-06-04T04:48:13.744204937,BATCH-A-20200604
ST-00175,Mumbai Flagship Store #175,FLAGSHIP,India,MAHARASHTRA,N/A,235 Flowers Ford Suite 729,456491,IN-West,2020-11-23,,OPEN,EMP-001977,15108,SOURCE_A_POS_STORE_MASTER,store_master.csv,2020-11-24T02:00:24.009384602,BATCH-A-20201123
ST-00176,Mumbai Standard Store #176,STANDARD,India,Maharashtra,Mumbai,9021 Jeff Mountain Suite 590,,IN-West,2022-12-21,,OPEN,,19533,SOURCE_A_POS_STORE_MASTER,store_master.csv,2022-12-21T08:05:13.951126841,BATCH-A-20221221
ST-00177,Atlanta Standard Store #177,STANDARD,United States,GEORGIA,Atlanta,13278 Megan Crest,56488,US-East,2021-06-10,,OPEN,EMP-002293,15685,SOURCE_A_POS_STORE_MASTER,store_master.csv,2021-06-10T14:46:29.071777922,BATCH-A-20210610
ST-00178,Birmingham Express Store #178,EXPRESS,United Kingdom,England,BIRMINGHAM,1277 Robertson Orchard,00000,UK-South,2022-10-28,,OPEN,EMP-002618,4356,SOURCE_A_POS_STORE_MASTER,store_master.csv,2022-10-28T19:45:01.318389941,BATCH-A-20221028
ST-00179,Alexandria Outlet Store #179,OUTLET,United States,Georgia,Alexandria,2114 Wheeler Valley,12670,US-East,2023-03-06,,OPEN,EMP-004271,12940,SOURCE_A_POS_STORE_MASTER,store_master.csv,2023-03-06T02:52:29.505177321,BATCH-A-20230306
ST-00180,Nashik Express Store #180,EXPRESS,India,Maharashtra,Nashik,17965 Mason Forks,557065,IN-West,2020-08-28,,OPEN,EMP-003888,14839,SOURCE_A_POS_STORE_MASTER,store_master.csv,2020-08-29T04:05:25.086851403,BATCH-A-20200828
ST-00181,Howrah Outlet Store #181,OUTLET,India,West Bengal,Howrah,197 Debra Circle Suite 866,154185,IN-East,2022-05-18,,OPEN,EMP-018002,14021,SOURCE_A_POS_STORE_MASTER,store_master.csv,2022-05-18T08:10:04.640606641,BATCH-A-20220518
ST-00182,Atlanta Standard Store #182,STANDARD,United States,Georgia,"Atlanta,",025 Tiffany Hill Apt. 313,69983,US-East,2021-08-03,,OPEN,EMP-000524,10273,SOURCE_A_POS_STORE_MASTER,store_master.csv,2021-08-04T02:53:08.729333849,BATCH-A-20210803
ST-00183,Ahmedabad Standard Store #183,STANDARD,India,Gujarat,Ahmedabad,65620 Hernandez Points Suite 191,305575,IN-West,2020-01-31,,OPEN,EMP-006681,6450,SOURCE_A_POS_STORE_MASTER,store_master.csv,2020-01-31T13:51:11.775461300,BATCH-A-20200131
ST-00184,Glasgow Standard Store #184,STANDARD,United Kingdom,Scotland,GLASGOW,530 Diaz Mountains Suite 588,TE5 4EC,UK-North,2022-02-12,,OPEN,EMP-001144,8212,SOURCE_A_POS_STORE_MASTER,store_master.csv,2022-02-12T05:45:16.213200669,BATCH-A-20220212
ST-00185,Kolkata Standard Store #185,STANDARD,India,West Bengal,Kolkata,4062 Mckenzie Heights Suite 739,147743,IN-East,2023-02-23,,OPEN,EMP-004427,9807,SOURCE_A_POS_STORE_MASTER,store_master.csv,2023-02-23T21:32:22.373170198,BATCH-A-20230223
ST-00186,Dubai City Standard Store #186,STANDARD,United Arab Emirates,Dubai,Dubai City,798 Fisher Summit Apt. 339,,AE-Gulf,2022-07-01,,OPEN,EMP-001074,21844,SOURCE_A_POS_STORE_MASTER,store_master.csv,2022-07-01T17:08:30.010617071,BATCH-A-20220701
ST-00187,Vadodara Standard Store #187,STANDARD,India,Gujarat ,Vadodara,9940 Taylor Manors,118637,IN-West,2020-06-14,,OPEN,EMP-003234,24603,SOURCE_A_POS_STORE_MASTER,store_master.csv,2020-06-14T03:31:03.409265902,BATCH-A-20200614
ST-00188,Patna Express Store #188,EXPRESS,India,Bihar,Patna,06671 Natasha Garden Suite 597,176724,IN-North,2020-08-08,,OPEN,EMP-015660,5083,SOURCE_A_POS_STORE_MASTER,store_master.csv,2020-08-08T09:49:24.394691959,BATCH-A-20200808
ST-00189,Mumbai Outlet Store #189,OUTLET,India,Maharashtra,Mumbai,49925 Greene Shoals,721327,IN-West,2023-01-04,,TEMPORARILY_CLOSED,EMP-006285,17753,SOURCE_A_POS_STORE_MASTER,store_master.csv,2023-01-04T14:55:44.632338856,BATCH-A-20230104
ST-00190,Alexandria Standard Store #190,STANDARD,United States,GEORGIA,Alexandria,1904 Monica Plains,28818,US-East,2020-12-27,,OPEN,EMP-002274,15235,SOURCE_A_POS_STORE_MASTER,store_master.csv,2020-12-27T23:05:22.700565508,BATCH-A-20201227
ST-00191,London Express Store #191,EXPRESS,United Kingdom,England,"London,",7570 Wright Turnpike Apt. 779,CN1 3DS,UK-South,2019-06-23,,OPEN,EMP-010075,22167,SOURCE_A_POS_STORE_MASTER,store_master.csv,2019-06-23T03:58:44.291614376,BATCH-A-20190623
ST-00192,Howrah Standard Store #192,STANDARD,India,West Bengal,Howrah,9549 Davila Oval,576185,IN-East,2020-12-06,,OPEN,EMP-002013,23585,SOURCE_A_POS_STORE_MASTER,store_master.csv,2020-12-06T14:10:40.085785958,BATCH-A-20201206
ST-00193,Alexandria Outlet Store #193,OUTLET,India,Karnataka,Alexandria,614 Vasquez River Apt. 511,597014,IN-South,2022-12-12,,OPEN,EMP-001264,23773,SOURCE_A_POS_STORE_MASTER,store_master.csv,2022-12-12T13:53:14.767748620,BATCH-A-20221212
ST-00194,Nashik Flagship Store #194,FLAGSHIP,India,Maharashtra,Nashik,2729 Jamie Inlet,714536,IN-West,2019-05-21,,OPEN,EMP-002490,8779,SOURCE_A_POS_STORE_MASTER,store_master.csv,2019-05-21T15:55:24.603971410,BATCH-A-20190521
ST-00195,London Express Store #195,EXPRESS,United Kingdom,England,London,42790 Griffin Squares,BE2 8ML,UK-South,2021-10-31,,OPEN,EMP-003771,16708,SOURCE_A_POS_STORE_MASTER,store_master.csv,2021-11-17T19:00:00,BATCH-A-20211031
ST-00196,Al Ain Standard Store #196,STANDARD,AE,Abu Dhabi,AL AIN,972 Robertson Corner Apt. 308,,AE-Gulf,2022-12-16,,OPEN,EMP-002686,24459,SOURCE_A_POS_STORE_MASTER,store_master.csv,2022-12-16T17:56:07.973481780,BATCH-A-20221216
ST-00197,Dubai City Standard Store #197,STANDARD,UNITED ARAB EMIRATES,Dubai,Dubai City,87611 Walter Drive Apt. 635,,AE-Gulf,2021-06-30,,OPEN,EMP-000739,17950,SOURCE_A_POS_STORE_MASTER,store_master.csv,2021-06-30T20:28:48.564816735,BATCH-A-20210630
ST-00198,Cardiff Outlet Store #198,OUTLET,United Kingdom,Wales ,Cardiff,60498 Clarke Wall Apt. 751,,UK-South,2023-03-24,,OPEN,EMP-003433,14879,SOURCE_A_POS_STORE_MASTER,store_master.csv,2023-03-25T02:42:03.398936690,BATCH-A-20230324
ST-00199,New York City Flagship Store #199,FLAGSHIP,United States,New York,New York City,10705 Barbara Junctions Suite 197,16532,US-East,2019-05-15,,OPEN,EMP-005572,8381,SOURCE_A_POS_STORE_MASTER,store_master.csv,2019-05-16T01:12:32.200387619,BATCH-A-20190515
ST-00200,San Diego Standard Store #200,STANDARD,United States,California,San Diego,7741 Hamilton Mall Apt. 541,30009,US-West,2022-12-21,2025-07-24,PERMANENTLY_CLOSED,,20981,SOURCE_A_POS_STORE_MASTER,store_master.csv,2022-12-21T16:17:25.808854025,BATCH-A-20221221
ST-00201,Sharjah City Standard Store #201,STANDARD,United Arab Emirates,Sharjah,Sharjah City,769 Brown Trail,,AE-Gulf,2019-07-31,,OPEN,EMP-004463,19270,SOURCE_A_POS_STORE_MASTER,store_master.csv,2019-07-31T06:59:32.123867119,BATCH-A-20190731
ST-00202,Kolkata Standard Store #202,STANDARD,India,West Bengal,Kolkata,70903 Thompson Extensions Suite 528,358619,IN-East,2019-02-01,,OPEN,EMP-015876,3368,SOURCE_A_POS_STORE_MASTER,store_master.csv,2019-02-01T14:49:18.469775995,BATCH-A-20190201
ST-00203,Quebec City Express Store #203,EXPRESS,Canada,QUEBEC ,QUEBEC  CITY,1888 Todd Manor Apt. 176,O3V 3B6,CA-East,2019-09-06,2022-06-15,PERMANENTLY_CLOSED,,2147,SOURCE_A_POS_STORE_MASTER,store_master.csv,2019-09-06T12:17:12.298608563,BATCH-A-20190906
ST-00204,Spokane Standard Store #204,STANDARD,United States,WASHINGTON,Spokane,48368 Alicia Lane Apt. 484,45693,US-West,2021-07-18,,OPEN,EMP-000569,16952,SOURCE_A_POS_STORE_MASTER,store_master.csv,2021-07-18T14:19:08.882136764,BATCH-A-20210718
ST-00205,San Francisco Standard Store #205,STANDARD,United States,California,San Francisco,4073 Smith Expressway,75084,US-West,2022-05-25,,OPEN,EMP-000206,13732,SOURCE_A_POS_STORE_MASTER,store_master.csv,2022-05-26T05:37:29.486321910,BATCH-A-20220525
ST-00206,San Diego Express Store #206,EXPRESS,US,California,San Diego,84912 Sanders Estate,37847,US-West,2019-12-23,,OPEN,EMP-002504,3942,SOURCE_A_POS_STORE_MASTER,store_master.csv,2019-12-24T05:45:23.523401453,BATCH-A-20191223
ST-00207,Los Angeles Outlet Store #207,OUTLET,US,California,Los Angeles,3533 Adams Coves,52557,US-West,2020-09-08,,OPEN,EMP-001566,24407,SOURCE_A_POS_STORE_MASTER,store_master.csv,2020-09-08T02:20:23.668388870,BATCH-A-20200908
ST-00208,Dwarka Standard Store #208,STANDARD,IN,Delhi,Dwarka,890 Richard Tunnel Suite 916,447953,IN-North,2019-05-06,,OPEN,EMP-000077,6560,SOURCE_A_POS_STORE_MASTER,store_master.csv,2019-05-06T04:59:48.471711031,BATCH-A-20190506
ST-00209,Madurai Outlet Store #209,OUTLET,India,Tamil Nadu,Madurai,992 Johnson Shoals,356956,IN-South,2022-01-06,2026-01-16,PERMANENTLY_CLOSED,,3291,SOURCE_A_POS_STORE_MASTER,store_master.csv,2022-01-06T18:46:33.454740185,BATCH-A-20220106
ST-00210,Rohini Standard Store #210,STANDARD,India,Delhi,Rohini,36320 Clark Rapids Suite 482,603425,IN-North,2021-01-12,,OPEN,,1052,SOURCE_A_POS_STORE_MASTER,store_master.csv,2021-01-12T11:37:20.185193789,BATCH-A-20210112
ST-00211,Peoria Standard Store #211,STANDARD,US,Illinois,Peoria,9612 Linda Neck,91408,US-Central,2021-03-26,,OPEN,EMP-010532,24332,SOURCE_A_POS_STORE_MASTER,store_master.csv,2021-03-26T15:50:50.437460594,BATCH-A-20210326
ST-00212,Springfield Standard Store #212,STANDARD,UNITED STATES,,SPRINGFIELD,56528 Choi Row Suite 715,54244,US-Central,2020-02-06,,OPEN,EMP-005714,9354,SOURCE_A_POS_STORE_MASTER,store_master.csv,2020-02-06T10:16:33.695588684,BATCH-A-20200206
ST-00213,Tacoma Outlet Store #213,OUTLET,US,WASHINGTON,Tacoma,775 Brett Bypass Apt. 158,75132,US-West,2019-07-27,,OPEN,EMP-007205,24633,SOURCE_A_POS_STORE_MASTER,store_master.csv,2019-07-27T17:21:58.295844111,BATCH-A-20190727
ST-00214,Siliguri Standard Store #214,STANDARD,IN,West Bengal,Siliguri,5072 Castillo Orchard,323069,IN-East,2019-12-27,,OPEN,EMP-011780,15127,SOURCE_A_POS_STORE_MASTER,store_master.csv,2019-12-27T22:28:20.161793930,BATCH-A-20191227
ST-00215,Spokane Express Store #215,EXPRESS,United States,Washington ,Spokane,0750 Cabrera Streets,73432,US-West,2022-07-02,,OPEN,EMP-008964,4523,SOURCE_A_POS_STORE_MASTER,store_master.csv,2022-07-02T03:05:48.521280076,BATCH-A-20220702
ST-00216,New York City Outlet Store #216,OUTLET,United States,New York,New York City,125 Rodriguez Ways,69660,US-East,2019-10-25,,OPEN,EMP-008991,7439,SOURCE_A_POS_STORE_MASTER,store_master.csv,2019-10-26T03:08:47.090481791,BATCH-A-20191025
ST-00217,Muzaffarpur Standard Store #217,STANDARD,India,BIHAR,Muzaffarpur,7668 Young Land Apt. 027,368376,IN-North,2023-01-12,,OPEN,EMP-003872,15081,SOURCE_A_POS_STORE_MASTER,store_master.csv,2023-01-12T01:17:26.680359391,BATCH-A-20230112
ST-00218,Alexandria Express Store #218,EXPRESS,India,Karnataka,Alexandria,07166 Nicholas Road Apt. 747,389541,IN-South,2022-01-12,,OPEN,EMP-006539,14960,SOURCE_A_POS_STORE_MASTER,store_master.csv,2022-01-12T05:41:59.798358076,BATCH-A-20220112
ST-00219,Surat Express Store #219,EXPRESS,India,Gujarat,Surat,154 Jennifer Prairie,882612,IN-West,2020-11-24,2026-07-21,PERMANENTLY_CLOSED,,22898,SOURCE_A_POS_STORE_MASTER,store_master.csv,2020-11-24T15:33:36.869001945,BATCH-A-20201124
ST-00220,Sharjah City Outlet Store #220,OUTLET,AE,SHARJAH ,Sharjah City,51130 Christopher Points Apt. 958,,AE-Gulf,2019-10-19,,OPEN,EMP-000689,20990,SOURCE_A_POS_STORE_MASTER,store_master.csv,2019-10-19T01:15:22.445117381,BATCH-A-20191019
ST-00221,Edinburgh Standard Store #221,STANDARD,United Kingdom,Scotland,Edinburgh,08220 Amanda Groves Suite 065,TF2 6DX,UK-North,2020-09-06,,OPEN,EMP-001365,2930,SOURCE_A_POS_STORE_MASTER,store_master.csv,2020-09-06T08:59:22.500249461,BATCH-A-20200906
ST-00222,Victoria Express Store #222,EXPRESS,India,Gujarat,Victoria,49562 Moore Drives,687242,IN-West,2022-02-25,,OPEN,EMP-001323,9020,SOURCE_A_POS_STORE_MASTER,store_master.csv,2022-02-25T20:43:34.577586754,BATCH-A-20220225
ST-00223,Howrah Standard Store #223,STANDARD,India,West Bengal,HOWRAH,50242 Dwayne Cove,,IN-East,2020-11-26,,OPEN,EMP-000144,18742,SOURCE_A_POS_STORE_MASTER,store_master.csv,2020-11-26T14:43:38.450655456,BATCH-A-20201126
ST-00224,Dallas Outlet Store #224,OUTLET,United States,Texas,Dallas,75383 Daniel Lock,65493,US-Central,2022-04-16,,OPEN,EMP-000427,15933,SOURCE_A_POS_STORE_MASTER,store_master.csv,2022-04-16T02:58:12.675232852,BATCH-A-20220416
ST-00225,Surat Flagship Store #225,FLAGSHIP,India,Gujarat,Surat,300 Tracie Park Suite 002,00000,IN-West,2020-07-31,,OPEN,EMP-000267,21191,SOURCE_A_POS_STORE_MASTER,store_master.csv,2020-07-31T16:26:16.652824025,BATCH-A-20200731
ST-00226,Cardiff Standard Store #226,STANDARD,United Kingdom,Wales,Cardiff,063 Tate Prairie Suite 985,PO4 2ET,UK-South,2021-08-24,,OPEN,EMP-008938,20872,SOURCE_A_POS_STORE_MASTER,store_master.csv,2021-08-24T04:15:41.399869902,BATCH-A-20210824
ST-00227,Hubballi Outlet Store #227,OUTLET,IN,KARNATAKA,Hubballi,271 Jason Pike,895934,IN-South,2019-11-02,,OPEN,EMP-000135,14850,SOURCE_A_POS_STORE_MASTER,store_master.csv,2019-11-02T01:00:52.785142302,BATCH-A-20191102
ST-00228,Rohini Standard Store #228,STANDARD,India,Delhi,Rohini,89397 Jonathon Club,613925,IN-North,2023-03-21,,OPEN,EMP-002691,19264,SOURCE_A_POS_STORE_MASTER,store_master.csv,2023-03-21T09:29:15.025504010,BATCH-A-20230321
ST-00229,Rohini Flagship Store #229,FLAGSHIP,India,Delhi,Rohini,269 Fitzgerald Court,709860,IN-North,2021-05-20,,OPEN,EMP-005379,13207,SOURCE_A_POS_STORE_MASTER,store_master.csv,2021-05-20T11:18:33.079998710,BATCH-A-20210520
ST-00230,Edmonton Express Store #230,EXPRESS,Canada,Alberta,EDMONTON,63151 Carlos Spurs,G0G 6L3,CA-West,2020-01-03,,OPEN,EMP-002435,24850,SOURCE_A_POS_STORE_MASTER,store_master.csv,2020-01-03T07:36:24.688783188,BATCH-A-20200103
ST-00231,Fresno Standard Store #231,STANDARD,UNITED STATES,CALIFORNIA,Fresno,1951 Mitchell Islands,56736,US-West,2022-12-15,,OPEN,,24179,SOURCE_A_POS_STORE_MASTER,store_master.csv,2022-12-15T02:39:16.332351035,BATCH-A-20221215
ST-00232,Surat Standard Store #232,STANDARD,India,Gujarat,Surat,6831 Claudia Land,343086,IN-West,2020-06-10,,OPEN,EMP-012790,5820,SOURCE_A_POS_STORE_MASTER,store_master.csv,2020-06-10T12:06:11.647503868,BATCH-A-20200610
ST-00233,Howrah Standard Store #233,STANDARD,India,West Bengal,Howrah,28802 Linda Court,742281,IN-East,2019-04-27,,OPEN,EMP-000902,3921,SOURCE_A_POS_STORE_MASTER,store_master.csv,2019-04-27T03:32:58.446523562,BATCH-A-20190427
ST-00234,Vancouver Standard Store #234,STANDARD,Canada,British Columbia,Vancouver,5236 Mason Extension Apt. 131,,CA-West,2022-10-25,,OPEN,EMP-003942,22738,SOURCE_A_POS_STORE_MASTER,store_master.csv,2022-10-25T20:13:41.187196121,BATCH-A-20221025
ST-00235,Surat Outlet Store #235,OUTLET,India,Gujarat,SURAT,423 Butler Roads,390840,IN-West,2021-05-20,,OPEN,EMP-000687,20875,SOURCE_A_POS_STORE_MASTER,store_master.csv,2021-05-21T04:12:19.615364405,BATCH-A-20210520
ST-00236,Calgary Outlet Store #236,OUTLET,Canada,?,Calgary,89740 Carey Highway,E6J 0B6,CA-West,2019-12-01,,OPEN,EMP-003280,14688,SOURCE_A_POS_STORE_MASTER,store_master.csv,2019-12-01T16:33:44.945742562,BATCH-A-20191201
ST-00237,Alexandria Express Store #237,EXPRESS,United States,GEORGIA,Alexandria,6311 Michael Light,32452,US-East,2022-01-15,,OPEN,EMP-002167,6396,SOURCE_A_POS_STORE_MASTER,store_master.csv,2022-01-15T03:36:26.268562156,BATCH-A-20220115
ST-00238,Kolkata Outlet Store #238,OUTLET,IN,West Bengal,"Kolkata,",35846 Andrea Park,599260,IN-East,2020-11-10,,OPEN,EMP-000455,3455,SOURCE_A_POS_STORE_MASTER,store_master.csv,2020-11-11T05:52:22.143246725,BATCH-A-20201110
ST-00239,Dwarka Standard Store #239,STANDARD,India,Delhi,Dwarka,40659 Jeffrey Causeway Apt. 116,895096,IN-North,2022-11-26,,OPEN,EMP-001312,20062,SOURCE_A_POS_STORE_MASTER,store_master.csv,2022-11-27T01:47:17.525424543,BATCH-A-20221126
ST-00240,Nagpur Standard Store #240,STANDARD,India,Maharashtra,Nagpur,06253 Johnson Canyon Apt. 332,00000,IN-West,2022-09-07,,OPEN,EMP-001918,19762,SOURCE_A_POS_STORE_MASTER,store_master.csv,2022-09-07T20:03:52.598522317,BATCH-A-20220907
ST-00241,Tacoma Standard Store #241,STANDARD,United States,Washington,Tacoma,036 Cheryl Shores Suite 654,72857,US-West,2020-07-12,,OPEN,EMP-000034,16457,SOURCE_A_POS_STORE_MASTER,store_master.csv,2020-07-13T04:54:35.272030028,BATCH-A-20200712
ST-00242,Dwarka Outlet Store #242,OUTLET,India,Delhi,Dwarka,3892 Osborne Knolls,147395,IN-North,2019-04-07,,OPEN,EMP-000388,14501,SOURCE_A_POS_STORE_MASTER,store_master.csv,2019-04-07T19:29:20.146425778,BATCH-A-20190407
ST-00243,Abu Dhabi City Express Store #243,EXPRESS,AE,Abu Dhabi,Abu Dhabi City,631 Christopher Crossroad Apt. 997,,AE-Gulf,2023-01-15,,OPEN,EMP-000261,15129,SOURCE_A_POS_STORE_MASTER,store_master.csv,2023-01-15T06:12:50.964850081,BATCH-A-20230115
ST-00244,Quebec City Standard Store #244,STANDARD,Canada,Quebec,Quebec City,38932 Garcia Road,Q7T 7Y3,CA-East,2020-08-03,,OPEN,EMP-000841,3135,SOURCE_A_POS_STORE_MASTER,store_master.csv,2020-08-03T10:32:17.595573256,BATCH-A-20200803
ST-00245,Howrah Standard Store #245,STANDARD,India,West Bengal,Howrah,8830 Williams Lights Apt. 076,599563,IN-East,2022-10-20,,OPEN,EMP-000617,8200,SOURCE_A_POS_STORE_MASTER,store_master.csv,2022-10-20T15:49:22.336250237,BATCH-A-20221020
ST-00246,Vancouver Outlet Store #246,OUTLET,CA,British Columbia,Vancouver,103 David Circles Suite 032,R1Z 2I6,CA-West,2023-01-07,,OPEN,EMP-000703,18778,SOURCE_A_POS_STORE_MASTER,store_master.csv,2023-01-07T15:11:49.439846903,BATCH-A-20230107
ST-00247,Mysuru Standard Store #247,STANDARD,India,Karnataka,Mysuru,6490 Jennifer Causeway,638282,IN-South,2020-05-15,,OPEN,EMP-013981,13614,SOURCE_A_POS_STORE_MASTER,store_master.csv,2020-05-16T02:48:49.728547570,BATCH-A-20200515
ST-00248,Spokane Flagship Store #248,FLAGSHIP,US,Washington,SPOKANE,3743 Jose Crescent Suite 097,11029,US-West,2019-03-08,,OPEN,EMP-001797,4495,SOURCE_A_POS_STORE_MASTER,store_master.csv,2019-03-08T03:21:06.192506728,BATCH-A-20190308
ST-00249,Coimbatore Standard Store #249,STANDARD,India,TAMIL NADU,Coimbatore,1987 Mia Heights,833850,IN-South,2022-02-14,,OPEN,EMP-007614,14871,SOURCE_A_POS_STORE_MASTER,store_master.csv,2022-02-14T17:45:14.742738649,BATCH-A-20220214
ST-00250,Howrah Standard Store #250,STANDARD,India,West Bengal,Howrah,85271 Smith Haven,129008,IN-East,2023-02-10,,OPEN,EMP-004324,13856,SOURCE_A_POS_STORE_MASTER,store_master.csv,2023-02-10T11:40:38.796808104,BATCH-A-20230210
ST-00251,Dallas Outlet Store #251,OUTLET,United States,Texas ,Dallas,0696 Maria Vista Suite 659,93621,US-Central,2021-10-22,,OPEN,EMP-001885,5317,SOURCE_A_POS_STORE_MASTER,store_master.csv,2021-10-22T23:23:33.777542273,BATCH-A-20211022
ST-00252,Surat Express Store #252,EXPRESS,India,Gujarat,Surat,826 Reid Shoals Apt. 146,482988,IN-West,2022-11-26,,OPEN,EMP-005749,13685,SOURCE_A_POS_STORE_MASTER,store_master.csv,2022-11-26T06:30:12.091837506,BATCH-A-20221126
ST-00253,Jebel Ali Express Store #253,EXPRESS,UNITED ARAB EMIRATES,DUBAI,Jebel Ali,56223 Davis Forest,,AE-Gulf,2020-01-16,,OPEN,EMP-004739,2424,SOURCE_A_POS_STORE_MASTER,store_master.csv,2020-01-16T12:06:35.932663514,BATCH-A-20200116
ST-00254,Sharjah City Standard Store #254,STANDARD,United Arab Emirates,Sharjah,Sharjah City,1414 Karen Street Suite 834,,AE-Gulf,2020-01-19,,OPEN,EMP-014872,2659,SOURCE_A_POS_STORE_MASTER,store_master.csv,2020-01-19T02:14:02.591820781,BATCH-A-20200119
ST-00255,Alexandria Standard Store #255,STANDARD,United States,Georgia,Alexandria,7656 Meagan Rest,31543,US-East,2021-10-31,,OPEN,EMP-000894,6494,SOURCE_A_POS_STORE_MASTER,store_master.csv,2021-11-01T00:35:07.544687262,BATCH-A-20211031
ST-00256,Alexandria Standard Store #256,STANDARD,United States,Georgia,Alexandria,68739 Meyers Lodge,NA,US-East,2019-10-26,,OPEN,EMP-006928,7781,SOURCE_A_POS_STORE_MASTER,store_master.csv,2019-10-26T20:15:31.019275184,BATCH-A-20191026
ST-00257,Dwarka Flagship Store #257,FLAGSHIP,India,,Dwarka,69721 Lambert Rue,218267,IN-North,2021-06-06,2025-10-13,PERMANENTLY_CLOSED,,17819,SOURCE_A_POS_STORE_MASTER,store_master.csv,2021-06-07T01:40:53.909668281,BATCH-A-20210606
ST-00258,Victoria Standard Store #258,STANDARD,United States,Texas,VICTORIA,74143 Gilbert Mills Suite 156,21691,US-Central,2021-08-02,,OPEN,EMP-003546,16735,SOURCE_A_POS_STORE_MASTER,store_master.csv,2021-08-03T04:01:53.316142214,BATCH-A-20210802
ST-00259,Chennai Express Store #259,EXPRESS,India,TAMIL NADU,Chennai,30829 Lisa Views,453298,IN-South,2023-03-06,,OPEN,EMP-005898,10431,SOURCE_A_POS_STORE_MASTER,store_master.csv,2023-03-07T04:10:01.168033076,BATCH-A-20230306
ST-00260,Springfield Standard Store #260,STANDARD,Canada,Ontario,Springfield,920 Small Falls Suite 456,O8K 2N0,CA-East,2019-12-15,,OPEN,EMP-000081,14089,SOURCE_A_POS_STORE_MASTER,store_master.csv,2019-12-15T17:04:10.335215657,BATCH-A-20191215
ST-00261,Siliguri Express Store #261,EXPRESS,India,West Bengal,Siliguri,5856 Kevin Brooks,00000,IN-East,2022-11-18,,OPEN,EMP-000333,18716,SOURCE_A_POS_STORE_MASTER,store_master.csv,2022-11-18T22:37:48.201542454,BATCH-A-20221118
ST-00262,Vancouver Flagship Store #262,FLAGSHIP,Canada,British Columbia,Vancouver,71926 Bradley Manor Apt. 929,C7Z 5S7,CA-West,2019-08-16,,OPEN,EMP-001700,10784,SOURCE_A_POS_STORE_MASTER,store_master.csv,2019-08-16T14:52:12.912744909,BATCH-A-20190816
ST-00263,Montreal Standard Store #263,STANDARD,Canada,Quebec,MONTREAL,38664 Murray Streets Apt. 382,Z1B 5G7,CA-East,2021-08-24,2026-03-11,PERMANENTLY_CLOSED,,24330,SOURCE_A_POS_STORE_MASTER,store_master.csv,2021-08-24T00:39:08.153613374,BATCH-A-20210824
ST-00264,Swansea Flagship Store #264,FLAGSHIP,United Kingdom,WALES,Swansea,3011 Felicia Heights,KJ7 4KY,UK-South,2019-08-19,,OPEN,EMP-013815,10904,SOURCE_A_POS_STORE_MASTER,store_master.csv,2019-08-19T01:54:38.511423133,BATCH-A-20190819
ST-00265,Chennai Express Store #265,EXPRESS,IN,Tamil Nadu,Chennai,51956 Russell Forks Apt. 361,260176,IN-South,2019-07-19,,OPEN,EMP-010307,18019,SOURCE_A_POS_STORE_MASTER,store_master.csv,2019-07-19T07:07:59.001884621,BATCH-A-20190719
ST-00266,Hubballi Express Store #266,EXPRESS,India,Karnataka,Hubballi,19156 Michael Spur Apt. 108,887447,IN-South,2019-09-02,,OPEN,EMP-001051,2858,SOURCE_A_POS_STORE_MASTER,store_master.csv,2019-09-02T11:56:36.491207033,BATCH-A-20190902
ST-00267,Swansea Standard Store #267,STANDARD,GB,Wales,SWANSEA,84519 Zachary Pike,DE7 7LP,UK-South,2020-08-06,,OPEN,EMP-006155,9292,SOURCE_A_POS_STORE_MASTER,store_master.csv,2020-08-07T04:08:26.580739626,BATCH-A-20200806
ST-00268,Savannah Standard Store #268,STANDARD,United States,Georgia,Savannah,99894 Heather Brooks,30694,US-East,2019-07-16,2022-09-16,PERMANENTLY_CLOSED,,14543,SOURCE_A_POS_STORE_MASTER,store_master.csv,2019-07-16T20:57:03.182195954,BATCH-A-20190716
ST-00269,Buffalo Express Store #269,EXPRESS,United States,New York,Buffalo,80878 Le Bridge Suite 059,73180,US-East,2020-06-13,,OPEN,EMP-000275,4785,SOURCE_A_POS_STORE_MASTER,store_master.csv,2020-06-13T20:13:49.921080100,BATCH-A-20200613
ST-00270,Ahmedabad Express Store #270,EXPRESS,India,GUJARAT,Ahmedabad,7304 Beck Ranch Suite 298,621273,IN-West,2021-08-14,2023-10-01,PERMANENTLY_CLOSED,,14862,SOURCE_A_POS_STORE_MASTER,store_master.csv,2021-08-14T05:26:49.338707375,BATCH-A-20210814
ST-00271,Sharjah City Standard Store #271,STANDARD,United Arab Emirates,Sharjah,Sharjah City,91446 Daniel Underpass Apt. 504,,AE-Gulf,2020-07-13,,OPEN,EMP-007044,4483,SOURCE_A_POS_STORE_MASTER,store_master.csv,2020-07-13T21:10:12.533666059,BATCH-A-20200713
ST-00272,Savannah Express Store #272,EXPRESS,United States,Georgia,Savannah,423 Kelly Springs Suite 262,45652,US-East,2022-12-24,,OPEN,EMP-001766,18601,SOURCE_A_POS_STORE_MASTER,store_master.csv,2022-12-24T04:09:49.128798901,BATCH-A-20221224
ST-00273,Savannah Flagship Store #273,FLAGSHIP,United States,Georgia,Savannah,88279 Tom Rue,96567,US-East,2022-10-23,,OPEN,EMP-004203,23873,SOURCE_A_POS_STORE_MASTER,store_master.csv,2022-10-23T14:44:30.367697557,BATCH-A-20221023
ST-00274,Muzaffarpur Standard Store #274,STANDARD,IN,Bihar,Muzaffarpur,670 Laura Isle Apt. 177,387439,IN-North,2022-07-23,,OPEN,EMP-003502,3396,SOURCE_A_POS_STORE_MASTER,store_master.csv,2022-07-24T00:58:31.753792200,BATCH-A-20220723
ST-00275,Springfield Standard Store #275,STANDARD,Canada,Ontario,Springfield,5219 Collins Trail,E5L 5J7,CA-East,2022-04-06,,OPEN,EMP-000355,1306,SOURCE_A_POS_STORE_MASTER,store_master.csv,2022-04-06T09:53:03.794546048,BATCH-A-20220406
ST-00276,Cardiff Standard Store #276,STANDARD,United Kingdom,WALES,Cardiff,146 Hogan Cliff,TJ8 2NA,UK-South,2019-03-05,,OPEN,EMP-002675,13725,SOURCE_A_POS_STORE_MASTER,store_master.csv,2019-03-05T20:01:27.637726706,BATCH-A-20190305
ST-00277,Bengaluru Express Store #277,EXPRESS,India,KARNATAKA,Bengaluru,5795 Moore Rue,677588,IN-South,2020-09-14,,OPEN,EMP-009404,15133,SOURCE_A_POS_STORE_MASTER,store_master.csv,2020-09-14T17:44:31.057011865,BATCH-A-20200914
ST-00278,Edmonton Flagship Store #278,FLAGSHIP,CA,Alberta,Edmonton,1239 Saunders Causeway Suite 255,H5A 5E4,CA-West,2019-10-29,,OPEN,EMP-008977,23081,SOURCE_A_POS_STORE_MASTER,store_master.csv,2019-10-29T11:51:21.843746608,BATCH-A-20191029
ST-00279,New Delhi Flagship Store #279,FLAGSHIP,IN,Delhi,New  Delhi,07865 Tyler Islands,897687,IN-North,2021-03-15,,OPEN,EMP-009407,19711,SOURCE_A_POS_STORE_MASTER,store_master.csv,2021-03-15T04:49:29.457842682,BATCH-A-20210315
ST-00280,Dubai City Standard Store #280,STANDARD,United Arab Emirates,DUBAI,Dubai City,872 Peter Island Apt. 256,,AE-Gulf,2022-10-22,,OPEN,EMP-001618,13984,SOURCE_A_POS_STORE_MASTER,store_master.csv,2022-10-20T16:00:00,BATCH-A-20221022
ST-00281,New Delhi Outlet Store #281,OUTLET,India,Delhi,New Delhi,3029 Joshua Meadow Suite 438,270314,IN-North,2021-01-17,,OPEN,EMP-001606,22832,SOURCE_A_POS_STORE_MASTER,store_master.csv,2021-01-17T02:36:10.794814603,BATCH-A-20210117
ST-00282,Montreal Standard Store #282,STANDARD,Canada,Quebec,Montreal,1578 Cindy Trail Apt. 649,U3M 1W6,CA-East,2022-05-01,,OPEN,EMP-004351,13572,SOURCE_A_POS_STORE_MASTER,store_master.csv,2022-05-01T03:41:53.906231919,BATCH-A-20220501
ST-00283,Chicago Outlet Store #283,OUTLET,United States,ILLINOIS,Chicago,34018 Susan Tunnel,99963,US-Central,2020-10-10,,OPEN,EMP-009802,22761,SOURCE_A_POS_STORE_MASTER,store_master.csv,2020-10-10T08:09:32.248885113,BATCH-A-20201010
ST-00284,Mysuru Outlet Store #284,OUTLET,India,Karnataka,Mysuru,7459 Robert Pine Apt. 690,608867,IN-South,2022-08-27,,OPEN,EMP-001902,24517,SOURCE_A_POS_STORE_MASTER,store_master.csv,2022-08-27T07:06:36.081667926,BATCH-A-20220827
ST-00285,Buffalo Flagship Store #285,FLAGSHIP,UNITED STATES,New York,BUFFALO,652 Emma Port Suite 858,18241,US-East,2021-04-13,,OPEN,EMP-005740,13264,SOURCE_A_POS_STORE_MASTER,store_master.csv,2021-04-13T07:34:48.024389785,BATCH-A-20210413
ST-00286,San Diego Standard Store #286,STANDARD,United States,California,SAN DIEGO,1934 Johnson Circles,54442,US-West,2020-12-23,,OPEN,EMP-007463,9262,SOURCE_A_POS_STORE_MASTER,store_master.csv,2020-12-23T08:01:36.351687680,BATCH-A-20201223
ST-00287,Dwarka Standard Store #287,STANDARD,India,Delhi,Dwarka,0753 Alex Spur,296695,IN-North,2022-12-23,,OPEN,EMP-014350,14567,SOURCE_A_POS_STORE_MASTER,store_master.csv,2022-12-23T15:35:19.444883369,BATCH-A-20221223
ST-00288,Alexandria Standard Store #288,STANDARD,India,KARNATAKA,Alexandria,10184 Mason Drives Apt. 830,336880,IN-South,2020-11-27,,OPEN,EMP-009703,10820,SOURCE_A_POS_STORE_MASTER,store_master.csv,2020-11-27T16:14:43.228254801,BATCH-A-20201127
ST-00289,Montreal Standard Store #289,STANDARD,Canada,Quebec,Montreal,898 Stark Mission Suite 122,S7O 3S3,CA-East,2021-11-06,,OPEN,EMP-000545,12678,SOURCE_A_POS_STORE_MASTER,store_master.csv,2021-11-07T05:21:39.986688888,BATCH-A-20211106
ST-00290,Calgary Standard Store #290,STANDARD,Canada,Alberta,Calgary,19463 Julie Meadows,V2T 2P1,CA-West,2019-07-03,,OPEN,EMP-002563,13232,SOURCE_A_POS_STORE_MASTER,store_master.csv,2019-07-03T09:51:57.658818534,BATCH-A-20190703
ST-00291,Hamilton Flagship Store #291,FLAGSHIP,CA,Ontario,HAMILTON,89397 Taylor Circles,J7S 4B4,CA-East,2020-01-17,,OPEN,EMP-011588,19135,SOURCE_A_POS_STORE_MASTER,store_master.csv,2020-01-17T07:26:30.814419472,BATCH-A-20200117
ST-00292,Bengaluru Standard Store #292,STANDARD,India,Karnataka,Bengaluru,39832 Scott Square,654830,IN-South,2020-01-02,,OPEN,EMP-002604,8134,SOURCE_A_POS_STORE_MASTER,store_master.csv,2020-01-02T20:14:57.600927578,BATCH-A-20200102
ST-00293,Hubballi Standard Store #293,STANDARD,India,Karnataka,Hubballi,27083 Coleman Forge Suite 282,594337,IN-South,2021-12-28,,OPEN,EMP-003206,17861,SOURCE_A_POS_STORE_MASTER,store_master.csv,2021-12-28T15:27:03.464535819,BATCH-A-20211228
ST-00294,Cardiff Standard Store #294,STANDARD,United Kingdom,Wales,Cardiff,48448 Cox Meadows,,UK-South,2019-02-09,,TEMPORARILY_CLOSED,EMP-001695,21856,SOURCE_A_POS_STORE_MASTER,store_master.csv,2019-02-09T21:48:49.003523458,BATCH-A-20190209
ST-00295,Ahmedabad Standard Store #295,STANDARD,India,Gujarat ,Ahmedabad,363 Clark Point,226729,IN-West,2021-11-24,,TEMPORARILY_CLOSED,,21438,SOURCE_A_POS_STORE_MASTER,store_master.csv,2021-11-24T05:18:57.271673299,BATCH-A-20211124
ST-00296,Chennai Standard Store #296,STANDARD,India,Tamil Nadu,Chennai,82997 Lee Glen,608442,IN-South,2021-09-14,,OPEN,EMP-006529,18625,SOURCE_A_POS_STORE_MASTER,store_master.csv,2021-09-26T05:00:00,BATCH-A-20210914
ST-00297,Seattle Express Store #297,EXPRESS,United States,Washington,Seattle,73111 Velasquez Lodge Apt. 801,52151,US-West,2021-12-24,,OPEN,,20038,SOURCE_A_POS_STORE_MASTER,store_master.csv,2021-12-24T17:25:57.250701336,BATCH-A-20211224
ST-00298,Ottawa Standard Store #298,STANDARD,CA,Ontario ,OTTAWA,687 Walter Mountain Suite 285,Y3X 1J7,CA-East,2019-11-15,,OPEN,EMP-002127,9838,SOURCE_A_POS_STORE_MASTER,store_master.csv,2019-11-15T20:30:45.834149623,BATCH-A-20191115
ST-00299,Edinburgh Outlet Store #299,OUTLET,United Kingdom,Scotland,EDINBURGH,92857 Bryant Squares,JG4 1GV,UK-North,2021-07-07,,OPEN,EMP-003362,18699,SOURCE_A_POS_STORE_MASTER,store_master.csv,2021-07-07T19:23:23.514643302,BATCH-A-20210707
ST-00300,Tacoma Outlet Store #300,OUTLET,United States,WASHINGTON,Tacoma,1893 Anderson Fields,59037,US-West,2022-02-15,,OPEN,EMP-005810,23162,SOURCE_A_POS_STORE_MASTER,store_master.csv,2022-02-15T22:24:22.014580586,BATCH-A-20220215
ST-00301,Howrah Express Store #301,EXPRESS,India,West Bengal,Howrah,493 Cook Greens,120949,IN-East,2019-06-27,,OPEN,EMP-004409,9966,SOURCE_A_POS_STORE_MASTER,store_master.csv,2019-06-25T07:00:00,BATCH-A-20190627
ST-00302,Seattle Standard Store #302,STANDARD,United States,Washington,Seattle,483 Hood Dale Apt. 432,66947,US-West,2021-05-28,,OPEN,EMP-000620,24360,SOURCE_A_POS_STORE_MASTER,store_master.csv,2021-05-28T20:14:28.409908154,BATCH-A-20210528
ST-00303,Houston Flagship Store #303,FLAGSHIP,United States,Texas,Houston,25478 Arthur Trail,89214,US-Central,2019-05-02,,OPEN,EMP-000854,6601,SOURCE_A_POS_STORE_MASTER,store_master.csv,2019-05-02T15:51:07.114332859,BATCH-A-20190502
ST-00304,Chennai Express Store #304,EXPRESS,India,Tamil Nadu,Chennai,2760 Andrea Manor,740728,IN-South,2020-07-24,,OPEN,EMP-008443,9519,SOURCE_A_POS_STORE_MASTER,store_master.csv,2020-07-25T05:40:35.968748101,BATCH-A-20200724
ST-00305,Tacoma Flagship Store #305,FLAGSHIP,United States,WASHINGTON,Tacoma,17776 Megan Burg,25900,US-West,2019-12-10,,OPEN,EMP-006520,15980,SOURCE_A_POS_STORE_MASTER,store_master.csv,2019-12-10T03:28:48.361818507,BATCH-A-20191210
ST-00306,Surrey Standard Store #306,STANDARD,Canada,British Columbia,Surrey,389 Sanders Harbors Suite 918,Y3M 8Q8,CA-West,2022-10-14,,OPEN,EMP-004276,16634,SOURCE_A_POS_STORE_MASTER,store_master.csv,2022-10-14T21:16:15.462935479,BATCH-A-20221014
ST-00307,Albany Express Store #307,EXPRESS,United States,New York,Albany,965 Scott Club Suite 996,75574,US-East,2020-07-25,,OPEN,EMP-002688,14743,SOURCE_A_POS_STORE_MASTER,store_master.csv,2020-07-25T15:14:21.304832060,BATCH-A-20200725
ST-00308,Vancouver Express Store #308,EXPRESS,Canada,British Columbia,Vancouver,7812 Reid Common Suite 697,K6L 1U1,CA-West,2021-11-04,,OPEN,EMP-010878,1352,SOURCE_A_POS_STORE_MASTER,store_master.csv,2021-11-04T12:54:35.661645563,BATCH-A-20211104
ST-00309,Nashik Standard Store #309,STANDARD,India,Maharashtra,Nashik,07402 Hines Mall,616287,IN-West,2021-05-06,,OPEN,,3507,SOURCE_A_POS_STORE_MASTER,store_master.csv,2021-05-07T03:11:38.894062209,BATCH-A-20210506
ST-00310,Coimbatore Flagship Store #310,FLAGSHIP,India,Tamil Nadu,COIMBATORE,0806 Mcgee Ports Suite 251,291247,IN-South,2020-07-20,,OPEN,EMP-006255,2624,SOURCE_A_POS_STORE_MASTER,store_master.csv,2020-07-20T23:02:27.677238439,BATCH-A-20200720
ST-00311,Bengaluru Standard Store #311,STANDARD,India,Karnataka,Bengaluru,259 Summer Heights Apt. 960,474226,IN-South,2019-11-25,,OPEN,EMP-010693,13196,SOURCE_A_POS_STORE_MASTER,store_master.csv,2019-11-25T08:26:42.545406274,BATCH-A-20191125
ST-00312,Hubballi Express Store #312,EXPRESS,INDIA,Karnataka ,"Hubballi,",7614 Castro Court Suite 194,263553,IN-South,2022-04-23,,OPEN,,16393,SOURCE_A_POS_STORE_MASTER,store_master.csv,2022-05-05T14:00:00,BATCH-A-20220423
ST-00313,Kolkata Standard Store #313,STANDARD,India,West Bengal,Kolkata,15830 Rachel Plains,00000,IN-East,2019-11-28,,OPEN,EMP-009679,17400,SOURCE_A_POS_STORE_MASTER,store_master.csv,2019-11-28T12:38:36.514634007,BATCH-A-20191128
ST-00314,Bengaluru Express Store #314,EXPRESS,India,Karnataka,Bengaluru,4979 Robert Street,844106,IN-South,2019-12-30,2024-06-08,PERMANENTLY_CLOSED,,23574,SOURCE_A_POS_STORE_MASTER,store_master.csv,2019-12-30T15:30:03.141914750,BATCH-A-20191230
ST-00315,Al Ain Standard Store #315,STANDARD,AE,Abu Dhabi,Al Ain,8250 Colon Square Suite 286,,AE-Gulf,2021-05-08,,OPEN,EMP-003774,16664,SOURCE_A_POS_STORE_MASTER,store_master.csv,2021-05-08T21:40:49.199528059,BATCH-A-20210508
ST-00316,Muzaffarpur Standard Store #316,STANDARD,India,Bihar,Muzaffarpur,832 Gonzales Parkways Suite 313,793101,IN-North,2021-06-12,,OPEN,EMP-005713,23011,SOURCE_A_POS_STORE_MASTER,store_master.csv,2021-06-12T12:12:52.908312157,BATCH-A-20210612
ST-00317,Nashik Express Store #317,EXPRESS,India,MAHARASHTRA,Nashik,786 Thomas Overpass Apt. 547,822099,IN-West,2020-10-23,,OPEN,,24395,SOURCE_A_POS_STORE_MASTER,store_master.csv,2020-10-23T22:52:25.302956291,BATCH-A-20201023
ST-00318,Calgary Standard Store #318,STANDARD,Canada,Alberta,Calgary,336 Martinez Stravenue Suite 645,W3V 8R1,CA-West,2022-07-05,,OPEN,EMP-007542,6040,SOURCE_A_POS_STORE_MASTER,store_master.csv,2022-07-05T04:43:03.431931783,BATCH-A-20220705
ST-00319,San Diego Outlet Store #319,OUTLET,United States,CALIFORNIA,San Diego,596 Thompson Spur Suite 167,31866,US-West,2022-06-10,,OPEN,EMP-000023,5030,SOURCE_A_POS_STORE_MASTER,store_master.csv,2022-06-10T07:58:27.258921604,BATCH-A-20220610
ST-00320,Swansea Standard Store #320,STANDARD,United Kingdom,Wales,Swansea,1975 Hernandez Unions Suite 834,GY7 1NX,UK-South,2022-04-25,,OPEN,EMP-005852,7346,SOURCE_A_POS_STORE_MASTER,store_master.csv,2022-04-25T08:32:37.985087921,BATCH-A-20220425
ST-00321,New Delhi Standard Store #321,STANDARD,India,Delhi,New Delhi,616 Riley Crossing,301797,IN-North,2022-10-20,,OPEN,EMP-004054,13189,SOURCE_A_POS_STORE_MASTER,store_master.csv,2022-10-20T19:39:17.488662487,BATCH-A-20221020
ST-00322,Atlanta Express Store #322,EXPRESS,United States,Georgia,ATLANTA,51397 Rogers Freeway,50389,US-East,2019-10-07,2024-10-24,PERMANENTLY_CLOSED,,19244,SOURCE_A_POS_STORE_MASTER,store_master.csv,2019-10-07T04:58:22.539804460,BATCH-A-20191007
ST-00323,Calgary Express Store #323,EXPRESS,Canada,Alberta,Calgary,78743 Garrett Green,I5G 0P3,CA-West,2023-03-06,,OPEN,EMP-009495,11201,SOURCE_A_POS_STORE_MASTER,store_master.csv,2023-03-07T00:06:35.432513796,BATCH-A-20230306
ST-00324,Spokane Outlet Store #324,OUTLET,United States,Washington,Spokane,19935 Jack Junctions,69184,US-West,2022-12-10,,OPEN,EMP-001372,15239,SOURCE_A_POS_STORE_MASTER,store_master.csv,2022-12-10T23:24:59.614232859,BATCH-A-20221210
ST-00325,Atlanta Flagship Store #325,FLAGSHIP,United States,Georgia,Atlanta,961 Patrick Mountain,91109,US-East,2021-05-08,,OPEN,EMP-002198,7454,SOURCE_A_POS_STORE_MASTER,store_master.csv,2021-05-08T14:10:32.266815537,BATCH-A-20210508
ST-00326,Los Angeles Express Store #326,EXPRESS,United States,California,Los  Angeles,835 Dennis Spur,95691,US-West,2019-04-02,,TEMPORARILY_CLOSED,EMP-002051,7645,SOURCE_A_POS_STORE_MASTER,store_master.csv,2019-04-02T21:54:55.126317546,BATCH-A-20190402
ST-00327,Ottawa Express Store #327,EXPRESS,CA,Ontario,OTTAWA,595 Aguilar Cape,L6D 5J0,CA-East,2021-01-15,,TEMPORARILY_CLOSED,EMP-003286,24180,SOURCE_A_POS_STORE_MASTER,store_master.csv,2021-01-15T23:50:29.004846274,BATCH-A-20210115
ST-00328,Nagpur Outlet Store #328,OUTLET,IN,Maharashtra,Nagpur,163 Chase Light Apt. 579,505357,IN-West,2021-03-23,,OPEN,EMP-006175,24099,SOURCE_A_POS_STORE_MASTER,store_master.csv,2021-03-23T04:37:57.977884644,BATCH-A-20210323
ST-00329,Chennai Standard Store #329,STANDARD,India,Tamil Nadu,Chennai,84665 Oconnor Place Suite 539,282908,IN-South,2019-02-13,,OPEN,EMP-000646,4398,SOURCE_A_POS_STORE_MASTER,store_master.csv,2019-02-14T04:12:14.623218195,BATCH-A-20190213
ST-00330,Chicago Standard Store #330,STANDARD,US,Illinois,Chicago,348 Sherman Bypass Suite 916,53244,US-Central,2022-11-12,,OPEN,EMP-001437,2089,SOURCE_A_POS_STORE_MASTER,store_master.csv,2022-11-12T03:11:17.849281995,BATCH-A-20221112
ST-00331,Calgary Standard Store #331,STANDARD,Canada,Alberta,CALGARY,5258 Donald Inlet,T5M 4I8,CA-West,2022-02-06,,OPEN,EMP-012110,11146,SOURCE_A_POS_STORE_MASTER,store_master.csv,2022-02-07T01:01:48.942279975,BATCH-A-20220206
ST-00332,Aberdeen Standard Store #332,STANDARD,GB,Scotland,ABERDEEN,128 Derek Ridge Suite 871,LU8 2VD,UK-North,2021-02-24,,OPEN,EMP-001102,19382,SOURCE_A_POS_STORE_MASTER,store_master.csv,2021-02-25T00:50:55.080058661,BATCH-A-20210224
ST-00333,Quebec City Outlet Store #333,OUTLET,Canada,Quebec,QUEBEC CITY,8745 Bullock Parks Suite 848,V3F 7O3,CA-East,2021-06-25,,OPEN,EMP-002751,11520,SOURCE_A_POS_STORE_MASTER,store_master.csv,2021-06-25T02:53:18.812810397,BATCH-A-20210625
ST-00334,Spokane Standard Store #334,STANDARD,US,Washington,Spokane,38394 Vega Bridge,70216,US-West,2019-01-12,,OPEN,EMP-000240,21074,SOURCE_A_POS_STORE_MASTER,store_master.csv,2019-01-12T00:59:30.816577250,BATCH-A-20190112
ST-00335,Peoria Standard Store #335,STANDARD,United States,ILLINOIS,Peoria,6864 Veronica Burgs,35307,US-Central,2020-07-25,,OPEN,EMP-001027,1447,SOURCE_A_POS_STORE_MASTER,store_master.csv,2020-07-25T12:57:18.683330686,BATCH-A-20200725
ST-00336,Edinburgh Flagship Store #336,FLAGSHIP,United Kingdom,Scotland,Edinburgh,6346 Rogers Fall,NH4 6JI,UK-North,2021-04-24,,OPEN,EMP-000095,20441,SOURCE_A_POS_STORE_MASTER,store_master.csv,2021-04-25T02:59:44.347786686,BATCH-A-20210424
ST-00337,San Francisco Standard Store #337,STANDARD,United States,California,San Francisco,056 Carlson Lodge,42213,US-West,2020-08-08,,OPEN,EMP-002110,20289,SOURCE_A_POS_STORE_MASTER,store_master.csv,2020-08-08T22:15:41.350210123,BATCH-A-20200808
ST-00338,Swansea Standard Store #338,STANDARD,United Kingdom,Wales,"Swansea,",20906 Ian Meadows,CW7 7PX,UK-South,2020-09-10,,OPEN,EMP-002460,3251,SOURCE_A_POS_STORE_MASTER,store_master.csv,2020-09-11T05:53:26.323884608,BATCH-A-20200910
ST-00339,Seattle Standard Store #339,STANDARD,United States,Washington,Seattle,85103 Landry Valley,82227,US-West,2019-05-13,,OPEN,EMP-000527,4014,SOURCE_A_POS_STORE_MASTER,store_master.csv,2019-05-13T18:26:58.222193740,BATCH-A-20190513
ST-00340,Edinburgh Standard Store #340,STANDARD,United Kingdom,SCOTLAND,Edinburgh,088 Christopher Mountain,NG2 2LI,UK-North,2019-10-19,,OPEN,EMP-003339,13463,SOURCE_A_POS_STORE_MASTER,store_master.csv,2019-10-20T05:19:56.801475579,BATCH-A-20191019
ST-00341,Howrah Standard Store #341,STANDARD,India,WEST BENGAL,Howrah,456 Johnson Bypass Suite 526,719549,IN-East,2022-08-07,,OPEN,EMP-003981,10228,SOURCE_A_POS_STORE_MASTER,store_master.csv,2022-08-07T11:40:56.956596843,BATCH-A-20220807
ST-00342,Nagpur Flagship Store #342,FLAGSHIP,India,MAHARASHTRA,Nagpur,606 Sarah Trace Suite 004,546877,IN-West,2020-11-26,,OPEN,EMP-001978,12331,SOURCE_A_POS_STORE_MASTER,store_master.csv,2020-11-27T01:58:29.353843370,BATCH-A-20201126
ST-00343,Seattle Flagship Store #343,FLAGSHIP,United States,Washington,Seattle,7653 Charles Shoal Suite 083,61955,US-West,2020-02-11,,OPEN,EMP-004982,21755,SOURCE_A_POS_STORE_MASTER,store_master.csv,2020-02-11T18:42:42.432950001,BATCH-A-20200211
ST-00344,Dwarka Standard Store #344,STANDARD,IN,Delhi,"Dwarka,",0807 Parsons Vista Apt. 811,859983,IN-North,2020-03-10,,OPEN,EMP-002815,10510,SOURCE_A_POS_STORE_MASTER,store_master.csv,2020-03-11T02:40:45.172620191,BATCH-A-20200310
ST-00345,Vadodara Express Store #345,EXPRESS,India,Gujarat,Vadodara,1662 Tina Parkway,671827,IN-West,2021-12-20,,OPEN,EMP-003637,9333,SOURCE_A_POS_STORE_MASTER,store_master.csv,2021-12-20T06:43:23.198400349,BATCH-A-20211220
ST-00346,Cardiff Standard Store #346,STANDARD,United Kingdom,Wales,Cardiff,22917 Martin Square,CF7 5NF,UK-South,2022-12-03,,OPEN,EMP-010743,17375,SOURCE_A_POS_STORE_MASTER,store_master.csv,2022-12-20T04:00:00,BATCH-A-20221203
ST-00347,Bristol Outlet Store #347,OUTLET,United Kingdom,England ,Bristol,065 Henderson Trail,FK8 2PQ,UK-South,2022-12-24,,OPEN,EMP-006761,4369,SOURCE_A_POS_STORE_MASTER,store_master.csv,2022-12-24T11:15:00.507596219,BATCH-A-20221224
ST-00348,Coimbatore Express Store #348,EXPRESS,India,Tamil Nadu,Coimbatore,99062 King Centers,00000,IN-South,2022-01-22,,OPEN,EMP-005652,15104,SOURCE_A_POS_STORE_MASTER,store_master.csv,2022-01-22T23:47:15.990119471,BATCH-A-20220122
ST-00349,Dubai City Standard Store #349,STANDARD,UNITED ARAB EMIRATES,DUBAI,Dubai City,563 Hill Radial Apt. 585,,AE-Gulf,2021-01-11,,OPEN,EMP-002572,17033,SOURCE_A_POS_STORE_MASTER,store_master.csv,2021-01-12T02:23:07.333384632,BATCH-A-20210111
ST-00350,Dallas Standard Store #350,STANDARD,US,Texas,Dallas,5531 Terri Green Apt. 111,96747,US-Central,2019-08-18,,OPEN,EMP-006457,10839,SOURCE_A_POS_STORE_MASTER,store_master.csv,2019-08-18T18:39:48.502128340,BATCH-A-20190818
ST-00351,Fresno Standard Store #351,STANDARD,United States,California,Fresno,6838 Debra Greens,69860,US-West,2021-08-22,,OPEN,EMP-002466,24450,SOURCE_A_POS_STORE_MASTER,store_master.csv,2021-08-23T01:07:21.493320963,BATCH-A-20210822
ST-00352,Albany Express Store #352,EXPRESS,United States,New York,"ALBANY,",89412 Nicole Meadow,46131,US-East,2021-03-15,,OPEN,EMP-000804,6070,SOURCE_A_POS_STORE_MASTER,store_master.csv,2021-03-15T11:12:01.429018268,BATCH-A-20210315
ST-00353,Chennai Standard Store #353,STANDARD,India,Tamil Nadu,Chennai,1674 Michael Meadow,861802,IN-South,2021-03-15,2024-01-29,PERMANENTLY_CLOSED,,15390,SOURCE_A_POS_STORE_MASTER,store_master.csv,2021-03-16T01:56:51.390836509,BATCH-A-20210315
ST-00354,Manchester Standard Store #354,STANDARD,United Kingdom,ENGLAND,Manchester,908 Williams Forest Suite 101,DQ3 2TA,UK-South,2022-08-13,,OPEN,EMP-000536,20023,SOURCE_A_POS_STORE_MASTER,store_master.csv,2022-08-13T21:46:42.752471057,BATCH-A-20220813
ST-00355,New Delhi Standard Store #355,STANDARD,India,DELHI,New Delhi,970 Fisher Lock,315325,IN-North,2021-03-06,,OPEN,EMP-001671,10660,SOURCE_A_POS_STORE_MASTER,store_master.csv,2021-03-06T06:46:50.101331707,BATCH-A-20210306
ST-00356,Calgary Standard Store #356,STANDARD,Canada,Alberta,Calgary,156 Anna Common,L6C 4G0,CA-West,2021-04-11,,OPEN,EMP-005530,22560,SOURCE_A_POS_STORE_MASTER,store_master.csv,2021-04-11T15:05:11.340548942,BATCH-A-20210411
ST-00357,Tacoma Standard Store #357,STANDARD,United States,Washington,Tacoma,82719 Phillip Well Suite 438,91945,US-West,2019-04-07,,OPEN,EMP-010298,16211,SOURCE_A_POS_STORE_MASTER,store_master.csv,2019-04-07T20:18:15.766414749,BATCH-A-20190407
ST-00358,Victoria Outlet Store #358,OUTLET,Canada,British Columbia,Victoria,6640 Smith Road,F2H 0T3,CA-West,2021-05-17,,OPEN,EMP-004197,3946,SOURCE_A_POS_STORE_MASTER,store_master.csv,2021-05-17T15:42:34.730762853,BATCH-A-20210517
ST-00359,Houston Standard Store #359,STANDARD,United States,Texas,Houston,6369 Phillips Gardens Suite 543,36341,US-Central,2021-01-01,,OPEN,EMP-001166,14941,SOURCE_A_POS_STORE_MASTER,store_master.csv,2021-01-01T17:29:29.144927637,BATCH-A-20210101
ST-00360,San Diego Standard Store #360,STANDARD,United States,California,"San Diego,",355 Angela Wells,48162,US-West,2020-09-23,,OPEN,EMP-019653,3373,SOURCE_A_POS_STORE_MASTER,store_master.csv,2020-09-23T08:25:08.122311895,BATCH-A-20200923
ST-00361,Chennai Outlet Store #361,OUTLET,India,TAMIL NADU,Chennai,83976 Schwartz Viaduct,111023,IN-South,2022-01-13,,OPEN,EMP-003201,2269,SOURCE_A_POS_STORE_MASTER,store_master.csv,2022-01-13T09:56:07.243758342,BATCH-A-20220113
ST-00362,Buffalo Express Store #362,EXPRESS,United States,New York,Buffalo,8437 Stephen Extension,32121,US-East,2022-07-02,,OPEN,EMP-001227,12171,SOURCE_A_POS_STORE_MASTER,store_master.csv,2022-07-02T13:23:26.520343283,BATCH-A-20220702
ST-00363,Ottawa Outlet Store #363,OUTLET,Canada,Ontario,Ottawa,841 George Well,U6E 6P4,CA-East,2022-06-05,,OPEN,EMP-000401,22199,SOURCE_A_POS_STORE_MASTER,store_master.csv,2022-06-05T13:33:28.473142817,BATCH-A-20220605
ST-00364,Ottawa Standard Store #364,STANDARD,Canada,Ontario,Ottawa,9676 Matthew Radial,F8H 8U5,CA-East,2019-12-05,,OPEN,EMP-000577,20597,SOURCE_A_POS_STORE_MASTER,store_master.csv,2019-12-05T14:32:39.205154919,BATCH-A-20191205
ST-00365,Mumbai Flagship Store #365,FLAGSHIP,India,MAHARASHTRA,Mumbai,7751 Robert Forge Apt. 499,400397,IN-West,2019-04-10,,OPEN,EMP-003983,8561,SOURCE_A_POS_STORE_MASTER,store_master.csv,2019-04-11T05:23:30.517615160,BATCH-A-20190410
ST-00366,Madurai Standard Store #366,STANDARD,India,Tamil Nadu,Madurai,49742 Phillip Valley Suite 447,573986,IN-South,2019-07-07,,OPEN,EMP-003680,8733,SOURCE_A_POS_STORE_MASTER,store_master.csv,2019-07-07T23:43:07.494356223,BATCH-A-20190707
ST-00367,Pune Express Store #367,EXPRESS,IN,MAHARASHTRA,Pune,4109 Wayne Hollow Suite 773,230965,IN-West,2021-09-23,,OPEN,EMP-012826,8499,SOURCE_A_POS_STORE_MASTER,store_master.csv,2021-09-23T06:07:30.451944951,BATCH-A-20210923
ST-00368,Nagpur Standard Store #368,STANDARD,India,Maharashtra,Nagpur,748 Garcia Walks,419559,IN-West,2021-03-30,,OPEN,EMP-001058,15948,SOURCE_A_POS_STORE_MASTER,store_master.csv,2021-03-30T03:52:35.842683888,BATCH-A-20210330
ST-00369,Hubballi Express Store #369,EXPRESS,India,Karnataka,Hubballi,691 Martinez Lodge Suite 562,898326,IN-South,2022-04-13,2025-09-01,PERMANENTLY_CLOSED,,7171,SOURCE_A_POS_STORE_MASTER,store_master.csv,2022-04-13T10:20:54.744753096,BATCH-A-20220413
ST-00370,Vadodara Outlet Store #370,OUTLET,India,Gujarat,Vadodara,29731 Scott Islands Apt. 131,531421,IN-West,2022-06-28,,OPEN,EMP-007618,7624,SOURCE_A_POS_STORE_MASTER,store_master.csv,2022-06-28T18:52:21.143488785,BATCH-A-20220628
ST-00371,Nashik Outlet Store #371,OUTLET,India,Maharashtra,Nashik,90682 Laura Harbors Suite 432,536083,IN-West,2019-11-30,,OPEN,EMP-006782,21631,SOURCE_A_POS_STORE_MASTER,store_master.csv,2019-11-30T03:50:30.937391292,BATCH-A-20191130
ST-00372,New Delhi Standard Store #372,STANDARD,India,Delhi,NEW DELHI,0641 Schultz Spur,116383,IN-North,2019-11-23,,OPEN,EMP-005063,11022,SOURCE_A_POS_STORE_MASTER,store_master.csv,2019-11-24T02:38:45.221062306,BATCH-A-20191123
ST-00373,Atlanta Flagship Store #373,FLAGSHIP,United States,Georgia,Atlanta,4315 Kylie Throughway,19226,US-East,2019-08-22,,OPEN,EMP-005552,15852,SOURCE_A_POS_STORE_MASTER,store_master.csv,2019-08-22T23:13:10.498604913,BATCH-A-20190822
ST-00374,Cardiff Standard Store #374,STANDARD,United Kingdom,Wales,Cardiff,65539 Michael Mountains,QO6 3CP,UK-South,2023-03-05,,OPEN,EMP-006117,19400,SOURCE_A_POS_STORE_MASTER,store_master.csv,2023-03-05T06:56:01.345813413,BATCH-A-20230305
ST-00375,Bengaluru Express Store #375,EXPRESS,IN,Karnataka,Bengaluru,195 Rivera Streets Apt. 648,,IN-South,2022-12-22,,OPEN,EMP-003781,18021,SOURCE_A_POS_STORE_MASTER,store_master.csv,2022-12-22T04:51:02.462254234,BATCH-A-20221222
ST-00376,Sharjah City Standard Store #376,STANDARD,United Arab Emirates,Sharjah,Sharjah City,25345 Downs Inlet Apt. 931,,AE-Gulf,2021-11-27,,OPEN,EMP-001441,2451,SOURCE_A_POS_STORE_MASTER,store_master.csv,2021-11-27T05:34:34.494214730,BATCH-A-20211127
ST-00377,Coimbatore Standard Store #377,STANDARD,India,Tamil Nadu,Coimbatore,99402 Gomez Passage,299618,IN-South,2019-05-15,2024-09-04,PERMANENTLY_CLOSED,,2296,SOURCE_A_POS_STORE_MASTER,store_master.csv,2019-05-15T11:09:13.489393431,BATCH-A-20190515
ST-00378,Surrey Outlet Store #378,OUTLET,Canada,British Columbia,Surrey,19533 Dawn Crossroad Suite 521,F6J 1S7,CA-West,2019-07-12,2021-03-18,PERMANENTLY_CLOSED,,9903,SOURCE_A_POS_STORE_MASTER,store_master.csv,2019-07-13T00:59:00.494674707,BATCH-A-20190712
ST-00379,Dubai City Outlet Store #379,OUTLET,United Arab Emirates,Dubai,Dubai City,1177 Rogers Square,,AE-Gulf,2020-07-22,,OPEN,EMP-002369,14128,SOURCE_A_POS_STORE_MASTER,store_master.csv,2020-07-23T02:26:16.610784933,BATCH-A-20200722
ST-00380,Hubballi Express Store #380,EXPRESS,IN,Karnataka ,Hubballi,1767 Wood Row,715236,IN-South,2019-10-08,,OPEN,EMP-004110,11923,SOURCE_A_POS_STORE_MASTER,store_master.csv,2019-10-08T06:48:04.104004736,BATCH-A-20191008
ST-00381,Chicago Standard Store #381,STANDARD,United States,Illinois,Chicago,5155 Morris Bypass,82159,US-Central,2022-01-10,,OPEN,EMP-006057,13190,SOURCE_A_POS_STORE_MASTER,store_master.csv,2022-01-11T04:04:56.850074757,BATCH-A-20220110
ST-00382,Sharjah City Flagship Store #382,FLAGSHIP,United Arab Emirates,,Sharjah City,06726 Clark Turnpike,,AE-Gulf,2022-04-16,,OPEN,EMP-001498,5664,SOURCE_A_POS_STORE_MASTER,store_master.csv,2022-04-16T06:57:40.364961024,BATCH-A-20220416
ST-00383,Dwarka Outlet Store #383,OUTLET,India,Delhi,Dwarka,675 Kim Points,00000,IN-North,2021-05-30,,OPEN,EMP-001075,7761,SOURCE_A_POS_STORE_MASTER,store_master.csv,2021-05-30T17:52:28.048833241,BATCH-A-20210530
ST-00384,Peoria Standard Store #384,STANDARD,US,Illinois,Peoria,60450 Dustin Causeway,29024,US-Central,2022-06-11,,OPEN,EMP-005998,24368,SOURCE_A_POS_STORE_MASTER,store_master.csv,2022-06-11T02:37:23.801370772,BATCH-A-20220611
ST-00385,Patna Standard Store #385,STANDARD,India,Bihar,Patna,115 Tonya Plain,455834,IN-North,2021-01-06,,OPEN,EMP-016144,20298,SOURCE_A_POS_STORE_MASTER,store_master.csv,2021-01-06T12:13:52.486825845,BATCH-A-20210106
ST-00386,Austin Outlet Store #386,OUTLET,United States,Texas ,Austin,954 Pamela Knoll Suite 790,10822,US-Central,2021-09-15,,OPEN,EMP-007040,24133,SOURCE_A_POS_STORE_MASTER,store_master.csv,2021-09-15T02:09:58.376331664,BATCH-A-20210915
ST-00387,Bengaluru Flagship Store #387,FLAGSHIP,IN,KARNATAKA,Bengaluru,8879 Shannon Springs Suite 795,826024,IN-South,2019-05-16,,OPEN,EMP-005362,14282,SOURCE_A_POS_STORE_MASTER,store_master.csv,2019-05-16T23:57:50.644805066,BATCH-A-20190516
ST-00388,Ottawa Flagship Store #388,FLAGSHIP,CA,Ontario,Ottawa,341 Frank Underpass Apt. 924,Y6D 7P3,CA-East,2021-11-11,,OPEN,EMP-002346,3973,SOURCE_A_POS_STORE_MASTER,store_master.csv,2021-11-12T05:16:34.213079553,BATCH-A-20211111
ST-00389,Pune Standard Store #389,STANDARD,India,Maharashtra,Pune,99360 Jonathan Summit Apt. 022,545042,IN-West,2022-11-23,,OPEN,EMP-000785,17818,SOURCE_A_POS_STORE_MASTER,store_master.csv,2022-11-23T08:12:28.934717413,BATCH-A-20221123
ST-00390,Savannah Standard Store #390,STANDARD,US,Georgia,SAVANNAH,570 Reed Alley,62535,US-East,2019-10-23,,OPEN,EMP-008268,13170,SOURCE_A_POS_STORE_MASTER,store_master.csv,2019-10-23T12:12:20.086526230,BATCH-A-20191023
ST-00391,Dwarka Standard Store #391,STANDARD,IN,Delhi,Dwarka,37961 Smith Ports,672229,IN-North,2022-10-11,,OPEN,EMP-005117,10069,SOURCE_A_POS_STORE_MASTER,store_master.csv,2022-10-11T19:29:01.050948391,BATCH-A-20221011
ST-00392,Muzaffarpur Standard Store #392,STANDARD,India,Bihar,MUZAFFARPUR,471 Hayes Square,542547,IN-North,2022-02-28,,OPEN,EMP-002665,10487,SOURCE_A_POS_STORE_MASTER,store_master.csv,2022-03-17T22:00:00,BATCH-A-20220228
ST-00393,Al Ain Flagship Store #393,FLAGSHIP,United Arab Emirates,Abu Dhabi,Al Ain,2591 Joseph Fall,,AE-Gulf,2021-12-15,,OPEN,EMP-016216,3087,SOURCE_A_POS_STORE_MASTER,store_master.csv,2021-12-15T06:23:26.737886680,BATCH-A-20211215
ST-00394,Atlanta Outlet Store #394,OUTLET,United States,Georgia,Atlanta,2488 Ricky Village Suite 010,69159,US-East,2022-06-27,,OPEN,EMP-000917,8661,SOURCE_A_POS_STORE_MASTER,store_master.csv,2022-06-27T09:03:31.840403954,BATCH-A-20220627
ST-00395,Bhagalpur Standard Store #395,STANDARD,INDIA,Bihar,BHAGALPUR,19797 Yates Brooks Suite 200,391947,IN-North,2020-03-03,,OPEN,EMP-014757,9423,SOURCE_A_POS_STORE_MASTER,store_master.csv,2020-03-03T13:01:25.446189388,BATCH-A-20200303
ST-00396,Alexandria Standard Store #396,STANDARD,India,Karnataka,Alexandria,73646 Mason Highway Apt. 659,654568,IN-South,2022-09-26,,OPEN,EMP-000618,8834,SOURCE_A_POS_STORE_MASTER,store_master.csv,2022-09-26T06:53:17.146374017,BATCH-A-20220926
ST-00397,Rohini Flagship Store #397,FLAGSHIP,India,Delhi,Rohini,0730 Stephen Radial,866541,IN-North,2020-09-24,,OPEN,EMP-005204,17047,SOURCE_A_POS_STORE_MASTER,store_master.csv,2020-09-25T02:06:04.380682171,BATCH-A-20200924
ST-00398,Los Angeles Standard Store #398,STANDARD,United States,California,Los  Angeles,9812 Chase Road Suite 853,70900,US-West,2020-11-14,,OPEN,EMP-004626,16686,SOURCE_A_POS_STORE_MASTER,store_master.csv,2020-11-14T14:57:21.175900515,BATCH-A-20201114
ST-00399,Howrah Standard Store #399,STANDARD,India,WEST BENGAL,Howrah,5644 Camacho Plaza Apt. 567,881668,IN-East,2021-06-01,,OPEN,EMP-000509,6470,SOURCE_A_POS_STORE_MASTER,store_master.csv,2021-06-02T02:08:03.636549340,BATCH-A-20210601
ST-00400,Coimbatore Flagship Store #400,FLAGSHIP,India,TAMIL NADU,COIMBATORE,306 Blackburn Forest Apt. 452,NA,IN-South,2022-09-15,,OPEN,EMP-006256,7500,SOURCE_A_POS_STORE_MASTER,store_master.csv,2022-09-15T00:41:16.020032272,BATCH-A-20220915
ST-00401,Peoria Standard Store #401,STANDARD,UNITED STATES,Illinois,Peoria,697 Stephanie Port,43639,US-Central,2019-10-22,,OPEN,EMP-003027,2622,SOURCE_A_POS_STORE_MASTER,store_master.csv,2019-10-22T17:31:36.859713002,BATCH-A-20191022
ST-00402,Siliguri Flagship Store #402,FLAGSHIP,India,West Bengal,Siliguri,7447 Gardner Gardens,818677,IN-East,2022-08-08,,OPEN,EMP-004710,14523,SOURCE_A_POS_STORE_MASTER,store_master.csv,2022-08-08T08:24:44.504086869,BATCH-A-20220808
ST-00403,Springfield Standard Store #403,STANDARD,UNITED STATES,Illinois,Springfield,3314 Heather Ferry Suite 976,14260,US-Central,2022-01-03,,OPEN,EMP-018071,4606,SOURCE_A_POS_STORE_MASTER,store_master.csv,2022-01-03T17:07:43.049878917,BATCH-A-20220103
ST-00404,Jebel Ali Standard Store #404,STANDARD,United Arab Emirates,Dubai,Jebel Ali,218 Sellers Spurs Apt. 220,,AE-Gulf,2021-02-28,,OPEN,EMP-003082,4605,SOURCE_A_POS_STORE_MASTER,store_master.csv,2021-03-01T05:32:34.699097961,BATCH-A-20210228
ST-00405,Ahmedabad Standard Store #405,STANDARD,India,Gujarat,Ahmedabad,4783 Valdez Burgs,713112,IN-West,2020-11-12,,OPEN,EMP-002855,21530,SOURCE_A_POS_STORE_MASTER,store_master.csv,2020-11-12T10:31:19.572300606,BATCH-A-20201112
ST-00406,Surrey Flagship Store #406,FLAGSHIP,Canada,British Columbia,Surrey,5312 Andrea Rue Apt. 032,C3A 3T7,CA-West,2022-12-14,,OPEN,EMP-008122,8280,SOURCE_A_POS_STORE_MASTER,store_master.csv,2022-12-14T10:23:22.877065236,BATCH-A-20221214
ST-00407,Pune Outlet Store #407,OUTLET,IN,Maharashtra,Pune,257 Rocha Squares Apt. 093,891806,IN-West,2021-05-19,,OPEN,EMP-012785,996,SOURCE_A_POS_STORE_MASTER,store_master.csv,2021-05-19T01:10:20.897518948,BATCH-A-20210519
ST-00408,Cardiff Standard Store #408,STANDARD,United Kingdom,Wales,Cardiff,37941 Davidson River Apt. 133,YA1 4BB,UK-South,2019-08-17,,OPEN,EMP-000459,6170,SOURCE_A_POS_STORE_MASTER,store_master.csv,2019-08-17T08:52:58.759807878,BATCH-A-20190817
ST-00409,Peoria Standard Store #409,STANDARD,UNITED STATES,Illinois,Peoria,718 Kathy Pines Suite 694,42772,US-Central,2021-06-20,,OPEN,EMP-001381,23073,SOURCE_A_POS_STORE_MASTER,store_master.csv,2021-06-20T19:10:24.987260376,BATCH-A-20210620
ST-00410,Victoria Standard Store #410,STANDARD,Canada,British Columbia,Victoria,3868 Stewart Skyway,F8B 1Y0,CA-West,2023-01-11,,OPEN,EMP-004585,803,SOURCE_A_POS_STORE_MASTER,store_master.csv,2023-01-11T02:52:49.540447828,BATCH-A-20230111
ST-00411,Siliguri Standard Store #411,STANDARD,India,West Bengal,SILIGURI,679 Mitchell Views Suite 318,169386,IN-East,2021-11-07,,OPEN,EMP-010926,4857,SOURCE_A_POS_STORE_MASTER,store_master.csv,2021-11-08T00:26:58.908991127,BATCH-A-20211107
ST-00412,Atlanta Outlet Store #412,OUTLET,United States,Georgia,Atlanta,07221 Michael Cove Suite 985,40942,US-East,2021-05-18,,OPEN,,6657,SOURCE_A_POS_STORE_MASTER,store_master.csv,2021-05-18T19:16:43.448229119,BATCH-A-20210518
ST-00413,Sharjah City Standard Store #413,STANDARD,United Arab Emirates,Sharjah,SHARJAH CITY,1544 Stephanie Crest,,AE-Gulf,2019-10-15,,OPEN,EMP-010506,22142,SOURCE_A_POS_STORE_MASTER,store_master.csv,2019-10-15T01:16:41.525383710,BATCH-A-20191015
ST-00414,Siliguri Outlet Store #414,OUTLET,India,West Bengal,Siliguri,0555 Raymond Ramp,646726,IN-East,2022-10-26,2024-10-12,PERMANENTLY_CLOSED,,23645,SOURCE_A_POS_STORE_MASTER,store_master.csv,2022-10-26T09:43:13.571843277,BATCH-A-20221026
ST-00415,Spokane Standard Store #415,STANDARD,United States,Washington,Spokane,85203 Walter Springs,64996,US-West,2020-11-23,2022-12-14,PERMANENTLY_CLOSED,,20339,SOURCE_A_POS_STORE_MASTER,store_master.csv,2020-11-24T01:03:04.949755236,BATCH-A-20201123
ST-00416,Dwarka Outlet Store #416,OUTLET,India,Delhi,Dwarka,0887 Ronald Run,658652,IN-North,2022-05-17,,OPEN,EMP-000606,12917,SOURCE_A_POS_STORE_MASTER,store_master.csv,2022-05-17T02:30:50.660802498,BATCH-A-20220517
ST-00417,Alexandria Standard Store #417,STANDARD,United States,-,Alexandria,227 Scott Squares,81108,US-East,2020-05-07,,OPEN,EMP-009212,4670,SOURCE_A_POS_STORE_MASTER,store_master.csv,2020-05-07T20:00:43.925386310,BATCH-A-20200507
ST-00418,Mumbai Standard Store #418,STANDARD,India,Maharashtra,MUMBAI,8736 Andrew Bridge Suite 583,214977,IN-West,2020-04-10,,OPEN,EMP-003994,2578,SOURCE_A_POS_STORE_MASTER,store_master.csv,2020-04-10T11:25:33.113016242,BATCH-A-20200410
ST-00419,Quebec City Outlet Store #419,OUTLET,Canada,Quebec,"Quebec City,",5108 Eric Mill,J5P 1C0,CA-East,2019-02-12,,OPEN,EMP-008081,20583,SOURCE_A_POS_STORE_MASTER,store_master.csv,2019-02-13T01:34:11.280256043,BATCH-A-20190212
ST-00420,Bengaluru Standard Store #420,STANDARD,IN,Karnataka,"Bengaluru,",9887 Melanie Trafficway Suite 935,676495,IN-South,2019-04-11,,OPEN,EMP-009590,21133,SOURCE_A_POS_STORE_MASTER,store_master.csv,2019-04-11T10:03:11.716161286,BATCH-A-20190411
ST-00421,Seattle Standard Store #421,STANDARD,United States,Washington,Seattle,8988 Louis Fork Suite 031,48908,US-West,2020-03-07,,OPEN,EMP-016412,17678,SOURCE_A_POS_STORE_MASTER,store_master.csv,2020-03-08T05:56:08.216967909,BATCH-A-20200307
ST-00422,Howrah Standard Store #422,STANDARD,India,West Bengal,Howrah,11783 Perry Skyway Suite 177,454170,IN-East,2021-12-14,,OPEN,EMP-004269,9503,SOURCE_A_POS_STORE_MASTER,store_master.csv,2021-12-14T15:47:29.739296169,BATCH-A-20211214
ST-00423,New Delhi Express Store #423,EXPRESS,India,Delhi,New Delhi,3477 Williams Ramp,704113,IN-North,2020-07-05,,OPEN,EMP-002934,16623,SOURCE_A_POS_STORE_MASTER,store_master.csv,2020-07-05T18:46:02.775878108,BATCH-A-20200705
ST-00424,Dallas Outlet Store #424,OUTLET,United States,Texas,Dallas,3860 Angela Manor,69116,US-Central,2020-12-12,,OPEN,EMP-000375,12124,SOURCE_A_POS_STORE_MASTER,store_master.csv,2020-12-13T03:40:26.735012181,BATCH-A-20201212
ST-00425,Siliguri Standard Store #425,STANDARD,IN,West Bengal,Siliguri,08692 Sanchez Branch,583592,IN-East,2021-01-01,,OPEN,EMP-009769,15917,SOURCE_A_POS_STORE_MASTER,store_master.csv,2021-01-01T13:42:34.335047667,BATCH-A-20210101
ST-00426,Houston Outlet Store #426,OUTLET,United States,Texas,Houston,904 Weaver Mount Apt. 296,78079,US-Central,2020-12-01,,OPEN,EMP-003537,5907,SOURCE_A_POS_STORE_MASTER,store_master.csv,2020-12-01T09:32:38.777336476,BATCH-A-20201201
ST-00427,Vancouver Express Store #427,EXPRESS,CA,BRITISH COLUMBIA ,Vancouver,1117 Robinson Station Apt. 128,U0K 8W6,CA-West,2019-03-19,,OPEN,EMP-001776,18502,SOURCE_A_POS_STORE_MASTER,store_master.csv,2019-03-19T00:34:49.037057070,BATCH-A-20190319
ST-00428,Patna Standard Store #428,STANDARD,India,Bihar,Patna,25834 Patricia Circle,326522,IN-North,2021-10-22,,OPEN,EMP-004596,3255,SOURCE_A_POS_STORE_MASTER,store_master.csv,2021-10-22T02:46:42.378856258,BATCH-A-20211022
ST-00429,Kolkata Flagship Store #429,FLAGSHIP,India,West Bengal,N/A,65980 Ray Corners,726814,IN-East,2021-10-03,,OPEN,EMP-002122,24927,SOURCE_A_POS_STORE_MASTER,store_master.csv,2021-10-03T09:19:27.476116698,BATCH-A-20211003
ST-00430,Buffalo Outlet Store #430,OUTLET,United States,New York,Buffalo,778 Thomas Stravenue,65150,US-East,2022-12-25,,OPEN,EMP-003333,13687,SOURCE_A_POS_STORE_MASTER,store_master.csv,2022-12-26T04:07:56.662247473,BATCH-A-20221225
ST-00431,Dallas Standard Store #431,STANDARD,US,-,Dallas,046 Richard Flat Suite 324,82210,US-Central,2020-06-29,2022-10-29,PERMANENTLY_CLOSED,,14923,SOURCE_A_POS_STORE_MASTER,store_master.csv,2020-06-30T01:20:09.958364333,BATCH-A-20200629
ST-00432,Kolkata Flagship Store #432,FLAGSHIP,India,West Bengal,Kolkata,227 John Wall,372248,IN-East,2021-03-22,,OPEN,EMP-002335,8042,SOURCE_A_POS_STORE_MASTER,store_master.csv,2021-03-23T04:13:05.802989046,BATCH-A-20210322
ST-00433,New York City Standard Store #433,STANDARD,United States,New York,New York City,1585 Elizabeth Street,94396,US-East,2021-04-01,,OPEN,EMP-014691,20006,SOURCE_A_POS_STORE_MASTER,store_master.csv,2021-04-02T03:37:45.146038235,BATCH-A-20210401
ST-00434,Peoria Standard Store #434,STANDARD,United States,Illinois,Peoria,19163 Katie Prairie,81105,US-Central,2020-12-19,,OPEN,EMP-000088,1281,SOURCE_A_POS_STORE_MASTER,store_master.csv,2020-12-19T11:32:31.145847792,BATCH-A-20201219
ST-00435,Ahmedabad Standard Store #435,STANDARD,India,Gujarat,AHMEDABAD,9837 Brandi Gardens,892978,IN-West,2019-11-26,,OPEN,EMP-017545,11450,SOURCE_A_POS_STORE_MASTER,store_master.csv,2019-11-26T20:04:53.515809258,BATCH-A-20191126
ST-00436,Chennai Standard Store #436,STANDARD,India,Tamil Nadu,Chennai,4704 Michelle Plain Apt. 248,539136,IN-South,2019-12-24,,OPEN,EMP-005470,15433,SOURCE_A_POS_STORE_MASTER,store_master.csv,2019-12-24T23:29:38.210302242,BATCH-A-20191224
ST-00437,Dwarka Standard Store #437,STANDARD,India,Delhi,Dwarka,988 Paul Shoals,348286,IN-North,2020-05-11,,OPEN,EMP-002065,21159,SOURCE_A_POS_STORE_MASTER,store_master.csv,2020-05-12T05:44:17.077624280,BATCH-A-20200511
ST-00438,Alexandria Flagship Store #438,FLAGSHIP,India,Karnataka,Alexandria,354 Hoffman Point Apt. 140,289968,IN-South,2020-04-10,,OPEN,EMP-013113,12465,SOURCE_A_POS_STORE_MASTER,store_master.csv,2020-04-10T10:22:15.197824600,BATCH-A-20200410
ST-00439,Cardiff Standard Store #439,STANDARD,United Kingdom,Wales,Cardiff,49611 Hill Motorway,CO8 1IK,UK-South,2021-07-16,,OPEN,,11174,SOURCE_A_POS_STORE_MASTER,store_master.csv,2021-07-16T16:43:05.952719841,BATCH-A-20210716
ST-00440,Ahmedabad Standard Store #440,STANDARD,India,Gujarat,Ahmedabad,2727 Kathryn Summit,399199,IN-West,2022-12-16,,OPEN,EMP-007565,12756,SOURCE_A_POS_STORE_MASTER,store_master.csv,2022-12-16T10:52:10.781924752,BATCH-A-20221216
ST-00441,Edinburgh Express Store #441,EXPRESS,United Kingdom,?,Edinburgh,14859 Cox Curve Apt. 963,HB8 8ZE,UK-North,2020-11-14,,OPEN,EMP-002275,21595,SOURCE_A_POS_STORE_MASTER,store_master.csv,2020-11-14T03:26:45.514692054,BATCH-A-20201114
ST-00442,Sharjah City Standard Store #442,STANDARD,United Arab Emirates,Sharjah,SHARJAH CITY,26853 Chad Prairie,,AE-Gulf,2019-07-19,,OPEN,EMP-000986,6364,SOURCE_A_POS_STORE_MASTER,store_master.csv,2019-07-19T04:15:51.024814116,BATCH-A-20190719
ST-00443,Savannah Outlet Store #443,OUTLET,United States,Georgia,SAVANNAH,64688 Gabriel Square Apt. 911,85316,US-East,2020-03-14,2026-04-30,PERMANENTLY_CLOSED,,10864,SOURCE_A_POS_STORE_MASTER,store_master.csv,2020-03-14T11:16:17.550783734,BATCH-A-20200314
ST-00444,Fresno Standard Store #444,STANDARD,United States,California,Fresno,34591 Russell Viaduct Apt. 750,90639,US-West,2023-03-11,,OPEN,EMP-002131,20822,SOURCE_A_POS_STORE_MASTER,store_master.csv,2023-03-11T20:12:52.729939922,BATCH-A-20230311
ST-00445,Victoria Express Store #445,EXPRESS,India,Gujarat,"Victoria,",348 Luis Square Apt. 956,148299,IN-West,2022-12-12,,OPEN,EMP-004859,19774,SOURCE_A_POS_STORE_MASTER,store_master.csv,2022-12-12T10:15:47.476130325,BATCH-A-20221212
ST-00446,Ottawa Outlet Store #446,OUTLET,Canada,Ontario,Ottawa,79330 Elliott Mill,S4H 0H6,CA-East,2023-02-05,,OPEN,EMP-000247,9686,SOURCE_A_POS_STORE_MASTER,store_master.csv,2023-02-05T17:40:25.835754628,BATCH-A-20230205
ST-00447,Patna Standard Store #447,STANDARD,IN,Bihar,Patna,65059 Richardson Mission,00000,IN-North,2019-10-30,,OPEN,EMP-004553,20586,SOURCE_A_POS_STORE_MASTER,store_master.csv,2019-10-31T04:30:52.259630840,BATCH-A-20191030
ST-00448,Chennai Express Store #448,EXPRESS,India,TAMIL NADU,CHENNAI,1492 Cooper Field Suite 204,747240,IN-South,2022-11-24,,OPEN,EMP-002411,16315,SOURCE_A_POS_STORE_MASTER,store_master.csv,2022-11-25T05:18:46.288545860,BATCH-A-20221124
ST-00449,New York City Outlet Store #449,OUTLET,United States,New York,New York City,019 Lisa Oval Apt. 735,36255,US-East,2019-01-07,,OPEN,EMP-001899,6981,SOURCE_A_POS_STORE_MASTER,store_master.csv,2019-01-08T03:08:52.864053246,BATCH-A-20190107
ST-00450,Surat Express Store #450,EXPRESS,India,Gujarat,Surat,58828 Smith Union,153998,IN-West,2021-08-10,,OPEN,EMP-007239,14747,SOURCE_A_POS_STORE_MASTER,store_master.csv,2021-08-10T15:37:56.635142225,BATCH-A-20210810
ST-00451,Buffalo Standard Store #451,STANDARD,United States,New York,Buffalo,936 Michael Trace,91359,US-East,2020-01-28,,OPEN,EMP-001010,2446,SOURCE_A_POS_STORE_MASTER,store_master.csv,2020-02-13T01:00:00,BATCH-A-20200128
ST-00452,Nashik Standard Store #452,STANDARD,N/A,MAHARASHTRA,Nashik,103 Kimberly Mission Apt. 187,,IN-West,2022-01-10,,OPEN,EMP-001477,13874,SOURCE_A_POS_STORE_MASTER,store_master.csv,2022-01-10T20:03:03.401384838,BATCH-A-20220110
ST-00453,Gaya Outlet Store #453,OUTLET,India,BIHAR,Gaya,1162 Bates Expressway,816514,IN-North,2019-09-14,,OPEN,EMP-002008,14320,SOURCE_A_POS_STORE_MASTER,store_master.csv,2019-09-14T10:25:33.775971701,BATCH-A-20190914
ST-00454,Gaya Standard Store #454,STANDARD,India,BIHAR,"Gaya,",47999 Rodriguez Freeway,593864,IN-North,2020-03-07,,OPEN,EMP-013947,10708,SOURCE_A_POS_STORE_MASTER,store_master.csv,2020-03-07T13:24:09.587834739,BATCH-A-20200307
ST-00455,Gaya Flagship Store #455,FLAGSHIP,India,BIHAR,GAYA,31358 Christopher Grove Apt. 971,329719,IN-North,2020-11-14,,OPEN,EMP-004369,13890,SOURCE_A_POS_STORE_MASTER,store_master.csv,2020-11-14T19:56:54.508846574,BATCH-A-20201114
ST-00456,Chennai Express Store #456,EXPRESS,India,Tamil Nadu,Chennai,943 Kelly Ranch Apt. 507,291476,IN-South,2022-04-05,,OPEN,EMP-000641,15740,SOURCE_A_POS_STORE_MASTER,store_master.csv,2022-04-06T00:17:31.255698988,BATCH-A-20220405
ST-00457,Mumbai Express Store #457,EXPRESS,India,Maharashtra,MUMBAI,3410 Kelly Row Apt. 628,302752,IN-West,2021-01-13,,OPEN,EMP-005506,14158,SOURCE_A_POS_STORE_MASTER,store_master.csv,2021-01-13T16:48:39.231422141,BATCH-A-20210113
ST-00458,Rohini Express Store #458,EXPRESS,India,Delhi,Rohini,9214 Herrera Square,,IN-North,2022-02-27,,OPEN,EMP-004782,23231,SOURCE_A_POS_STORE_MASTER,store_master.csv,2022-02-27T13:48:12.333082859,BATCH-A-20220227
ST-00459,Atlanta Flagship Store #459,FLAGSHIP,US,Georgia,Atlanta,6519 Karen Way Apt. 814,58993,US-East,2022-03-25,,OPEN,EMP-003634,13105,SOURCE_A_POS_STORE_MASTER,store_master.csv,2022-03-26T02:49:04.327294422,BATCH-A-20220325
ST-00460,Atlanta Standard Store #460,STANDARD,UNITED STATES,Georgia,Atlanta,06292 Ashley Views,51970,US-East,2022-10-25,,OPEN,EMP-001997,10752,SOURCE_A_POS_STORE_MASTER,store_master.csv,2022-10-25T03:36:56.500828761,BATCH-A-20221025
ST-00461,Jebel Ali Outlet Store #461,OUTLET,United Arab Emirates,Dubai,Jebel Ali,7333 Jennifer Villages,,AE-Gulf,2022-12-20,,OPEN,EMP-009821,23843,SOURCE_A_POS_STORE_MASTER,store_master.csv,2022-12-20T01:53:45.676205143,BATCH-A-20221220
ST-00462,San Diego Standard Store #462,STANDARD,United States,California,San Diego,2535 Graham Stream Apt. 865,89112,US-West,2022-04-18,,OPEN,EMP-003996,13421,SOURCE_A_POS_STORE_MASTER,store_master.csv,2022-04-18T17:56:43.394431097,BATCH-A-20220418
ST-00463,Houston Standard Store #463,STANDARD,United States,Texas,Houston,49812 Owens Springs,90513,US-Central,2019-12-14,,OPEN,EMP-018311,6561,SOURCE_A_POS_STORE_MASTER,store_master.csv,2019-12-30T02:00:00,BATCH-A-20191214
ST-00464,Surrey Standard Store #464,STANDARD,Canada,British Columbia,Surrey,93156 Erin Falls Apt. 070,O4W 1A7,CA-West,2021-02-27,,OPEN,EMP-004593,11329,SOURCE_A_POS_STORE_MASTER,store_master.csv,2021-02-27T23:36:52.188211301,BATCH-A-20210227
ST-00465,Dallas Standard Store #465,STANDARD,United States,TEXAS,Dallas,52830 Lee Pines,86164,US-Central,2020-03-25,,OPEN,EMP-005398,19576,SOURCE_A_POS_STORE_MASTER,store_master.csv,2020-03-25T23:31:22.967382458,BATCH-A-20200325
ST-00466,Austin Standard Store #466,STANDARD,United States,Texas,Austin,27012 Hayes Land,NA,US-Central,2020-02-29,,OPEN,EMP-013444,1269,SOURCE_A_POS_STORE_MASTER,store_master.csv,2020-02-29T11:37:46.685786606,BATCH-A-20200229
ST-00467,Toronto Express Store #467,EXPRESS,Canada,Ontario,Toronto,7436 Mary Harbors Apt. 076,Z0Y 3X2,CA-East,2020-03-01,,OPEN,EMP-001878,6807,SOURCE_A_POS_STORE_MASTER,store_master.csv,2020-03-01T13:57:46.790926938,BATCH-A-20200301
ST-00468,Surat Flagship Store #468,FLAGSHIP,India,Gujarat,Surat,57970 Hart Spurs,686123,IN-West,2019-06-03,,OPEN,EMP-002267,13962,SOURCE_A_POS_STORE_MASTER,store_master.csv,2019-06-03T09:18:38.085815759,BATCH-A-20190603
ST-00469,London Standard Store #469,STANDARD,United Kingdom,England,London,13187 William Path,AX1 7QZ,UK-South,2020-11-14,,OPEN,,11841,SOURCE_A_POS_STORE_MASTER,store_master.csv,2020-11-14T03:45:38.685875590,BATCH-A-20201114
ST-00470,Edinburgh Standard Store #470,STANDARD,United Kingdom,Scotland,Edinburgh,361 White Lodge,LU2 7XD,UK-North,2021-12-17,,OPEN,EMP-004118,5933,SOURCE_A_POS_STORE_MASTER,store_master.csv,2021-12-17T13:17:38.564492866,BATCH-A-20211217
ST-00471,Dubai City Outlet Store #471,OUTLET,United Arab Emirates,DUBAI,Dubai City,6442 Nicole Viaduct,,AE-Gulf,2020-03-20,,OPEN,EMP-002835,5859,SOURCE_A_POS_STORE_MASTER,store_master.csv,2020-03-20T12:43:21.300540933,BATCH-A-20200320
ST-00472,Pune Standard Store #472,STANDARD,India,MAHARASHTRA,Pune,8973 Jones Viaduct,325284,IN-West,2019-12-29,,OPEN,EMP-008327,4756,SOURCE_A_POS_STORE_MASTER,store_master.csv,2019-12-30T01:09:16.507454158,BATCH-A-20191229
ST-00473,Ahmedabad Standard Store #473,STANDARD,India,GUJARAT,Ahmedabad,3751 Allen Squares Suite 675,753996,IN-West,2021-12-24,,OPEN,EMP-006342,9030,SOURCE_A_POS_STORE_MASTER,store_master.csv,2021-12-24T19:31:29.107506688,BATCH-A-20211224
ST-00474,San Francisco Standard Store #474,STANDARD,United States,CALIFORNIA,San Francisco,5752 Jennifer Spring,36389,US-West,2020-11-14,,OPEN,EMP-006208,1120,SOURCE_A_POS_STORE_MASTER,store_master.csv,2020-11-15T04:23:22.655630836,BATCH-A-20201114
ST-00475,Toronto Standard Store #475,STANDARD,Canada,Ontario,Toronto,5934 Robert Junctions,T4L 1S5,CA-East,2021-04-07,,OPEN,EMP-003924,24312,SOURCE_A_POS_STORE_MASTER,store_master.csv,2021-04-07T17:33:15.516788180,BATCH-A-20210407
ST-00476,Peoria Standard Store #476,STANDARD,United States,Illinois,PEORIA,336 Davis Manor,60198,US-Central,2022-07-10,,OPEN,EMP-016463,22711,SOURCE_A_POS_STORE_MASTER,store_master.csv,2022-07-10T04:49:42.979258533,BATCH-A-20220710
ST-00477,Houston Outlet Store #477,OUTLET,US,Texas,Houston,388 Andrea Land,87628,US-Central,2022-05-30,,OPEN,EMP-003928,17341,SOURCE_A_POS_STORE_MASTER,store_master.csv,2022-05-30T02:20:19.081585683,BATCH-A-20220530
ST-00478,Alexandria Standard Store #478,STANDARD,United States,Georgia,Alexandria,966 Chavez Ports,70281,US-East,2020-04-24,,OPEN,EMP-015109,8330,SOURCE_A_POS_STORE_MASTER,store_master.csv,2020-04-24T15:16:59.713487212,BATCH-A-20200424
ST-00479,Glasgow Standard Store #479,STANDARD,United Kingdom,Scotland,Glasgow,19117 Jason Light Apt. 466,SK2 7TR,UK-North,2021-09-14,,OPEN,EMP-009414,19524,SOURCE_A_POS_STORE_MASTER,store_master.csv,2021-09-14T22:45:40.961936601,BATCH-A-20210914
ST-00480,Austin Standard Store #480,STANDARD,US,Texas,Austin,4494 Cruz Cliff,99496,US-Central,2021-09-07,,OPEN,EMP-012133,4957,SOURCE_A_POS_STORE_MASTER,store_master.csv,2021-09-08T02:25:04.590346569,BATCH-A-20210907
ST-00481,Birmingham Outlet Store #481,OUTLET,United Kingdom,England,Birmingham,192 Wendy Trace Suite 048,HZ4 3LQ,UK-South,2019-11-18,,OPEN,EMP-000691,20899,SOURCE_A_POS_STORE_MASTER,store_master.csv,2019-11-18T23:46:42.096185540,BATCH-A-20191118
ST-00482,Fresno Express Store #482,EXPRESS,United States,California,"Fresno,",716 Brown Ranch,61402,US-West,2020-03-15,,OPEN,EMP-009689,22377,SOURCE_A_POS_STORE_MASTER,store_master.csv,2020-03-15T01:27:06.260569712,BATCH-A-20200315
ST-00483,Edmonton Flagship Store #483,FLAGSHIP,Canada,Alberta,EDMONTON,6590 Danielle Junction,N5Q 6G6,CA-West,2020-07-30,,OPEN,EMP-000563,3528,SOURCE_A_POS_STORE_MASTER,store_master.csv,2020-07-30T09:47:31.075226486,BATCH-A-20200730
ST-00484,Swansea Standard Store #484,STANDARD,GB,Wales,Swansea,90764 Hernandez Valleys Apt. 091,JR6 4VU,UK-South,2022-08-28,,OPEN,EMP-001612,20516,SOURCE_A_POS_STORE_MASTER,store_master.csv,2022-08-28T18:09:05.767861677,BATCH-A-20220828
ST-00485,Ahmedabad Outlet Store #485,OUTLET,INDIA,Gujarat,Ahmedabad,635 Williams Turnpike,382117,IN-West,2021-01-31,,OPEN,EMP-006152,22470,SOURCE_A_POS_STORE_MASTER,store_master.csv,2021-01-31T04:32:19.551077427,BATCH-A-20210131
ST-00486,Alexandria Standard Store #486,STANDARD,N/A,Karnataka,Alexandria,786 Stevens Circles Apt. 473,868908,IN-South,2020-12-14,,OPEN,EMP-002648,9963,SOURCE_A_POS_STORE_MASTER,store_master.csv,2020-12-15T00:58:22.456695538,BATCH-A-20201214
ST-00487,Seattle Standard Store #487,STANDARD,United States,Washington,Seattle,1759 Campbell Summit Apt. 957,11105,US-West,2019-05-28,,OPEN,EMP-001860,6887,SOURCE_A_POS_STORE_MASTER,store_master.csv,2019-05-28T23:32:25.310481494,BATCH-A-20190528
ST-00488,Albany Standard Store #488,STANDARD,United States,New York,Albany,84624 Moore Gardens Apt. 833,69179,US-East,2021-04-30,,OPEN,,13261,SOURCE_A_POS_STORE_MASTER,store_master.csv,2021-04-30T02:42:21.961342110,BATCH-A-20210430
ST-00489,Spokane Standard Store #489,STANDARD,United States,Washington,Spokane,15545 Khan Square,16154,US-West,2021-05-20,,OPEN,EMP-001439,15533,SOURCE_A_POS_STORE_MASTER,store_master.csv,2021-05-20T02:11:56.356962589,BATCH-A-20210520
ST-00490,Madurai Standard Store #490,STANDARD,India,Tamil Nadu,"Madurai,",864 Thomas Land Apt. 030,,IN-South,2020-12-23,,OPEN,EMP-011270,23912,SOURCE_A_POS_STORE_MASTER,store_master.csv,2020-12-23T08:48:32.498355593,BATCH-A-20201223
ST-00491,Siliguri Standard Store #491,STANDARD,India,West Bengal,Siliguri,12900 Steven Road Apt. 733,630867,IN-East,2019-10-26,,OPEN,EMP-009523,13817,SOURCE_A_POS_STORE_MASTER,store_master.csv,2019-10-26T14:48:03.920343690,BATCH-A-20191026
ST-00492,Houston Standard Store #492,STANDARD,United States,Texas,Houston,1649 Ryan Fords Apt. 024,58328,US-Central,2020-08-28,,OPEN,EMP-002545,12941,SOURCE_A_POS_STORE_MASTER,store_master.csv,2020-08-28T13:27:41.276937518,BATCH-A-20200828
ST-00493,Edmonton Standard Store #493,STANDARD,Canada,ALBERTA,Edmonton,4198 Mathis Square,S5Q 2Y6,CA-West,2021-01-21,,OPEN,,12902,SOURCE_A_POS_STORE_MASTER,store_master.csv,2021-01-21T04:43:43.881051716,BATCH-A-20210121
ST-00494,Madurai Outlet Store #494,OUTLET,India,Tamil Nadu,Madurai,8627 Renee Run Suite 307,460251,IN-South,2021-05-16,,OPEN,EMP-005093,8955,SOURCE_A_POS_STORE_MASTER,store_master.csv,2021-05-16T16:25:19.846276904,BATCH-A-20210516
ST-00495,Surat Outlet Store #495,OUTLET,India,Gujarat,Surat,84310 Lawson Court Suite 773,213810,IN-West,2022-07-06,,OPEN,EMP-002842,3721,SOURCE_A_POS_STORE_MASTER,store_master.csv,2022-07-06T10:00:34.929325254,BATCH-A-20220706
ST-00496,Victoria Standard Store #496,STANDARD,India,Gujarat,Victoria,6137 Billy Court Suite 339,708682,IN-West,2021-10-16,,OPEN,EMP-001270,10954,SOURCE_A_POS_STORE_MASTER,store_master.csv,2021-10-16T06:17:48.670245846,BATCH-A-20211016
ST-00497,Coimbatore Standard Store #497,STANDARD,India,Tamil Nadu,Coimbatore,2417 Scott Stravenue,875887,IN-South,2022-12-20,2026-05-27,PERMANENTLY_CLOSED,,11460,SOURCE_A_POS_STORE_MASTER,store_master.csv,2022-12-20T22:22:13.123018242,BATCH-A-20221220
ST-00498,Albany Express Store #498,EXPRESS,United States,New York,Albany,4695 Cummings Parkway,88902,US-East,2020-01-12,,OPEN,EMP-002498,23722,SOURCE_A_POS_STORE_MASTER,store_master.csv,2020-01-12T08:32:04.046048479,BATCH-A-20200112
ST-00499,Calgary Standard Store #499,STANDARD,CA,Alberta,CALGARY,46776 Garcia Shore,00000,CA-West,2022-05-06,,OPEN,EMP-000760,18995,SOURCE_A_POS_STORE_MASTER,store_master.csv,2022-05-06T18:59:02.017310940,BATCH-A-20220506
ST-00500,Bengaluru Outlet Store #500,OUTLET,India,Karnataka ,BENGALURU,9861 Robert Creek Suite 261,365085,IN-South,2022-09-28,,OPEN,EMP-001167,4719,SOURCE_A_POS_STORE_MASTER,store_master.csv,2022-09-28T04:20:48.579709425,BATCH-A-20220928
ST-00501,New York City Flagship Store #501,FLAGSHIP,United States,New York,New York City,721 Jones Prairie,95447,US-East,2019-01-10,,OPEN,,16304,SOURCE_A_POS_STORE_MASTER,store_master.csv,2019-01-10T14:56:14.443103949,BATCH-A-20190110
ST-00502,Albany Standard Store #502,STANDARD,United States,New York,Albany,0345 Suzanne Camp,26331,US-East,2022-01-26,,OPEN,EMP-016976,6408,SOURCE_A_POS_STORE_MASTER,store_master.csv,2022-01-26T22:12:46.758913575,BATCH-A-20220126
ST-00503,Quebec City Standard Store #503,STANDARD,CA,QUEBEC,Quebec City,947 Morgan Cove,O1O 1D2,CA-East,2023-03-02,,OPEN,EMP-003713,15061,SOURCE_A_POS_STORE_MASTER,store_master.csv,2023-03-02T03:53:36.765710615,BATCH-A-20230302
ST-00504,Patna Flagship Store #504,FLAGSHIP,India,Bihar,Patna,679 Newton Villages Apt. 587,739110,IN-North,2020-09-09,,OPEN,EMP-000346,16722,SOURCE_A_POS_STORE_MASTER,store_master.csv,2020-09-10T01:11:45.318853440,BATCH-A-20200909
ST-00505,Montreal Standard Store #505,STANDARD,Canada,Quebec,Montreal,0492 Robinson Shore Apt. 374,J7Q 3O7,CA-East,2019-10-17,,OPEN,EMP-002743,23430,SOURCE_A_POS_STORE_MASTER,store_master.csv,2019-10-17T03:25:26.314907379,BATCH-A-20191017
ST-00506,Bhagalpur Standard Store #506,STANDARD,IN,Bihar,Bhagalpur,792 Cooper Spur Suite 424,137479,IN-North,2022-12-12,,OPEN,EMP-005423,20223,SOURCE_A_POS_STORE_MASTER,store_master.csv,2022-12-12T11:39:45.039279518,BATCH-A-20221212
ST-00507,Dwarka Standard Store #507,STANDARD,India,Delhi,"Dwarka,",7789 White Knolls,872157,IN-North,2020-11-25,,OPEN,EMP-003523,21373,SOURCE_A_POS_STORE_MASTER,store_master.csv,2020-11-26T04:38:17.573492065,BATCH-A-20201125
ST-00508,Nagpur Standard Store #508,STANDARD,India,Maharashtra,Nagpur,91797 Rebecca Overpass Suite 894,462091,IN-West,2022-04-19,,OPEN,EMP-002847,3938,SOURCE_A_POS_STORE_MASTER,store_master.csv,2022-04-19T16:05:48.854125829,BATCH-A-20220419
ST-00509,Nagpur Standard Store #509,STANDARD,India,Maharashtra,NAGPUR,152 Davis Views,266329,IN-West,2023-01-24,,OPEN,EMP-002426,20994,SOURCE_A_POS_STORE_MASTER,store_master.csv,2023-01-24T13:16:05.547222827,BATCH-A-20230124
ST-00510,Albany Standard Store #510,STANDARD,United States,New York ,Albany,73027 Roberts Key Suite 572,00000,US-East,2019-02-13,,OPEN,EMP-012189,23920,SOURCE_A_POS_STORE_MASTER,store_master.csv,2019-02-13T15:10:21.886591675,BATCH-A-20190213
ST-00511,Bhagalpur Standard Store #511,STANDARD,India,Bihar,Bhagalpur,7832 Valdez Trail Apt. 725,219601,IN-North,2022-09-03,,OPEN,EMP-002925,12386,SOURCE_A_POS_STORE_MASTER,store_master.csv,2022-09-04T03:33:20.717657162,BATCH-A-20220903
ST-00512,Swansea Standard Store #512,STANDARD,GB,Wales,Swansea,493 Montgomery Curve,UH2 2DU,UK-South,2021-07-24,,OPEN,EMP-000849,19913,SOURCE_A_POS_STORE_MASTER,store_master.csv,2021-07-25T03:13:24.300816823,BATCH-A-20210724
ST-00513,Glasgow Outlet Store #513,OUTLET,United Kingdom,Scotland,Glasgow,3155 John Squares,FL8 8OJ,UK-North,2020-11-25,,OPEN,,18352,SOURCE_A_POS_STORE_MASTER,store_master.csv,2020-11-25T19:55:16.025672157,BATCH-A-20201125
ST-00514,Hubballi Standard Store #514,STANDARD,India,Karnataka,HUBBALLI,79048 Emma Row Apt. 645,743761,IN-South,2019-05-19,,OPEN,,16423,SOURCE_A_POS_STORE_MASTER,store_master.csv,2019-05-19T02:04:21.103967076,BATCH-A-20190519
ST-00515,Surrey Outlet Store #515,OUTLET,CANADA,British Columbia,Surrey,41416 Krystal Garden Apt. 658,D7N 3L2,CA-West,2020-10-14,,OPEN,EMP-002525,1647,SOURCE_A_POS_STORE_MASTER,store_master.csv,2020-10-14T23:11:13.543104814,BATCH-A-20201014
ST-00516,New Delhi Standard Store #516,STANDARD,India,DELHI,New Delhi,429 Douglas Falls,110018,IN-North,2022-09-15,,OPEN,EMP-009144,18359,SOURCE_A_POS_STORE_MASTER,store_master.csv,2022-09-16T02:51:11.133191415,BATCH-A-20220915
ST-00517,Coimbatore Standard Store #517,STANDARD,India,Tamil Nadu,Coimbatore,3302 Johnson Lodge Apt. 926,561948,IN-South,2020-11-01,,OPEN,EMP-016043,13100,SOURCE_A_POS_STORE_MASTER,store_master.csv,2020-11-01T10:26:04.580496775,BATCH-A-20201101
ST-00518,Bhagalpur Flagship Store #518,FLAGSHIP,India,Bihar,Bhagalpur,09396 Baker Fall,426642,IN-North,2021-12-22,,OPEN,EMP-002082,11295,SOURCE_A_POS_STORE_MASTER,store_master.csv,2021-12-23T04:30:03.741608361,BATCH-A-20211222
ST-00519,Cardiff Express Store #519,EXPRESS,United Kingdom,Wales,"CARDIFF,",5835 Johnson Landing Suite 436,WU5 1CY,UK-South,2021-06-26,,OPEN,EMP-001531,3687,SOURCE_A_POS_STORE_MASTER,store_master.csv,2021-06-27T03:16:47.700617540,BATCH-A-20210626
ST-00520,New Delhi Standard Store #520,STANDARD,India,DELHI,NEW DELHI,429 Bryan Springs,173811,IN-North,2022-05-30,2025-10-04,PERMANENTLY_CLOSED,,20748,SOURCE_A_POS_STORE_MASTER,store_master.csv,2022-05-31T03:06:13.762079946,BATCH-A-20220530
ST-00099,Seattle Flagship Store #99,FLAGSHIP,United States,Washington,SEATTLE,445 George Mountain,32437,US-West,2020-09-07,,TEMPORARILY_CLOSED,EMP-004686,20332,SOURCE_A_POS_STORE_MASTER,store_master.csv,2020-11-04T20:44:31.540043522,BATCH-A-20201104
ST-00314,Bengaluru Express Store #314,EXPRESS,India,Karnataka,Bengaluru,4979 Robert Street,844106,IN-South,2019-12-30,2024-06-08,PERMANENTLY_CLOSED,,23574,SOURCE_A_POS_STORE_MASTER,store_master.csv,2020-01-12T15:30:03.141914750,BATCH-A-20200112
ST-00516,New Delhi Standard Store #516,STANDARD,India,DELHI,New Delhi,429 Douglas Falls,110018,IN-North,2022-09-15,,OPEN,EMP-009144,18359,SOURCE_A_POS_STORE_MASTER,store_master.csv,2022-10-01T02:51:11.133191415,BATCH-A-20221001
ST-00018,New York City Flagship Store #18,FLAGSHIP,United States,NEW YORK,New York City,1898 Fleming Parkway,75478,US-East,2021-07-07,,OPEN,EMP-000221,7683,SOURCE_A_POS_STORE_MASTER,store_master.csv,2021-08-15T04:29:36.273635965,BATCH-A-20210815
ST-00124,Chennai Outlet Store #124,OUTLET,India,Tamil Nadu ,Chennai,475 Michael Centers Suite 792,00000,IN-South,2022-05-17,,OPEN,EMP-003527,21508,SOURCE_A_POS_STORE_MASTER,store_master.csv,2022-06-09T04:25:04.467342213,BATCH-A-20220609
ST-00042,Howrah Express Store #42,EXPRESS,India,West Bengal,Howrah,844 Natasha Shoals Suite 390,374328,IN-East,2019-11-24,,OPEN,EMP-000757,17990,SOURCE_A_POS_STORE_MASTER,store_master.csv,2019-12-08T00:17:11.392266575,BATCH-A-20191208
ST-00179,Alexandria Outlet Store #179,OUTLET,United States,Georgia,Alexandria,2114 Wheeler Valley,12670,US-East,2023-03-06,,OPEN,EMP-004271,12940,SOURCE_A_POS_STORE_MASTER,store_master.csv,2023-03-13T02:52:29.505177321,BATCH-A-20230313
ST-00458,Rohini Express Store #458,EXPRESS,India,Delhi,Rohini,9214 Herrera Square,,IN-North,2022-02-27,,OPEN,EMP-004782,23231,SOURCE_A_POS_STORE_MASTER,store_master.csv,2022-03-15T13:48:12.333082859,BATCH-A-20220315
ST-00386,Austin Outlet Store #386,OUTLET,United States,Texas ,Austin,954 Pamela Knoll Suite 790,10822,US-Central,2021-09-15,,OPEN,EMP-007040,24133,SOURCE_A_POS_STORE_MASTER,store_master.csv,2021-10-16T02:09:58.376331664,BATCH-A-20211016
ST-00227,Hubballi Outlet Store #227,OUTLET,IN,KARNATAKA,Hubballi,271 Jason Pike,895934,IN-South,2019-11-02,,OPEN,EMP-000135,14850,SOURCE_A_POS_STORE_MASTER,store_master.csv,2019-12-20T01:00:52.785142302,BATCH-A-20191220
